ID;Question;Answer from 2023;Explanation from 2023;Confirm, change or complement answer/explanation from 2023;Provide updated answer (if applicable);Provide updated explanation (if applicable)
P1;"Is there a national open data policy in your country and, if your country is an EU Member State, does this include a national legislation for the transposition of the Open Data Directive?

For Explanation:
* If yes, please provide (1) the URL and (2) title of the policy document and (3) briefly describe.
* If ‘other’, please provide (1) a brief explanation to support your answer choice and (2) provide the URL and indicate the policy section which explicitly references open data.";yes;"https://e-gov.bg/wps/portal/agency/home/data/opendata/opendata-legal/opendata-legal-national 
The policy has been included in the Access to Public Information Act, the Ordinance on the standard terms and conditions for public sector information reuse and its publishing in open format, which contains specific provisions regarding publishing and reuse of public information in open format and in Decisions of the Council of Ministers approving the List of data sets by priority areas to be published in open format annually. The Act and the Ordinance settle the provisions regarding the right of access to public information, as well as the reuse of the public sector information. 
Pursuant the Electronic Government Act the Ministry of e-Government (MEG)  issues methodical guidelines and supports the administrations in defining the structure and contents of the datasets to be published on the Open Data Portal of the Republic of Bulgaria under the Access to Public Information Act.
The updated National eGovernment Strategy and the Roadmap for its implementation  including open data, and builds on the implementation of the objectives after 2018.
https://egov.government.bg/wps/portal/ministry-meu/strategies-policies/strategic-documents

Second Action Plan of the Republic of Bulgaria under  the “Open Government Partnership”: http://www.strategy.bg/Articles/View.aspx?lang=bg-BG&categoryId=&Id=15&y=&m=&d
Third Action Plan of the Republic of Bulgaria under the “Open Government Partnership”: http://www.strategy.bg/PublicConsultations/View.aspx?lang=bg-BG&Id=2130
The Fourth Action Plan of the Republic of Bulgaria under the “Open Government Partnership”: 
http://www.strategy.bg/Articles/List.aspx?lang=bg-BG&categoryId=17

Digital Bulgaria 2025, Roadmap and Reports:
https://egov.government.bg/wps/portal/ministry-meu/digital.transformation/itis-national-strategic-documents/np-digital-bulgaria-2025";Confirm;;
P2;"Is there a national open data strategy in your country?

For Explanation:
* If yes, please provide (1) the URL to the strategy and (2) describe the main highlights.  
* If 'not applicable', please provide (1) a brief explanation to support your answer choice and provide (2) the URL and indicate the policy section which explicitly references objectives, actions/measures, delivery timelines etc.";not applicable;"The open data principles are embedded in the National Updated eGovernment Strategy 2019-2025 - https://e-gov.bg/wps/wcm/connect/e-gov.bg-18083/1506d64e-0f16-4954-ba0b-dfd77ae58184/%D0%A1%D1%82%D1%80%D0%B0%D1%82%D0%B5%D0%B3%D0%B8%D1%8F+%D0%B7%D0%B0+%D1%80%D0%B0%D0%B7%D0%B2%D0%B8%D1%82%D0%B8%D0%B5+%D0%BD%D0%B0+%D0%B5%D0%BB%D0%B5%D0%BA%D1%82%D1%80%D0%BE%D0%BD%D0%BD%D0%BE%D1%82%D0%BE+%D1%83%D0%BF%D1%80%D0%B0%D0%B2%D0%BB%D0%B5%D0%BD%D0%B8%D0%B5+2019-2025.pdf?MOD=AJPERES&CVID=nyx-ndJ&useDefaultText=0&useDefaultDesc=0
The Strategy provides for:
- the implementation of a Registry reform, which clearly provides for open data;
- decreasing the use of unstructured data;  
obligatory compliance with the open data principle (data generated by the public sector shall be in an open 
-machine-readable format, allowing for their reuse)";Confirm;;
P3;"Is there an open data policy/strategy at regional or local level?

For Explanation:
* If yes, please (1) provide the URL and (2) title of the document(s) and (3) briefly describe.";no;;Confirm;;
P4;"Does the national strategy/policy include an action plan with measures to be implemented in the open data field?

For Explanation:
If yes, please briefly describe the main measures described by the action plan.";yes;"Establish measures for:
o Amendments in the existing legal framework (APIA and relative Ordinance);
o Appoint responsible persons (data officers) from each public body for opening and monitoring the usage of their own data;
o Support public bodies to define their data which to be provided in an open machine readable format;
o Issue guidelines for defining the structure and content of datasets and metadata;
o Motivate public bodies to prioritize datasets and to publish in maximum details high value datasets;
o Develop a channel of communication between public bodies and re-users;
o Increase citizens’ awareness;
o Initiate activities to explore the opinion of the potential users of the open data portal and promote the portal and priority datasets;
o Create a forum/working group with all stakeholders in open data process to engage data community
o Create mechanism for benchmarking of data openness and maturity on national level;
o Conduct a pilot project for cooperation among institutions for measuring the re-use;
o Take action to ensure that consumers are confident about the timeliness of the information by introducing mandatory binding of categories of information in the list within the meaning of Article 15a p.3 of APIA with active links to the place of their publication;
o Develop and validate internal rules / procedures for the maintenance and operation of the Open Data Portal

The updated National eGovernment Strategy ensures the implementation of the current European principles of e-government, introduced at national level, aincluding open data, and builds on the implementation of the objectives after 2018. This Strategy serves as a framework on the basis of which the policy strategies will be created by the relevant administrative bodies and their administrations. The Roadmap for its implementation has also been updated, taking into account the progress made in the implementation of the priorities set so far, as well as the agreements, partnerships and opportunities reached by the administration and its partners for further actions.";Confirm;;
P5;"Does the national strategy/policy outline measures to incentivise the publication of and access to real-time or dynamic data?

For Explanation:
* If yes, please briefly describe the measures.";no;;Change;Yes;"APIA, Provision of Dynamic Data, 
Article 41a1. (New, SG No. 82/2023, effective 29.09.2023) (1) Public sector bodies shall make dynamic data available for re-use using appropriate application programming interfaces (APIs) immediately after data acquisition and, where applicable, in the form of a downloadable information array.
(2) Where making dynamic data available for re-use immediately after their acquisition would exceed the financial and technical capabilities of the public sector body, thereby imposing a disproportionate effort, such dynamic data shall be made available for re-use within a timeframe or with temporary technical constraints that do not unduly prejudice the use of their economic and social potential."
P6;"Does the national strategy/policy outline measures to incentivise the publication of and access to citizen-generated data?

For Explanation:
* If yes, please briefly describe the measures.";yes;"The measures related to the national open data portal aim to stimulate the publication and access to citizen-generated data. The portal allows anyone to post data regardless of whether they are a citizen or an organization. There is a separation in the designation of data from official sources (ie public sector organisations) and data from citizens. However the guidelines, publication process and tools are the same whether the data provider is a ministry or a journalist, activist, student. 
Enhancing the contribution of citizen science and citizen-generated data is also supported by the Research, Innovation and Digitization for Smart Transformation Programme.";Confirm;;
P7;"Does the national strategy/policy foster the discoverability of the aforementioned types of data from your country on data.europa.eu?

For Explanation:
* If yes, please briefly describe how.";yes;"According to the national policy, all open government data has to be published via data.egov.bg. This ensures the discoverability and reusability of data.
The National Open Data Portal is the single point and meeting place between administrations, organizations (including research, business and government) and citizens interested in opening up public information and developing modern data-based services. Coordination of open data activities is carried out by the Electronic Identification and Data Unit in the Ministry of e-Government to facilitate interaction with the various target audiences. It ensures compliance with European standards and ensures the possibility of synchronizing national data with those at the European level.
All data which is published on the National Open Data Portal (data.egov.bg) is discloverable on European Data Portal (data.europa.eu).";Confirm;;
P8;"Does the national strategy/policy outline measures to support the reuse of open data by the public sector?

For Explanation:
* If yes, please briefly describe the measures.";yes;"Each public sector body shall annually plan the phased publication on the Internet in an open format of the data sets and resources it maintains, access to which it is free.  The executive authorities shall include in the annual activity objectives of the relevant administration under Article 33a of the Administration Act aims to ensure the phased publication on the Internet of the data and resources included in the Lists of annual priority data sets.

The open data principles are embedded in the National Updated eGovernment Strategy 2019-2025 - https://egov.government.bg/wps/portal/ministry-meu/strategies-policies/strategic-documents
The Strategy provides for:
- the implementation of a Registry reform, which clearly provides for open data;
- decreasing the use of unstructured data;  
obligatory compliance with the open data principle (data generated by the public sector shall be in an open 
-machine-readable format, allowing for their reuse)

https://egov.government.bg/wps/portal/ministry-meu/ministry/meu.regulations
The policy has been included in the Access to Public Information Act, the Ordinance on the standard terms and conditions for public sector information reuse and its publishing in open format, which contains specific provisions regarding publishing and reuse of public information in open format and in Decisions of the Council os Ministers approving the List of data sets by priority areas to be published in open format annually. The Act and the Ordinance settle the provisions regarding the right of access to public information, as well as the reuse of the public sector information. 
Pursuant the Electronic Government Act the Ministry of e-Government (MEG)  issues methodical guidelines and supports the administrations in defining the structure and contents of the datasets to be published on the Open Data Portal of the Republic of Bulgaria under the Access to Public Information Act.

Digital Bulgaria 2025, Roadmap and Reports:
https://egov.government.bg/wps/portal/ministry-meu/digital.transformation/itis-national-strategic-documents/np-digital-bulgaria-2025";Confirm;;
P9;"Does the national strategy/policy outline measures to support the reuse of open data by the private sector?

For Explanation:
* If yes, please briefly describe the measures.";no;;Confirm;;
P10-a;"Does the national strategy/policy mandate carrying out and maintaining a data inventory by public bodies, whether at national or local level?

For Explanation:
* If yes, please briefly specify.";yes;"According to Art. 15a. from Access to public information act 
Publication on the Internet
Each head of an administrative structure as per Article 15 Paragraph (1) shall make public on an annual basis a list of the categories of information publishable on the Internet regarding the areas of operation of the relevant administration as well as the formats in which such information is accessible.
Examples:
https://data.egov.bg/organisation/datasets/resourceView/1b86508d-0135-40f4-a046-530ea4f6965c

The maintenance team annually monitors and reports on the publication of open data by central, municipal and district administrations. An annual report for each of the administrations is made through the progress report.
https://e-gov.bg/wps/portal/agency/home/data/opendata/opendata-activities/opendata-reports
https://iisda.government.bg/annual_reports
https://www.strategy.bg/Publications/View.aspx?lang=bg-BG&Id=81";Confirm;;
P10-b;"Do these data inventories include the data collected by public bodies that cannot be published as open data (e.g. in relation to the EU Data Governance Act (EU) 2022/868)? 

For Explanation:
* If yes, please briefly specify.";yes;"They included part of information like legislative acts, organogams and other information is public information but is not public  sector information for re-use.Indeed the provision of public sector information to a public sector body in connection with the implementation of the powers or functions thereof shall not constitute re-use within the meaning given by the Access to Public Information  Act.The list of categories of information in Internet contains both types of information.
https://www.navet.government.bg/bg/media/Spisyk_po_ZDOI_NAPOO.pdf
https://www.riosv-ruse.org/dialog/aktualen-spisak-na-kategoriite-informatziya
https://e-gov.bg/wps/portal/agency/about-us/administration-service/info-citizens/public-access-info";Change;No;
P11;"Is your country applying the implementing regulation (EU) 2023/138 on high-value datasets?

For Explanation:
* If yes, how is it progressing? 
* If you are an EFTA or a candidate country to the EU, please select 'not applicable'.
** In the table below, please indicate your progress with respect to a) organisation, b) legal aspects, c) technical aspects on a scale from 1 to 5. 1 = no progress; 2 = few progress; 3 = some progress; 4 = considerable progress; 5 = works are finalised.";new question;new question;Change;Yes;In progress. It will be implemented with the upgrade of the portal, after the completion of the monitoring and alignment of the HVD and their publication on It.
P12;"Have the public bodies in your country denoted relevant datasets as high-value datasets in their metadata following the publication of the implementing regulation (EU) 2023/138 on high-value datasets?

For Explanation:
*  If yes, please specify how and highlight challenges, if any. 
* If you are an EFTA or a candidate country to the EU, please select 'not applicable'.";new question;new question;Change;No;"Not yet.  The change will be visible after the updrade of the portal. There will be DCAT-AP Compliance and New Category ""HVD""."
P13;"Is there a governance structure in place that enables the participation and/or inclusion of various open data stakeholders? 

For Explanation:
*  If yes, please briefly describe the governance structure and its operating model ";new question;new question;Change;No;Ministry of e-Government
P14;"How would you classify the model used for governing open data in your country? 

For Explanation:
*  Please briefly explain why this model was chosen/works best for your country";top-down;"A centralized approach is chosen because it helps the efficient implementation of the open data policy. It allows Ministry of e-Government to track difficulties encountered by data publishers and data users which leads to a faster improvement throughout the received feedback from data users.
Strong central coordination is used for creating basic administrative capacity in the leading administration in conducting the open data policy.
As a result from coordinated and joint work led by the MEG, only a key expert from each administration in involved in the open data processing of the respective public body. This will reduce the administrative burden in other administrations.
Public bodies use a single person of contact regarding open data in the MEG.";Confirm;;
P15;"Does the governance structure ensure that the local and regional open data initiatives are facilitated and supported at national level?

For Explanation:
* If yes, please give an example of what kind of support.
* If not applicable, please explain why.";new question;new question;Change;Yes;through coordination between organisations and within working groups with representatives of local and regional organisations
P16;"To what degree do local/regional public bodies conduct open data initiatives? 

For Explanation:
* If not applicable, please explain why.";few public bodies;;Confirm;;
P17;"Is a document describing the responsibilities and governance structure of the national (and/or regional/local) open data team publicly available?

For Explanation:
* If yes, please provide the URL where this information is published. ";yes;https://egov.government.bg/wps/portal/ministry-meu/home/data/open-data/legislation/opendata-legal-national/;Confirm;;
P18;"Is there a regular exchange of knowledge or experiences between the national open data team and the team maintaining the national portal? 

For Explanation:
* If yes, please briefly describe how this exchange takes place and provide evidence supporting your answer (e.g. meeting agendas, URLs to news items).";yes;"There is a regular exchange of knowledge between the two fully engaged experts with more than 7 years of experience in the team and some partly engaged experts for the activities regarding the National Open Data Policy (incuding National and European Legislation and Policy, Coordination, Working Groups, Initiativies like trainings; events; promotion; technical and metodological documents; questionnaires and reports) and National Open Data Portal (including updating technical specifications, proposals for development, administering and updating the content, creating new sections, granting access rights and roles, verifying data and metadata, supporting data officers and administrators from public sector organisations in the process of data publication and  communicating regulary with the technical team for out-of-warranty technical support of the portal.There are monthly requests and reports between techical team of the portal and open data team in MEG before every payment.";Confirm;;
P19;"Does the governance model include the appointment of official roles in civil services that are dedicated to open data (e.g. open data officers)?

For Explanation:
* If yes, please describe how this task is fulfilled at public body level.";yes;"Pursuant to Article 8, paragraph 3 of the Ordinance on the standard terms and conditions for public sector information reuse and its publishing in open format the heads of public sector bodies designate officials - administrators of profiles (Data Officers)  who upload the data for the organization concerned and publish the information of the Open Data Portal. This is a version of the role of “data officer” in the public sector bodies. A draft ordinance is prepared, where we clarify the duties of the data officer and the term “administrator of profile” is to be replaced with “data officers”.
The governance model also includes working group activities, online meetings/communication between administrators of profiles and state for: reports with questionnaires addressed to administrators of profiles; feedback, problems and communication via emails; online support from the main administrator of the National Open Data Portal.
https://egov.government.bg/wps/portal/ministry-meu/home/data/open-data/legislation/opendata-legal-national/";Confirm;;
P20;"Is there a regular exchange of knowledge or experiences between the national open data team and the wider network of open data officers in your country? 

For Explanation:
* If yes, please briefly describe how this exchange takes place and provide evidence supporting your answer (e.g. meeting agendas, URLs to news items).";yes;here is regular communication via phone, email, online meetings, regular trainings etc. All data officers are part of a natinal open data network coordinated by the open data team. The contact database is kept accurate and up-to-date. Furthermore, each organization is legally obliged to submit timely information about any changes of the designated data officers.;Confirm;;
P21;"Is there a regular exchange of knowledge or experiences between public sector bodies (i.e. the providers) and open data reusers (e.g. academia, citizens, businesses)?

For Explanation:
* If yes, please briefly describe how this exchange takes place and provide evidence supporting your answer (e.g. meeting agendas, URLs to news items).";yes;"A cooperation agreement with the GATE Institute has been signed: https://data.egov.bg/news/view/51
A regular exhange of knowledge is also transferred within the Working group on transposing the Open Data Directive, which is comprised by experts from the public sector bodies, the academia, business, NGO's and citizens.";Complement;Yes;Roundtables, seminars and so on within MEG projects and different MEG events. MEG is participant in two projects: 1) VELES Excellence Hub  - strives to elevate the level of innovation excellence in South-East Europe by establishing a sustainable place-based innovation ecosystem, enabled by the Regional Smart Health Data Space and 2) Building a strategic, organizational and technical framework for data management and interoperability (d1) - under Program 'research, Innovation and Digitalization for Smart Transformation' 2021-2027
P22;"Do data publication plans exist at public body level?

For Explanation:
* If yes, please provide the URL and briefly highlight the key aspects covered. ";yes;"o Each year, since the Directive 37/2013/EU was implemented in the national legislative framework, the Council of Ministers adopts action plans for gradual opening of the numerous datasets in prioritised fields. This action plans are in the form of a Decision of the Council of Ministers, which includes also the list of datasets to be published in the current year by the public bodies. So far, the adopted decisions are as follows: Decision No. 103 of the Council of Ministers (CoM)dated 17 February 2015 on approving the List of data sets by priority area to be published in open format;
o Decision  No. 214 of the Council of Ministers dated 25 March 2016 on approving the List of data sets by priority area to be published in open format;
o Decision No. 897 of the Council of Ministers dated 21 October 2016 on amending and supplementing  of Decision No. 214 of the CoM dated 25 March 2016
o Decision No. 436 of the Council of Ministers of 04 August 2017 on the adoption of a List of data sets by priority area to be published in open format on the Open Data Portal
o Decision No. 54 of the Council of Ministers of 01 February 2019 on the adoption of a List of data sets by priority area to be published in open format on the Open Data Portal
Decision No. 435 of the Council of Ministers of 03 July 2020 on the adoption of a List of data sets by priority area to be published in open format on the Open Data Portal
Decision No. 567 of the Council of Ministers of 30 July 2021 on the adoption of a List of data sets by priority area to be published in open format on the Open Data Portal
Decision No. 406 of the Council of Ministers of 23 June 2022 on the adoption of a List of data sets by priority area to be published in open format on the Open Data Portal
https://egov.government.bg/wps/portal/ministry-meu/home/data/open-data/legislation/opendata-legal-national/";Complement;;The internal processes of the organization are based on the requirements in the Access to Public Information Act, where it is regulated that public sector organizations create, maintain, update and publish in their profile in the Open Data Portal datasets and metadata to them, defined by the order of art. 15b of the Law on Access to Public Information. In this regard, the designated data officers of each organization pursuant to Art. 8, paragraph 3 of the Ordinance plan, publish and update the already published data on the portal. As the planning of the new data sets for publication of the POD is carried out by these officials, based on an internal review of the data and systems, including the upgraded or newly created information systems, registers or databases agreed according to the order of Art. 58a of the Law on Electronic Government. Employees give their annual proposals to the leaders of their organizations. The approved proposals are included in the annual operational plans of each organization, are submitted as a plan in the Integrated Information System of the State Administration (IISDA) and are checked by the officials authorized by the Minister of e-Government under Art. 43 of ZDOI. The obligations of these persons are charged with an order (accompanied by publication instructions) on the model of the Minister of e-Government and are published on the portal. The general procedure for planning, prioritizing, publishing and updating information is outlined in the portal. Specific procedures for different organizations may be spelled out in internal procedures or rules at the discretion of the specific manager.
P23;"Are there processes to ensure that the open data policies/strategy previously mentioned are implemented (e.g. monitoring)?

For Explanation:
* If yes, please specify the process(es).";yes;"There are annual reports to track progress of data publication against these plans. Each administration fulfill online form for its progress which form is verified from national open data team. We monitor if: 1. the administration has published new datasets in open machine-readable format for the relevant year; 2. Datasets are included in annual priority lists or are published proactively by the administrations; 3. Datasets are included in an approved schedule for publishing; 4. Datasets are published within the deadline, with delay or are not published at all.
Annual Progress Reports on implementation of Decisions of the Council of Ministers are published on 
https://egov.government.bg/wps/portal/ministry-meu/home/data/open-data/monitoring-and-reporting/opendata-reports/";Confirm;;
P24;"Do you update your policy/strategy as appropriate to ensure its success, such as based on data collected for monitoring?

For explanation:
* If yes, please describe the process and any recent updates made to strategy/policy";new question;new question;Change;Yes;We will plan next revision in policy/strategy revision in 2025 and we will consider the specific findings based on collected data.
P25;"Are there any processes in place to assess if public sector bodies are charging for data above marginal cost? (please see directive (EU) 2019/1024 on open data and the reuse of public sector information).

For Explanation:
* If yes, please specify the process(es).";yes;"In accordance with the current legal framework in Bulgaria and through the Law on Access to Public Information, information from the public sector is provided for reuse free of charge or after payment of a fee, which cannot exceed the material costs of reproducing and providing the information. There are certain exceptions to this principle.
The processes used to identify Public Sector Organizations that charge data fees beyond marginal costs are a result of data requests received from interested parties.
The data department team analyzes the processes of pricing and payment of the data above the marginal costs, identifies the high value data according to the competence of the relevant administration, which should be published in an open machine-readable format on the Portal. A connection is established between the data holders, the interested parties requesting the data and the data department as a mediator, and meetings are organized to establish the details of the method of providing the data and the legal grounds for their provision at the present time.
Once meetings are organized between the relevant departments or working groups are formed, the purpose of which is to review the legal basis for the creation, maintenance and dissemination of the relevant data sets. The relevant regulations and documents defining the tariffs and fees are reviewed and, after assessing their importance and significance for users, a decision is made to provide the data with free access or up to marginal costs.
As a result, they are included in the annual list of data sets by priority areas, approved by a Ministerial Council Decision. The responsible administrations, for their part, should change their legal grounds for collecting fees for those included in the list of data approved by the decision of the Council of Ministers.";Confirm;;
P26-a;"What are the top 3 challenges that your country is facing in the implementation of the mentioned open data policies/strategy?

For Explanation:
* Please briefly describe.";N/A;1. Multilinguism 2. Metadata structure 3. DCAT-AP implementation;Confirm;N/A;
P26-b;"Are there activities in place to address these challenges in your country (e.g. with specific national/regional/local plans or initiatives)?

For Explanation:
* If yes, please briefly describe the measures that you have adopted or plan to adopt to address these challenges. 
* If no, please specifiy what is hampering finding a strategic approach to solve these challenges.";yes;Activities have started for the introduction of properly structured metadata. Work is underway to implement EC software for translation for at least one other language, which can be achieved via a new project.;Confirm;;
P27;"Are there any activities in place to assist data holders with publishing their data as open data (i.e. to help them with the data opening process)?

For Explanation:
* If yes, please describe/provide examples of these activities.";new question;new question;Change;No;MEG is the competent organization. An increase in the number of staff dealing with data policy is being considered, and thus many new tasks will be covered, including these.
P28;"Is there a professional development or training plan for civil servants working with data in your country? 

For Explanation:
* If yes, please briefly describe these training activities.";yes;"The Institute of Public Administration organized different trainings to increase capacity of the civil cervants https://data.egov.bg/organisation/dataset/c920d804-aa2a-4919-a968-35fe36605648

In the period from June 2021 to May 2022 there are the following trainings: 
Analysis and Visualisation of Databases -435 trainees.
Practical work with open data - upgrading training-114 trainees.
Open data in management. Quality and impact of open data. - 39 trainees.
High value datasets - 106 trainees.
Protection of personal data in a digital environment - 1033 trainees.
Information and network security in support of public administration reforms - 199 trainees.
E-Government - 371 trainees.
Interoperability and information security - 123 trainees.";Complement;;"The data courses at the Institute for Public Administration (https://www.ipa.government.bg/) in connection with the annual training proposals for civil servants from central, regional and local authorities. The catalog for 2024 is published at https://www.ipa.government.bg/bg/catalogue. A preliminary analysis of the needs for training in the country in 2024-2025 has been carried out. It includes courses related to data sources, collection and analysis of data and information in the development and monitoring of
open data policies, open data regulatory framework and policy, practical aspects of data management, storage and sharing, statistical literacy - easy access to quality data, fundamentals in creating an organizational data management framework, database analysis and visualization etc.

The Institute of Public Administration organized different trainings to increase capacity of the civil cervants. Data for annual trainings and number of trainees are published on https://data.egov.bg/organisation/dataset/99734d88-d6b7-4019-8278-89910ea289b9"
P29;"Are there annually held national, regional or local events (e.g. hackathons, courses, conferences, users meet-ups, summer/winter schools) to promote open data and open data literacy in your country beyond the target group of public servants? 
 
For Explanation:
* If yes, please provide examples (e.g. title, date, location of the event and URL).";yes, >9;"OpenFest 2022
https://www.openfest.org/2022/en/
https://www.youtube.com/watch?v=mVbbP6vs2yU&list=PLzUxAJX9n5vqK6pffYBy-qSLx8zyXA9A-
Open Data Conference 2022
https://e-gov.bg/wps/portal/agency/home/data/opendata/opendata-events
Datathon 2022
https://www.datasciencesociety.net/datathon_nft/
Different Meetings&Workshops online and on place 
GIS Day Conference 2022
http://esribulgaria.com/
Annual International Science Conference Space, Ecology, Safety 2022
http://www.space.bas.bg/SES/
8th International Conference on Cartography and GIS
https://cartography-gis.com/
https://cartography-gis.com/archives/2802
Annual Big Data Forum 2022
https://gate-ai.eu/en/category/events/
World Methrology Day 2023
http://bim.government.bg/bg/novini

Datathon 2023
https://www.nsi.bg/datathon2023/
Event for funding companies and scientific organizations from the European Space Agency
https://www.mig.government.bg/vsichki-novini/ministar-pulev-sthe-otkrie-sabitie-za-finansirane-na-firmi-i-nauchni-organizaczii-ot-evropejskata-kosmicheska-agencziya/";Complement;Yes, >9;"OpenFest 2023
https://www.openfest.org/2023.html; https://www.openfest.org/2023/bg/programa/
Open Data Conference 2023
https://data.egov.bg/news/view/75
https://www.aip-bg.org/news/%D0%9F%D0%94%D0%98_%D0%BF%D1%80%D0%B5%D0%B4%D1%81%D1%82%D0%B0%D0%B2%D0%B8_%D0%9D%D0%B0%D1%80%D1%8A%D1%87%D0%BD%D0%B8%D0%BA_%D0%B7%D0%B0_%D0%B0%D0%B4%D0%BC%D0%B8%D0%BD%D0%B8%D1%81%D1%82%D1%80%D0%B0%D1%86%D0%B8%D1%8F%D1%82%D0%B0_%D0%BD%D0%B0_%D1%81%D1%8A%D0%B1%D0%B8%D1%82%D0%B8%D0%B5_%D0%BD%D0%B0_%D0%9C%D0%B8%D0%BD%D0%B8/20231215006516/
VELES Excellence Hub 2023
https://veleshub.eu/news/
https://egov.government.bg/wps/portal/ministry-meu/press-center/news/News280623
Different Meetings&Workshops online and on place 
GIS Day Conference 2023
http://esribulgaria.com/
https://gisday.esribulgaria.com/
Annual International Science Conference Space, Ecology, Safety 2023
http://www.space.bas.bg/SES/
https://www.bas.bg/?p=46483&lang=en
9th International Conference on Cartography and GIS
https://cartography-gis.com/
https://cartography-gis.com/archives/2888
https://iccgis2024.cartography-gis.com/
Up to Gate: Technology, Big Data & Beyond 2023
https://gate-ai.eu/en/category/events/
World Methrology Day 2024
https://bim.government.bg/bg/novini/svetoven-den-na-metrologiyata-2024

Datathon 2023
https://www.nsi.bg/datathon2023/
Event for funding companies and scientific organizations from the European Space Agency
https://www.mig.government.bg/vsichki-novini/ministar-pulev-sthe-otkrie-sabitie-za-finansirane-na-firmi-i-nauchni-organizaczii-ot-evropejskata-kosmicheska-agencziya/"
PT1;"Is there a national portal in your country for that enables users to search for open datasets and find where to download open data? 

For Explanation:
* If yes, please provide the URL of the national portal.";yes;https://data.egov.bg/;Confirm;;
PT2;"For Explanation:
* What is the technology stack of your portal (e.g. based on uData, CKAN, etc.)";new question;new question;Change;N/A;"Technology Stack:
3.6.1. Fluentd
Fluentd is a service for collecting data from log files and forwarding them through a specialized protocol to a centralized repository.
License: Open source software, distributed under Apache License v2.0.
3.6.2. Firewall
Configuration via iptables and Linux kernel firewall. It serves to block Internet traffic and allow defining services, ports, protocols, and traffic sources. It is used to increase information security.
License: open source software, distributed under the GNU GPL.
3.6.3. Load balancer
Optional item, in case of installation on more than one server with application software. It serves to distribute the load between multiple servers with an identical configuration. If needed, implementation is provided via Apache 2 and mod_proxy_balancer.
License: Open source software, distributed under Apache License v2.0.
3.6.4. Database (Master / Slave)
A relational database management system. The project envisages the use of MariaDB to store user profiles and other specific data required for the implementation of the Open Data Portal. This DBMS will not be used to store datasets.
License: open source software, distributed under the GNU GPL.
3.6.5. ElasticSearch node
ElasticSearch is a full-text search and data analysis system. It offers possibilities for storing and processing large volumes of information. The system supports the construction of clusters of single installations, which increase productivity and guarantee the impossibility of work.
This component will be used to store, search, process and analyze datasets.
License: Open source software, distributed under Apache License v2.0.
3.6.7. Greylog
Centralized storage of data collected from log files. It allows automated processing of the collected data, as well as preparation of various statistical reports and visualizations. In addition, the system allows for automated output when events are initiated.
License: open source software, distributed under the GNU GPL.
3.6.8. Web application
It represents an application server on which an open data portal is installed.
3.6.9. Data migration tool
Represents an installation of the automated data entry tool.
3.6.10. Automated data entry tool
The automated data entry tool is designed as a set of components located in the so-called ""container"" which is a system running on different operating systems. The installation of the automated data entry tool requires the installation of a special pad that implements the support of this container. For the base of work, choose Docker Community Edition. The open data tool will run seamlessly on any hardware capable of running the pad."
PT3;"Does the national portal offer to its users a way to programmatically query the metadata via an API?

For Explanation:
* If yes, please provide the direct-URL to this feature.";new question;new question;Change;Yes;"API on the portal, and through the API the portal users could call programmatically query the metadata.
https://data.egov.bg/api/getDatasetDetails?dataset_uri=5b15917a-8b95-4264-8008-68fb7ab490f0
It is the programatically query via API for the Dataset metadata - POST query.
https://data.egov.bg/api/getResourceMetadata?resource_uri=bafd364e-1b6c-4a8a-ac04-8de45de956c1

https://data.egov.bg/data/linkedData"
PT4;"Does the national portal offer to its users a way to programmatically query the metadata via a SPARQL access point?

For Explanation:
* If yes, please provide the direct-URL to this feature.";new question;new question;Change;No;
PT5;"Does the national portal offer/link to documentation on the use of APIs?

For Explanation:
* If yes, please provide the direct-URL to this feature.  ";new question;new question;Change;No;
PT6;"Does the national portal offer/link to documentation on the use of SPARQL? 

For Explanation:
* If yes, please provide the direct-URL to this feature.  ";new question;new question;Change;No;
PT7;"Does the national portal provide functionality for users to contribute datasets they have produced or enriched? 

For explanation:
* If yes, please (1) explain how  the portal facilitate the linking of documentation and supporting materials to these user-contributed datasets and (2) provide the direct-URL to this feature.";new question;new question;Change;No;
PT8;"Does the national portal offer a mechanism for users to provide general feedback, such  a 'Contact us' or 'Feedback' button that is placed in a visible spot and would allows users to send a general comment concerning the portal?

For Explanation:
* If yes, please provide the direct-URL to this feature or describe how this functionality is provided.";yes;"https://data.egov.bg
Тhere is a button on the home page of the Portal that provides a direct chat option via a messenger plugin that reaches the admins of the Facebook page.";Confirm;;
PT9;"Does the national portal offer a mechanism for users to provide feedback on specific datasets, such as a 'feedback button' or a comment/discussion section under the dataset?

For Explanation:
* If yes, please provide the direct-URL to this feature or describe how this functionality is provided.";yes;"https://data.egov.bg/data/reported
This link leads to a section where users send their feedback on specific datasets or resources to them. When submitting the feedback in the portal, a mechanism is implemented that notifies the organization responsible for maintaining the specific dataset or resource. At the time of submission of information by a user, he is obliged to enter his contact email, at which he receives a notification of the actions taken.";Confirm;;
PT10;"Does the national portal provide a mechanism for users to rate datasets?

For Explanation:
* If yes, please provide the direct-URL to this feature or describe how this functionality is provided.";No;;Confirm;;
PT11;"Does the national portal enable users to find information and news on relevant open data topics in the country?

For Explanation:
* If yes, please provide the direct-URL to this feature.  ";No;;Confirm;;
PT12;"Does the national portal offer the possibility for users to receive notifications when new datasets are available on the national portal (RSS, ATOM feeds, email notifications etc.)?

For Explanation:
* If yes, please provide the direct-URL to this feature.  ";yes;https://data.egov.bg/datasets/rss;Confirm;;
PT13;"Does the national portal enable users to request datasets, such as through a ""request data"" button? 

For Explanation:
* If yes, please provide the direct-URL to this feature or describe how this functionality is provided.";yes;https://data.egov.bg/request;Confirm;;
PT14;"Are requests for datasets and their progress status presented in a transparent manner on the national portal? 

For Explanation:
* If yes, please provide the direct-URL to this feature.  ";yes;https://data.egov.bg/admin/data-requests/list;Confirm;;
PT15;"Does the team monitor the extent to which requests (either via the portal or otherwise) result in the publication of the requested data?

For Explanation:
* If yes, please describe how this monitoring is conducted.";yes;In addition to the portal's mechanism for data requests that reach the designated responsible institution, the team in the data department receives each request in the general specialized e-mail and tracks the process of fulfilling the request. For certain cases in which the request is feasible but additional assistance is needed, the respective responsible institution is contacted, which is coordinated by the head of the department. In the reporting periods during the year, the implementation of the received data requests is reflected and the cases in which they are not fulfilled are analyzed. If necessary, additional actions are taken to implement them, when there is no valid or legal reason why they should not be fulfilled until they are provided and published on the Portal.;Confirm;;
PT16;"Does the national portal offer a mechanism for users to exchange with others, such as a discussion forum?

For Explanation:
* If yes, please provide the direct-URL to this feature or describe how this functionality is provided.";yes;https://data.egov.bg/forums;Confirm;;
PT17;"Does the national portal showcase reuse cases, such as in a designated section of the portal?

For Explanation:
* If yes, please provide the direct-URL to this feature. ";No;;Confirm;;
PT18;"Does the national portal reference the datasets that the showcased reuse cases are based on (i.e. there is a link between the reuse case in the showcase and the underlying dataset on the portal)?

For Explanation:
* If yes, please provide the URL to this feature/to an example documenting this feature.";No;;Confirm;;
PT19;"Does the national portal provide the possibility for users to submit their own reuse cases?

For Explanation:
* If yes, please provide the direct-URL to this feature. ";no;;Confirm;;
PT20;"Does the national portal offer a preview function for tabular data?

For Explanation:
* If yes, please provide the URL to an example documenting this feature.";yes;https://data.egov.bg/organisation/datasets/resourceView/e7b8653c-b982-4e10-b662-735f3b1d058a;Confirm;;
PT21;"Does the national portal offer a preview function for geospatial data?

For Explanation:
* If yes, please provide the URL to an example documenting this feature.";yes;"https://data.egov.bg/covid-19?section=8&subsection=18&item=39 ; It is currently being developed and is available on the test environment of the Bulgarian open data portal (https://testdata.egov.bg/) - https://testdata.egov.bg/dataviz?section=17&item=50
It should be posponed due do Opendata and Spatialdata portal inegration process.";Confirm;;
PT22;"Do you promote high-value datastes on your national portal (e.g. use filtering features for reusers to easily find such datasets, use editorial features to promote the datasets, etc.))?

For Explanation:
* If yes, please specify how and highlight challenges if any. 
* If you are an EFTA or a candidate country to the EU, please select 'not applicable'.";new question;new question;Change;No;
PT23;"Do you monitor the portal's traffic (e.g. in terms of number of unique visitors, visitor profiles, percentage of machine traffic, number of downloads according to the number of datasets etc.)? 

For Explanation:
* If yes, which tool(s) do you use?";yes;"Google Analytics, own portal tool for analytics. We found out which are the most frequently sought data sets from citizens and businesses; Where problems are observed when publishing (automated or manual), improving their quality. Social Media feeds: https://twitter.com/opendata_bg ; https://www.facebook.com/opendatabg ; https://www.linkedin.com/company/opendatabg";Confirm;;
PT24;"Do you run analytics on API usage?

For Explanation:
* If yes, please briefly (1) describe your process and (2) how you use the insights to improve the portal";yes;N/A;Confirm;;
PT25;"Besides monitoring portal traffic, do you perform any further activities to better understand the behaviour and needs of users of your portal (e.g. web analytics, surveys, or analysis of social media feeds)?

For Explanation:
* If yes, please (1) specify the activities and explain (2) how they help you understand user needs";yes;Monitoring of channels through social networks, which are a source of information related to statistical and open data. Promotion of data from the portal, which we have found to be of public interest and those related to it from other publications, mainly through the page on Twitter and Facebook. The most significant data of public interest are also published as news and events on the portal.;Confirm;;
PT26;"Do you used the insights about portal usage and about the behaviour and needs of portal users to improve the portal accordingly?

For Explanation:
* If yes, please explain your process for improving the portal based on user insights and feedback
* If relevant, kindly highlight some improvements made in the past year";new question;new question;Change;No;
PT27;"Do you undertake any activities to promote the portal and attract new users or new audiences?

For explanation:
* If yes, please (1) explain what activities your perform, and (2) mention if these activities are directed at any specific target audience (e.g. business, public sector, academia, etc.)";new question;new question;Change;No;
PT28;"Do you monitor what keywords are used to search for data and content on the portal?

For Explanation:
* If yes, please briefly (1) describe your process and (2) how you use the insights to improve the portal";new question;new question;Change;No;
PT29;"Do you monitor the most and least consulted pages?

For Explanation:
* If yes, please briefly (1) describe your process and (2) how you use the insights to improve the portal
* For informational purposes, kindly provide the URLs to the five most popular datasets on the portal";new question;new question;Change;No;
PT30;"Do you take measures to optimise the search and discoverability of content (data and editorial)? 

For Explanation:
*If yes, please briefly describe how your optimise the search";yes;When approving data from the Portal administrators, additional tags are added to associate the corresponding set with sematically close words and expressions;Confirm;;
PT31;"Is the metadata on your portal available in clear plain language to enable both humans and machines to read and understand it? 

For Explanation:
*If yes, please provide the URL to an example documenting this feature.";yes;;Confirm;;
PT32;"To what degree do public sector data providers contribute data to the portal? 

For Explanation:
*Please describe what is the agreed approach.
* If less than the majority of data providers, please briefly explain why (e.g. technical incompatibilities, governance aspects, low awareness etc.).";all public sector data providers;The Law on Access to Public Information requires it and the requirement is complied with by the relevant organizations.;Confirm;;
PT33;Do you identify the data providers that are not yet publishing data on the national portal?;yes, or all public sector data providers already publish data;N/A;Confirm;;N/A
PT34;"Were there concrete actions taken to assist these data providers with their publication process?

For Explanation:
* If yes, could you provide some examples of the actions taken in this regard.";yes, or all public sector data providers already publish data;Trainings are organized for newly appointed employees, helping them to define the structure and its scope, to anonymize personal data, as well as to exclude information that is protected by a special law and remains outside the scope of open data. Meetings and working groups are organized to unify data from regional and local structures. At the moment, we are actively working with Basin Directorates, which are 4 in number for Bulgaria. A similar initiative is forthcoming with the regional administrations of education, making up 28 administrative structures.;Confirm;;
PT35;"Besides the national open data portal, are there other regional and local portals? 

For Explanation:
* If yes, please provide a complete list and the links to these portals.";no;;Confirm;;
PT36;"Are regional and local portals listed above and their data sources discoverable via the national portal? 

For Explanation:
* If not applicable, please briefly explain why. ";not applicable;In Bulgaria, the open data policy is centralized and in order to facilitate users in the adopted approach to publishing information in one place, therefore a unified national platform for publishing open data has been created, namely the national open data portal. All public sector organizations (central, local and regional) within the scope of the Access to Public Information Act have created a profile on the national portal. Citizens and non-governmental organizations can also publish data on it through their own profiles.;Confirm;;
PT37;"To what degree are  regional and local sources harvested automatically? 

For Explanation:
* If less than the majority of existing sources is harvested by the national portal, please briefly explain why.                        
* If not applicable, please briefly explain why. ";not applicable;Besides the national open data portal thete aren't other regional or local portal because of the policy in the country.;Confirm;;
PT38;"Does the national portal include datasets that are real-time or dynamic?

For Explanation:
* If yes, please provide URLs to real-time and/or dynamic data featured via the national portal. ";No;;Confirm;;
PT39;"Does the national portal provide a way for non-official data (i.e. not stemming from official sources, such as community-sourced/citizen-generated data) to be published? 

For Explanation:
* If yes, please explain how non-official data is distiguished for offical data (e.g. using a different section of the portal or tags) 
* And please provide a URL to an example of a non-official dataset on the portal ";new question;new question;Change;No;
PT40;"Does the national portal allow users to see what data exists but cannot be made available as open data?

For Explanation:
* If yes, please (1) provide the URL to an example and (2) briefly describe the approach used to ensure this transparency.";no;;Change;No;
PT41;"Does the national portal have a strategy to ensure its sustainability?

For Explanation:
* If yes, please (1) provide the URL to this document and (2) describe the main measures to keep the portal running in the long-term and continue to serve its audience";new question;new question;Change;No;
PT42;"Is your national portal active on social media? 

For Explanation:
* If yes, please provide the URL(s) to your social media accounts. ";yes;"Twitter: https://twitter.com/opendata_bg 
Facebook: https://www.facebook.com/opendatabg
LinkedIn: https://www.linkedin.com/company/opendatabg";Confirm;;
PT43;"Are the portal’s source code and relevant documentation and artefacts made available to the public (e.g. on platforms such as GitHub or GitLab)?

For Explanation:
*If yes, please provide the (1) platform name and (2) the URL to the portal’s account on this platform.";yes;"GitHub
https://github.com/governmentbg/data-gov-bg";Confirm;;
PT44;"Do you monitor the characteristics of the data published on the portal, such as the distribution across categories, static vs. real-time data and how these change over time?

For Explanation:
* If yes, please provide the direct-URL to this feature";yes;https://data.egov.bg/stats?section=1&item=1;Confirm;;
PT45;"Does this monitoring enable the portal team and/or data providers to take action to improve their performance on the national portal?

For Explanation:
* If yes, please (1) explain how and (2) if applicable provide the direct-URL to this feature.";yes;A target value has been set for the published data on a monthly basis and in case of a decrease in the number, compared to the set value, actions are taken to control and support the process of publishing data by the responsible institutions. According to the graph, it can be seen in which categories there is a decrease in the number of regularly published data. https://data.egov.bg/statistika?section=1&item=1;Confirm;;
Q1;"Is there a pre-defined approach to ensure that metadata is kept up-to-date?

For Explanation:
* If yes, please briefly describe your approach.";no;;Confirm;;
Q2;"What percentage of the metadata on the national portal is obtained from the source automatically, rather than edited manually? 

For Explanation:
* Please describe (1) the workflows you have to automate the harvesting of metadata and (2) for which types of data these apply to";new question;new question;Change;<30%;Not applicable
Q3;"What is the average delay from the moment the metadata describing a dataset is updated at the source, and the moment the change is visible on the portal?

For Explanation:
* Please explain the approach for updating metadata in a timely manner";new question;new question;Change;Within one day;Once approved by the Open Data Portal administrator, datasets are not subject to further approval when their metadata is updated/changed.
Q4;"Do you undertake efforts to ensure that published data covers the full period from when it was first published until today, for example,the complete time series?

For Explanation:
* If yes, please explain the measures in place to ensure complete series of datasets";new question;new question;Change;Yes;"Each year, since the Directive 37/2013/EU was implemented in the national legislative framework, the Council of Ministers adopts action plans for gradual opening of the numerous datasets in prioritised fields. This action plans are in the form of a Decision of the Council of Ministers, which includes also the list of datasets to be published in the current year by the public bodies.
There are annual reports to track progress of data publication against these plans. Each administration fulfill online form for its progress which form is verified from national open data team. We monitor if: 1. the administration has published new datasets in open machine-readable format for the relevant year; 2. Datasets are included in annual priority lists or are published proactively by the administrations; 3. Datasets are included in an approved schedule for publishing; 4. Datasets are published within the deadline, with delay or are not published at all."
Q5;"Have you implemented the DCAT-AP High Value Datasets (semiceu.github.io) tag to denote the High-Value Datasets in your (national) open data portal(s)?

For Explanation:
* If yes, please specify how and highlight challenges if any.
* If you are an EFTA or a candidate country to the EU, please select 'not applicable'.";new question;new question;Change;No;MEG is in the process of upgrading the National Open Data Portal, for which a public procurement has been launched, which includes the implementation of both - DCAT-AP and DCAT-AP HVD.
Q6;"Besides the DCAT-AP tag mentioned above, have you implemented any other measures to ensure that high-value datasets ((EU) 2023/138) are interoperable with datasets of other country?

For Explanation:
* If yes, please specify how and highlight challenges if any.
* If you are an EFTA or a candidate country to the EU, please select 'not applicable'.";new question;new question;Change;No;
Q7;"Do you monitor the quality of the metadata available on your portal?

For Explanation:
* If yes, please briefly explain how this monitoring takes place. 
* If applicable, please provide the URL to this monitoring mechanism.";yes;"The data is categorized as ""disapproved"" and falls into the appropriate category until it is reviewed for quality by one of the portal's administrators before it is published.

Newly created data sets are not previewed in the public part of the Portal until they are approved by an administrator. This functionality is built into the portal in order to have datasets that are certain to be presented in a machine-readable open format compliant manner with good quality of the information provided.";Confirm;;
Q8;"Do you publish information on the quality of the metadata available on the portal?

For Explanation:
* If yes, please provide the URL to this section. ";no;;Confirm;;
Q9;"Do you publish guidelines (e.g. written materials) and have tools in place, to assist publishers in publishing high-quality metadata? 

For Explanation:
* If yes, please (1) briefly describe this material and (2) provide the URLs to these materials and/or tools.";new question;new question;Change;No;
Q10;"Do you set any standards on metadata quality that data providers must abide by (e.g. on the use of licence, minimum metadata describes, use of certain DCAT-AP properties, etc)

For Explanation:
* If yes, please describe the standards you have in place, i.e. what is minimum information the metadata should describe ";new question;new question;Change;Yes;"It is a standart simillar to the DCAT-AP but not fully implemented in accordance to the common standard.
The mandatory metadata fields are: 
1. Theme
2. Title
3. Organization
4. Type"
Q11;"Do your open data publication/licensing guidelines provide recommendations for the use of Creative Commons (CC) licences, specifically CC BY 4.0 and CC0?

For Explanation:
* If yes, is this mandatory (e.g. prescribed by law) or recommended?
* Please provide a URL link to the guidelines";new question;new question;Change;Yes;"https://lex.bg/bg/laws/ldoc/2136867758

https://data.egov.bg/document/view/8
https://data.egov.bg/document/view/15
It is mandatory."
Q12;What percentage of the open data available on the national portal is accompanied by licensing information? ;>90%;N/A;Confirm;;N/A
Q13;How many different licences are used on your portal?;1-4;N/A;Confirm;;N/A
Q14;"Besides providing guidelines, are there regular activities conducted or mechanisms in place to  assist publishers in supplying high-quality datasets (metadata quality and data quality)?

For Explanation:
* If yes, please explain the support you provide?";new question;new question;Change;Yes;"Since 2019 it have been started regular online meetings with open data providers about increasing of the quality of the data published on the Open Data Portal, including macine-readable format. 
OpenFest 2023
https://www.openfest.org/2023.html; https://www.openfest.org/2023/bg/programa/
Open Data Conference 2023
https://data.egov.bg/news/view/75
https://www.aip-bg.org/news/%D0%9F%D0%94%D0%98_%D0%BF%D1%80%D0%B5%D0%B4%D1%81%D1%82%D0%B0%D0%B2%D0%B8_%D0%9D%D0%B0%D1%80%D1%8A%D1%87%D0%BD%D0%B8%D0%BA_%D0%B7%D0%B0_%D0%B0%D0%B4%D0%BC%D0%B8%D0%BD%D0%B8%D1%81%D1%82%D1%80%D0%B0%D1%86%D0%B8%D1%8F%D1%82%D0%B0_%D0%BD%D0%B0_%D1%81%D1%8A%D0%B1%D0%B8%D1%82%D0%B8%D0%B5_%D0%BD%D0%B0_%D0%9C%D0%B8%D0%BD%D0%B8/20231215006516/
VELES Excellence Hub 2023
https://veleshub.eu/news/
https://egov.government.bg/wps/portal/ministry-meu/press-center/news/News280623"
Q15;"Does the national portal follow the DCAT-AP framework or, if not, are standards in place to ensure interoperability with DCAT-AP?

For explanation:
* If the  portal follow the DCAT-AP framework, please describe how compliance with DCAT-AP is ensured
* If the portal does not follow the DCAT-AP framework, please describe how interoperability with DCAT-AP is ensured";new question;new question;Change;No;MEG is in process og implementing DCAT-AP on the National Open Data Portal.
Q16;What is the percentage of metadata on your portal that is DCAT-AP compliant, in terms of mandatory classes? (agent, catalogue, dataset, literal, resource);10-30%;;Confirm;;N/A
Q17;What is the percentage of metadata on your portal that uses DCAT-AP recommended classes? (category, category scheme, distribution, licence document);<10%;;Confirm;;N/A
Q18;What is the percentage of metadata on your portal that uses DCAT-AP optional classes? (catalogue record, checksum, document, frequency);<10%;;Confirm;;N/A
Q19;"Is there a national extension of the DCAT-AP standard developed for your country? 

For Explanation:
* If yes, please (1) briefly outline the reasons for this decision, and (2) what the main differences between the national variation and the EU standard are.
* If applicable, please provide the URL to the documentation of the national DCAT-AP extension.";no ;;Confirm;;
Q20;"Do you investigate the most common causes for the lack of DCAT-AP compliance?

For Explanation:
* If yes, what are the main causes for the lack of DCAT-AP compliance?";new question;new question;Change;No;In the process of creating the National Open Data Portal, DCAT-AP was not implemented on the Portal as a national DCAT-AP application profile (DCAT-AP-BG) based on the dictionary of the World Wide Web Consortium Data Catalog (DCAT- AP) as well as ensure its compliance with the Schema.org vocabulary
Q21;What is the percentage of datasets whose metadata provides a reference to where the data can be downloaded, or its API accessed (“download-URL” in the DCAT-AP specification)?;>90%;N/A;Confirm;;N/A
Q22;What is the percentage of datasets whose metadata provides a reference to a web page from where the data can be accessed (“access-URL in the DCAT-AP specification)?;31-50%;N/A;Confirm;;N/A
Q23;"Do you use a model (such as the 5-Star Open Data or FAIR) to assess the quality of deployment of data in your country?

For Explanation:
* If yes, please briefly describe.";no ;;Confirm;;
Q24;"Do you conduct activities to promote and familiarise data providers with ways to ensure higher quality data?

For Explanation:
* If yes, please briefly describe.";no ;;Confirm;;
Q25;What percentage of datasets are made available under an open licence? ;>90%;N/A;Confirm;;N/A
Q26;What percentage of licences are provided in a structured data format?;>90%;N/A;Confirm;;N/A
Q27;What percentage of datasets are provided in an open and machine-readable format?;71-90%;N/A;Change;>90%;N/A
Q28;What percentage of datasets consistely use Uniform Resource Identifiers?;>90%;N/A;Confirm;;N/A
Q29;What percentage of datasets link to other renowned sources to provide additional context for the users, e.g. in a linked data fashion?;10-30%;N/A;Confirm;;N/A
I1;"Do you have a definition of open data reuse in your country?
 
For Explanation:
* If yes, please specify it.";yes;"Open data is the public information collected, created and maintained by public sector organizations and published in an open machine-readable format (CSV, RDF, XML, JSON, etc.), allowing re-use for commercial or non-commercial purposes.
Reuse of public sector information is the use also for commercial or non-commercial purposes other than the original purpose for which it was created within the powers or functions of a public sector organization. The provision of public sector information to a public sector organization in connection with the exercise of its powers or functions is not reuse within the meaning of Access to Public Information Act. (Article 2a, APIA).

https://e-gov.bg/wps/portal/agency/home/data/data";Confirm;;
I2;"Are there any processes in place to monitor the level of reuse of your country's open data?
 
For Explanation:
* If yes, please (1) briefly describe these processes and (2) provide the URLs to support the answer.";yes;"The National Open Data Portal has processes in place at national level to monitor the reuse of open data. Tools are available to measure reuse, including number of users, dataset views and downloads, and overall portal usage. Using Google Analytics and Tableau, these statistics are publicly available at https://data.egov.bg/statistika?section=1&item=1 and https://lookerstudio.google.com/reporting/20a22fa9-a6dc-4f09-9c7b -192d5b24d1d1/page/DsNMB?s=jyhzby8b7FY.
Also there are regular meetings with the Open Data Portal' Users. Their feedback, comments and suggestions on existing data are sought and invited to suggest additional data that may be useful to them.";Confirm;;
I3;"Are there any activities in place to encourage public bodies to monitor the reuse of their own published data (e.g. incentives or obligations in place for public bodies or civil servants of national government)?
 
For Explanation:
* If yes, please (1) briefly describe these activities/incentives and (2) provide the URLs to support the answer.";yes;"The Network of Open Data Liaison Officers is a network of representatives of all Bulgarian public authorities, coordinated by the National Open Data Team. The Network of Liaison Officers meets periodically to discuss the promotion and monitoring of open data within their organizations and with stakeholders. Such an event was held in June in Pazardzhik, where Institute of Public Administration provided training together with the National Open Data Team
The National Open Data Team also uses this network to send information to all public bodies, such as information about events, training, new portal features and support. The members of this network are also the points of contact for specific inquiries about the reuse of data published by their organization, ensuring that requests and questions are responsive.
Regular open data training is also available to all public sector bodies, which includes the importance of re-using open data and the impact and how to measure re-use.";Confirm;;
I4;"Does your country have processes in place to monitor and measure the level of reuse of high-value datasets ((EU) 2023/138)?
 
For Explanation:
* If yes, please specify how and highlight challenges if any. 
* If you are an EFTA or a candidate country to the EU, please select 'not applicable'.";new question;new question;Change;No;Not yet. We are still in process.
I5;"Has your government specified what 'impact of open data' means (e.g. in a strategy document)?
 
For Explanation:
* If yes, how do you define the impact of open data in your country? 
* If possible, please provide a URL to a public document describing it.";yes;"https://egov.government.bg/wps/portal/ministry-meu/home/data/open-data/opendata-additionalinfo/
https://e-gov.bg/wps/portal/agency/home/data/opendata/opendata-additionalinfo
The impact of open data covers the activities carried out to monitor and measure the reuse of open data as a result of reuse in political, social, environmental and economic aspects. The impact leads to increased transparency, accountability, effectiveness and efficiency of government, the inclusion of marginalized groups, raising awareness and can help address a range of issues in different areas.";Confirm;;
I6;"Do you have a methodology in place to measure the impact of open data in your country?
 
For Explanation:
* If yes, please briefly describe the key points of this methodology.";no;;Confirm;;
I7;"Is there collaboration between government and civil society or academia to create open data impact in your country?

For Explanation:
* If yes, please provide an example
* If possible, URLs to such projects and collaborations.";yes;"We actively collaborate with civil society within the Open Government Partnership Initiative. For the fourth plan of the initiative, a working group was created by decree of the Council of Ministers with specific activities, deadlines, partners and a controlling organization. Any activity must be in cooperation among government structures and civil society. A Coordination Council with control functions was established with the relevant Deputy Prime Minister as chairman and relevant government structures' representatives as members.

We actively work with NGOs (for example GATE Institute), Sofia University
https://data.egov.bg/news/view/63
https://data.egov.bg/news/view/51
The institution and the GATE Institute will join forces to build new models of interaction between higher education and state administration, says the cooperation agreement recently concluded between the two countries.

We actively collaborate with civil society in the framework of the Initiative

Initially, the cooperation will focus on knowledge exchange and data sharing in the field of open and spatial data, development and development of a geospatial reference architecture for interoperability and a technological spatial platform in the infrastructure of the administration.
 Participation of government and non-governmental organizations in joint working groups:
 Access to Information Program
https://www.aip-bg.org/
Society for the Earth
https://www.zazemiata.org/ 
NGO Links
http://www.ngolinks.eu/";Confirm;;
I8;"Have any public bodies in your country launched or performed any activities in the past year to understand which and how (open) datasets are reused?

For Explanation:
* If yes, which of the following activities?
* Multiple answers are possible.";yes;N/A;Confirm;Yes;Using events and regular communication to engage community and reusers to understand how datasets are reused
I8-a;Automated feedback mechanisms tracking users´ access to datasets;new question;new question;Change;No;
I8-b;Surveys;new question;new question;Change;No;
I8-c;Interviews/workshops with reusers;new question;new question;Change;Yes;Using events and regular communication to engage community and reusers to understand how datasets are reused
I8-d;Other;new question;new question;Change;No;
I9;"Have any public bodies in your country launched or performed any activities in the past year to better understand reusers' needs in order to further stimulate the reuse of open data?

For Explanation:
* If yes, which of the following activities have been performed? Please describe how the activity has helped you better stimulate reuse.
* Multiple answers are possible.";yes;N/A;Confirm;Yes;New explanation (optional)
I9-a;Regular feedback sessions with portal users ;new question;new question;Change;No;
I9-b;Social media sentiment analysis ;new question;new question;Change;No;
I9-c;Other;new question;new question;Change;Yes;"Automated feedback mechanism: Mattomo; Google Analytics"
I10;"Have any public bodies in your country developed any systematic way of gathering reuse cases?

For Explanation:
* If yes, please provide a brief explanation of the process: How does the gathering happen? ";yes;"Each administration, according to Art. 15 of the Access to Public Information Act, prepares an annual report on the received applications for access to public information and for the reuse of information from the public sector, which also includes data on the refusals made and the reasons for this. The annual report is part of the annual reports under Art. 62, para. 1 of the Administration and Summary Information Act is published in the annual report of IISDA.
One section of the Council of Ministers report examines the implementation of the obligations of state institutions following the Access to Public Information Act (APIA) to adopt internal rules for work under the Access to Public Information Act, to publish certain categories of information on their websites and to provide explanatory information on the exercise of the right of access to information by citizens and legal entities.
An element of this part of the analysis is the data on the preferred form of obtaining the requested public information. The re-use summary section in the report is under development. results will be visible in next year report. 
https://www.strategy.bg/Publications/View.aspx?lang=bg-BG&Id=81
https://ariisda.government.bg/AdmReports/ReportingPeriods/QuestionnairePreview
https://www.aip-bg.org/";Confirm;;
I11;"Are there any public bodies in your country that have developed a systematic ways of classifying the gathered reuse cases?

For Explanation:
* If yes, please provide a brief explanation of the process: According to which categories are reuse cases classified (e.g. by policy field)?";No;;Confirm;;
I12;"Is any data on the impact created by open data on governmental challenges (e.g. efficiency, effectiveness, transparency, decision-making capacity) available in your country such as from research studies, impact assessments, or other systematic investigations that quantify the results or broader effects of open data being reused?

For Explanation:
* If yes, please (1) specify what kind of data source proves this impact and (2) provide the URLs to this data.";No;"The system for electronic budget payments (SEBRA) is a system for monitoring payments initiated by budget enterprises included in it and managing payments within pre-set limits. The implementation and improvement of SEBRA is a major component of the budget reform and, in particular, of the reform of the payment system for the budget sector, through which the following main goals are achieved:
- improvement of the budget payments and rationalization of the payment process by centralizing the monetary resource in BGN in the Bulgarian National Bank and decentralized management and control of the payments of the individual systems, through the relevant primary administrator;
- implementation of aggregated control and management of payments by setting a general limit for payments to the relevant budget appropriations, with a view to ensuring rhythmicity in the financing of state expenditures.
Achieved results:
- modernization, simplification and rationalization of cash management and budget execution;
- improving efficiency in the management of budgetary resources;
- limiting cash payments to the maximum extent;
- increasing fiscal transparency;
- improvement of fiscal discipline.
https://e-gov.bg/wps/portal/agency/about-us/open-management/sebra-info
https://data.egov.bg/data/view/6f3d3e61-9788-4092-b8bd-f37436ebd0f5

The platform for access to public information was created and is maintained by the administration of the Council of Ministers according to Art. 15c, para. 1 of the Act on Access to Public Information (APIA). It represents a single, central, public web-based information system that provides electronically the entire process of submitting and considering an application for access to information, referral by competence if necessary, provision of a decision and publication of the relevant information by those obliged under the Law on Access to Public Information entities subject to the protection of the applicant's personal data according to the Personal Data Protection Act.
https://pitay.government.bg/PDoiExt/
Portal for public consultations
https://www.strategy.bg/

The opening of this data has led to a great deal of public interest and discussion. These data were requested through an annual list of priority data sets approved by Decision of the Council of Ministers to be published and updated continuously. This led to strong public interest, making easier and more adequate decisions by experts based on open data and information.

The Open Data team maintains an ongoing dialogue with multiple users and owners of open data to improve the access and impact of this data.
An internship program was announced at the beginning of the year, which supported an intern to work with the open data team.
 
The impact on government open data challenges can be seen in the way government policy has changed to take open data requirements into account.
In recent months there has been serious discussion and debate by the government with the implementation and transposition of the Open Data Directive. This has led to increased transparency in government and has pushed public bodies to improve their data management and publishing processes.";Confirm;No;
I13;"Is the use of open data in your country having an impact on the efficiency and effectiveness of the government (at any level) in delivering public services? 

For Explanation:
* If yes, please provide an example of one reuse case. For this reuse case, please provide (1) a URL to the reuse case, (2) a URL to the open dataset used by the reuse case, and (3) a description of the reuse case and its impact in this sub-domain.";new question;new question;Change;No;
I14;"Is the use of open data in your country having an impact on transparency and accountability of public administrations?

For Explanation:
* If yes, please provide an example of one reuse case. For this reuse case, please provide (1) a URL to the reuse case, (2) a URL to the open dataset used by the reuse case, and (3) a description of the reuse case and its impact in this sub-domain.";new question;new question;Change;No;
I15;"Is the use of open data in your country having an impact on policy-making processes (i.e. are public administrations making use of the data as evidence for the problem identification and policy formulation)? 

For Explanation:
* If yes, please provide an example of one reuse case. For this reuse case, please provide (1) a URL to the reuse case, (2) a URL to the open dataset used by the reuse case, and (3) a description of the reuse case and its impact in this sub-domain.";new question;new question;Change;No;
I16;"Is the use of open data in your country having an impact on decision-making processes (i.e. are public administrations making use of the data as evidence to be included in their daily operations)?

For Explanation:
* If yes, please provide an example of one reuse case. For this reuse case, please provide (1) a URL to the reuse case, (2) a URL to the open dataset used by the reuse case, and (3) a description of the reuse case and its impact in this sub-domain.";new question;new question;Change;No;
I17;"Is any data on the impact created by open data on social challenges (e.g. inequality, healthcare, education) available in your country such as from research studies, impact assessments, or other systematic investigations that quantify the results or broader effects of open data being reused?

For Explanation:
* If yes, please (1) specify what kind of data source proves this impact and (2) provide the URLs to this data.";No;"Social challenges in the ""Education"" sector are annually presented in the form of open data on the National Portal, on the basis of which high school applicants can analyze their chances of ranking in certain educational institutions. Statistics and criteria for the current year are maintained and published by the Ministry of Education. There is data on schools, profiles and specialties suitable for disadvantaged youth - youth at social risk or who have dropped out of the education system to continue their education, get basic knowledge and guidance in choosing a profession.
https://data.egov.bg/data/view/b56288b6-25aa-4049-9aa6-de2cd4cdabf8
https://data.egov.bg/data?access=&q=%D0%B8%D0%B7%D0%BA%D0%BB%D1%8E%D1%87%D0%B2%D0%B0%D0 %BD%D0%B5+%D1%83%D1%87%D0%B8%D0%BB%D0%B8%D1%89%D0%B5&page=2
https://data.egov.bg/data/view/342373b3-ff81-411e-ab01-1bfe597e8348
https://web.mon.bg/bg/1

""Access to information"" program - cases received with a request for legal comment or advice are recorded and determined according to several criteria. This allows the arrangement of all the case studies and the comments on them in a database, which allows them to be systematized over time, as well as allowing various statistical inquiries to be made:
Legal Qualification – This criterion determines the type of right violated.
Institution – This criterion indicates the institution that the information seeker has contacted or wishes to contact.
Type of legal aid provided
https://www.aip-bg.org/cases/%D0%A1%D1%82%D0%B0%D1%82%D0%B8%D1%81%D1%82%D0%B8%D0%BA %D0%B0/
https://www.aip-bg.org/trainings/ Foundation Program Access to Information

The State Agency for Child Protection maintains statistical resources based on information and analytical reports for children at risk, refugees, raised and educated in specialized institutions.
https://sacp.government.bg/%D1%81%D1%82%D0%B0%D1%82%D0%B8%D1%81%D1%82%D0%B8%D0%BA%D0%B0";Confirm;;
I18;"Is the use of open data in your country having an impact on society´s ability to reduce inequality and better include minorities, migrants, and/or refugees? 

For Explanation:
* If yes, please provide an example of one reuse case. For this reuse case, please provide (1) a URL to the reuse case, (2) a URL to the open dataset used by the reuse case, and (3) a description of the reuse case and its impact in this sub-domain.";new question;new question;Change;Yes;"A good example of an NGO initiative that uses open data to solve migrant problems in Bulgaria is the Bulgarian Council on Refugees and Migrants (BCRM). This organization actively works on various projects aimed at the integration of refugees and migrants, while using data to improve the effectiveness of its programs.
One of BCRM's projects is the ""National Integration Evaluation Mechanism"" (NIEM), which is co-financed by the European Union. The project uses data to track and evaluate progress in the integration of refugees in Bulgaria, providing a basis for improving integration policies and practices at the national level ( BCRM-bg.org ) .
Another important initiative is the ""Refugees and Migrants Information Bureau"", which provides migrants and refugees with access to important information and services through the use of data collected and analyzed from various sources. This initiative facilitates access to legal aid, healthcare and social services, which significantly improves the living conditions of these groups ( BCRM-bg.org ) .
The organization ""Multi Kulti Kolectiv"" also works actively in this area with projects such as ""Kitchen against xenophobia"", where the use of open data and cultural initiatives helps to overcome prejudices and promote social integration ( NGO Norway ) .
These examples show how NGOs in Bulgaria are using open data to improve conditions for migrants and refugees, as well as to reduce social inequality and integrate minorities. For more information, you can visit the websites of these organizations, such as the Bulgarian Council on Refugees and Migrants and the Multi Kulti Collective .
"
I19;"Is the use of open data in your country having an impact on issues about housing in urban areas? 

For Explanation:
* If yes, please provide an example of one reuse case. For this reuse case, please provide (1) a URL to the reuse case, (2) a URL to the open dataset used by the reuse case, and (3) a description of the reuse case and its impact in this sub-domain.";new question;new question;Change;Yes;"Open data enables local authorities and NGOs to identify specific needs and problems in residential areas. For example, data on demographics, the number of homeless people, the condition of the building stock and more can help direct resources to where they are most needed.
Open data increases the transparency of housing management processes. Citizens can monitor how funds are allocated for housing projects and participate in the decision-making process. This reduces corruption and inefficiency.
By analyzing data on pollution, noise, access to green space and other factors that affect the quality of life, measures can be taken to improve conditions in residential areas. This includes landscaping projects, infrastructure improvements
Data on the socio-economic situation of different population groups can help to develop targeted programs to support vulnerable groups, such as low-income families, migrants and refugees. 
Example:
Open Data Platform of Sofia https://www.sofia.bg/web/sofia-municipality/w/the-budget-of-sofia-is-now-uploaded-to-the-open-data-portal :
Project of the NGO ""Habitat for Humanity Bulgaria"" : The organization uses data on housing conditions and the socio-economic status of families to develop affordable housing and renovation programs for low-income households.
Conclusion
The use of open data in Bulgaria has the potential to effectively address housing issues in urban areas by providing awareness, transparency and better resource planning. Although there are many positive examples, the continued development and expansion of data access will be key to even better results.

"
I20;"Is the use of open data in your country having an impact on the issues of health and wellbeing? 

For Explanation:
* If yes, please provide an example of one reuse case. For this reuse case, please provide (1) a URL to the reuse case, (2) a URL to the open dataset used by the reuse case, and (3) a description of the reuse case and its impact in this sub-domain.";new question;new question;Change;Yes;"The use of open data in Bulgaria has a significant impact on solving problems related to health and well-being. Open data improves transparency, facilitates access to information and supports research and informed decision-making. Here are some specific ways this is done:
Open data enables effective monitoring and management of health services. For example, the National Health Information System (NZIS) provides data on hospital workload, the availability of medical personnel and equipment, which supports the optimization of the health system .
 Data on the spread of diseases and epidemics allow health authorities to take timely and effective measures for prevention and control. During the COVID-19 pandemic, open data on incidence and vaccination status were key to informing the public and making decisions.
Open data is an important resource for health research and innovation. Universities and research institutes use this data to develop new treatment methods and health technologies. For example, healthcare digitization projects use data to create telemedicine services and other innovations 
Open data on socio-economic conditions such as unemployment, income and housing conditions help to identify the social determinants of health. This allows health authorities and NGOs to develop targeted programs to improve the health and well-being of vulnerable groups) .
Examples in practice:
1. National Health Information System (NZIS) : This system provides open data on health services and epidemiological indicators that are publicly available and can be used for research and management decision-making.
2. Future Health Project : Uses open data to develop health care innovations, such as telemedicine and digital health services, that improve access to health services and quality of care.
The use of open data in Bulgaria has a significant positive impact on the health and well-being of the population. It facilitates informed decision-making, supports scientific research and improves the efficiency of health services. Expanding access to such data and its continued use will lead to even better results in the future."
I21;"Is the use of open data in your country having an impact on the society´s level of education and skills (e.g. data literacy)?

For Explanation:
* If yes, please provide an example of one reuse case. For this reuse case, please provide (1) a URL to the reuse case, (2) a URL to the open dataset used by the reuse case, and (3) a description of the reuse case and its impact in this sub-domain.";new question;new question;Change;Yes;"Teachers can use open data to create interactive lessons and learning materials. For example, the use of geographic data can be integrated into geography or history lessons by creating interactive maps or visualizations.
Students and academic communities can use open data to research public issues and inequalities. For example, analyzing health care data can help understand differences in access to health care in different regions of the country.
Providing open data can encourage innovation and entrepreneurship. Startup companies and software developers can use data to create new products and services that solve real problems in society.
Open data can be used to teach programming and data analysis. For example, students can study programming by analyzing climate or economic data, which helps them apply their skills to real-world problems.
Open data can be used to improve education management and decision-making. For example, the analysis of data on student achievement can help identify weak areas and introduce appropriate measures for improvement.
These are just a few examples of how open data can be used to improve education and skills in society in Bulgaria and elsewhere.
Here are some concrete examples of projects that use open data in Bulgaria:
1. ""Open data in the classroom"" - This project is an initiative of the Bulgarian Fund for Journalism and Open Knowledge Foundation Bulgaria. Its aim is to promote the use of open data in schools through trainings, teaching materials and educational games. The project provides resources and training for teachers and students on the topic of open data and its applications in the educational process.
2. ""Open Sofia"" - This is an online platform that provides access to various data about the city of Sofia. The platform collects and visualizes information about traffic, public spaces, cultural events and other aspects of city life. Using open data, Open Sofia aims to improve citizens' awareness and encourage their participation in city governance.
3. ""Education without violence"" - This project uses open data to analyze cases of violence in schools in Bulgaria. By collecting and analyzing data from various sources, the project seeks to identify problem areas and propose strategies to prevent violence in schools.
4. ""Transport Portal of Sofia"" - This project provides data on public transport in the city of Sofia, including information on routes, timetables, tariffs and others. The portal allows citizens to get up-to-date information on public transport and plan their journeys more efficiently.
These are just some of the examples of projects that use open data in Bulgaria. Each of them aims to improve citizens' awareness, encourage their participation in public life and contribute to solving societal problems through the use of data and technology"
I22;"Is any data on the impact created by open data on environmental challenges (e.g. climate change and environmental degradation, as highlighted in the Eurpean Green Deal) available in your country such as from research studies, impact assessments, or other systematic investigations that quantify the results or broader effects of open data being reused?

For Explanation:
* If yes, please specify (1)  what kind of data source proves this impact and (2) provide the URLs to this data.";No;"The strategic goals and priorities in the field of energy and climate of Bulgaria laid down in INPEC are as follows: Regarding the ""Decarbonization"" dimension, Bulgaria will make efforts to increase the share of energy from renewable sources in the gross final energy. consumption and reduction of greenhouse gas emissions. On the recommendation of the EC, Bulgaria raised the level of ambition for the share of energy from renewable sources in the gross final energy consumption from 25% to 27.09%, thereby betting on achieving the calculated goal, according to Annex II to Regulation (EU) 2018/1999 In support of this goal, Bulgaria will build additional capacities with an emphasis on wind and solar energy. Also, if necessary to achieve the set goals after 2025, it is possible to hold tenders for additional capacities for energy from renewable sources, tailored to market conditions. Biomass use is projected to increase in all sectors: electricity, heat and cooling, and transport. The anticipated changes in the transport sector will have a significant impact on the development of energy from renewable sources, as well as on the reduction of greenhouse gas emissions. More specifically, Bulgaria will promote the introduction and use of electric and hybrid vehicles in public and private transport, envisaging the creation of low-emission zones in major cities. These measures, among others, will contribute to a significant reduction of greenhouse gas emissions in Bulgaria.
https://library.fes.de/pdf-files/bueros/sofia/18247.pdf
https://www.climateka.bg/
https://www.me.government.bg/files/useruploads/files/national_energy_and_climate_plan_bulgaria_clear_22.02.20.pdf
https://www.nsi.bg/bg/content/4201/%D0%B2%D1%8A%D0%B7%D0%BE%D0%B1%D0%BD%D0%BE%D0%B2%D1 %8F%D0%B5%D0%BC%D0%B8-%D0%B5%D0%BD%D0%B5%D1%80%D0%B3%D0%B8%D0%B9%D0%BD%D0% B8-%D0%B8%D0%B7%D1%82%D0%BE%D1%87%D0%BD%D0%B8%D1%86%D0%B8
Renewable energy sources and energy efficiency by region http://www.repowermap.org/?ln=bg

Digital twins in Bulgaria
In Bulgaria, there are already several implemented projects for the construction of Digital Twins, with the main emphasis on temperature and climate changes, which are studied on the basis of artificial intelligence and LIDAR images (GATE Institute).
A scientific team from the National Center for Geospatial Research and Technologies at SU ""Kliment Ohridski"" -(https://ukh.uni-sofia.bg/hgis/team/) is also working very actively on the topic, working on several projects with urban heat islands (Anton Popov, Stelian Slavkov Dimitrov, Bilyana Borisova, 2019).
In a large part of the above-mentioned studies, the topic of landfills is advocated, which has been extensively researched by the author's collective of the National Research Institute of BAS, ""Aerospace Data"" Section (Dancheva, A. 2020; Dancheva, A., Nedkov). , R., Borisova, D., Spasova, T., (2019); Dancheva, A. and Asenovski, S (2018).
Impact: Urban heat islands are analyzed through open data and in relation to the Green Deal and impact the implementation of new projects and innovative solutions raising awareness of water quality and/or air quality, endorsing the thermal comfort of urban spaces, limiting pollination is improved, biological diversity is supported, etc.
https://bnr.bg/sofia/post/101720366/oblagorodiha-taplinen-ostrov-v-lulin
https://www.sofia.bg/w/direkcia-zeleni-sistemi-oblagorodi-prostranstvo-v-rajon-lulin-identificirano-kato-toplinen-ostrov-

Institute of Meteorology and Hydrology
https://www.ocean-twin.eu/partner/national-institute-of-meteorology-and-hydrology";Confirm;;
I23;"Is the use of open data in your country having an impact on the level of protection of biodiversity (e.g. maintaining a good air and water quality)? 

For Explanation:
* If yes, please provide an example of one reuse case. For this reuse case, please provide (1) a URL to the reuse case, (2) a URL to the open dataset used by the reuse case, and (3) a description of the reuse case and its impact in this sub-domain.";new question;new question;Change;Yes;"https://airbg.info/
1. URL to the Reuse Case: Air Quality Monitoring by AirBG.info
2. URL to the Open Dataset: Air Quality Data
Reuse Case Description: AirBG.info
Impact in Biodiversity Conservation: The reuse of open data for air quality monitoring has significant implications for biodiversity conservation. Poor air quality can have detrimental effects on ecosystems and biodiversity, impacting the health and survival of various species of plants and animals. By providing accessible and up-to-date information on air quality through platforms like AirBG.info, citizens and policymakers can better understand the environmental factors affecting biodiversity and take proactive measures to mitigate pollution and protect vulnerable ecosystems. This reuse case demonstrates how open data can empower citizens to contribute to biodiversity conservation efforts by raising awareness and fostering collective action to address environmental challenges."
I24;"Is the use of open data in your country having an impact on the achievement of more environment-friendly cities (e.g., environment-friendly transport systems, waste management etc.)? 

For Explanation:
* If yes, please provide an example of one reuse case. For this reuse case, please provide (1) a URL to the reuse case, (2) a URL to the open dataset used by the reuse case, and (3) a description of the reuse case and its impact in this sub-domain.";new question;new question;Change;Yes;"Уes, the use of open data in Bulgaria can have an impact on achieving more environmentally friendly cities by improving green transport systems, waste management and other environmental protection initiatives in cities. Here is an example of open data reuse that illustrates this.
The ""Green Sofia"" project is an initiative of the Sofia Municipality, which aims to turn the city into one of the greenest and most environmentally sustainable places to live in Europe. One of the key elements of the project is the creation of eco-indicators that use open data from the Metropolitan Municipality to analyze the ecological status.
By using open data from a variety of sources such as citizen mobile apps, air quality sensors and traffic data, the project creates eco-indicators that reflect pollution levels, the use of green spaces, the use of green transport and other. 
The impact of this project is significant, as it provides citizens and city authorities with valuable information about the state of the environment and environmental trends in the city. This allows the community to be more informed and involved in environmental protection and encourages taking concrete measures to improve the environmental status.
This example illustrates how the use of open data can support the development of greener cities by improving green transport systems, waste management and other environmental initiatives
https://move.bg/mission-green-sofia-decarbonization-eng
"
I25;"Is the use of open data in your country having an impact on the fight against climate change, for example by undertaking predictive monitoring, preventive actions, or a differentiated response to connected disasters?

For Explanation:
* If yes, please provide an example of one reuse case. For this reuse case, please provide (1) a URL to the reuse case, (2) a URL to the open dataset used by the reuse case, and (3) a description of the reuse case and its impact in this sub-domain.";new question;new question;Change;Yes;"Reuse Case: Climate Change Adaptation in Bulgaria, https://www.moew.government.bg/static/media/ups/categories/attachments/Strategy%20and%20Action%20Plan%20-%20Full%20Report%20-%20%20ENd 
The reuse case involves the Bulgarian government's efforts to adapt to climate change by utilizing open data on climate variables such as temperature, precipitation, and extreme weather events.
Impact in Climate Change Adaptation:
By accessing and analyzing open climate data provided by institutions like the Bulgarian Meteorological Institute, policymakers and relevant stakeholders can make informed decisions regarding climate change adaptation measures. This includes planning infrastructure projects to withstand extreme weather events, implementing water management strategies to mitigate drought and flooding risks, and developing policies to support sustainable agriculture practices resilient to changing climatic conditions.
The reuse of open climate data enables Bulgaria to enhance its resilience to climate change impacts, protect vulnerable communities and ecosystems, and ensure sustainable development in the face of environmental challenges. This reuse case highlights the importance of open data in facilitating evidence-based decision-making and fostering effective climate change adaptation efforts at the national level (http://www.weather.bg/ )."
I26;"Is the use of open data in your country having an impact on the consumption of energy based on fuel and the switch to renewables? 

For Explanation:
* If yes, please provide an example of one reuse case. For this reuse case, please provide (1) a URL to the reuse case, (2) a URL to the open dataset used by the reuse case, and (3) a description of the reuse case and its impact in this sub-domain.";new question;new question;Change;Yes;"The Ministry of Energy in Bulgaria publishes open data on the locations and the capacity of wind farms in the country. This data was used to create an interactive map that shows citizens where wind farms are located and how much energy they produce. This not only increases the transparency of the energy sector, but also promotes interest in renewable energy sources
https://portal.seea.government.bg/bg/Map 
https://www.enerdata.net/expertise/global-market-analysis.html
"
I27;"Is any data on the economic impact (e.g. GDP, employment, productivity, innovation,  new businesses created etc.) of open data available in your country such as from research studies, impact assessments, or other systematic investigations that quantify the results or broader effects of open data being reused?

For Explanation:
* If yes, please specify what kind of data source proves this impact and provide the URLs to this data.

";No;"Bulgarian Small and Medium Enterprises Promotion Agency publishes information about all its initiatives in one place, which leads to increased visibility and economic impact. It also publishes regular reports on the state of SMEs with information on newly established enterprises in the country by year. Entrepreneurship contributes to employment, prosperity, competitiveness and economic growth. Encouraging entrepreneurship and the creation of start-ups is of crucial importance for the development and competitiveness of the Bulgarian economy as well as nationally as well as regionally. Open Data is a key resource for the development of SMEs and especially startups. 
https://e-sme.government.bg/Public/RegisterMSP#
https://www.sme.government.bg/uploads/2023/03/%D0%94%D0%9E%D0%9A%D0%9B%D0%90%D0%94_%D0%9C%D0%A1%D0%9F-2022.pdf

The National Institute of Statistics provides extensive information on unemployment and various types of indices
https://nsi.bg/bg
https://infostat.nsi.bg/infostat/pages/module.jsf?x_2=13
https://nsi.bg/bg/content/7697/%D0%B1%D1%80%D0%BE%D0%B9-%D0%BD%D0%B0-%D0%BF%D1%80%D0%B5%D0%B4%D0%BF%D1%80%D0%B8%D1%8F%D1%82%D0%B8%D1%8F%D1%82%D0%B0

Ministry of Labor and Social Policy and
Employment agencies announce daily vacancies
https://www.az.government.bg/bg/ejobs/view_prl/
The Executive Agency for Small and Medium Enterpriseshttps://www.sme.government.bg/

Innovations and project proposals is on the page of https://www.mig.government.bg/";Confirm;;
I28;"Is the use of open data in your country having an impact on the level of employment? 

For Explanation:
* If yes, please provide an example of one reuse case. For this reuse case, please provide (1) a URL to the reuse case, (2) a URL to the open dataset used by the reuse case, and (3) a description of the reuse case and its impact in this sub-domain.";new question;new question;Change;Yes;"Yes, the use of open data in Bulgaria can have an impact on the level of employment through several mechanisms:
Innovation and entrepreneurship: Open data provides opportunities for innovation and entrepreneurship by creating new products and services. Entrepreneurs can use open data to develop new applications, platforms or business models that create jobs and drive economic growth.
Transparency and management of resources: Open data can contribute to more efficient management of public resources and finances. As citizens and organizations have easier access to information about the budget, public procurement and other aspects of government, they can more effectively monitor and influence the decisions made by the government. This can lead to better management and allocation of resources, which can ultimately create new jobs or improve the conditions of existing ones.
Education and skills: Open data can be used to develop educational programs and initiatives to support the development of the skills and qualifications of the workforce. Providing accessible information and training in data processing and analysis can make it easier for people to retrain or develop new skills that are in demand in the labor market.
These mechanisms are just some of the ways in which the use of open data can affect the level of employment in Bulgaria. By creating a more innovative, transparent and educated community, open data can contribute to increasing jobs and improving economic development.
project ""Providing digital skills training and creating an adult learning platform""
The main goal is to expand access and provide more opportunities for quality education using the possibilities of digital technologies. The development and implementation of a virtual online learning platform will provide flexible and affordable forms of learning such as online distance learning courses and electronic resources for self-study.
After the creation and implementation of the virtual e-learning platform under Component 1, all courses in an electronic environment for the training of unemployed and employed persons, organized within the framework of the active labor market policy and financed from the state budget and from the ESF+ under the ""Development of human resources"", will be held through it.
The virtual e-learning platform will be linked to the My Competence Competence Assessment Information System, which presents competency models describing the skills and competencies required to successfully perform key positions and tools, as well as databases and electronic registers relevant to the training of adults - the National Labor Market Database of the Employment Agency (EA), the Electronic Register of Vocational Training Centers of the National Agency for Vocational Education and Training (NAPEO), etc.
The Platform will also have access to the training providers, as well as control bodies (e.g. MTSP, AZ, NAPOO, employers, etc.). They will be able to monitor and control the implementation of the trainings in real time. At any moment during the training period, it will be possible to check the attendance of the trainees, the completion of the curriculum by days, the success rate through access to the exam materials and tests, access to the materials and questionnaires for the evaluation of the training, etc. In this way, compliance with the regulatory requirements for the organization of training and the quality of the conducted training will be monitored.
Total estimated financial resource - BGN 379,470,088.
Project implementation period – 54 months (2022-2026)
Expected results:
The digital learning platform to be fully functional;
To operate 760 digital clubs in which access to the training platform will be provided
Approximately 500,000 unemployed and employed persons have received basic and/or intermediate level digital skills training
Approximately 100,000 unemployed and employed persons have validated their basic and/or intermediate level knowledge of digital skills

https://www.mlsp.government.bg/eng/proekt-predostavyane-na-obucheniya-za-digitalni-umeniya-i-szdavane-na-platforma-za-obuchenie-na-vzrastni"
I29;"Is the use of open data in your country having an impact on the level of innovation and the adoption of new technologies? 

For Explanation:
* If yes, please provide an example of one reuse case. For this reuse case, please provide (1) a URL to the reuse case, (2) a URL to the open dataset used by the reuse case, and (3) a description of the reuse case and its impact in this sub-domain.";new question;new question;Change;Yes;"Yes, the use of open data in Bulgaria can have a significant impact on the level of innovation and adoption of new technologies. Here are a few ways this can happen: 
1.Stimulating innovation: Open data provides valuable information and resources that can be used by entrepreneurs, developers and researchers to create new products, services and technologies. By having free access to data, innovators can extract knowledge, conduct analysis and develop innovative solutions that solve real problems and improve people's lives. 
2. Supporting Digital Entrepreneurship: Open data creates an enabling environment for the development of digital entrepreneurship by providing access to basic data and resources essential for the launch and development of new technology startups. This may include data on public services, transport networks, healthcare and other areas.
 3. Improving citizen participation and innovation projects: Open data provides opportunities for citizens and civil organizations to participate in innovation projects and collaborate with government institutions and the private sector to solve public problems. This stimulates community spirit and contributes to the creation of innovative solutions that address the needs of society. These are just some of the ways in which the use of open data can have an impact on the level of innovation and adoption of new technologies in Bulgaria. By creating an open and innovative environment that encourages the exchange of data and ideas, Bulgaria can develop its potential for innovation and adopt new technologies to support economic growth and social progress.
Example: Public Transport Open Data Projec
Project description: The ""Open data for public transport"" project is implemented by the local transport operator in the city of Sofia. The aim of the project is to provide open access to data on public transport timetables, route information, ports, traffic condition notes and more.
Providing open data on public transport stimulates the development of mobile applications, internet platforms and other innovative solutions that support citizens in their daily journeys. Developers can use this data to create real-time applications for public transportation tracking, route planning, trip optimization, and other services that improve citizen mobility and convenience.
In addition, open data on public transport is driving the creation of innovative business models and startups that use the data to develop services for transport fleet management, intelligent traffic systems and more. These innovative solutions can contribute to more efficient urban traffic management, reducing pollution and traffic delays, and improving the quality of life in cities.
https://openbulgaria.org/post/public-transport-sofia/"
I30;"Is the use of open data in your country having an impact on the level of entrepreneurship (especially of women and minorities) and business creation (especially with Small- and Medium-sized Enterprises)? 

For Explanation:
* If yes, please provide an example of one reuse case. For this reuse case, please provide (1) a URL to the reuse case, (2) a URL to the open dataset used by the reuse case, and (3) a description of the reuse case and its impact in this sub-domain.";new question;new question;Change;Yes;"Access to market and competitive information : Open data can provide valuable information about market trends, consumer preferences and the competitive landscape. This access to information can help entrepreneurs make more informed decisions when starting and running their businesses.

Support for innovation and product development : Open data can serve as a basis for innovation and development of new products and services. Entrepreneurs can use this information to identify new opportunities and create innovative products to meet market needs.

Helping startups and SMEs : Open data can make it easier to start a business by providing access to information and resources to create business plans, navigate the registration and licensing process, and access financing and development support.

Transparency and accountability : Open data can contribute to greater transparency and accountability in the business environment, which can facilitate access to resources and opportunities for entrepreneurs from all social groups, including women and minorities.

There are still challenges and opportunities to improve the use of open data in Bulgaria, but it has the potential to support the development of entrepreneurship and the business sector, especially by targeting the support of diverse entrepreneurial initiatives.
Here are some examples of ways in which open data is being used in Bulgaria to support entrepreneurship and business creation: Trade register data and company data https://portal.registryagency.bg/ : Platforms such as the Bulgarian Trade Register provide access to data on registered companies in Bulgaria. This information can be useful for entrepreneurs in building business models, analyzing the competition and finding potential partners.
"
I31;"Is the use of open data in your country having an impact on the level of productivity? 

For Explanation:
* If yes, please provide an example of one reuse case. For this reuse case, please provide (1) a URL to the reuse case, (2) a URL to the open dataset used by the reuse case, and (3) a description of the reuse case and its impact in this sub-domain.";new question;new question;Change;I don't know;