ID;Question;Answer from 2023;Explanation from 2023;Confirm, change or complement answer/explanation from 2023;Provide updated answer (if applicable);Provide updated explanation (if applicable)
P1;"Is there a national open data policy in your country and, if your country is an EU Member State, does this include a national legislation for the transposition of the Open Data Directive?

For Explanation:
* If yes, please provide (1) the URL and (2) title of the policy document and (3) briefly describe.
* If ‘other’, please provide (1) a brief explanation to support your answer choice and (2) provide the URL and indicate the policy section which explicitly references open data.";yes;"The general policy is integrated into the national Open Data and PSI Re-Use Law.
URL: https://bit.ly/3Q0Vuzw 

The main highlights of the Policy are: 
a. All Public Sector Data is Open by default with the exception of data to which access is prohibited.
b. Public Sector Bodies annually update their data catalogue and publish their data online on the National Open Data Portal.
c. Implementation mechanism set up through the PSI law (Licencing Authority, Charging Authority, Review Body, Open Data Board, etc).
d. All data is made available under the Creative Commons Attribution Only and the Creative Commons Share-Alike Licences unless the Licensing Authority grants permission to Public Body use any other licence or impose additional rules.";Confirm;;
P2;"Is there a national open data strategy in your country?

For Explanation:
* If yes, please provide (1) the URL to the strategy and (2) describe the main highlights.  
* If 'not applicable', please provide (1) a brief explanation to support your answer choice and provide (2) the URL and indicate the policy section which explicitly references objectives, actions/measures, delivery timelines etc.";yes;"The National Strategy 2023-2027 is based on four main Pillars:

A. Providing the required legal framework that promotes and encourages the supply of high quality and PSI for Re-Use (free or marginal cost, simple licences, dispute mechanism, etc).
B. Providing the necessary infrastructure for the dissemination of PSI in the form of a National Open Data Portal that is modern and fit for purpose.
C. Maintaining, expanding and supporting (through the provision of training, etc) the already existing network of PSI Liaison Officers in PSBs.
D. Promoting PSI Re-Use in both Private and Public Sector, through joint events and facilitating constant dialogue between suppliers and users.

URL: https://bit.ly/3Iee1Gk";Change;Yes;"The National Strategy 2023-2027 is based on four main Pillars:

A. Providing the required legal framework that promotes and encourages the supply of high quality and PSI for Re-Use (free or marginal cost, simple licences, dispute mechanism, etc).
B. Providing the necessary infrastructure for the dissemination of PSI in the form of a National Open Data Portal that is modern and fit for purpose.
C. Maintaining, expanding and supporting (through the provision of training, etc) the already existing network of PSI Liaison Officers in PSBs.
D. Promoting PSI Re-Use in both Private and Public Sector, through joint events and facilitating constant dialogue between suppliers and users.

Open Data National Strategy 2023-2027
URL: https://www.data.gov.cy/sites/default/files/%CE%91%CE%94%CE%94%20-%20%CE%A3%CF%84%CF%81%CE%B1%CF%84%CE%B7%CE%B3%CE%B9%CE%BA%CE%AE%20%CE%91%CE%BD%CE%BF%CE%B9%CE%BA%CF%84%CF%8E%CE%BD%20%CE%94%CE%B5%CE%B4%CE%BF%CE%BC%CE%AD%CE%BD%CF%89%CE%BD%202023-2027.pdf"
P3;"Is there an open data policy/strategy at regional or local level?

For Explanation:
* If yes, please (1) provide the URL and (2) title of the document(s) and (3) briefly describe.";not applicable;"response to reviewer
Due to the small size of the country and to the centralised government system the policy/strategy making process exists only at a national level. ";Confirm;;
P4;"Does the national strategy/policy include an action plan with measures to be implemented in the open data field?

For Explanation:
If yes, please briefly describe the main measures described by the action plan.";yes;"The action plan includes a total of 38 actions (with relevant timeframes) allocated to each of the following 4 main pillars (as outlined in Q2, above):

1) Providing a legal framework that promotes and encourages the use and re-use of Open Data
2) Providing the necessary infrastructure for the dissemination of Open Data.
3) Maintaining, expanding, and supporting the existing network of Open Data Liaison Officers.
4) Promoting Open Datareuse.

Furthermore, actions range from strengthening the open data governance and reviewing the national law, to improving the infrastructure (National Portal), to organising events to promote the re-use of open data in Cyprus and engage all actors (hackathons, open days, etc), to supporting and providing much needed training to PSBs to release their data.";Confirm;;
P5;"Does the national strategy/policy outline measures to incentivise the publication of and access to real-time or dynamic data?

For Explanation:
* If yes, please briefly describe the measures.";yes;"Provision of support for publishing dynamic data and HVDs (Action Γ9 of the Analytical Action Plan)
Access to Consulting Services and Technical Support (internal and external) [Action B9 of the Analytical Action Plan]";Confirm;;
P6;"Does the national strategy/policy outline measures to incentivise the publication of and access to citizen-generated data?

For Explanation:
* If yes, please briefly describe the measures.";yes;"The Strategy provides the opportunity to publish citizen generated data that was initially based on government open data to be published on the portal in the form of related content. (see Section ""Εμπλουτισμός Πύλης με Επιλεγμένα Δεδομένα Μη Κυβερνητικών Φορέων""(page 14) of the Open Data Strategy 2023-2027 URL: https://bit.ly/3Iee1Gk)
i.e.  Pothen Eshes citizen tranformed data that builds on a public datatset relating to the declaration of assets of politically exposed persons. link: https://bit.ly/3NZdnNe";Change;Yes;"The Strategy provides the opportunity to publish citizen generated data that was initially based on government open data to be published on the portal in the form of related content. (see Section """"Εμπλουτισμός Πύλης με Επιλεγμένα Δεδομένα Μη Κυβερνητικών Φορέων""""(page 14) of the Open Data Strategy 2023-2027.

Open Data National Strategy 2023-2027
URL:
https://www.data.gov.cy/sites/default/files/%CE%91%CE%94%CE%94%20-%20%CE%A3%CF%84%CF%81%CE%B1%CF%84%CE%B7%CE%B3%CE%B9%CE%BA%CE%AE%20%CE%91%CE%BD%CE%BF%CE%B9%CE%BA%CF%84%CF%8E%CE%BD%20%CE%94%CE%B5%CE%B4%CE%BF%CE%BC%CE%AD%CE%BD%CF%89%CE%BD%202023-2027.pdf

i.e.  Pothen Eshes citizen tranformed data that builds on a public datatset relating to the declaration of assets of politically exposed persons. Open Dataset New URL: https://www.data.gov.cy/el/dataset/diloseis-perioysiakon-stoiheion-orismenon-dimosia-ektetheimenon-prosopon-kai-orismenon"
P7;"Does the national strategy/policy foster the discoverability of the aforementioned types of data from your country on data.europa.eu?

For Explanation:
* If yes, please briefly describe how.";yes;"Action Γ11 of the 2023-2027 Analytical Action Plan for the examination/adoption of ways to imporove the discoverability of data on the National Data Portal, especially for the cases of 'data categories of special interest' such as non-public sector data, HVDs, geospacial data, Inpire data, etc.
This resulted to the  latest update of the ""Technical Guidelines Document"", which defined specific data tags to be used for each special interest category.";Confirm;;
P8;"Does the national strategy/policy outline measures to support the reuse of open data by the public sector?

For Explanation:
* If yes, please briefly describe the measures.";yes;"Action Γ6  of the Analytical Action Plan refers to the design and delivery of a training program for middle-management and top-management civil servants in collaboration with the Cyprus Academy of Public Administration. The particular program aims to promote Open Data to the high levels of the hierarchy and includes modules on:
a. Open Data and Government Policies
b. Public Sector Bodies' obligations under the Open Data law
c. Show cases of Re-Use 
d. Benefits and Opportunities of Open Data
e. Evidence based and data-driven policies

UPDATE 29/08
The trainning program described in the CY Open Data Strategy is a measure designed to raise middle and top manahement awareness about  how open data, if re-used by public institutions, can enhance decision making  and policy formulation. Modules c, d and e of the described training program are designed to do exactly this.";Confirm;;
P9;"Does the national strategy/policy outline measures to support the reuse of open data by the private sector?

For Explanation:
* If yes, please briefly describe the measures.";yes;"Action Δ.10 of the of the Analytical Action Plan refers to the support of measures that  
promote the concepts of smart cities, sustainable mobility, etc through open data.
Further the applications/re-use cases of open data are published on the National Portal and their developers are offered the opportunity to present their work in events organised by the Open Data Team and through articles published on the portal.";Confirm;;
P10-a;"Does the national strategy/policy mandate carrying out and maintaining a data inventory by public bodies, whether at national or local level?

For Explanation:
* If yes, please briefly specify.";yes;"National Open Data and PSI Law - Article 16 - All PSBs must prepare / maintain and update their data catalogue

URL:https://bit.ly/3Q0Vuzw 

UPDATE 29/08/23
The preparation and maintenance of data inventories by public bodies is obligatory by Law 143(I)/2021 for Open Data and PSI Re-Use.

More specifically, according to Article 16 of the above mentioned Law, public bodies must maintain data catalogues that lists : a) data available for publication as open data through data.gov.cy  b) data for which access is permitted according to the applicable law regulating access to information and which are
available for further use but not available online.  c)  data for which the public sector bodies, exceptionally, impose conditions for further use, through special permission or through enforcement of fees in accordance with the provisions of articles 13 to 15;";Confirm;;
P10-b;"Do these data inventories include the data collected by public bodies that cannot be published as open data (e.g. in relation to the EU Data Governance Act (EU) 2022/868)? 

For Explanation:
* If yes, please briefly specify.";yes;"National Open Data an PSI Law - Article 16 - All PSBs must prepare / maintain and update their data catalogue annually.
Please see attachment ""Policy Q9b - Data Publication Plan - PAPD""";Confirm;;
P11;"Is your country applying the implementing regulation (EU) 2023/138 on high-value datasets?

For Explanation:
* If yes, how is it progressing? 
* If you are an EFTA or a candidate country to the EU, please select 'not applicable'.
** In the table below, please indicate your progress with respect to a) organisation, b) legal aspects, c) technical aspects on a scale from 1 to 5. 1 = no progress; 2 = few progress; 3 = some progress; 4 = considerable progress; 5 = works are finalised.";new question;new question;Change;Yes;"With the passing of Law 143(I) of 2021, Article 21 - High-value data sets and regulations on publication and further use was added to Part VI. In the article there are provisions concerning the possession and disposal of high-value data sets as well as a reference to the cases where these provisions do not apply. Also, in the Appendix of the article there is a table with the 6 thematic categories of the High Value datasets.
The Open Data team provision of support for publishing dynamic data and HVDs. Access to Consulting Services and Technical Support (internal and external) (Actions Γ9 of the 2023-2027 Analytical Action Plan).
All Organizations and Users responsible for HVD, have been well informed and supported by Consulting Services and Technical Support for the fastest transition to the regulation (EU) 2023/138. Most of the Organizatios affected have been harminized to HVD, but there are still some large organizations with large amount of data, although the support, need more time to harmonize with the regulation."
P12;"Have the public bodies in your country denoted relevant datasets as high-value datasets in their metadata following the publication of the implementing regulation (EU) 2023/138 on high-value datasets?

For Explanation:
*  If yes, please specify how and highlight challenges, if any. 
* If you are an EFTA or a candidate country to the EU, please select 'not applicable'.";new question;new question;Change;Yes;"The Open Data team on October 2022, had assigned to a Consulting Services Contractor the provision of support for publishing dynamic data and HVDs to Public Bodies (POs) relevant to the regulation (EU) 2023/138 on high-value datasets. The scope of the study was to analyse Public Bodies' degree of readiness, to identify the deficiencies and gaps currently present and to draw an action plan for compliance with the new regulation. The tender gave access to six (6) Public Bodies of Consulting Services and Technical Support (internal and external) (Actions Γ9 of the 2023-2027 Analytical Action Plan). The contractor together with the six (6) Public Bodies, denoted the high-value datasets that concern them. On May 2023, the contractor gave us the final report and a separate report for each of the six Public Bodies, presenting an Action Plan for compliance with the regulation.

Adoption of HVD tags through the Technical Guidelines document as an interim measure until the adoption of the new DCAT-AP
URL: https://www.data.gov.cy/en/techincal-guidelines"
P13;"Is there a governance structure in place that enables the participation and/or inclusion of various open data stakeholders? 

For Explanation:
*  If yes, please briefly describe the governance structure and its operating model ";new question;new question;Change;Yes;"Open Data Liaison Officers and Private/Academic Sector Actors are engaged through the Open Data Team who ensures that their views are reflected in the Open Data Action Plan proposals to the Minister of Finance (please see organograms in strategy document).
The 2021 Open Data and Open Data and PSI Re-use Law aims, among others, to further strengthen the engagement of various open data stakeholders through the new Open Data Governance Board, where the main stakeholders groups will be represented.
The new Cyprus Open Data Law (pending before the Parliament for approval) introduces a national Open Data Governance Board where all stakeholders will be represented (government bodies, re-users organisations, universities, private sector companies, civil society organisations)."
P14;"How would you classify the model used for governing open data in your country? 

For Explanation:
*  Please briefly explain why this model was chosen/works best for your country";top-down;Cyprus being a small country with limited resources at regional level has been employing so far a top-down approach on open data governance issues. However, from 2019 there is push for moving to a hybrid(ish) governance model with the introduction of a dedicated Open Data Governance Board where all main stakeholders are represented.The new legislation (published on November 2021) introduces the new national Open Data Governance Board.;Confirm;;
P15;"Does the governance structure ensure that the local and regional open data initiatives are facilitated and supported at national level?

For Explanation:
* If yes, please give an example of what kind of support.
* If not applicable, please explain why.";new question;new question;Change;Yes;Besides the centrally organised events, organised and facilitated by the Open Data Team, there are a number of Open Data Initiatives (in the form of events / hackathons, etc.) that are undertaken by semi-governmental organisations, municipalities or even private initiatives. In those cases the facilitation of those initiatives is undertaken by the organiser and the Open Data Team supports (either by promoting / sponsoring the event or by making available speakers/mentors etc).
P16;"To what degree do local/regional public bodies conduct open data initiatives? 

For Explanation:
* If not applicable, please explain why.";not applicable;Due to the small size of the country and to the centralised government system, local and regional public bodies in the majority of times co-organise events with the Open Data Teams. For examples events that relate to GIS data are co-organised with the Department of Lands and Surveys while initiatives that relate to smart cities are co-organised with municipalities.;Confirm;;
P17;"Is a document describing the responsibilities and governance structure of the national (and/or regional/local) open data team publicly available?

For Explanation:
* If yes, please provide the URL where this information is published. ";yes;"See page 9 of the Cyprus Open Data Strategy Document 2023-2027

URL: https://bit.ly/3Iee1Gk";Change;Yes;"See page 9 of the Cyprus Open Data Strategy Document 2023-2027
URL:
https://www.data.gov.cy/sites/default/files/%CE%91%CE%94%CE%94%20-%20%CE%A3%CF%84%CF%81%CE%B1%CF%84%CE%B7%CE%B3%CE%B9%CE%BA%CE%AE%20%CE%91%CE%BD%CE%BF%CE%B9%CE%BA%CF%84%CF%8E%CE%BD%20%CE%94%CE%B5%CE%B4%CE%BF%CE%BC%CE%AD%CE%BD%CF%89%CE%BD%202023-2027.pdf"
P18;"Is there a regular exchange of knowledge or experiences between the national open data team and the team maintaining the national portal? 

For Explanation:
* If yes, please briefly describe how this exchange takes place and provide evidence supporting your answer (e.g. meeting agendas, URLs to news items).";yes;Yes, on a daily basis. The people of the technical team maintaining the portal are also members of the Open Data Team.;Confirm;;
P19;"Does the governance model include the appointment of official roles in civil services that are dedicated to open data (e.g. open data officers)?

For Explanation:
* If yes, please describe how this task is fulfilled at public body level.";yes;"Who they are:
i. Existing PSBs employees,
ii.  IT literate (not specialists),
iii. Assigned by PSBs (can be the data officers or any other employee),
iv. Trained by PAPD on Open Data and PSI re-use issues (legislation, licenses, charges, formats, etc),
v.  Given access to upload and maintain datasets on www.data.gov.cy,
vi. Form a network of Open Data and PSI contact points across government.

In Cyprus they are called Open Data Liaison Officers and their duties include:
a. Support and advise PSBs on Open Dat and PSI issues (legislation, licensing, formats, etc),
b. Identify, collect and upload PSBs’ new datasets to www.data.gov.cy ,
c. Responsible for updating  PSBs datasets,
d. Handle data requests,
e. Promote Open Data culture in their organization.";Confirm;;
P20;"Is there a regular exchange of knowledge or experiences between the national open data team and the wider network of open data officers in your country? 

For Explanation:
* If yes, please briefly describe how this exchange takes place and provide evidence supporting your answer (e.g. meeting agendas, URLs to news items).";yes;"Even though there are no specialised workshops / events organised solely for exchanging views on open data issues between PSBs, this is achieved at national level through a number of workshops / events organised by the Open Data Team. These include:

- Open Data Days for PSBs - 
URL: i.e. https://t.ly/cAd4
- PSBs Training Workshops give the opportunity for networking and exchange of views and ideas - 
URL:  https://t.ly/kdhr
GIS Open Days: annual event/workshop/meet up for PSBs and other Stakeholders 
URL: https://bit.ly/3zikDzF, https://bit.ly/3yAkK6Y
Online Events: i.e. https://bit.ly/3mnrLDk


UPDATE 29/08/2023
URLs provided above";Change;Yes;"Even though there are no specialised workshops / events organised solely for exchanging views on open data issues between PSBs, this is achieved at national level through a number of workshops / events organised by the Open Data Team. These include:

Open Data Days for PSBs
https://www.data.gov.cy/el/node/65
PSBs Training Workshops give the opportunity for networking and exchange of views and ideas
https://www.data.gov.cy/el/node/83
GIS Open Days: annual event/workshop/meet up for PSBs and other Stakeholders
https://www.data.gov.cy/el/node/88
Online Events
https://bit.ly/3mnrLDk"""
P21;"Is there a regular exchange of knowledge or experiences between public sector bodies (i.e. the providers) and open data reusers (e.g. academia, citizens, businesses)?

For Explanation:
* If yes, please briefly describe how this exchange takes place and provide evidence supporting your answer (e.g. meeting agendas, URLs to news items).";yes;"Joint Sector Specific Focus Groups (geodata, government vehicle fleet management data, public transport, etc).
URLs:
https://t.ly/kdhr
https://t.ly/8pii
https://t.ly/lYjh
https://t.ly/RS85
Plus, less formal communication and exchange of views with Excellence/Innovation Centres, Universities, hack community through social media or informal meet-ups.";Change;Yes;"Joint Sector Specific Focus Groups (geodata, government vehicle fleet management data, public transport, etc).
New URLS:
https://www.data.gov.cy/el/node/90
https://www.data.gov.cy/el/node/89
https://www.data.gov.cy/el/node/86
https://www.data.gov.cy/el/node/84
https://www.data.gov.cy/el/node/80
https://www.data.gov.cy/el/node/82
https://www.data.gov.cy/el/node/81
https://www.data.gov.cy/el/node/76
Plus, less formal communication and exchange of views with Excellence/Innovation Centres, Universities, hack community through social media or informal meet-ups."
P22;"Do data publication plans exist at public body level?

For Explanation:
* If yes, please provide the URL and briefly highlight the key aspects covered. ";yes;"This basic priciples of the data publications plans are outlined in article 16 of the new Open Data and PSI Law:  https://bit.ly/3Q0Vuzw 
Each Public Sector Body is required by law to develop and gradually implement its Data Publication Plan. An example of such data publication plan is attached: ""Policy Q22 - Data Publication Plan - PAPD""";Confirm;;
P23;"Are there processes to ensure that the open data policies/strategy previously mentioned are implemented (e.g. monitoring)?

For Explanation:
* If yes, please specify the process(es).";yes;"It is a simple yet effective from our experience methodology, that is initiated when a PSB is invited and agrees to publish its data on the national portal. The methodology includes the following steps:
a) Assignment of Open Data Liaison Officer by PSB
b) Open Data Liaison Officer undergoes the offered training programme (session open for PSB management on a voluntary basis)
c) PSB finalises its data publication plan with the assistance of a member of the Open Data Team (template, guidelines and support provided by the Open Data Team) 
d) PSB gradually publishes data on the National Open Data Portal according to its data publication plan
e) Open Data Team members monitor the progress by comparing each PSBs data publication plan against the datasets published on its National open data portal account and “pokes” the PSB if necessary.
f) PSBs are required to update and submit their data publication plans at least every 2 years (majority do it on an annual basis) – The Open Data Team reiterates the process described in (e)";Confirm;;
P24;"Do you update your policy/strategy as appropriate to ensure its success, such as based on data collected for monitoring?

For explanation:
* If yes, please describe the process and any recent updates made to strategy/policy";new question;new question;Change;Yes;"The progress of implementation of the action plan for data publication is being monitored through annual reports.
Report URL:
https://www.data.gov.cy/sites/default/files/%CE%A4%CE%B5%CE%BB%CE%B9%CE%BA%CE%AE%20%CE%88%CE%BA%CE%B8%CE%B5%CF%83%CE%B7%20%CE%A0%CF%81%CE%BF%CF%8C%CE%B4%CE%BF%CF%85%20%CE%A3%CF%84%CF%81%CE%B1%CF%84%CE%B7%CE%B3%CE%B9%CE%BA%CE%AE%CF%82%202017-2022%20-%20Final.pdf

Additionally, last strategy update in National Strategic 2023-2027 is regular annually monitoring of data by the Open Data Open Data Liason Officers.
Open Data National Strategy 2023-2027
URL:
https://www.data.gov.cy/sites/default/files/%CE%91%CE%94%CE%94%20-%20%CE%A3%CF%84%CF%81%CE%B1%CF%84%CE%B7%CE%B3%CE%B9%CE%BA%CE%AE%20%CE%91%CE%BD%CE%BF%CE%B9%CE%BA%CF%84%CF%8E%CE%BD%20%CE%94%CE%B5%CE%B4%CE%BF%CE%BC%CE%AD%CE%BD%CF%89%CE%BD%202023-2027.pdf"
P25;"Are there any processes in place to assess if public sector bodies are charging for data above marginal cost? (please see directive (EU) 2019/1024 on open data and the reuse of public sector information).

For Explanation:
* If yes, please specify the process(es).";yes;"Even though in Cyprus charging is very rare, according to the Nationla Open Data Legislation, Public Sector Bodies that wish to charge must take prior approval from the Charging Body (article 13.4 of new Open Data Law), a Technical Committee resposible for overviewing charging issues and approving any charges.
In the cases where charges existed prior to 2015, if a PSB charges above marginal cost, then the Open DataTeam may take the issue to the Charging Body which can issue a decision for the removal of charges.";Confirm;;
P26-a;"What are the top 3 challenges that your country is facing in the implementation of the mentioned open data policies/strategy?

For Explanation:
* Please briefly describe.";N/A;"(a) Available Resources to the Open Data Team
(b) Lack of management commitment in some data providers
(c) Technical Challenges in releasing data through APIs faced by small Public Sector Bodies";Confirm;N/A;
P26-b;"Are there activities in place to address these challenges in your country (e.g. with specific national/regional/local plans or initiatives)?

For Explanation:
* If yes, please briefly describe the measures that you have adopted or plan to adopt to address these challenges. 
* If no, please specifiy what is hampering finding a strategic approach to solve these challenges.";yes;"(a) Pushing for more funding through the budgetaty process
(b)Offer short training for Management Team members
(c) Offering technical support to smaller PSBs that wish to publish data thriugh APIs/HVDs";Confirm;;
P27;"Are there any activities in place to assist data holders with publishing their data as open data (i.e. to help them with the data opening process)?

For Explanation:
* If yes, please describe/provide examples of these activities.";new question;new question;Change;Yes;"Public Sector Bodies (PSBs) that wish to publish their data on the National Open Data Portal undergo our OnBoarding Process which consists of the following steps: 
a) Assignment of Open Data Liaison Officer by PSB
b) Open Data Liaison Officer undergoes the offered training programme (session open for PSB management on a voluntary basis)
c) PSB finalises its data publication plan with the assistance of a member of the Open Data Team (template, guidelines and support provided by the Open Data Team) 
d) PSB gradually publishes data on the National Open Data Portal according to its data publication plan
e) Open Data Team members monitor the progress by comparing each PSBs data publication plan against the datasets published on its National open data portal account and “pokes” the PSB if necessary.
f) PSBs are required to update and submit their data publication plans at least every 2 years (majority do it on an annual basis) – The Open Data Team reiterates the process described in (e)"
P28;"Is there a professional development or training plan for civil servants working with data in your country? 

For Explanation:
* If yes, please briefly describe these training activities.";yes;"At the moment the programme is available only for Open Data Liaison Officers and is delivered by the Open Data Team in collaboration with the Open University of Cyprus. The programme includes modules on: 
a. Data Audits and selection of data for publication,
b. Preparing Data for Publication (Formats),
c. Licensing,
d. Data and Metadata Quality,
e. Publication Processes,
f. Releasing Data APIs.";Confirm;;
P29;"Are there annually held national, regional or local events (e.g. hackathons, courses, conferences, users meet-ups, summer/winter schools) to promote open data and open data literacy in your country beyond the target group of public servants? 
 
For Explanation:
* If yes, please provide examples (e.g. title, date, location of the event and URL).";yes, 6-9;"i. Digital Democracy Hackathon (April 2022) - URL: https://www.cyprusdemocracyforum.com/hackathon
ii.  KIOS GIS Event 2022 - Towards Living Maps (23 November 2022, Nicosia) - URL: https://bit.ly/42FheX0
iii. 7th Sustainable Mobility Conference (December 2022, Nicosia) - URL: https://bit.ly/3HUXB5E
iv. GIS Day 2022 - Services (data) and GIS systems in the Cyprus Public and Private Sectors - Eratosthenis Centre of Excellence event - 16 November 2022, Limassol URL: https://bit.ly/44KAWm8
v. Hackadtech Hackathon 2022 (November 2022, Limassol)  -URL: https://hackathon22.adtechholding.com/
vi. Data.Gov.Cy online Event,  (28 April 2022)- URL: https://bit.ly/3mnrLDk";Complement;;"New Events 2023:
i. 8th Sustainable Mobility Conference (September 2022) -  https://sustainablemobility.cy/en/events/%ce%b5%cf%85%cf%81%cf%89%cf%80%ce%b1%cf%8a%ce%ba%ce%ae-%ce%b5%ce%b2%ce%b4%ce%bf%ce%bc%ce%ac%ce%b4%ce%b1-%ce%ba%ce%b9%ce%bd%ce%b7%cf%84%ce%b9%ce%ba%cf%8c%cf%84%ce%b7%cf%84%ce%b1%cf%82-16-%cf%83%ce%b5/

ii. GID Day 2023 (November 2023) - https://www.cut.ac.cy/events/event/?contentId=538130

iii. Reflect Festival (September 2023) - URL: https://reflectfest.com/

iv.Artificial Intelligence for the Common Good Hackathon (November 2023, Nicosia) - URL: https://www.britishcouncil.com.cy/programmes/education/stronger-together/artificial-intelligence

v. KIOS GIS Event 2023 - Mapping everything (22 November 2023, Nicosia) - URL: https://www.kios.ucy.ac.cy/5th-kios-gis-day-mapping-everything/

vi. Hackadtech Hackathon 2023 (November 2023, Limassol)  - URL:  https://hackathon23.adtechholding.com/"
PT1;"Is there a national portal in your country for that enables users to search for open datasets and find where to download open data? 

For Explanation:
* If yes, please provide the URL of the national portal.";yes;www.data.gov.cy ;Confirm;;
PT2;"For Explanation:
* What is the technology stack of your portal (e.g. based on uData, CKAN, etc.)";new question;new question;Change;Yes;EKAN, Open-source data management platform
PT3;"Does the national portal offer to its users a way to programmatically query the metadata via an API?

For Explanation:
* If yes, please provide the direct-URL to this feature.";new question;new question;Change;Yes;"The portal makes available 2 metadata APIs:
(a) Open Data API: https://data.gov.cy/catalog.json
(b) Dataset Rest API: https://dkan.readthedocs.io/en/7.x-1.x/apis/rest-api.html

Full catalog API in JSON and RDF
https://data.gov.cy/catalog.xml
https://data.gov.cy/catalog.json

Dataset API (Examples)
https://data.gov.cy/el/dataset/702/dcat-ap-2.0/xml (XML)
https://data.gov.cy/el/dataset/702/dcat-ap-2.0/json (JSON)

Datastore api (JSON)
https://data.gov.cy/api/action/datastore/search.json?resource_id=91f88e13-1baf-4a1b-b27f-3aacd1622a4c&limit=5"
PT4;"Does the national portal offer to its users a way to programmatically query the metadata via a SPARQL access point?

For Explanation:
* If yes, please provide the direct-URL to this feature.";new question;new question;Change;No;
PT5;"Does the national portal offer/link to documentation on the use of APIs?

For Explanation:
* If yes, please provide the direct-URL to this feature.  ";new question;new question;Change;Yes;"The documentation ia available on our Portal and specifically on Support for Developers section.
Under DKAN API section are the links to the Dataset REST API and the Datastore API.
Support Section URL: https://data.gov.cy/en/support-developers
REST API URL: : https://dkan.readthedocs.io/en/7.x-1.x/apis/rest-api.html
Datastore API URL: https://dkan.readthedocs.io/en/7.x-1.x/apis/datastore-api.html"
PT6;"Does the national portal offer/link to documentation on the use of SPARQL? 

For Explanation:
* If yes, please provide the direct-URL to this feature.  ";new question;new question;Change;No;
PT7;"Does the national portal provide functionality for users to contribute datasets they have produced or enriched? 

For explanation:
* If yes, please (1) explain how  the portal facilitate the linking of documentation and supporting materials to these user-contributed datasets and (2) provide the direct-URL to this feature.";new question;new question;Change;Yes;"(1) The publishers may publish documentation or provide links to documentation alongside the data files.
(2) URL Example: https://www.data.gov.cy/el/dataset/etisies-ektheseis-epitropis-ekpaideytikis-ypiresias (see pdf files published with the csv and xls data files)"
PT8;"Does the national portal offer a mechanism for users to provide general feedback, such  a 'Contact us' or 'Feedback' button that is placed in a visible spot and would allows users to send a general comment concerning the portal?

For Explanation:
* If yes, please provide the direct-URL to this feature or describe how this functionality is provided.";yes;"The portal provides a general “Contact Us Form” which visitors have been using to raise questions and issues about datasets.

response to reviewer
Url : https://www.data.gov.cy/contact

Bottom right of the front page called Επικοινωνία/contact us";Change;Yes;"The portal provides a general Contact Us Form ""Request data"" which visitors have been using to raise questions and issues about datasets.
URL: https://www.data.gov.cy/index.php/el/form/webform-3516

Additionally, the is tab ""Dataset Review"" at the bottom of  each Dataset's page (on all datasets), giving the users the ability to send us inquiries for the specific dataset.
URL example: https://www.data.gov.cy/index.php/el/dataset/dedomena-dimosion-metaforon-se-pragmatiko-hrono-real-time-passenger-information"
PT9;"Does the national portal offer a mechanism for users to provide feedback on specific datasets, such as a 'feedback button' or a comment/discussion section under the dataset?

For Explanation:
* If yes, please provide the direct-URL to this feature or describe how this functionality is provided.";yes;"A feedback collapsible form is available at the bottom of each dataset page.
Click to expand “Ανατροφοδότηση για Σύνολο Δεδομένων”
URL: https://bit.ly/2TjEk7f";Change;Yes;"A feedback collapsible form is available at the bottom of each dataset page.
Click to expand “Dataset Review”
(On all Datasets) An example: https://www.data.gov.cy/el/dataset/synolika-apotelesmata-eleghoy-poiotitas-neroy-organikoi-rypoi"
PT10;"Does the national portal provide a mechanism for users to rate datasets?

For Explanation:
* If yes, please provide the direct-URL to this feature or describe how this functionality is provided.";yes;"Users can rate datasets using the star-rating widget available at each dataset page. 
URL: i.e. https://www.data.gov.cy/node/4741";Confirm;;
PT11;"Does the national portal enable users to find information and news on relevant open data topics in the country?

For Explanation:
* If yes, please provide the direct-URL to this feature.  ";yes;"Users can find  news , events and other material relevant to open data:
https://www.data.gov.cy/news_items?language=el 
https://www.data.gov.cy/stories?language=el";Change;Yes;"Users can find Annoucements, Articles,  Stories and News
URL's:
https://www.data.gov.cy/el/news-items
https://www.data.gov.cy/el/stories"
PT12;"Does the national portal offer the possibility for users to receive notifications when new datasets are available on the national portal (RSS, ATOM feeds, email notifications etc.)?

For Explanation:
* If yes, please provide the direct-URL to this feature.  ";no ;;Confirm;;
PT13;"Does the national portal enable users to request datasets, such as through a ""request data"" button? 

For Explanation:
* If yes, please provide the direct-URL to this feature or describe how this functionality is provided.";yes;URL: https://www.data.gov.cy/node/3900?language=en;Change;Yes;"The portal provides a general Contact Us Form """"Request data"""" which visitors have been using to raise questions and issues about datasets.
URL: https://www.data.gov.cy/index.php/en/form/webform-3516"
PT14;"Are requests for datasets and their progress status presented in a transparent manner on the national portal? 

For Explanation:
* If yes, please provide the direct-URL to this feature.  ";yes;https://www.data.gov.cy/data_requests_view;Change;Yes;"For each submitted data request the following information is available
-Request description
-Entity Type
-Name (Initials only)
-Request Data
-Request Status
URL: https://www.data.gov.cy/en/data_requests_view"
PT15;"Does the team monitor the extent to which requests (either via the portal or otherwise) result in the publication of the requested data?

For Explanation:
* If yes, please describe how this monitoring is conducted.";yes;When a request for data is submitted, this is forwarded by a member of the Open Data Team to the PSB that owns the data with guidelines on how to respond to requests. The PSBs are also required to CC their response to the applicant to a member of the Open Data team.;Confirm;;
PT16;"Does the national portal offer a mechanism for users to exchange with others, such as a discussion forum?

For Explanation:
* If yes, please provide the direct-URL to this feature or describe how this functionality is provided.";yes;"Discussion Forums in Element / Riot im:
https://riot.im/app/#/room/#opendatacyprus:matrix.org
Accessible through the Developer’s Support Section: https://www.data.gov.cy/developer-support";Change;Yes;"Discussion Forums in Element (formerly Riot.im):
https://riot.im/app/#/room/#opendatacyprus:matrix.org (Public, chat history is available w/o account)
https://riot.im/app/#/room/#data.gov.cy:matrix.org (Public, future chat history will be visible w/o account)

Both chat rooms are accessible through the National Open Data Portal:
Support - Support for Developers - Discussion Forum
https://www.data.gov.cy/en/support-developers"
PT17;"Does the national portal showcase reuse cases, such as in a designated section of the portal?

For Explanation:
* If yes, please provide the direct-URL to this feature. ";yes;https://www.data.gov.cy/application-showcases;Change;Yes;"All Reuse cases are showned in Showcase section on the Portal
New URL: https://www.data.gov.cy/en/showcases"
PT18;"Does the national portal reference the datasets that the showcased reuse cases are based on (i.e. there is a link between the reuse case in the showcase and the underlying dataset on the portal)?

For Explanation:
* If yes, please provide the URL to this feature/to an example documenting this feature.";yes;"Showcases are referenced through the dataset’s page. For example:
Night Pharmacies: https://t.ly/cn49 (see Related Content at the Bottom of page)
Fuel Prices: https://t.ly/u9U1 (see Related Content at the Bottom of page)
Air Quality Cyprus: ibit.ly/OxTg (see Related Content at the Bottom of page)";Change;Yes;"Showcases are referenced through the dataset’s page. (see Related Content at the Bottom of page, under ""Σχετικό Περιεχόμενο"")
New URL's, for example:
-Night Pharmacies (1 application related): https://www.data.gov.cy/en/dataset/817
-Fuel Prices (3 applications related): https://www.data.gov.cy/el/dataset/paratiritirio-lianikon-timon-kaysimon-api
-Air Quality Cyprus (2 applications related) https://www.data.gov.cy/el/dataset/trehoyses-metriseis-atmosfairikon-rypon-api
-E-Charging (1 application related) https://www.data.gov.cy/el/dataset/stathmoi-fortisis-ilektrikon-aytokiniton-e-charging"
PT19;"Does the national portal provide the possibility for users to submit their own reuse cases?

For Explanation:
* If yes, please provide the direct-URL to this feature. ";yes;https://data.gov.cy/submit_new_app;Change;Yes;"Reusers can submit an application through a link on the Showcases section below, in cases they have developed applications / websites with metadata,
New URL:
https://www.data.gov.cy/el/form/webform-3579"
PT20;"Does the national portal offer a preview function for tabular data?

For Explanation:
* If yes, please provide the URL to an example documenting this feature.";yes;https://bit.ly/3fEyOUk;Change;Yes;"All datasets containing tabular data have a preview button
New URL https://www.data.gov.cy/el/dataset/katalogos-topikon-seismon-local-300km"
PT21;"Does the national portal offer a preview function for geospatial data?

For Explanation:
* If yes, please provide the URL to an example documenting this feature.";yes;"See map inset:

https://bit.ly/3i2wvx5";Change;Yes;"See map inset:
URL:
https://www.data.gov.cy/index.php/el/dataset/temahia-exereynisis-ydrogonanthrakon-ydrografika-dedomena"
PT22;"Do you promote high-value datastes on your national portal (e.g. use filtering features for reusers to easily find such datasets, use editorial features to promote the datasets, etc.))?

For Explanation:
* If yes, please specify how and highlight challenges if any. 
* If you are an EFTA or a candidate country to the EU, please select 'not applicable'.";new question;new question;Change;Yes;"There is a dedicated page in the portal for High-value Datasets (HVDs), explaining what are HVDs, which categories are considered HVDs and also metioning the compliance deadline with for the regulation (EU) 2023/138.
URL: https://www.data.gov.cy/index.php/el/dedomena-ypsilis-axias-hvds-0

Regarding the filtering features, we have introduced the HVD's tags both in Greek and English ""Δεδομένα Υψηλής Αξίας"" and ""High Value Data"" on all datasets containing High value data.
Next step, is to inform all users to add the tag on their HVDs datasets, and then resusers can easily recognise the HVDs datasets.
https://www.data.gov.cy/el/dedomena-ypsilis-axias-hvds-0"
PT23;"Do you monitor the portal's traffic (e.g. in terms of number of unique visitors, visitor profiles, percentage of machine traffic, number of downloads according to the number of datasets etc.)? 

For Explanation:
* If yes, which tool(s) do you use?";yes;"DKAN log functionality
Matomo Analytics
Google Analytics";Confirm;;
PT24;"Do you run analytics on API usage?

For Explanation:
* If yes, please briefly (1) describe your process and (2) how you use the insights to improve the portal";yes;N/A;Change;Yes;"(1) Through a Matomo report,we can see the API calls.
(2) By analyzing the Matomo report that shows the API calls, we can identify which API's have more interest such as the title & URL of the page being viewed. It also, gives information on the reusers such as the reusers' IP address,  the date, time and location of the request, the operating system, model, browser and resolution. Additionally the report shows the unique Visitor ID, the time and number of all visits for this user. Then, the Open Data Team ensures with the Public Bodies that the related datasets will be kept up-to-date."
PT25;"Besides monitoring portal traffic, do you perform any further activities to better understand the behaviour and needs of users of your portal (e.g. web analytics, surveys, or analysis of social media feeds)?

For Explanation:
* If yes, please (1) specify the activities and explain (2) how they help you understand user needs";yes;"Web Analytics
Surveys";Change;Yes;"(1) Web Analytics
(2) The use of these tools offer insights for popularity of datasets, data categories, visits per dataset over time, categorisation of users, user acquisition analysis, etc. The Open Data Team can then understand the behaviour of our portal's visitors/reusers and learn more about what reusers are interested in, in order to focus on publishing more metadata on specific categories that will attract the interest of reusers.
Additionally throughout the ""Request Data"" form, we monitor and analyse the interest on which type categorie are more frequently request data. 
URL: https://data.gov.cy/el/form/webform-3516"
PT26;"Do you used the insights about portal usage and about the behaviour and needs of portal users to improve the portal accordingly?

For Explanation:
* If yes, please explain your process for improving the portal based on user insights and feedback
* If relevant, kindly highlight some improvements made in the past year";new question;new question;Change;Yes;"There is an integrated dashboard on the Impact page, providing the Open Data Team, Public Bodies and reusers with insights regarding the portal such as, portal's traffic, Usecases and Request data chart, datasets no., datasets % per category, datasets % per Organization, datasets % per format and the most populart datasets
URL: https://www.data.gov.cy/index.php/en/node/34

The Open Data team can find  which categories are more frequently searched and especially which datasest are more favourable by reusers. The Open Data team with the information said, provide the information to the Public Bodies and explain the need to update the resources more often, and if possible to provide an API to achieve excellence. Additionally, the OD team discuss with the Public bodies the possibility to add new datasets similar to the most favorites that are not yet added in the portal. The mantioned action is included in the National Strategic Plan 2023-2027 as Action B.5. Those actions help improve the overall experience of reusers/visitors.

A highlight was that the data format type for the most popoular dataset on the portal was in .xml format. The Open Data team when gain insight on some of the most popoular datasets contain data in lower level than .csv, advised the Public Bodies to switch to .csv format type. 
(Above Example of Dataset) URL: https://www.data.gov.cy/index.php/en/dataset/467"
PT27;"Do you undertake any activities to promote the portal and attract new users or new audiences?

For explanation:
* If yes, please (1) explain what activities your perform, and (2) mention if these activities are directed at any specific target audience (e.g. business, public sector, academia, etc.)";new question;new question;Change;Yes;"Under the Action Δ.10 of the National Strategy Plan 2023-2027  refers to the support of measures that promote the concepts of smart cities, sustainable mobility, etc through open data.
Further the applications/re-use cases of open data are published on the National Portal and their developers are offered the opportunity to present their work in events organised by the Open Data Team and through articles published on the portal."
PT28;"Do you monitor what keywords are used to search for data and content on the portal?

For Explanation:
* If yes, please briefly (1) describe your process and (2) how you use the insights to improve the portal";new question;new question;Change;Yes;"(1) - With the use of portal's search log, we can monitor the keywords and their frequency.
 - Matomo Analytics provides insights of users' behavior by tracking the keywords.
(2) By analyzing the most frequently searched keywords, we identify which topics are of  highest interest to users, ensuring that the related datasets are up-to-date. This insight helps  choose the right strategy. Additionally, may also indicate trends and future reusers' interest. The Open Data Team can then discuss with the Public bodies the possibility to add new datasets based on the keywords.

Additionally, Matomo generates a report that includes key metrics such as the number of searches, pageviews, total time spent by visitors, the number of search results pages, average time on page, bounce rate, and the percentage of search exits. The bounce rate and the percentage of search exits, both can highlight potential issues with content quality and availability. The pageviews and total time spent by visitors, both can reflect content relevance."
PT29;"Do you monitor the most and least consulted pages?

For Explanation:
* If yes, please briefly (1) describe your process and (2) how you use the insights to improve the portal
* For informational purposes, kindly provide the URLs to the five most popular datasets on the portal";new question;new question;Change;Yes;The integraded dashboard on the portal shows the most and least consulted pages. With all that insights, we can be helped chhosing the right strategy and on which categories to focus. If certain topics or pages consistently receive high traffic, it may indicate future reusers' interest on similar content.  
PT30;"Do you take measures to optimise the search and discoverability of content (data and editorial)? 

For Explanation:
*If yes, please briefly describe how your optimise the search";yes;Provide training to PSI Liaison Officers. Part of the training relates to how to make a dataset easily discoverable with the use of comprehensive dataset descriptions and use of tags. Specific examples are used at the practical part of the training.;Confirm;;
PT31;"Is the metadata on your portal available in clear plain language to enable both humans and machines to read and understand it? 

For Explanation:
*If yes, please provide the URL to an example documenting this feature.";yes;;Change;Yes;"Our Datasets are structured and presented in a way easily understood by a human.

Additionally, on some more complex data tables with Codes, the providers are publishing additional csv that explains the coding given on  a column and make it easier for reusers to match each data 

URL: https://www.data.gov.cy/el/dataset/apotelesmata-eleghoy-poiotitas-posimoy-neroy-ektos-nomothetikon-orion-iontikos-eleghos-kai"
PT32;"To what degree do public sector data providers contribute data to the portal? 

For Explanation:
*Please describe what is the agreed approach.
* If less than the majority of data providers, please briefly explain why (e.g. technical incompatibilities, governance aspects, low awareness etc.).";the majority of public sector data providers;"The great majority of potential data providers already contribute data to the portal. 
Approach: Public Sector Data Holders can log into the portal and upload their data along with the relevant metadata. The dataset is then reviewed by a moderator (format compliance, metadata quality) before published on the portal.
However, there is still a number of potential data providers, mostly at regional level, that have yet to publish data on the National Data Portal. This, in most cases, is a matter of prioritisation and resources. ";Confirm;;
PT33;Do you identify the data providers that are not yet publishing data on the national portal?;yes, or all public sector data providers already publish data;N/A;Confirm;;N/A
PT34;"Were there concrete actions taken to assist these data providers with their publication process?

For Explanation:
* If yes, could you provide some examples of the actions taken in this regard.";yes, or all public sector data providers already publish data;"The Open Data Team either through it own initiative or in response to providers that want to publish data through the portal takes a number of actions to help providers with data publications. These include:
i. Site Visits to potential publishers
ii. Presentation of Advantages and opportunities of opening up data
iii. Offer Support and Training (including the PSB OnBoarding Program)";Confirm;;
PT35;"Besides the national open data portal, are there other regional and local portals? 

For Explanation:
* If yes, please provide a complete list and the links to these portals.";yes;"DLS Portal (national geoportal) URL:https://eservices.dls.moi.gov.cy/#/national/geoportalmapviewer
National Statistics Portal URL: https://www.cystat.gov.cy/el/default
Water Development Geoportal URL: https://geoportal-wdd.hub.arcgis.com/";Confirm;;
PT36;"Are regional and local portals listed above and their data sources discoverable via the national portal? 

For Explanation:
* If not applicable, please briefly explain why. ";yes;;Confirm;;
PT37;"To what degree are  regional and local sources harvested automatically? 

For Explanation:
* If less than the majority of existing sources is harvested by the national portal, please briefly explain why.                        
* If not applicable, please briefly explain why. ";all datasets;;Confirm;;
PT38;"Does the national portal include datasets that are real-time or dynamic?

For Explanation:
* If yes, please provide URLs to real-time and/or dynamic data featured via the national portal. ";yes;"Met Stations Live Data, URL: ibit.ly/CM4q
Air Quality Stations Live Data, URL: http://t.ly/gNvG
All Geospatial Data Services ,  i.e. URL: https://bit.ly/3QpDXB4";Change;Yes;"URLs:
Met Stations Live Data, URL: https://dom.org.cy/RADAR_IMG/index.html
Air Quality Stations Live Data, URL: https://www.airquality.dli.mlsi.gov.cy/all_stations_data_PM
All Geospatial Data Services ,  i.e. URL: https://www.arcgis.com/apps/mapviewer/index.html?url=https%3A//weba.dls.moi.gov.cy/arcgis/rest/services/INSPIRE/TN_TransportNetwork/MapServer"
PT39;"Does the national portal provide a way for non-official data (i.e. not stemming from official sources, such as community-sourced/citizen-generated data) to be published? 

For Explanation:
* If yes, please explain how non-official data is distiguished for offical data (e.g. using a different section of the portal or tags) 
* And please provide a URL to an example of a non-official dataset on the portal ";new question;new question;Change;Yes;"Private Company/NGOs are invited to contribute data to the national portal.
i.e. Green Dot Cyprus (NGO) which contributes data on sites for collection of recycling materials
URL: https://www.data.gov.cy/el/dataset/nisides-anakyklosis-kai-simeia-anakyklosis-gyalioy-tis-green-dot
"
PT40;"Does the national portal allow users to see what data exists but cannot be made available as open data?

For Explanation:
* If yes, please (1) provide the URL to an example and (2) briefly describe the approach used to ensure this transparency.";no;;Confirm;;
PT41;"Does the national portal have a strategy to ensure its sustainability?

For Explanation:
* If yes, please (1) provide the URL to this document and (2) describe the main measures to keep the portal running in the long-term and continue to serve its audience";new question;new question;Change;Yes;"One of the 4 main pillars of the Cyprus Open Data Strategy is all about the National Open Data Portal. 
The Public Administration and Personnel Department signed a Memorandum of Understanding with the Cyprus Open University of Cyprus for the development, hosting and maintenance of the new National Open Data Portal. The MoU has a 10-year duration with the option for renewal for another 10 years. This strategic agreement ensures the technical and financial sustainability of the portal.
Portal sustainability issues like Data Quality and Data Actuality, as well as Communication and Impact are also covered in the more detailed action plan which is an integral part of the Strategy 2023-2027 document.

Open Data National Strategy 2023-2027
URL:
https://www.data.gov.cy/sites/default/files/%CE%91%CE%94%CE%94%20-%20%CE%A3%CF%84%CF%81%CE%B1%CF%84%CE%B7%CE%B3%CE%B9%CE%BA%CE%AE%20%CE%91%CE%BD%CE%BF%CE%B9%CE%BA%CF%84%CF%8E%CE%BD%20%CE%94%CE%B5%CE%B4%CE%BF%CE%BC%CE%AD%CE%BD%CF%89%CE%BD%202023-2027.pdf"
PT42;"Is your national portal active on social media? 

For Explanation:
* If yes, please provide the URL(s) to your social media accounts. ";yes;"https://twitter.com/OpenDataCy
https://www.facebook.com/groups/605714219606170 (managed jointly with open data community)";Confirm;;
PT43;"Are the portal’s source code and relevant documentation and artefacts made available to the public (e.g. on platforms such as GitHub or GitLab)?

For Explanation:
*If yes, please provide the (1) platform name and (2) the URL to the portal’s account on this platform.";yes;"Platform Name: GitHub
o DKAN is already available on github at https://github.com/GetDKAN/dkan-drops-7                                                                                       
o The customisations / changes of the CY portal are available at the opendatacy github account at: https://github.com/chrodos/opendatacy";Confirm;;
PT44;"Do you monitor the characteristics of the data published on the portal, such as the distribution across categories, static vs. real-time data and how these change over time?

For Explanation:
* If yes, please provide the direct-URL to this feature";yes;"The Number of Visitors and how this changed over time is monitored through a fully integrated google analytics module - This is done through Drupal - see  https://www.drupal.org/project/google_analytics_reports

It effectively provides a dashboard where portal administrators and publishers can view number of visitors and how these changed not only at catalogue level, but also at datasets level.

Also the Portal's Dashboard offers a real time overview of the the traffic on the portal, as well as the charactiristics of the data publihed on the portal (i.e distributions across themes, across publishers, formats, etc).
URL: https://www.data.gov.cy/dashboard_EL

";Change;Yes;"The Number of Visitors and how this changed over time is monitored through a fully integrated google analytics module - This is done through Drupal - see  https://www.drupal.org/project/google_analytics_reports

It effectively provides a dashboard where portal administrators and publishers can view number of visitors and how these changed not only at catalogue level, but also at datasets level.

Also the Portal's Dashboard offers a real time overview of the the traffic on the portal, as well as the charactiristics of the data publihed on the portal (i.e distributions across themes, across publishers, formats, etc).
Portal's Dashboard URL:https://www.data.gov.cy/el/data-dashboard/dashboard"
PT45;"Does this monitoring enable the portal team and/or data providers to take action to improve their performance on the national portal?

For Explanation:
* If yes, please (1) explain how and (2) if applicable provide the direct-URL to this feature.";yes;"(a) Publishers can map on their data and see statistics (datasets per category, datasets per licence, datasets per format, etc.)  - https://www.data.gov.cy/dashboard_EL 
(b) Publishers can also see the views for each of their datasets through the google analytics integrated module (requires log-in).";Change;Yes;"(a) Publishers can map on their data and see statistics (datasets per category, datasets per licence, datasets per format, etc.)
URL: https://www.data.gov.cy/el/data-dashboard/dashboard

(b) Publishers can also see the views for each of their datasets through the google analytics integrated module (requires log-in).
URL: https://www.data.gov.cy/el/ekan/statistics/dashboard"
Q1;"Is there a pre-defined approach to ensure that metadata is kept up-to-date?

For Explanation:
* If yes, please briefly describe your approach.";yes;"PSBs are by law expected to publish their data catalogue annually. This process is overviewed by the PAPD Open Data Team. 
Further, PSBs when publishing their datasets on www.data.gov.cy , indicate the updating frequency (daily, weekly, monthly, annually or periodically).";Confirm;;
Q2;"What percentage of the metadata on the national portal is obtained from the source automatically, rather than edited manually? 

For Explanation:
* Please describe (1) the workflows you have to automate the harvesting of metadata and (2) for which types of data these apply to";new question;new question;Change;<30%;"Currently all metadata are manualy editted.
Our portal do not harvest any metadata"
Q3;"What is the average delay from the moment the metadata describing a dataset is updated at the source, and the moment the change is visible on the portal?

For Explanation:
* Please explain the approach for updating metadata in a timely manner";new question;new question;Change;Within one day;The majority of datasets are published directly on the portal. For those PSBs that publish their date elsewhere and these are linked to the portal, the open data liaison officers are directed to update the metadata on the national portal within a day.
Q4;"Do you undertake efforts to ensure that published data covers the full period from when it was first published until today, for example,the complete time series?

For Explanation:
* If yes, please explain the measures in place to ensure complete series of datasets";new question;new question;Change;Yes;"On our portal there is a mandatory field for the frequency of the updating (daily, weekly, monthly, annually or periodically) to ensure and monitor that Public Bodies will update their datasets on time.
Over times the Open Data team doing random checks on Datasets to ensure the fulfillment and the accuracy of metadata."
Q5;"Have you implemented the DCAT-AP High Value Datasets (semiceu.github.io) tag to denote the High-Value Datasets in your (national) open data portal(s)?

For Explanation:
* If yes, please specify how and highlight challenges if any.
* If you are an EFTA or a candidate country to the EU, please select 'not applicable'.";new question;new question;Change;Yes;"Regarding the DCAT-AP High Value Datasets tag, we have introduced the HVD's tags both in Greek and English ""Δεδομένα Υψηλής Αξίας"" and ""High Value Data"" on all datasets containing High value data.

Challenging is to inform all Public Bodies to add the tag on their HVDs datasets in order for the resusers can easily recognise the HVDs datasets.
The Open Data team on October 2022, had assigned to a Consulting Services Contractor the provision of support for publishing dynamic data and HVDs to Public Bodies (POs) relevant to the regulation (EU) 2023/138 on high-value datasets.On May 2023, the contractor gave us the final report and a separate report for each of the six Public Bodies, presenting an Action Plan for compliance with the regulation."
Q6;"Besides the DCAT-AP tag mentioned above, have you implemented any other measures to ensure that high-value datasets ((EU) 2023/138) are interoperable with datasets of other country?

For Explanation:
* If yes, please specify how and highlight challenges if any.
* If you are an EFTA or a candidate country to the EU, please select 'not applicable'.";new question;new question;Change;No;
Q7;"Do you monitor the quality of the metadata available on your portal?

For Explanation:
* If yes, please briefly explain how this monitoring takes place. 
* If applicable, please provide the URL to this monitoring mechanism.";yes;"Public Sector Bodies when publishing data on the National Open Data Portal are required to provide a number of mandatory metadata items. The internal mechanics of the portal are set in such a way that no dataset can be submitted for publication on the portal unless the mandatory metadata fields are completed. 
The submitted dataset and the related metadata then undergo a quality review for:
(a) Format compliance,
(b) Metadata completeness,
before being published on the portal.
For more: http://www.data.gov.cy/user-roles-and-levels ";Change;Yes;"Public Sector Bodies when publishing data on the National Open Data Portal are required to provide a number of mandatory metadata items. The internal mechanics of the portal are set in such a way that no dataset can be submitted for publication on the portal unless the mandatory metadata fields are completed. 
The submitted dataset and the related metadata then undergo a quality review for:
(a) Format compliance,
(b) Metadata completeness,
before being published on the portal.
URL: https://www.data.gov.cy/en/node/105"
Q8;"Do you publish information on the quality of the metadata available on the portal?

For Explanation:
* If yes, please provide the URL to this section. ";yes;https://bit.ly/3uAzhfW;Change;Yes;Open Dataset URL: https://www.data.gov.cy/el/dataset/deiktes-poiotita-metadedomenon-ethnikis-diadiktyakis-pylis-anoikton-dedomenon
Q9;"Do you publish guidelines (e.g. written materials) and have tools in place, to assist publishers in publishing high-quality metadata? 

For Explanation:
* If yes, please (1) briefly describe this material and (2) provide the URLs to these materials and/or tools.";new question;new question;Change;Yes;"National Technical Guidelines Document 
URL: https://www.data.gov.cy/en/techincal-guidelines
PDF Presentation, available also for download
URL: https://shorturl.at/foDFH"
Q10;"Do you set any standards on metadata quality that data providers must abide by (e.g. on the use of licence, minimum metadata describes, use of certain DCAT-AP properties, etc)

For Explanation:
* If yes, please describe the standards you have in place, i.e. what is minimum information the metadata should describe ";new question;new question;Change;Yes;"The National Portal follows the DCAT-AP 1.0 framework. A slight variation, with more mandatory classes than the EU standard, as well as optional DCAT-AP fields. 
For practicality and for purposes of uniformity, two standardized usage licenses were chosen, specifically CC-BY 4.0 and CC BY-SA 4.0, from which public bodies can choose the most appropriate one during the process of publishing their datasets.

Minimum Metadata - Mandatory fields (15 fields):
Dataset Title, Description, Topics, Identifier (UUID), Groups/Organizations, License to Use, Language, Geospatial Coverage, Update Frequency, Start Date, Contact Link Name, Contact Link Email, Resource Title,Resource format, Access URL."
Q11;"Do your open data publication/licensing guidelines provide recommendations for the use of Creative Commons (CC) licences, specifically CC BY 4.0 and CC0?

For Explanation:
* If yes, is this mandatory (e.g. prescribed by law) or recommended?
* Please provide a URL link to the guidelines";new question;new question;Change;Yes;"According to Article 15 of the Cypriot Open Data and PSI Law: “Public sector bodies permit the re-use of documents, information and data through an open standard licence without any restriction, other than the obligation to provide acknowledgment of source and acknowledgment of whether the document, data or information have been modified in any way or impose conditions through obtaining a special individual licence or through imposing charges: These conditions shall not unnecessarily restrict possibilities for re-use and shall not be used to restrict competition”.
URL: https://bit.ly/2s2dhgr 

These licenses are named in the national Technical Guidelines to Publishers of Data and are the Creative Commons CC-BY 4.0 and CC- BY-SA 4.0
URL: https://www.data.gov.cy/en/techincal-guidelines
PSBs that publish their data on the National Open Data Portal are limited to choose between two standard licences (CC-BY 4.0 and CC- BY-SA 4.0), unless they get permission from the licensing authority to use a different  license."
Q12;What percentage of the open data available on the national portal is accompanied by licensing information? ;>90%;N/A;Confirm;;N/A
Q13;How many different licences are used on your portal?;1-4;N/A;Confirm;;N/A
Q14;"Besides providing guidelines, are there regular activities conducted or mechanisms in place to  assist publishers in supplying high-quality datasets (metadata quality and data quality)?

For Explanation:
* If yes, please explain the support you provide?";new question;new question;Change;Yes;"a. Open Data Days / Workshops
b. Provision of Structured Training Program to Open Data Liaison Officer
c. Provision of OnBoarding Program for new PSBs
d. A series of easy-to-use Guides , which provide support and guidance to Public Bodies on how they can evaluate/select, prepare and publish data sets and technical guidlines. (https://www.data.gov.cy/el/ypostirixi-gia-dimosioys-foreis)"
Q15;"Does the national portal follow the DCAT-AP framework or, if not, are standards in place to ensure interoperability with DCAT-AP?

For explanation:
* If the  portal follow the DCAT-AP framework, please describe how compliance with DCAT-AP is ensured
* If the portal does not follow the DCAT-AP framework, please describe how interoperability with DCAT-AP is ensured";new question;new question;Change;Yes;"The National Portal follows the DCAT-AP 1.0 framework.
We have applied for a DCAT-AP verification from the European Data Portal."
Q16;What is the percentage of metadata on your portal that is DCAT-AP compliant, in terms of mandatory classes? (agent, catalogue, dataset, literal, resource);>90%;;Confirm;;N/A
Q17;What is the percentage of metadata on your portal that uses DCAT-AP recommended classes? (category, category scheme, distribution, licence document);>90%;;Confirm;;N/A
Q18;What is the percentage of metadata on your portal that uses DCAT-AP optional classes? (catalogue record, checksum, document, frequency);>90%;;Confirm;;N/A
Q19;"Is there a national extension of the DCAT-AP standard developed for your country? 

For Explanation:
* If yes, please (1) briefly outline the reasons for this decision, and (2) what the main differences between the national variation and the EU standard are.
* If applicable, please provide the URL to the documentation of the national DCAT-AP extension.";yes;"There is a slight national variation of the DCAT-AP. More precisely the national variation has more  mandatory classes than the EU standard. In other words some recommended classes, such as  ""frequency"" are mandatory under the national variation.
The reason for doing so was to achieve uniformity for datasets published by the various Public Sectors Bodies on the National Open Data Portal. (for more see metadata section of the: http://www.data.gov.cy/technical-guidelines).";Change;Yes;"There is a slight national variation of the DCAT-AP. More precisely the national variation has more  mandatory classes than the EU standard. In other words some recommended classes, such as  """"frequency"""" are mandatory under the national variation.
The reason for doing so was to achieve uniformity for datasets published by the various Public Sectors Bodies on the National Open Data Portal.
URL: https://www.data.gov.cy/en/techincal-guidelines"
Q20;"Do you investigate the most common causes for the lack of DCAT-AP compliance?

For Explanation:
* If yes, what are the main causes for the lack of DCAT-AP compliance?";new question;new question;Change;Yes;Distribution errors (codes 404, 500)
Q21;What is the percentage of datasets whose metadata provides a reference to where the data can be downloaded, or its API accessed (“download-URL” in the DCAT-AP specification)?;>90%;N/A;Confirm;;N/A
Q22;What is the percentage of datasets whose metadata provides a reference to a web page from where the data can be accessed (“access-URL in the DCAT-AP specification)?;31-50%;N/A;Confirm;;N/A
Q23;"Do you use a model (such as the 5-Star Open Data or FAIR) to assess the quality of deployment of data in your country?

For Explanation:
* If yes, please briefly describe.";yes;The 5-star model is adopted through the National Technical Guidelines for publishing datasets on the portal. As a general rule only datasets with a 3-star rating or above, are published on the portal. Exceptions are allowed only in the case that the publishing PSB provides a plan for the provison of those datasets in a 3-star rating (see national technical guidelines).;Confirm;;
Q24;"Do you conduct activities to promote and familiarise data providers with ways to ensure higher quality data?

For Explanation:
* If yes, please briefly describe.";yes;The 5-star model is part of the Structured Training Programme provided to the Open Data Liaison Officers.;Confirm;;
Q25;What percentage of datasets are made available under an open licence? ;>90%;N/A;Confirm;;N/A
Q26;What percentage of licences are provided in a structured data format?;>90%;N/A;Confirm;;N/A
Q27;What percentage of datasets are provided in an open and machine-readable format?;>90%;N/A;Confirm;;N/A
Q28;What percentage of datasets consistely use Uniform Resource Identifiers?;10-30%;N/A;Confirm;;N/A
Q29;What percentage of datasets link to other renowned sources to provide additional context for the users, e.g. in a linked data fashion?;<10%;N/A;Confirm;;N/A
I1;"Do you have a definition of open data reuse in your country?
 
For Explanation:
* If yes, please specify it.";yes;"The definitions is outlined in the CY Open Data Strategy Document.
""The concept of ""re-use of public information"" refers to the right of persons or legal entities to obtain information from public bodies and (re)use it for commercial or non-commercial purposes""";Confirm;;
I2;"Are there any processes in place to monitor the level of reuse of your country's open data?
 
For Explanation:
* If yes, please (1) briefly describe these processes and (2) provide the URLs to support the answer.";yes;"There is a combination of processes for estimate the level of re-use in Cyprus. These include:
a. WebAnalytics of Traffic on the national portal: URL: https://bit.ly/2TjEk7f
b. Catalogues of Apps that use data URL: https://www.data.gov.cy/application-showcases
c. Surveys: https://www.data.gov.cy/Studies-Publications_EL
d. Meet ups and events that engage the ecosystem of open data";Change;Yes;"There is a combination of processes for estimate the level of re-use in Cyprus. These include:

a. WebAnalytics of Traffic on the national portal
URL: https://www.data.gov.cy/el/dataset/statistika-episkepsimotitas-ethnikis-diadiktyakis-pylis-anoikton-dedomenon

b. Catalogues of Apps that use data
URL: https://www.data.gov.cy/index.php/en/studies-publications

c. Surveys:
URL: https://www.data.gov.cy/index.php/en/showcases

d. Meet ups and events that engage the ecosystem of open data
URL: https://www.data.gov.cy/el/node/68"
I3;"Are there any activities in place to encourage public bodies to monitor the reuse of their own published data (e.g. incentives or obligations in place for public bodies or civil servants of national government)?
 
For Explanation:
* If yes, please (1) briefly describe these activities/incentives and (2) provide the URLs to support the answer.";yes;"(i) The structured training programme offered to all PSI Liaison Officers includes a module dedicated to open data impact (creating tools to monitor/measure). The aim of this particular module is to create awareness of open data impact and how the presence of such impact can help the organisations to make the case for securing additional resources for making more data available.
URL: https://t.ly/OPgT
(ii) The Open Data Team encourages and support events aimed to present use cases of Government to Government (G2G) re-use. These events bring together PSBs as publishers and re-users together, something that creates awareness of the impact of re-use of a PSB's data by other PSBs. Examples of such events are: GIS Open Day ( https://bit.ly/3zikDzF ), GVFM System Open Days ( https://t.ly/wuB4 ).
(iii) Further, the National Open Data Portal has a dedicated section for Open Data Impact where PSBs can find some guidelines on how they can measure the level and impact of the re-use of their data.
URL: https://www.data.gov.cy/open_data_impact, https://www.data.gov.cy/Studies-Publications_EL";Change;Yes;"(i) The structured training programme offered to all PSI Liaison Officers includes a module dedicated to open data impact (creating tools to monitor/measure). The aim of this particular module is to create awareness of open data impact and how the presence of such impact can help the organisations to make the case for securing additional resources for making more data available.
URL: https://www.data.gov.cy/en/supportive-material

(ii) The Open Data Team encourages and support events aimed to present use cases of Government to Government (G2G) re-use. These events bring together PSBs as publishers and re-users together, something that creates awareness of the impact of re-use of a PSB's data by other PSBs. 
Examples of such events are: 
- GIS Open Day (https://www.kios.ucy.ac.cy/5th-kios-gis-day-mapping-everything/)
- GVFM System Open Days ( https://www.data.gov.cy/el/node/76).

(iii) Further, the National Open Data Portal has a dedicated section for Open Data Impact where PSBs can find some guidelines on how they can measure the level and impact of the re-use of their data.
URL: https://www.data.gov.cy/index.php/en/studies-publications."
I4;"Does your country have processes in place to monitor and measure the level of reuse of high-value datasets ((EU) 2023/138)?
 
For Explanation:
* If yes, please specify how and highlight challenges if any. 
* If you are an EFTA or a candidate country to the EU, please select 'not applicable'.";new question;new question;Change;Yes;"By monitoring statistics (downloads, apps created, use cases, etc).
(i) The dataset contains the above statistical data about the open data website. URL: https://www.data.gov.cy/el/dataset/statistika-episkepsimotitas-ethnikis-diadiktyakis-pylis-anoikton-dedomenon
(ii) Statistics (need log in)URL: https://www.data.gov.cy/el/ekan/statistics/dashboard"
I5;"Has your government specified what 'impact of open data' means (e.g. in a strategy document)?
 
For Explanation:
* If yes, how do you define the impact of open data in your country? 
* If possible, please provide a URL to a public document describing it.";yes;"The official definition of Open Data Impact in Cyprus is outlined in section ""Open Data Impact"" (page 16) of the Open Data Strategy 2023-2027 document.
URL: https://bit.ly/3Iee1Gk
Translation:  By ""open data impact"" we mean all those changes, improvements, opportunities, direct and indirect, which occur through the re-use of open data. This impact is not limited to a single area and can take many forms: economic, social, political, environmental, etc.";Change;Yes;"The official definition of Open Data Impact in Cyprus is outlined in section """"Open Data Impact"""" (page 16) of the Open Data Strategy 2023-2027 document.

Translation:  By """"open data impact"""" we mean all those changes, improvements, opportunities, direct and indirect, which occur through the re-use of open data. This impact is not limited to a single area and can take many forms: economic, social, political, environmental, etc.

Open Data National Strategy 2023-2027
New URL:
https://www.data.gov.cy/sites/default/files/%CE%91%CE%94%CE%94%20-%20%CE%A3%CF%84%CF%81%CE%B1%CF%84%CE%B7%CE%B3%CE%B9%CE%BA%CE%AE%20%CE%91%CE%BD%CE%BF%CE%B9%CE%BA%CF%84%CF%8E%CE%BD%20%CE%94%CE%B5%CE%B4%CE%BF%CE%BC%CE%AD%CE%BD%CF%89%CE%BD%202023-2027.pdf"
I6;"Do you have a methodology in place to measure the impact of open data in your country?
 
For Explanation:
* If yes, please briefly describe the key points of this methodology.";yes;"The methodology includes a number of actions / mechanisms such as:
(i) Desktop Research: Carried desktop research in order to identify new re-use cases in the form of applications and websites developed with the re-use of open data. The identified re-use cases are then published with the consent of the developer on the National Open Data Portal, in the section “Showcases”.     
URL: https://www.data.gov.cy/application-showcases 
(ii) Open Data Portal Satisfaction Surveys: We have included a couple of questions on reasons of re-use in the 2018 Survey. We plan to incorporate additional questions in the next survey.
(iii) Monitoring the performance portal's indexes such as number of visitors, datasets' downloads, traffic through APIs and how these changed over time gives a proxy on the extend of re-use, especially in those areas where re-use does not take the form of applications.
(iv) Interaction and interviews of re-users of open data. 
(v) Commissioning Impact Studies at regular intervals in order to record visible and non-visible re-use cases and their impact. URL: https://www.data.gov.cy/Studies-Publications_EL";Change;Yes;"The methodology includes a number of actions such as:
(i) Desktop Research: Carried desktop research in order to identify new re-use cases in the form of applications and websites developed with the re-use of open data. The identified re-use cases are then published with the consent of the developer on the National Open Data Portal, in the section “Showcases”.     
URL: https://www.data.gov.cy/en/showcases

(ii) Open Data Portal Satisfaction Surveys: We have included a couple of questions on reasons of re-use in the 2018 Survey. We plan to incorporate additional questions in the next survey.

(iii) Monitoring the performance portal's indexes such as number of visitors, datasets' downloads, traffic through APIs and how these changed over time gives a proxy on the extend of re-use, especially in those areas where re-use does not take the form of applications.

(iv) Interaction and interviews of re-users of open data. 

(v) Commissioning Impact Studies at regular intervals in order to record visible and non-visible re-use cases and their impact.
URL: https://www.data.gov.cy/index.php/en/studies-publications"
I7;"Is there collaboration between government and civil society or academia to create open data impact in your country?

For Explanation:
* If yes, please provide an example
* If possible, URLs to such projects and collaborations.";yes;"During the past years we have seen a trend for closer collaboration between the government and the academic/research sector to create impact through open data. There are a number of very successful projects, some of which are :
a. The National Open Data Portal itself is a product of collaboration between the Public Administration and Personnel Department of the Ministry of Finance and the Open University of Cyprus which hosts and provides technical support for the portal. URL: data.gov.cy 
b. The GNOSIS project which resulted to the developmen of the ""GNOSIS"" platform aims to create impact on road safety through the provision an integrated GIS system that that collects and store and presents the much needed data that enable better decision making by the road network authority. The GNOSIS platform utilises open data from the Lands and Surveys Department and the Department of Public Works. URL: https://bit.ly/3tAH13A";Confirm;;
I8;"Have any public bodies in your country launched or performed any activities in the past year to understand which and how (open) datasets are reused?

For Explanation:
* If yes, which of the following activities?
* Multiple answers are possible.";yes;N/A;Confirm;;N/A
I8-a;Automated feedback mechanisms tracking users´ access to datasets;new question;new question;Change;Yes;The National Portal's dashboard offers inside about the most and least popular datasets of the national catalogue and other insides about portal traffic
I8-b;Surveys;new question;new question;Change;Yes;The Public Administration and Personnel Department conducts at regular intervals user satisfaction studies and Impact Studies in order to analyse the impact of data.
I8-c;Interviews/workshops with reusers;new question;new question;Change;Yes;Several departments liaise with their re-users in order to understand their needs and how best to meet them. For example the Ministry of Transport meets regularly with re-users and researchers of their data and have formed partnerships with certain research centres. The Ministry also organises an annual conference on stainable mobility.Similar activities are carried out by the Met Department
I8-d;Other;new question;new question;Change;Yes;The Open Data Team utilises and shares data from the portal Log System and Matomo Analytics with PSBs that wish to analyse the profile of their users and the usage of their datasets (visits / downloads) Similar work is carried out by several departments that maintain their dedicated portals, such as the Department of Lands and Surveys, the Department of Statistics, etc.
I9;"Have any public bodies in your country launched or performed any activities in the past year to better understand reusers' needs in order to further stimulate the reuse of open data?

For Explanation:
* If yes, which of the following activities have been performed? Please describe how the activity has helped you better stimulate reuse.
* Multiple answers are possible.";yes;N/A;Confirm;;N/A
I9-a;Regular feedback sessions with portal users ;new question;new question;Change;Yes;Several departments liaise with their re-users in order to understand their needs and how best to meet them. For example the Ministry of Transport meets regularly with re-users and researchers of their data and have formed partnerships with certain research centres. Similar activities are carried out by the Labour Inspection Department, the Met Department, DLS,  the Water Development Department, the Nicosia Municipality, etc.
I9-b;Social media sentiment analysis ;new question;new question;Change;No;
I9-c;Other;new question;new question;Change;Yes;Data requests offer the opportunity for departments to link with their re-users and better understand their needs. Large providers utilise this opportunity to talk and better understand their customers.
I10;"Have any public bodies in your country developed any systematic way of gathering reuse cases?

For Explanation:
* If yes, please provide a brief explanation of the process: How does the gathering happen? ";yes;"The mechanism is oulined in the latest Impact Survey conducted in 2021 and inlcudes a number of activities that aim to identify and gather re-use cases:
(a) Annual Desktop Study to identify re-use cases
(b) Form to Submit apps and re-use cases in order to showcase on data portals
(c) Interviews with main re-users
(d) Social Media Groups that encourage the showcasing of re-use cases";Confirm;;
I11;"Are there any public bodies in your country that have developed a systematic ways of classifying the gathered reuse cases?

For Explanation:
* If yes, please provide a brief explanation of the process: According to which categories are reuse cases classified (e.g. by policy field)?";yes;"Different Public Bodies may classify re-use cases using different methods. The ""official"" suggested way of classifying re-use cases (outlined in the ""Open Data Impact Assessment Methodology Handbook"") is by field of impact (ie.Political, Enviromental, Social, Economic)
https://bit.ly/39nOBYG";Confirm;;
I12;"Is any data on the impact created by open data on governmental challenges (e.g. efficiency, effectiveness, transparency, decision-making capacity) available in your country such as from research studies, impact assessments, or other systematic investigations that quantify the results or broader effects of open data being reused?

For Explanation:
* If yes, please (1) specify what kind of data source proves this impact and (2) provide the URLs to this data.";yes;"The latest Cyprus Open Data Impact Study has found that:
(a) 79% of organisations and companies that took part in the study stated that open data have a very possitive or possitive impact on the quality of services offered by the state
(b) 70% of organisations and companies that took part in the study stated that open data have a very possitive or possitive impact on the interaction between the state and the citizens 
(c) 53% of organisations and companies that took part in the study stated that open data have a very possitive or possitive impact on the efficienct of the public sector
(d) 89% of organisations and companies that took part in the study stated that open data have a very possitive or possitive on the trasparecy of the public sector
(e) 46% of organisations and companies that took part in the study stated that open data have a positive or very possitive impact on the goverment decision-making capacity

https://bit.ly/3QjyTOM (see chapter 5)";Change;Yes;"The latest Cyprus Open Data Impact Study has found that:
(a) 79% of organisations and companies that took part in the study stated that open data have a very possitive or possitive impact on the quality of services offered by the state
(b) 70% of organisations and companies that took part in the study stated that open data have a very possitive or possitive impact on the interaction between the state and the citizens 
(c) 53% of organisations and companies that took part in the study stated that open data have a very possitive or possitive impact on the efficienct of the public sector
(d) 89% of organisations and companies that took part in the study stated that open data have a very possitive or possitive on the trasparecy of the public sector
(e) 46% of organisations and companies that took part in the study stated that open data have a positive or very possitive impact on the goverment decision-making capacity

(see chapter 5)
URL: https://www.data.gov.cy/sites/default/files/PAPD_Impact%20Study%20(GR)_v.4_FINAL.pdf"
I13;"Is the use of open data in your country having an impact on the efficiency and effectiveness of the government (at any level) in delivering public services? 

For Explanation:
* If yes, please provide an example of one reuse case. For this reuse case, please provide (1) a URL to the reuse case, (2) a URL to the open dataset used by the reuse case, and (3) a description of the reuse case and its impact in this sub-domain.";new question;new question;Change;Yes;"The latest Open Data Impact Study, has found that open data has an """"Exceptionally Positive"""" impact on the quality of services offered by the state, while the the impact on the areas of efficiency and effectiveness of government was assessed as """"Positive"""".  79% of organisations and companies that took part in the study (N=80) stated that open data have a very possitive or possitive impact on the quality of services offered by the state. At the same time 53% of organisations and companies that took part in the study stated that open data have a very possitive or possitive impact on the efficienct of the public sector.
(see chapter 5)
URL: https://www.data.gov.cy/sites/default/files/PAPD_Impact%20Study%20(GR)_v.4_FINAL.pdf

(1) Reuse case URL: https://www.publictransport.com.cy/cms/page/mobile-app-information
(2) Dataset URL:  https://www.data.gov.cy/el/dataset/dedomena-dimosion-metaforon-se-pragmatiko-hrono-real-time-passenger-information
(3)Pame App: The Pame App allows bus passengers to plan their journeys when using Cyprus Public Transport. The app gives passengers real time information on buses and their arrival at each bus stop. Passengers can also browse an interactive bus map, access route information, route maps and other information."
I14;"Is the use of open data in your country having an impact on transparency and accountability of public administrations?

For Explanation:
* If yes, please provide an example of one reuse case. For this reuse case, please provide (1) a URL to the reuse case, (2) a URL to the open dataset used by the reuse case, and (3) a description of the reuse case and its impact in this sub-domain.";new question;new question;Change;Yes;"The latest Open Data Impact Study, has found that open data has a ""Positive"" impact on transparency and accountability of public administrators.

(1) Reuse case URL: https://bit.ly/3OfjMEk
(2) Dataset URL: https://www.data.gov.cy/el/dataset/proypologismos-2021-kai-mesoprothesmo-dimosionomiko-plaisio-2021-23
(3)The Cyprus Recovery Resilience Plan 2021-2026 is a horizontal Public Policy Reform Plan that covers the period 2021-2026. The plan makes extensive use of open statistical data on economy, education, etc. as an evidence base for the formulation of reform policies and for the prioritisation of reform measures. URL: https://bit.ly/3OfjMEk"
I15;"Is the use of open data in your country having an impact on policy-making processes (i.e. are public administrations making use of the data as evidence for the problem identification and policy formulation)? 

For Explanation:
* If yes, please provide an example of one reuse case. For this reuse case, please provide (1) a URL to the reuse case, (2) a URL to the open dataset used by the reuse case, and (3) a description of the reuse case and its impact in this sub-domain.";new question;new question;Change;Yes;"The Strategic Plan of the Ministry of Labour 2023-2025 utilises labour marker data as its evidence base in order to formulate its policies on labour issues. 

(1) Reuse case https://bit.ly/44nItY9
(2) Dataset URL: https://www.data.gov.cy/el/dataset/arithmos-atomon-poy-apotathikan-gia-epidoma-anergias-kata-oikonomiki-drastiriotita-kai-mina
(3) In that case government open data in used by Ministry of Labour as evidence base that informs and guides their policy formulation process. This resulted in better decision making and policy formulation that was easier to pass through the parliament."
I16;"Is the use of open data in your country having an impact on decision-making processes (i.e. are public administrations making use of the data as evidence to be included in their daily operations)?

For Explanation:
* If yes, please provide an example of one reuse case. For this reuse case, please provide (1) a URL to the reuse case, (2) a URL to the open dataset used by the reuse case, and (3) a description of the reuse case and its impact in this sub-domain.";new question;new question;Change;Yes;"The latest Open Data Impact Study, has found that open data has a ""Positive"" impact on decision-making processes.

(1) Reuse case URL: https://www.pio.gov.cy/coronavirus/
(2) Dataset URL: https://data.gov.cy/index.php/el/dataset/imerisia-statistika-diasporas-tis-nosoy-covid-19-stin-kypro
(3) The Ministry of Health management of the Covid-19 pandemic was massively based on data regarding new cases, deaths, hospilsations and ICU capity, collected by the Epidemiological Surveilance Unit"
I17;"Is any data on the impact created by open data on social challenges (e.g. inequality, healthcare, education) available in your country such as from research studies, impact assessments, or other systematic investigations that quantify the results or broader effects of open data being reused?

For Explanation:
* If yes, please (1) specify what kind of data source proves this impact and (2) provide the URLs to this data.";yes;"The latest Cyprus Open Data Impact Study has found that 46% of organisations and companies that took part in the study (80% of those that answered the question) stated that open data have a possitive impact on the inclusion of marginalised social groups.
The results conserning the various groups were slightly higher for the inclusion of the elderly and immigrants.

https://bit.ly/3QjyTOM (see chapter 6)";Change;Yes;"The latest Cyprus Open Data Impact Study has found that 46% of organisations and companies that took part in the study (80% of those that answered the question) stated that open data have a possitive impact on the inclusion of marginalised social groups.
The results conserning the various groups were slightly higher for the inclusion of the elderly and immigrants.

(see chapter 6)
URL: https://www.data.gov.cy/sites/default/files/PAPD_Impact%20Study%20(GR)_v.4_FINAL.pdf"
I18;"Is the use of open data in your country having an impact on society´s ability to reduce inequality and better include minorities, migrants, and/or refugees? 

For Explanation:
* If yes, please provide an example of one reuse case. For this reuse case, please provide (1) a URL to the reuse case, (2) a URL to the open dataset used by the reuse case, and (3) a description of the reuse case and its impact in this sub-domain.";new question;new question;Change;Yes;"The latest Cyprus Open Data Impact Study has found that 46% of organisations and companies that took part in the study (80% of those that answered the question) stated that open data have a possitive impact on the inclusion of marginalised social groups. The results conserning the various groups were slightly higher for the inclusion of the elderly and immigrants.
Open Data Impact Study URL: https://www.data.gov.cy/sites/default/files/PAPD_Impact%20Study%20(GR)_v.4_FINAL.pdf

Cyprus Guide App
(1) Reuse Case URL: https://apps.apple.com/us/app/cyprus-information-guide/id1287967597
(2) Open Dataset URL: https://www.data.gov.cy/el/dataset/katalogos-kentron-exypiretisis-toy-politi
(3) Cyprus Guide application developed by Innovade and Cardet and co-funded by the Asylum, Migration and Integration Fund and the Republic of Cyprus and aims to provide basic essential information to refugees and asylum applicants about services and daily life on the island. The application utilises open data form various government departments including information and location of hospitals, citizen service centres, education, POIs, etc.
URL: https://apps.apple.com/us/app/cyprus-information-guide/id1287967597"
I19;"Is the use of open data in your country having an impact on issues about housing in urban areas? 

For Explanation:
* If yes, please provide an example of one reuse case. For this reuse case, please provide (1) a URL to the reuse case, (2) a URL to the open dataset used by the reuse case, and (3) a description of the reuse case and its impact in this sub-domain.";new question;new question;Change;Yes;"The latest Cyprus Open Data Impact Study has found that 58% of organisations and companies that took part in the study stated that open data have a possitive impact on the level of awareness about the housing market.
Open Data Impact Study URL: https://www.data.gov.cy/sites/default/files/PAPD_Impact%20Study%20(GR)_v.4_FINAL.pdf

(1) Reuse Case URL: https://www.pwc.com.cy/en/industries/real-estate-assets/real-estate-market-year-review-2022.pdf
(2) Open Dataset URL: https://www.data.gov.cy/el/dataset/statistika-politirion-eggrafon-akiniton
(3) Open data that relates to the housing market is used extensively by the Real Estate Sector, either for valuation purposes or for reporting on the prospects of the housing market. An example of such a re-use if the PWC Annual Report on Housing Market that utilise open data mainly from the Department of Land and Surveys and CyStat, both Public Bodies."
I20;"Is the use of open data in your country having an impact on the issues of health and wellbeing? 

For Explanation:
* If yes, please provide an example of one reuse case. For this reuse case, please provide (1) a URL to the reuse case, (2) a URL to the open dataset used by the reuse case, and (3) a description of the reuse case and its impact in this sub-domain.";new question;new question;Change;Yes;"Air Quality Cyprus App
(1) UseCase URL: https://www.airquality.dli.mlsi.gov.cy/
(2) Open Dataset URL: https://www.data.gov.cy/el/dataset/trehoyses-metriseis-atmosfairikon-rypon-api
(3) Air Quality Cyprus App is an app that uses data to inform the public regarding the quality of air. Quality of air is measured by the amount of dust and dust particles that exist, at any given time, in the atmosphere. The app is widely used by the public, especially during the spring months where harmful high dust concentrations in the atmosphere are common. The app notifies the user about the air quality in his area and is particurly useful for people with respiratory problems and those that work outdoors. The app has 10k+ downloads and has contruted to the raising of awareness about the health issues associated with bad air quality."
I21;"Is the use of open data in your country having an impact on the society´s level of education and skills (e.g. data literacy)?

For Explanation:
* If yes, please provide an example of one reuse case. For this reuse case, please provide (1) a URL to the reuse case, (2) a URL to the open dataset used by the reuse case, and (3) a description of the reuse case and its impact in this sub-domain.";new question;new question;Change;Yes;"There is limited evidence about some impact on education and skills.The use-cases come in the form private initiatives such as that of the QGIS community and the public service data liaison officers growing group. Further to these two use cases describes below, there are cases where the IT departments of universities utilise the open data portal for student projects.

QGIS Cyprus
(1) Reuse Case https://qgiscyprus.wordpress.com/
(2) Open Dataset URL: https://www.data.gov.cy/el/dataset/fylla-shedia-ltm-15000-ktimatikos-horometrikos-hartis
(3) QGIS Cyprus is a newly established community with the aim  to gather the Cypriot QGIS community of Users and Developers and spread the knowledge in QGIS, through events, meetups, hack-days, workshops and seminars.The community aims assist young developers to the use of GIS technologies and it very oftens uses open data from data.gov.cy to present the use of QGIS."
I22;"Is any data on the impact created by open data on environmental challenges (e.g. climate change and environmental degradation, as highlighted in the Eurpean Green Deal) available in your country such as from research studies, impact assessments, or other systematic investigations that quantify the results or broader effects of open data being reused?

For Explanation:
* If yes, please specify (1)  what kind of data source proves this impact and (2) provide the URLs to this data.";yes;"The latest Cyprus Open Data Impact Study has found that:
(a) 82% of organisations and companies that took part in the study stated that open data have a possitive impact on the citizens' awareness about air and water quality
(b) 78% of organisations and companies that took part in the study stated that open data have a possitive impact on citizen's awareness about the various forms of pollution
(c) 68% of organisations and companies that took part in the study stated that open data have a possitive impact on the promotion of environment friendly transport
(d) 64% of organisations and companies that took part in the study stated that open data have a possitive on the management of waste
(e) 66% of organisations and companies that took part in the study stated that open data have a possitive impact on the use of renewable energy

https://bit.ly/3QjyTOM (see chapter 7)";Change;Yes;"The latest Cyprus Open Data Impact Study has found that:
(a) 82% of organisations and companies that took part in the study stated that open data have a possitive impact on the citizens' awareness about air and water quality
(b) 78% of organisations and companies that took part in the study stated that open data have a possitive impact on citizen's awareness about the various forms of pollution
(c) 68% of organisations and companies that took part in the study stated that open data have a possitive impact on the promotion of environment friendly transport
(d) 64% of organisations and companies that took part in the study stated that open data have a possitive on the management of waste
(e) 66% of organisations and companies that took part in the study stated that open data have a possitive impact on the use of renewable energy

(see chapter 7)
URL: https://www.data.gov.cy/sites/default/files/PAPD_Impact%20Study%20(GR)_v.4_FINAL.pdf"
I23;"Is the use of open data in your country having an impact on the level of protection of biodiversity (e.g. maintaining a good air and water quality)? 

For Explanation:
* If yes, please provide an example of one reuse case. For this reuse case, please provide (1) a URL to the reuse case, (2) a URL to the open dataset used by the reuse case, and (3) a description of the reuse case and its impact in this sub-domain.";new question;new question;Change;Yes;"Air Quality Cyprus App
(1) UseCase URL: https://www.airquality.dli.mlsi.gov.cy/
(2) Open Dataset URL: https://www.data.gov.cy/el/dataset/trehoyses-metriseis-atmosfairikon-rypon-api
(3) Air Quality Cyprus App is an app that uses data to inform the public regarding the quality of air. Quality of air is measured by the amount of dust and dust particles that exist, at any given time, in the atmosphere. The app is widely used by the public, especially during the spring months where harmful high dust concentrations in the atmosphere are common. The app notifies the user about the air quality in his area and is particurly useful for people with respiratory problems and those that work outdoors. The app has 10k+ downloads and has contruted to the raising of awareness about the health issues associated with bad air quality."
I24;"Is the use of open data in your country having an impact on the achievement of more environment-friendly cities (e.g., environment-friendly transport systems, waste management etc.)? 

For Explanation:
* If yes, please provide an example of one reuse case. For this reuse case, please provide (1) a URL to the reuse case, (2) a URL to the open dataset used by the reuse case, and (3) a description of the reuse case and its impact in this sub-domain.";new question;new question;Change;Yes;"CY Charge App
(1) Reuse Case URL: https://play.google.com/store/apps/details?id=greenbits.evcy&hl=en&gl=US
(2) https://www.data.gov.cy/el/dataset/stathmoi-fortisis-ilektrikon-aytokiniton-e-charging
(3) CY Charge App is a mobile app that provides information about e-car charging locations and provides navifation to the closest charging station."
I25;"Is the use of open data in your country having an impact on the fight against climate change, for example by undertaking predictive monitoring, preventive actions, or a differentiated response to connected disasters?

For Explanation:
* If yes, please provide an example of one reuse case. For this reuse case, please provide (1) a URL to the reuse case, (2) a URL to the open dataset used by the reuse case, and (3) a description of the reuse case and its impact in this sub-domain.";new question;new question;Change;Yes;"Flooding Danger Web App
(1) Reuse Case URL: https://wdd.maps.arcgis.com/apps/webappviewer/index.html?id=479ed86d25ed4e0aaa58875111e3397f
(2) Open Dataset URL: https://www.data.gov.cy/el/dataset/hartes-epikindynotitas-plimmyras-kai-hartes-kindynon-plimmyras
(3) Flooding Danger Web App is a web based application that offers information about the danger of flooding in the users area of living."
I26;"Is the use of open data in your country having an impact on the consumption of energy based on fuel and the switch to renewables? 

For Explanation:
* If yes, please provide an example of one reuse case. For this reuse case, please provide (1) a URL to the reuse case, (2) a URL to the open dataset used by the reuse case, and (3) a description of the reuse case and its impact in this sub-domain.";new question;new question;Change;Yes;"Electromaps Cy App
(1) Reuse Case URL: https://apps.apple.com/us/app/electromaps-charging-stations/id606186464
(2) Open Dataset URL: https://www.data.gov.cy/el/dataset/stathmoi-fortisis-ilektrikon-aytokiniton-e-charging
(3) Electromaps Cy app is a mobile phone application aimed to promote, among others, the use of electric cars. The application offers a navication map to the nearest e-charging point."
I27;"Is any data on the economic impact (e.g. GDP, employment, productivity, innovation,  new businesses created etc.) of open data available in your country such as from research studies, impact assessments, or other systematic investigations that quantify the results or broader effects of open data being reused?

For Explanation:
* If yes, please specify what kind of data source proves this impact and provide the URLs to this data.

";yes;"The latest Cyprus Open Data Impact Study has found that:
(a) the total size of the open data market in Cyprus is estimated at 1.19% of GDP
(b) the direct size of the open data market in Cyprus is estimated at 0.44% of GDP
(c) in 2020 there were 362 jobs directly related to open data
(d) 15% of the organisations/companies that participated in the study (N = 80) stated that todate they have created at least one open data related position
(e) 11% of the organisations/companies that participated in the study stated that expect to create at least one new open data related position in the near future
(g) 45%  of the organisations/companies that participated in the study stated that the availability of open data affects their turnover
(h) 33% of participants (N = 80) estimate that up to 1% -20% of their turnover is directly related to the reuse of open data, while 30% indicates that their respective share of turnover is indirectly related to the reuse of open data.



https://bit.ly/3QjyTOM (see chapter 4)";Change;Yes;"The latest Cyprus Open Data Impact Study has found that:
(a) the total size of the open data market in Cyprus is estimated at 1.19% of GDP
(b) the direct size of the open data market in Cyprus is estimated at 0.44% of GDP
(c) in 2020 there were 362 jobs directly related to open data
(d) 15% of the organisations/companies that participated in the study (N = 80) stated that todate they have created at least one open data related position
(e) 11% of the organisations/companies that participated in the study stated that expect to create at least one new open data related position in the near future
(g) 45%  of the organisations/companies that participated in the study stated that the availability of open data affects their turnover
(h) 33% of participants (N = 80) estimate that up to 1% -20% of their turnover is directly related to the reuse of open data, while 30% indicates that their respective share of turnover is indirectly related to the reuse of open data.

(see chapter 4)
URL: https://www.data.gov.cy/sites/default/files/PAPD_Impact%20Study%20(GR)_v.4_FINAL.pdf"
I28;"Is the use of open data in your country having an impact on the level of employment? 

For Explanation:
* If yes, please provide an example of one reuse case. For this reuse case, please provide (1) a URL to the reuse case, (2) a URL to the open dataset used by the reuse case, and (3) a description of the reuse case and its impact in this sub-domain.";new question;new question;Change;Yes;"The latest Cyprus Open Data Impact Study has found that, in 2020 there were 362 jobs directly related to open data. A 15% of the organisations/companies that participated in the study (N = 80) stated that todate they have created at least one open data related position. A 11% of the organisations/companies that participated in the study stated that expect to create at least one new open data related position in the near future
Open Data Impact Study URL: https://www.data.gov.cy/sites/default/files/PAPD_Impact%20Study%20(GR)_v.4_FINAL.pdf

Leginet
(1) Reuse Case URL: http://www.leginet.eu/index.php?lang=en
(2) Open Dataset URL: https://www.data.gov.cy/el/dataset/mitroo-eggegrammenon-etaireion-emporikon-eponymion-kai-synetairismon-stin-kypro
(3) Leginet is a local company which offers online access and searches to Cypriot and international sources of law. It utilises government open data (legislation, court decisions, company registry data) which are organised in a number of searchable online databases. Leginet is widely used by PSBs when dealing with legal issues or need to search for court decisions."
I29;"Is the use of open data in your country having an impact on the level of innovation and the adoption of new technologies? 

For Explanation:
* If yes, please provide an example of one reuse case. For this reuse case, please provide (1) a URL to the reuse case, (2) a URL to the open dataset used by the reuse case, and (3) a description of the reuse case and its impact in this sub-domain.";new question;new question;Change;Yes;"The latest Cyprus Open Data Impact Study has found that open data has an exceptionally positive impact on the promotion of reseach, innovation and growth. Further, the study indicates that 71% of the organisations/companies that participated inthe study believe that open data enable and support innovation and research.
Open Data Impact Study URL: https://www.data.gov.cy/sites/default/files/PAPD_Impact%20Study%20(GR)_v.4_FINAL.pdf

SmartGrid
(1) Reuse Case URL: https://www.data.gov.cy/sites/default/files/SMART%20GRID%20-%CE%91%CE%97%CE%9A.pdf
(2) Open Dataset URL: https://www.data.gov.cy/el/dataset/diktya-metaforon-inspire
(3) Smart Grid is a research collaboration between the research center of the University of Cyprus and the Cyprus Electricity Authority (EAC), aims to transformation of the existing energy network into a smart grid, with small-scale pilot application. For this purpose, the Geographic Information Systems (GIS) have been used as a decision tool on how to use it existing network for interconnecting the systems of a smart network.The methodological approach of the research is divided into the following sections: (a) Collection data regarding the existing network and featuresfrom the EAC, but also open data from geo-portal ""INSPIRE"" for the creation of a cartographic background, (b) Development of the methodology in a GIS environment, data reliability testing and application of algorithms for network connection and (c) Extraction of optimal results on interconnection routes of ground substations and creation thematic maps."
I30;"Is the use of open data in your country having an impact on the level of entrepreneurship (especially of women and minorities) and business creation (especially with Small- and Medium-sized Enterprises)? 

For Explanation:
* If yes, please provide an example of one reuse case. For this reuse case, please provide (1) a URL to the reuse case, (2) a URL to the open dataset used by the reuse case, and (3) a description of the reuse case and its impact in this sub-domain.";new question;new question;Change;Yes;"The latest Cyprus Open Data Impact Study has found that open data has an exceptionally positive impact on the promotion of reseach, innovation and growth. Further, the study indicates that 44% of the organisations/companies that participated inthe study believe that open data has a positive impact on the level of entrepreneurship and start-ups.

Open Data Impact Study URL: https://www.data.gov.cy/sites/default/files/PAPD_Impact%20Study%20(GR)_v.4_FINAL.pdf

Politica
(1) Reuse Case URL: https://politica.io/
(2) Open Dataset URL: https://www.data.gov.cy/el/dataset/episima-apotelesmata-proedrikon-eklogon-2023-gyros
(3) Politica.io: is an innovative political analysis tool and interactive application developed by a Cyprus based start-up using open data. The application is tailored for Web, Mobile and TV and utilised open data from the Lands Surveys Department and the Elections Service to enable graphic visualisation of election results. Politica used open data and added value to it by either creating visualisations or tools that easily provide a better understanding to the everyday people. Also, it promotes  transparency of government decsions ,legislative framework and election resullts."
I31;"Is the use of open data in your country having an impact on the level of productivity? 

For Explanation:
* If yes, please provide an example of one reuse case. For this reuse case, please provide (1) a URL to the reuse case, (2) a URL to the open dataset used by the reuse case, and (3) a description of the reuse case and its impact in this sub-domain.";new question;new question;Change;Yes;"The latest Cyprus Open Data Impact Study has found that open data has an exceptionally positive impact on the productivity of the public sector. Further, the study indicates that 53% of organizations/companies that participated in the research consider that the availability of open data for further use has contributed to the reduction of the operating costs of the public sector. Also, 51% of organizations/enterprises reported a significant or very significant impact on reducing public sector operating costs
Open Data Impact Study URL: https://www.data.gov.cy/sites/default/files/PAPD_Impact%20Study%20(GR)_v.4_FINAL.pdf

(1) Reuse Case URL:
(2) Open Dataset URL: https://www.data.gov.cy/el/dataset/etisies-statistikes-paragogikotitas-ergasias
(3) Annual Labor Productivity Statistics by Productivity Centre (Public Body). Is a collection of statistical data concerning labor productivity in Cyprus. The data are on an annual basis and refer to the period 1995 and onwards. The collection includes the following Tables:
(a) Size index by sector of economic activity NACE Rev.2
(b) Percentage change in size index by NACE Rev.2 economic activity
(c) Average annual change in employment and labor productivity by economic activity sector
(d) Productivity statistics by year and by economic activity NACE Rev.2"