ID;Question;Answer from 2023;Explanation from 2023;Confirm, change or complement answer/explanation from 2023;Provide updated answer (if applicable);Provide updated explanation (if applicable)
P1;"Is there a national open data policy in your country and, if your country is an EU Member State, does this include a national legislation for the transposition of the Open Data Directive?

For Explanation:
* If yes, please provide (1) the URL and (2) title of the policy document and (3) briefly describe.
* If ‘other’, please provide (1) a brief explanation to support your answer choice and (2) provide the URL and indicate the policy section which explicitly references open data.";yes;"Czech National Open Data Policy is defined by the Free Access to Information Act No. 106/1999 Coll. that enables public bodies to publish their data in open and machine readable formats. It introduces the term “open data” and underlines the role of National Open Data Portal as its main information platform for open data in the Czech Republic. It is obliged by the Free Access of Information Act that all public bodies that publish open data, have to catalog it into the National Open Data Portal. Moreover, Free Access to Information Act No. 106/1999 Coll. defines data which must be mandatorily published as open data. The previous government regulation No. 425/2016 Coll. with a list of datasets was replaced by the new obligation defined in section 5a of the Free Access to Information Act No. 106/1999 Coll. The Open Data Directive transposition was the part  the amendment of the Act No. 106/1999 Coll. came into force in September 2022.
The obligations related to the Public Data Fund, which should be provided by guaranteed open data, are defined in Act No. 111/2009 Coll., on Basic Registers. See https://www.zakonyprolidi.cz/cs/1999-106.";Complement;;Czech National Open Data Policy is defined by the Free Access to Information Act No. 106/1999 Coll. that enables public bodies to publish their data in open and machine readable formats. It introduces the term “open data” and underlines the role of National Open Data Catalog as its main information platform for open data in the Czech Republic. It is obliged by the Free Access of Information Act that all public bodies that publish open data, have to catalog it into the National Open Data Catalog. Moreover, section 5a of the Free Access to Information Act No. 106/1999 Coll. defines that data that are public by law must be mandatorily published as open data (Open Data by Default). The Open Data Directive transposition was the part of the amendment of the Act No. 106/1999 Coll. that came into force in September 2022. See: https://www.e-sbirka.cz/sb/1999/106/2024-01-01?zalozka=text.
P2;"Is there a national open data strategy in your country?

For Explanation:
* If yes, please provide (1) the URL to the strategy and (2) describe the main highlights.  
* If 'not applicable', please provide (1) a brief explanation to support your answer choice and provide (2) the URL and indicate the policy section which explicitly references objectives, actions/measures, delivery timelines etc.";yes;"The National Open Data Strategy is defined by the national digitisation strategy Digital Czechia adopted in 2018 and the main document that sets out the basic framework for this strategy called Information Conception. Open Data Strategy is fragmented into several principles and main goals of the Conception since it is not seen as a self-sustaining policy, but one of the building blocks of the digitization process. OD Strategy is supported primarily by the Principles P4 called Openness and Transparency and P13 called Open Data by Default of the Conception and the main objective 1.5 Development of the National Open Data Catalog and 5.10 Public Data Fund that strengthen the position of the open data both practically by supporting its position in data sharing process and legislatively by introducing the Open Data by Default principle. The Public Data Fund should provide guaranteed open data that users can rely on. In the first phase, these should be the code lists. 
See https://www.digitalnicesko.cz/informacni-koncepce-cr/ and https://archi.gov.cz/en:ikcr.";Complement;;"The National Open Data Strategy is defined by two documents. The first one is the national digitisation strategy Digital Czechia adopted in 2018 and its main part that sets out the basic framework called Information Conception. Open Data Strategy is fragmented into several principles and main goals of the Conception since it is not seen as a self-sustaining policy, but one of the building blocks of the digitization process. OD Strategy is supported primarily by the Principles P4 called Openness and Transparency and P13 called Open Data by Default of the Conception and the main objective 1.5 Development of the National Open Data Catalog and 5.10 Public Data Fund that strengthen the position of the open data both practically by supporting its position in data sharing process and legislatively by introducing the Open Data by Default principle. See https://digitalnicesko.gov.cz/vize/#ctyri-pilire-digitalniho-ceska and https://archi.gov.cz/en:ikcr.
The second one, adopted by the Government in 2024, is called the Strategy for Data Management in Public Administration of the Czech Republic 2024-2030, where Objective 4.1 Publication of Open Data aims to fulfill legal obligations related to the publication of open data and to ensure their traceability, quality and reuse. See: https://data.gov.cz/přílohy/články/projekt-DIA-pomůže-úřadům-zlepšit-správu-dat/Strategie%20pro%20správu%20dat%20ve%20VS.pdf."
P3;"Is there an open data policy/strategy at regional or local level?

For Explanation:
* If yes, please (1) provide the URL and (2) title of the document(s) and (3) briefly describe.";yes;Yes, there are several regional or local Open Data Strategies, usually as a part of an overall development/smart/digitalisation strategy. For example: Action Plan 2050 for the City of Brno (https://brno2050.cz/wp-content/uploads/2018/12/Strategie_BRNO_2050_AP-2020_pracovn%C3%AD-verze_31-10-2018_web.pdf ), Smart Prague 2030 Strategy (https://smartprague.eu/files/koncepce_smartprague.pdf), Smart City Strategy of the City Uherský Brod (https://www.ub.cz/Public/docs/KOMPAS/Strategie_Smart_City.pdf ), or Smart Bohemian Region Strategy 2019-2023 (https://www.kraj-jihocesky.cz/sites/default/files/inline-files/SRJK_finalni%20verze%20dokumentu_pro%20zverejneni.pdf).;Complement;;"There are several regional or local Open Data Strategies, usually as a part of an overall development/smart/digitalisation strategy. For example:
Action Plan 2050 for the City of Brno (https://brno2050.cz/wp-content/uploads/2018/12/Strategie_BRNO_2050_AP-2020_pracovn%C3%AD-verze_31-10-2018_web.pdf) 
Smart Prague 2030 Strategy (https://smartprague.eu/files/koncepce_smartprague.pdf)
Hradec Kralove Region (https://www.kr-karlovarsky.cz/system/files/migrate/samosprava/dokumentykk/dokumenty/ADE_KUKK_ICT_Strategie_20221217_final_signed.pdf)
Olomouc Region (https://www.olkraj.cz/koncepce-open-datoveho-portalu-olomouckeho-kraje-aktuality-11682.html)
Moravian-Silesian Region (https://www.msk.cz/assets/temata/strategicke_dokumenty/ik_msk_2020.pdf)
Smart City Strategy of the City Uherský Brod (https://www.ub.cz/Public/docs/KOMPAS/Strategie_Smart_City.pdf)
Poruba (https://poruba.ostrava.cz/cs/o-porube/strategicke-dokumenty/strategicke-dokumenty/Koncepc_ICT_mestskeho_obvodu.pdf) 

Moreover, the new Strategy for Data Management in Public Administration of the Czech Republic 2024-2030 is aimed at both national and regional/local level. Objective 4.1 of the Strategy called Publication of Open Data aims to fulfill legal obligations related to the publication of open data and to ensure their traceability, quality and reuse. See: https://data.gov.cz/přílohy/články/projekt-DIA-pomůže-úřadům-zlepšit-správu-dat/Strategie%20pro%20správu%20dat%20ve%20VS.pdf"
P4;"Does the national strategy/policy include an action plan with measures to be implemented in the open data field?

For Explanation:
If yes, please briefly describe the main measures described by the action plan.";yes;"See Information Conception and Implementation Plans of IC. https://www.mvcr.cz/webpm/clanek/rada-vlady-pro-informacni-spolecnost.aspx?q=Y2hudW09Ng%3d%3d 
The main measures to be implemented are:
Development of the National Open Data Catalog
Development of open formal standards for quality open data
Promotion of open data among the public
Update of Government Regulation 425/2016 Coll., on the list of information published as open data
Expansion of number of CZSO open data sets
Compilation of publication plans for open data by individual central public authorities
Publication of data on current activities, management and public administration, ideally in the form of barometers with the support of open data according to the definition of Act No. 106/2000 Coll.
The conversion of already published public data (by law) into open data (classes 3 and above)
Publication of open data in the Public Data Fund
Open data of the Ministry of the Environment

Moreover, with the transition of the digitization agenda strategy to the Government Council for Information Society, for the year 2023 were defined the another measurements to be implemented:
Fulfillment of legal obligations related to Open Data by Default principle
Metadata searchability of all official boards, public registers, HVDs and code books in one place - in the National Open Data Catalogue
Greater transparency of public administration
Possibility of further use of data in public administration and the private sector/ the public";Complement;;"The Government Council for Information Society for the year 2024 has issued the Implementation Plan of the Digital Czech Republic 2024 programme. It includes currently monitored activities linked to the implementation of the principles and objectives of the strategy mentioned above. For the 2024, the following objectives are registered:
Technology Platform for Interoperability
Creation of new open datasets - a prerequisite for a data-driven economy
Changing the governance and publication of open data 
Development of the National Open Data Catalogue with advanced features 
Making environmental open data and HVDS available 
Information system for reporting the results of continuous emission measurements 
Creation of new open datasets - Hydrometeorological products and services
The status of implementation is recorded for the individual projects that have secured funding.
The implementation plan is also contained in the Public Sector Data Management Strategy itself. It monitors the implementation of four actions to be implemented in the period 2024-2025:
Publish public data as open data
Monitor compliance with open data obligations
Provide practical support for the re-use of open data
Ensure the operation and development of the National Open Data Catalogue
Digital and Information Agency will provide information on the current status of the implementation of the measures before the end of 2024 and again before the end of 2025 with summary information on the implementation strategy to the Government."
P5;"Does the national strategy/policy outline measures to incentivise the publication of and access to real-time or dynamic data?

For Explanation:
* If yes, please briefly describe the measures.";yes;The amendment of the Act No. 106/1999 Coll. From September 2023 introduces the provision of dynamic data as open data and one of the mains is to ensure the usability of dynamic information that can carry high social and economic value. See https://www.zakonyprolidi.cz/cs/1999-106.;Complement;;The amendment of the Act No. 106/1999 Coll. From September 2023 introduces the provision of dynamic data as open data and one of the mains is to ensure the usability of dynamic information that can carry high social and economic value. See https://www.e-sbirka.cz/sb/1999/106/2024-01-01?zalozka=text. The fulfilment of legal obligations is reported annually by the Digital and Information Agency directly to the  Government Council for Information Society on the basis of reporting from the Open Data Providers Working Group. From 2024, providers can indicate in the National Open Data Catalogue which datasets are dynamic data, which will make monitoring easier in the future.
P6;"Does the national strategy/policy outline measures to incentivise the publication of and access to citizen-generated data?

For Explanation:
* If yes, please briefly describe the measures.";no;;Change;Yes;"The Digital Czechia strategy also includes the document Czechia in Digital Europe 2024, which focuses on building digital single market in Europe and sets out the main objectives of the Czech Republic in the negotiations on the EU digital agenda. Goal 3.2 states, among other things, that the Czech Republic will support initiatives that will lead to more intensive and easier data creation and sharing among all actors, whether they are organisations, public authorities or academic institutions. At the same time the Czech Republic will promote the sharing of good practice in the European debate and the overall raising of public awareness of the benefits of data sharing. The priority for data remains the process of opening up data, not only in public authorities but also on a voluntary basis by businesses and the public.

See Czechia in Digital Europe - 3.2 Supporting the European data economy: https://digitalnicesko.gov.cz/vize/#ctyri-pilire-digitalniho-ceska."
P7;"Does the national strategy/policy foster the discoverability of the aforementioned types of data from your country on data.europa.eu?

For Explanation:
* If yes, please briefly describe how.";yes;The National Open Data Portal created in accordance with Information Conception of the Czech Republic and legislatively enforced by the Act No. 106/1999 Coll., directly and automatically sends all metadata to the European Data Portal, aforementioned types of data included. For the process see: https://docs.google.com/presentation/d/1PtaZCXN3VBlAgXdeE6y4-qjPP3aPGJHs3Re6wI84jFc/edit#slide=id.ge280a34ec0_0_6 (slide 20). Regarding the geospatial and dynamic data, open data providers are, in accordance with the metadata standards, obliged to describe the format of data and key words to ensure their discoverability at the Portal. Citizen-generated data are not part of the Czech National Open Data Portal, therefore are not automatically sent to the European Data Portal.;Complement;;The National Open Data Portal created in accordance with Information Conception of the Czech Republic and legislatively enforced by the Act No. 106/1999 Coll., directly and automatically sends all metadata to the European Data Portal, aforementioned types of data included. For the process see: https://docs.google.com/presentation/d/1PtaZCXN3VBlAgXdeE6y4-qjPP3aPGJHs3Re6wI84jFc/edit#slide=id.ge280a34ec0_0_6 (slide 20). Regarding dynamic data, in accordance with the new standards (from May 2024), which are mandatory, providers should mark the data with a link to the relevant legislation (dynamic data are part of the specific paragraph of the Act 106/1999 Coll.). In the past, they have used keywords and descriptions, which have made their way into the European Data Portal. In the case of citizen generated data, currently, according to the findings in the National Open Data Team, they are published in the National Catalog (and therefore in the European Data Portal) through public authorities and their affiliation to the aforementioned group is usually part of the description (e.g. https://data.gov.cz/datov%C3%A1-sada?iri=https%3A%2F%2Fdata.gov.cz%2Fzdroj%2Fdatov%C3%A9-sady%2F65993390%2F1087749998, https://data.gov.cz/datov%C3%A1-sada?iri=https%3A%2F%2Fdata.gov.cz%2Fzdroj%2Fdatov%C3%A9-sady%2F44992785%2Faee8d88c79b4e167a10b57c0ce827ec5).
P8;"Does the national strategy/policy outline measures to support the reuse of open data by the public sector?

For Explanation:
* If yes, please briefly describe the measures.";yes;The Information Conception of the Czech Republic fosters the existence of the Public Data Fund. The Public Data Fund should provide guaranteed open data (in the first phase the code lists). To support the re-use of data in the Public Data Fund, a notification hub will be created, which will send notifications of data changes. Due to new obligations related to fulfillment the base Register of Rights and Duties, the data users will have an overview which public data are collected following the agendas and gain the link to the dataset in the National Open Data Catalog. See Goal  5.10 of the Conception at https://archi.gov.cz/en:ikcr#sub-objective_510develop_open_data_and_public_data_and_public_services or https://archi.gov.cz/en:nap:verejny_datovy_fond.;Complement;;"existence of the Public Data Fund. The Public Data Fund should provide guaranteed open data.  Due to new obligations related to fulfillment the base Register of Rights and Duties, the data users will have an overview which public data are collected following the agendas and gain the link to the dataset in the National Open Data Catalog. See Goal 5.10 of the Conception at https://archi.gov.cz/en:ikcr#sub-objective_510develop_open_data_and_public_data_and_public_services.
In addition, action to promote the re-use of open data is also part of the Strategy for Data Management in Public Sector as part of the strategic area entitled Using data to support decision making in public administration. The measure foresees the use of data through tools in the National Catalogue, where the services using the data are then registered. See: https://data.gov.cz/p%C5%99%C3%ADlohy/%C4%8Dl%C3%A1nky/projekt-DIA-pom%C5%AF%C5%BEe-%C3%BA%C5%99ad%C5%AFm-zlep%C5%A1it-spr%C3%A1vu-dat/Strategie%20pro%20spr%C3%A1vu%20dat%20ve%20VS.pdf."
P9;"Does the national strategy/policy outline measures to support the reuse of open data by the private sector?

For Explanation:
* If yes, please briefly describe the measures.";yes;"The Information Conception of the Czech Republic fosters the existence of the Public Data Fund. The Public Data Fund should provide guaranteed open data (in the first phase the code lists). Due to new obligations related to fulfillment the base register of rights and duties, the data users will have an overview which public data are collected following the agendas and gain the link to the dataset in the National Open Data Catalog. See Goal  5.10 of the Conception at https://archi.gov.cz/en:ikcr#sub-objective_510develop_open_data_and_public_data_and_public_services or https://archi.gov.cz/en:nap:verejny_datovy_fond 
Moreover, the amendment to the Act No. 106/1999 introduces the so-called standard conditions of use, which must be respected by obliged entities when providing information (in open data format included). These are defined in § 4a as conditions that are ""objective, reasonable, non-discriminatory, non-exclusive and do not limit the method or purpose of subsequent use of the information provided"". Therefore, obliged entities cannot limit further use of data and information to non-commercial use only and should support the reuse by the private sector in any possible way.";Complement;;"The Act No. 106/1999 introduces the so-called standard conditions of use, which must be respected by obliged entities when providing information (in open data format included). These are defined in § 4a as conditions that are ""objective, reasonable, non-discriminatory, non-exclusive and do not limit the method or purpose of subsequent use of the information provided"". Therefore, obliged entities cannot limit further use of data and information to non-commercial use only and should support the reuse by the private sector in any possible way.  

The Act further states that information about products and services that use open data and other information should be registered in the national catalog, which, according to the explanatory report to the act, should support reuse by the public and business. Finally, support for re-use is also part of the measures in the Strategy of Data Management for Public Sector - 4.1.3: Provide practical support for the reuse of open data."
P10-a;"Does the national strategy/policy mandate carrying out and maintaining a data inventory by public bodies, whether at national or local level?

For Explanation:
* If yes, please briefly specify.";yes;In the Czech Republic there is an inventory called The Register of Rights and Duties - a register that provides a basic overview of the agendas carried out by public authorities and the related data. According to the Act No. 111/2009 Coll., public authorities are obliged to identify what data in agenda is classified and to distinguish public and non-public data. A new methodology for defining data in the agenda has been developed in 2022/2023, according to which organisations should proceed. The objective 3.04 of the Information Conception is aimed at improving, updating and validating the content of the Register.;Complement;;"Moreover, the Strategy of Data Management for Public Sector includes measures to create local inventories that contain metadata about all data sources, including information about
from which source systems the data comes and how and to whom it is shared. Local inventories are harvested by national inventory."
P10-b;"Do these data inventories include the data collected by public bodies that cannot be published as open data (e.g. in relation to the EU Data Governance Act (EU) 2022/868)? 

For Explanation:
* If yes, please briefly specify.";yes;"According to the Act No. 111/2009 Coll., public authorities are obliged to identify what data in agenda is classified, it means public as well as non-public data. Only public data are supposed to be open by default and published in the National Open Data Portal (Catalog). 
In addition, the Data Management Act (transposition of Chapter 2 of the DGA) is currently being drafted and includes an obligation to establish an inventory list of all available public sector data sources. It is assumed that this list will be directly linked to the inventory called the Register of Rights and Duties (see 9a).";Complement;;According to the Act No. 111/2009 Coll., public authorities are obliged to identify what data in agenda is classified, it means public as well as non-public data. Only public data are supposed to be open by default and published in the National Open Data Portal (Catalog). The Inventory List created in connection with the DGA is connected to the Register of Rights and Duties, where public and non-public data are distinguished and those data that meet the requirements of the DGA are harvested.
P11;"Is your country applying the implementing regulation (EU) 2023/138 on high-value datasets?

For Explanation:
* If yes, how is it progressing? 
* If you are an EFTA or a candidate country to the EU, please select 'not applicable'.
** In the table below, please indicate your progress with respect to a) organisation, b) legal aspects, c) technical aspects on a scale from 1 to 5. 1 = no progress; 2 = few progress; 3 = some progress; 4 = considerable progress; 5 = works are finalised.";new question;new question;Change;Yes;Implementing regulation on HVD was directly transposed into Act. 106/1999 Coll. and is directly binding on public entities. Following this, the National Open Data Team carried out an analysis of the authorities' responsibility for individual categories and data sets, and according to regular monitoring, it was verified how and which authorities are ready for publication. Furthermore, following technical guidelines from the EC, a legally binding metadata standard (DCAT-AP-CZ) was updated, which allows authorities to publish HVDs so that they are recognizable and fulfill the required extended metadata structure.
P12;"Have the public bodies in your country denoted relevant datasets as high-value datasets in their metadata following the publication of the implementing regulation (EU) 2023/138 on high-value datasets?

For Explanation:
*  If yes, please specify how and highlight challenges, if any. 
* If you are an EFTA or a candidate country to the EU, please select 'not applicable'.";new question;new question;Change;Yes;Public bodies are obliged by law to publish HVD according to the metadata standard created according to technical guidelines by the EC. The Czech version of DCAT-AP was thus expanded by selected features according to the requirements of the implementing act, including the item relevant legislation, which allows the authorities to mark HVD as HVD. In case they do so, in the basic search of the national catalog, the data set will additionally receive the HVD label.
P13;"Is there a governance structure in place that enables the participation and/or inclusion of various open data stakeholders? 

For Explanation:
*  If yes, please briefly describe the governance structure and its operating model ";new question;new question;Change;Yes;A working group for open data providers operates under the Government Council for the Information Society, which meets at least four times a year and includes representatives from central authorities and regions. At the same time, the head of the Government Council for the Information Society has an advisory body called the Digital Team, which is composed of representatives of business, authorities and civil society.
P14;"How would you classify the model used for governing open data in your country? 

For Explanation:
*  Please briefly explain why this model was chosen/works best for your country";top-down;At the beginning of the process of data opening, a bottom-up approach worked in the Czech Republic - a few providers decided to open data in a good quality as a result of small local iniciatives. Subsequently, a public body (the National Open Data Team) was created within the hybrid governance model to assist these providers, but still without support of legislation. Currently, the data opening takes place within the top-down model, where the obligation to open data is anchored by the principle of open data by default, and all affected entities must participate in the process, cooperate with the National Open Data Team and publish open data in the National Open Data Catalog.;Confirm;;
P15;"Does the governance structure ensure that the local and regional open data initiatives are facilitated and supported at national level?

For Explanation:
* If yes, please give an example of what kind of support.
* If not applicable, please explain why.";new question;new question;Change;Yes;"The working group for open data providers, which operates under the Government Council for the Information Society, also includes representatives of the regions. Furthermore, a memorandum was signed in 2024 between the Digital and Information Agency and the Union of Towns and Municipalities of the Czech Republic, where one of the priorities is the promotion of Open Data as a source of information originating from public sources. The parties to the memorandum are ready to help use Open Data resources for societal purposes, including informed decision-making by municipalities and citizens. URL to the memorandum: https://data.gov.cz/p%C5%99%C3%ADlohy/2024-09-11/Memorandum_o_spolupraci_SMOCR_DIA_podepsano_11.3.2024.pdf The National Open Data Team from the Digital and Information Agency also regularly participates in conferences and educational events organized by the regions for municipalities. The National open data coordinator regularly grants patronage over the regional open data hackathons, in Hradec Králové: https://www.datakhk.cz/pages/hackathony, Brno: https://data.brno.cz/pages/hackathon2024, Plzeň: https://www.plzensky-kraj.cz/odborna-konference-a-hackathon-otevrenych-dat-plz-2, Olomouc: https://www.olkraj.cz/v-patek-20-10-2023-zacina-tridenni-hackathon-aktuality-12494.html
Futhermore the team of national open data coordinator participated on the digital fair URBIS at the Data Brno Workshop. The workshop was about the open data portal and many regional representatives took part e.g. Hradec Králové, Prague, Brno. The Open data team also annually attends the meeting of all CZ regions regarding the digital agenda: https://budoucnostjedigitalni.gov.cz/archive-2023/#setkani-subjektu-verejne-spravy-na-tema-otevrenych"
P16;"To what degree do local/regional public bodies conduct open data initiatives? 

For Explanation:
* If not applicable, please explain why.";few public bodies;"There is currently more than 6000 of municipalities in the Czech Republic. Thinking of this number, there is only few public bodies participating on data opening process. However, with Act. 261/2021 Coll. the obligation publish open data of offcial boards for all municipalities with extended powers and regional municipalities (219 of data providers) came into force. When it comes to open data initiatives there are several of them on regional/local level. For example:
Brno - https://data.brno.cz/    
Hradec Králové Region - https://www.datakhk.cz/
Prague - https://www.pragozor.cz/";Change;The majority of public bodies;We are editing the answer based on the webinar with EC. Regarding open data obligations for local and regional bodies, most of them fulfill these obligations and publish the data. In addition, almost all regional bodies and some local bodies have an open data portal and publish a large amount of data voluntarily beyond legal obligations.
P17;"Is a document describing the responsibilities and governance structure of the national (and/or regional/local) open data team publicly available?

For Explanation:
* If yes, please provide the URL where this information is published. ";yes;The up-to date information about the reposabilities, working approach, activities and strategies of the National Open Data Team is  part of the respective Annual Reports on the State of Open Data available on the data.gov.cz - https://data.gov.cz/výroční-zprávy/.;Confirm;;
P18;"Is there a regular exchange of knowledge or experiences between the national open data team and the team maintaining the national portal? 

For Explanation:
* If yes, please briefly describe how this exchange takes place and provide evidence supporting your answer (e.g. meeting agendas, URLs to news items).";yes;The team maintaining the national portal is an integral part of the National Open Data Team.;Confirm;;
P19;"Does the governance model include the appointment of official roles in civil services that are dedicated to open data (e.g. open data officers)?

For Explanation:
* If yes, please describe how this task is fulfilled at public body level.";yes;First of all, for the process of opening data in a public body, a public body has to appoint an open data chief officer (coordinator/officer/steward) who is in charge of open data implementation. The open data officer prepares with the cooperation of public servants an internal directive, which set the roles of data stewards, data officers, and head of institution in order to ensure the process of opening data smoothly. The main task is to prepare an open data publication list (plan) with selected datasets with identified risks and benefits along with a time framework for publication. You can see more about the process and roles within the institution open data management in our Czech national guidelines on the National Open Data Portal – See https://opendata.gov.cz/standardy:vytvoreni-publikacniho-planu. ;Confirm;;
P20;"Is there a regular exchange of knowledge or experiences between the national open data team and the wider network of open data officers in your country? 

For Explanation:
* If yes, please briefly describe how this exchange takes place and provide evidence supporting your answer (e.g. meeting agendas, URLs to news items).";yes;The National Open Data Coordinator is the main lead of Open Data Working Group which operates under the Council of Government for Information Society (government advisory and coordination body for reforms of digitisation of Czech public administration). The group consists of almost 30 Open Data Coordinators from ministries and other Czech public bodies. Meetings are held every three months. Information about the working of the group are available in the respective Annual Reports of the State of Open Data here: https://data.gov.cz/výroční-zprávy/. Moreover, the National Open Data team and open data providers publish articles on the Open Data Portal. Experience and good practice are shared in this way. See https://data.gov.cz/články/;Confirm;;
P21;"Is there a regular exchange of knowledge or experiences between public sector bodies (i.e. the providers) and open data reusers (e.g. academia, citizens, businesses)?

For Explanation:
* If yes, please briefly describe how this exchange takes place and provide evidence supporting your answer (e.g. meeting agendas, URLs to news items).";yes;There are several regular/annual events dedicated to the exchange of experineces between public sector and open data re-users. Open Data Expo organized by the civil sector oragnisation OSF Prague (https://osf.cz/open-data-expo-2022/), the annual conference of the National Open Data Team (https://opendata.gov.cz/edu:konference:start) or the open data hackathon organized by public sector organisations (https://www.hackujstat.cz/). Moreover, public body UZIS annualy organizes webinar/conference about open health data (https://nzis-open.uzis.cz/) for public bodies, journalists, academics, civil society and busines.;Complement;;"There are several regular/annual events dedicated to the exchange of experiences between public sector and open data re-users. The annual data conference is organised by the Data team of Digital and Information Agency. It is the opportunity for the providers as well as data users to present use cases, good practices as well as to share the skills and knowledge. Public health data body UZIS annually organizes conference about open health data for public bodies, journalists, academics, civil society and business. There are also several hackatons (at least 5 plus a national final round) during the year organised by public bodies. Public data providers work closely with data enthusiasts. More over Data team of DIA organise informal meetups with the open data community.
https://opendata.gov.cz/edu:konference:start 
https://nzis-open.uzis.cz/ 
https://data.brno.cz/pages/hackathon 
https://www.datakhk.cz/pages/hackathony 
https://hpk.maleskoly.info/ 
https://www.hackujstat.cz/"
P22;"Do data publication plans exist at public body level?

For Explanation:
* If yes, please provide the URL and briefly highlight the key aspects covered. ";yes;One of the main tasks of the public body open data coordinators is to prepare an open data publication list (plan) with selected datasets with identified risks and benefits along with a time framework for publication. You can see more about the process and roles within the institution open data management in our Czech national guidelines on the National Open Data Portal – See https://opendata.gov.cz/standardy:vytvoreni-publikacniho-planu. ;Confirm;;
P23;"Are there processes to ensure that the open data policies/strategy previously mentioned are implemented (e.g. monitoring)?

For Explanation:
* If yes, please specify the process(es).";yes;At the level of public bodies, there are monitoring activities of the National Open Data Team, especially through the Working Group and the data quality and data accessibility measurements at the Portal (see the respective Annual Reports of the State of Open Data here: https://data.gov.cz/výroční-zprávy/). At the level of the overall implementation of the Information Conception (and Digital Czechia programme), there are Implementation Reports published to monitor the fulfillment of objectives (see: https://www.mvcr.cz/webpm/clanek/rada-vlady-pro-informacni-spolecnost.aspx?q=Y2hudW09Ng%3d%3d) .;Confirm;;
P24;"Do you update your policy/strategy as appropriate to ensure its success, such as based on data collected for monitoring?

For explanation:
* If yes, please describe the process and any recent updates made to strategy/policy";new question;new question;Change;Yes;Following previous monitoring and financing options, the Government Council for Information Society's priority plan, which also includes open data, is updated annually. Due to some unfulfilled obligations from the authorities from 2023, part of them was carried over to 2024. At the same time, due to the identification of a missing specific data strategy, the Digital and Information Agency issued in 2024 the Strategy of Data Management for Public Sector, which also contains principles regarding open data and is accompanied by an implementation plan to be updated every two years (currently valid for the period 2024-2025). The fulfillment of this strategy has also become part of the Government Council's priorities for the information society, so that there is no duplication of duties for the authorities.
P25;"Are there any processes in place to assess if public sector bodies are charging for data above marginal cost? (please see directive (EU) 2019/1024 on open data and the reuse of public sector information).

For Explanation:
* If yes, please specify the process(es).";yes;In the case that public authorities charge unjustified fees for data that users believe should be publicly available, these requirements can be reviewed by a court that assesses the legitimacy of both parties' requests. However, by the Act No. 106/1999 Coll., all open data is published free of charge.;Confirm;;
P26-a;"What are the top 3 challenges that your country is facing in the implementation of the mentioned open data policies/strategy?

For Explanation:
* Please briefly describe.";N/A;"1. Missing strong political leadership both at the level of the government and at the level of individual public officies.
2. Insuffucient overview of what data public bodies collect to carry out respective agendas and their inadequate description.
3. Lack of personal and financial capacities at the level of the National Open Data Team and at the level of public bodies.";Change;N/A;"1. Lack of motivation of public bodies to open data.
2. Lack of personal and financial capacities at the level of the National Open Data Team and at the level of the public bodies.
3. Insufficient overview of what data public bodies collect to carry out respectives agendas and their inadequate description."
P26-b;"Are there activities in place to address these challenges in your country (e.g. with specific national/regional/local plans or initiatives)?

For Explanation:
* If yes, please briefly describe the measures that you have adopted or plan to adopt to address these challenges. 
* If no, please specifiy what is hampering finding a strategic approach to solve these challenges.";yes;"1. The Government appointed in december 2021 prepared a digital transformation plan that aims to unify digitization leadership of the Czech Republic and improve the fulfillment of the objectives of the Information Conception, data agenda included (see https://www.hlidacstatu.cz/data/Detail/veklep/ALBSCF9EW8D).
2. The National Open Data Team in the cooperation with the Department of Chief Architect at the Digital and Information Agency prepared the specific methodology for defining the data in respective agendas of public bodies based on semantic vocabularies and semantic modeling. From September 2022 a several trainings for public authorities took place (https://data.gov.cz/vzdělávání/prezenční/#modelování-významu-dat-ve-veřejné-správě).
3. One of the expected results of the digital transformation (see activity 1) is an increase in personal capacities. Regarding finantial capacities, the National Recovery and Resilience Plan which is currently in the implementation process, provides the new action plan with particular investments and reforms related to the open data. Moreover, one of the goals of the new Digital and Information Agency is to provide more capacities for several digitization activities across public authorities.";Complement;;"1. As part of activities linked to the Open Data Working Group, the National Open Data Team opens a discussion on the need to open and reuse data with central and local bodies.
2. In 2023, the Digital and Information Agency was founded and within it the Data Unit, which was strengthened in terms of personnel. Furthermore, in connection with the approval of the strategy, talks are ongoing with the Ministry of Finance regarding the increase of capacities at public bodies.
3. The National Open Data Team organizes webinars and other learning activities aimed at defining the data in respective agendas of public bodies based on semantic vocabularies and semantic modeling."
P27;"Are there any activities in place to assist data holders with publishing their data as open data (i.e. to help them with the data opening process)?

For Explanation:
* If yes, please describe/provide examples of these activities.";new question;new question;Change;Yes;National Open Data Team from the Digital and Information Agency is a leader of the Open Data Working Group where representatives of publishers from central and regional level participates. One of the activities of the Group is the assistance from the DIA and other public bodies in data publishing. Moreover, the Team also organizes conferences for sharing good practice, training with certificates, webinars (e.g. HVD, dynamic data) and provides personal technical and legal consultations. It also publishes e-learnings and tutorials on the Open Data Portal. For the list of activities conducted in 2022 see the Annual Report of the State of Open Data https://data.gov.cz/p%C5%99%C3%ADlohy/v%C3%BDro%C4%8Dn%C3%AD-zpr%C3%A1vy/V%C3%BDro%C4%8Dn%C3%AD%20zpr%C3%A1va%20o%20stavu%20otev%C5%99en%C3%BDch%20dat%20v%20%C4%8Cesk%C3%A9%20republice%20za%20rok%202022.pdf. The Annual Report for 2023 will be available in summer 2024.
P28;"Is there a professional development or training plan for civil servants working with data in your country? 

For Explanation:
* If yes, please briefly describe these training activities.";yes;All members of the Open Data Working Group are supposed to participate in the educational activities of the National Open Data Team. Their participation is regularly (every three months) monitored by the Team and reported in the Annual Reports on the State of Open Data published online (https://data.gov.cz/výroční-zprávy/).  ;Complement;;Civil service employees in IT-focused positions (data included) must pass an exam focused on ICT and egovernment. The exam includes areas focused on data, data management and open data as such. In addition, all members of the Open Data Working Group are supposed to participate in the educational activities of the National Open Data Team. Their participation is regularly (every three months) monitored by the Team and reported in the Annual Reports on the State of Open Data published online (https://data.gov.cz/výroční-zprávy/).
P29;"Are there annually held national, regional or local events (e.g. hackathons, courses, conferences, users meet-ups, summer/winter schools) to promote open data and open data literacy in your country beyond the target group of public servants? 
 
For Explanation:
* If yes, please provide examples (e.g. title, date, location of the event and URL).";yes, >9;For the complete list see the Annual Report on the State of Open Data, chapter 6.2.3. here https://data.gov.cz/přílohy/výroční-zprávy/Výroční%20zpráva%20o%20stavu%20otevřených%20dat%20v%20České%20republice%202021.pdf. The Annual Report for the year 2022 will be available in June 2023.;Complement;;For the complete list of the mentioned events see the Annual Report in the State of Open Data on p. 41-44: https://data.gov.cz/p%C5%99%C3%ADlohy/v%C3%BDro%C4%8Dn%C3%AD-zpr%C3%A1vy/V%C3%BDro%C4%8Dn%C3%AD%20zpr%C3%A1va%20o%20stavu%20otev%C5%99en%C3%BDch%20dat%20v%20%C4%8Cesk%C3%A9%20republice%20za%20rok%202022.pdf. The Annual Report for the year 2023 will be available in summer 2024.
PT1;"Is there a national portal in your country for that enables users to search for open datasets and find where to download open data? 

For Explanation:
* If yes, please provide the URL of the national portal.";yes;https://data.gov.cz;Confirm;;
PT2;"For Explanation:
* What is the technology stack of your portal (e.g. based on uData, CKAN, etc.)";new question;new question;Change;LinkedPipes ETL, LinkedPipes DCAT-AP Viewer, Openlink Virtuoso;LinkedPipes ETL, LinkedPipes DCAT-AP Viewer, Openlink Virtuoso. We base our implementation on open-source DCAT-AP compliant tools.
PT3;"Does the national portal offer to its users a way to programmatically query the metadata via an API?

For Explanation:
* If yes, please provide the direct-URL to this feature.";new question;new question;Change;Yes;"SPARQL Endpoint: https://data.gov.cz/sparql
Linked data fragments: https://data.gov.cz/ldf/nkod-ldf
GraphQL: https://data.gov.cz/graphql"
PT4;"Does the national portal offer to its users a way to programmatically query the metadata via a SPARQL access point?

For Explanation:
* If yes, please provide the direct-URL to this feature.";new question;new question;Change;Yes;SPARQL Endpoint: https://data.gov.cz/sparql
PT5;"Does the national portal offer/link to documentation on the use of APIs?

For Explanation:
* If yes, please provide the direct-URL to this feature.  ";new question;new question;Change;Yes;"Regarding SPARQL endpoint: contents documented by DCAT-AP-CZ: https://ofn.gov.cz/dcat-ap-cz-rozhraní-katalogů-otevřených-dat/2024-05-28/
Regarding GraphQL: Self-documented using GraphiQL and its auto-complete features: https://data.gov.cz/graphql"
PT6;"Does the national portal offer/link to documentation on the use of SPARQL? 

For Explanation:
* If yes, please provide the direct-URL to this feature.  ";new question;new question;Change;Yes;Regarding SPARQL endpoint: contents documented by DCAT-AP-CZ: https://ofn.gov.cz/dcat-ap-cz-rozhraní-katalogů-otevřených-dat/2024-05-28/
PT7;"Does the national portal provide functionality for users to contribute datasets they have produced or enriched? 

For explanation:
* If yes, please (1) explain how  the portal facilitate the linking of documentation and supporting materials to these user-contributed datasets and (2) provide the direct-URL to this feature.";new question;new question;Change;No;
PT8;"Does the national portal offer a mechanism for users to provide general feedback, such  a 'Contact us' or 'Feedback' button that is placed in a visible spot and would allows users to send a general comment concerning the portal?

For Explanation:
* If yes, please provide the direct-URL to this feature or describe how this functionality is provided.";no;;Change;Yes;Links to various contacts in the footer of all pages of the portal/catalog: https://data.gov.cz/
PT9;"Does the national portal offer a mechanism for users to provide feedback on specific datasets, such as a 'feedback button' or a comment/discussion section under the dataset?

For Explanation:
* If yes, please provide the direct-URL to this feature or describe how this functionality is provided.";no;;Confirm;;
PT10;"Does the national portal provide a mechanism for users to rate datasets?

For Explanation:
* If yes, please provide the direct-URL to this feature or describe how this functionality is provided.";no;;Confirm;;
PT11;"Does the national portal enable users to find information and news on relevant open data topics in the country?

For Explanation:
* If yes, please provide the direct-URL to this feature.  ";yes;All new information and articles about the open data topics are accessible directly from the homepage of the Portal here https://data.gov.cz/#novinky-ze-světa-otevřených-dat or here https://data.gov.cz/#články-ze-světa-otevřených-dat. ;Complement;;All new information and articles about the open data topics are accessible directly from the homepage of the Portal here https://data.gov.cz/#novinky-ze-světa-dat-veřejné-správy or here https://data.gov.cz/#články-ze-světa-dat-veřejné-správy.
PT12;"Does the national portal offer the possibility for users to receive notifications when new datasets are available on the national portal (RSS, ATOM feeds, email notifications etc.)?

For Explanation:
* If yes, please provide the direct-URL to this feature.  ";No;"Response to reviewer:

Users can connect to the contents of the national open data catalogue via API points (SPARQL endpoint, Linked Data Fragments endpoint or GraphQL endpoint) and compare the differences with the last known state (new datasets, new data providers, new local catalogues etc.) (it is a ""pull"" not a ""push""). (See https://data.gov.cz/sparql, https://data.gov.cz/ldf/, https://data.gov.cz/graphql).";Confirm;;
PT13;"Does the national portal enable users to request datasets, such as through a ""request data"" button? 

For Explanation:
* If yes, please provide the direct-URL to this feature or describe how this functionality is provided.";yes;Users can request datasets through form called Open Data Wishlist accessible directly from the home page: https://docs.google.com/forms/d/e/1FAIpQLSdUaVaCITtmHdTGxsU5xPvdzIygOA7wHHaotPRPAbglCF3mpw/viewform.;Complement;;Users can request data through a form located on the main page of the portal. See: https://forms.office.com/pages/responsepage.aspx?id=zYVrW-9EZk2G1GA90hYHgFb4sumQIuNPmsE0FFjWpJBUNU42MkFSSDBUOUw3NTgyUFFTOFM0NDY2Wi4u.
PT14;"Are requests for datasets and their progress status presented in a transparent manner on the national portal? 

For Explanation:
* If yes, please provide the direct-URL to this feature.  ";yes;The requests are regularly analysed and the distributed into categories based on whether it is possible to open them or not. The analysis is part the the Annual Report of the State of Open Data and also available here https://opendata.gov.cz/dokumenty:analýza-opendata-wishlist.;Complement;;The information from the forms is subsequently evaluated and published directly on the Portal at: https://data.gov.cz/návrhy-na-datové-sady-k-otevření.
PT15;"Does the team monitor the extent to which requests (either via the portal or otherwise) result in the publication of the requested data?

For Explanation:
* If yes, please describe how this monitoring is conducted.";yes;"The National Open Data Team monitors this issue through the Open Data Working Group and the questionnare about the state of open data that is sent out to the data providers annualy. Moreover, we compare the data from requests with actual datasets published in the National Open Data Portal.
";Complement;;The National Open Data Team monitors this issue through the Open Data Working Group and the questionnaire about the state of open data that is sent out to the data providers annually. Moreover, we compare the data from requests with actual datasets published in the National Open Data Portal. Data that is published in the catalog is linked to requests and this information is also published for users.
PT16;"Does the national portal offer a mechanism for users to exchange with others, such as a discussion forum?

For Explanation:
* If yes, please provide the direct-URL to this feature or describe how this functionality is provided.";no;;Change;Yes;"Discussions take place on the GitHub platform, where the codes and documentation for the catalog, portal or data standards for selected thematic datasets are completely published. The link to the GitHub discussion leads directly from the main page. See for example: https://github.com/datagov-cz/nkod-registrovane-aplikace/issues
https://github.com/datagov-cz/otevrene-formalni-normy/issues
GitHub notifies representatives of the National Open Data Team with the question, to which they then respond. Categorizing issues according to individual components of the portal enables better targeting and searching in their content for other participants. It also enables the direct involvement of publishers who are affected by the question, because the debate is public and accessible to everyone."
PT17;"Does the national portal showcase reuse cases, such as in a designated section of the portal?

For Explanation:
* If yes, please provide the direct-URL to this feature. ";yes;"Several. Open Data use cases are regularly showed in the form of articles directly on the Portal here: https://data.gov.cz/články/. Then the list of  use cases distributed into categories with a brief description is available in the every Annual Report on the State of Open Data in the Czech Republic also available on the Portal here https://data.gov.cz/výroční-zprávy/. For 2021 see Chapter 7.6 (hhttps://data.gov.cz/p%C5%99%C3%ADlohy/v%C3%BDro%C4%8Dn%C3%AD-zpr%C3%A1vy/V%C3%BDro%C4%8Dn%C3%AD%20zpr%C3%A1va%20o%20stavu%20otev%C5%99en%C3%BDch%20dat%20v%20%C4%8Cesk%C3%A9%20republice%202021.pdff). The 2022 Annual Report will be disponible at the end of June 2023. Currently we prepare the new system of how to show use cases on the Portal in accordance with the amendment to the Act. No. 106/1999 Coll. that stipulates that Portal has to provide ""information about products and services that use open data and other information"".";Complement;;There is a designated section on the Portal that contains reuse cases. See: https://data.gov.cz/aplikace
PT18;"Does the national portal reference the datasets that the showcased reuse cases are based on (i.e. there is a link between the reuse case in the showcase and the underlying dataset on the portal)?

For Explanation:
* If yes, please provide the URL to this feature/to an example documenting this feature.";no;;Change;Yes;For each published reuse cases, there are linked datasets that it uses. They are available directly in the reuse case metadata in the Used datasets section. See: https://data.gov.cz/detail-aplikace?iri=https%3A%2F%2Fdata.gov.cz%2Fzdroj%2Fregistrovan%C3%A9-aplikace%2F14.
PT19;"Does the national portal provide the possibility for users to submit their own reuse cases?

For Explanation:
* If yes, please provide the direct-URL to this feature. ";no;;Change;Yes;Directly on the home page, there is a link that leads the user to the form, in which it is possible to fill in the metadata items for the reuse case, which will subsequently appear on the portal. See form: https://forms.office.com/pages/responsepage.aspx?id=zYVrW-9EZk2G1GA90hYHgJIZFKrFC9hAvTG9nlkLeOtURUlNQ09XUjc2OEFZSEI1T1FBWFlCTkUyUyQlQCN0PWcu
PT20;"Does the national portal offer a preview function for tabular data?

For Explanation:
* If yes, please provide the URL to an example documenting this feature.";no;;Confirm;;
PT21;"Does the national portal offer a preview function for geospatial data?

For Explanation:
* If yes, please provide the URL to an example documenting this feature.";no;;Confirm;;
PT22;"Do you promote high-value datastes on your national portal (e.g. use filtering features for reusers to easily find such datasets, use editorial features to promote the datasets, etc.))?

For Explanation:
* If yes, please specify how and highlight challenges if any. 
* If you are an EFTA or a candidate country to the EU, please select 'not applicable'.";new question;new question;Change;Yes;As part of the search in the catalog, users can identify HVDs among the searched sets, or browse only HVDs themselves. Furthermore, for datasets that are HVD, the HVD label automatically appears in the catalog, both in the list of all datasets and in the metadata record of the dataset.
PT23;"Do you monitor the portal's traffic (e.g. in terms of number of unique visitors, visitor profiles, percentage of machine traffic, number of downloads according to the number of datasets etc.)? 

For Explanation:
* If yes, which tool(s) do you use?";no ;The National Open Data Team uses the Google Search Consol Insights to have a general overview of the number of searches or clicks, or their geographical origin. We do not use cookies or Google Analytics instruments as we do not think that this kind of activity is in accordance with open data principles, especially the possibility of free (unconditional) sharing and re-use of data. If data is to be open, sharing it is an objective and therefore does not make sense restrict it in any way. Moreover, using third-party cookies especially legated to the Google instruments means to send data about users to the countries outside EU where we have no control over. However, several data providers monitor their local portal´s traffic (for example the Czech Social Security Administration,  the Ministry of Labour and Social Issues, the Czech Statistical Office, the  State Administration of Land Surveying and Cadastr, the Ministry of Agricutlure, the Ministry of Health, the Czech Telecommunication Office, Region Hradec Králové, the City of Brno). It is even more accurate way of how to measure number od dataset downloads etc. since the National Open Data Portal is a catalog and first point of contact to open data usually only at the beginning - as far as we know from the users´needs survey, many users after it access the data via local portal of respective open data providers.;Change;Yes;Matomo
PT24;"Do you run analytics on API usage?

For Explanation:
* If yes, please briefly (1) describe your process and (2) how you use the insights to improve the portal";no ;N/A;Confirm;;
PT25;"Besides monitoring portal traffic, do you perform any further activities to better understand the behaviour and needs of users of your portal (e.g. web analytics, surveys, or analysis of social media feeds)?

For Explanation:
* If yes, please (1) specify the activities and explain (2) how they help you understand user needs";yes;At the end of 2021 the data users research was launched to identify e.g. which data users use most frequently, what motivates them to use data, or as an assessment of the format and quality of data. The results of this survey was published on the Open Data Portal in October 2022. Moreover, we use Twitter Analytics to analyze performance of the Twitter account of the National Open Data Team- tweet impressions, profile vistis, mentions, followers - and the Google Search Consol Insights to have a Portal general overview of the number of searches or clicks, or their geographical origin.;Complement;;At the beginning of the year, research focused on users of the national portal and data catalog was launched. The research included both a questionnaire survey (the invitation to participate was sent out as part of the newsletter and was published on the portal at https://data.gov.cz/2024/02/07/dotazníkové-šetření.html), as well as direct interviews with users and focus group. The results of the research are currently being processed and will be part of setting the strategy for the development of the portal for the year 2025. The current development of the portal also includes findings from similar research that was carried out in 2022.
PT26;"Do you used the insights about portal usage and about the behaviour and needs of portal users to improve the portal accordingly?

For Explanation:
* If yes, please explain your process for improving the portal based on user insights and feedback
* If relevant, kindly highlight some improvements made in the past year";new question;new question;Change;Yes;The results of the research are currently being processed and will be part of setting the strategy for the development of the portal for the year 2025. When the assignment for the current development of the portal was being processed, the findings from a similar research that was carried out in 2022 became part of it. Based on the recommendations, the search functions were adjusted, the manuals were concentrated in one place, the content of the portal began to focus on public sector data management in general, a validator was developed that allows providers to verify compliance with standards, or a catalog of requests and applications was added.
PT27;"Do you undertake any activities to promote the portal and attract new users or new audiences?

For explanation:
* If yes, please (1) explain what activities your perform, and (2) mention if these activities are directed at any specific target audience (e.g. business, public sector, academia, etc.)";new question;new question;Change;Yes;The portal is regularly promoted on the social network X. The portal, its functions, news, user manuals are also mentioned in most presentations of the National Open Data Team - conferences, seminars, working groups. Presentations are thematically adjusted according to the target group - public sector (differences for users and providers when using the catalog), academia (presentations for university students and their teachers as part of courses), scientists (including the possibility of sharing other types of data for scientific research), auditors (specific training for the Supreme Audit Office), analysts (specific training for analysts in public administration).
PT28;"Do you monitor what keywords are used to search for data and content on the portal?

For Explanation:
* If yes, please briefly (1) describe your process and (2) how you use the insights to improve the portal";new question;new question;Change;Yes;We monitor searches related to the content of the portal, not the data catalog itself. Based on the monitored interest, we adapt content creation according to user preferences (focus on data management, articles with examples of reuse cases, good practice).
PT29;"Do you monitor the most and least consulted pages?

For Explanation:
* If yes, please briefly (1) describe your process and (2) how you use the insights to improve the portal
* For informational purposes, kindly provide the URLs to the five most popular datasets on the portal";new question;new question;Change;Yes;"We monitor searches related to the content of the portal, not the data catalog itself. Based on the monitored interest, we adapt content creation according to user preferences (focus on data management, articles with examples of reuse cases, good practice).
https://data.gov.cz/datové-sady
https://data.gov.cz/vzdělávání/
https://data.gov.cz/články/výsledky-voleb-v-čr-aneb-když-otevřená-data-fungují-na-1
https://data.gov.cz/články/nový-lkod-nejen-pro-prahu"
PT30;"Do you take measures to optimise the search and discoverability of content (data and editorial)? 

For Explanation:
*If yes, please briefly describe how your optimise the search";yes;"Based on feedback from Open Data and Portal (social media analysis, survey, community activites etc.) we gradually improve the full-text search function. Moreover, in last 12 months we developed the local open data catalogue validation function or ""search dataset available through API"" function.";Complement;;In the last 12 months, we've added the ability to search for dynamic data and HVD, and made working with keywords clearer. Furthermore, an explanatory function was added for individual search categories.
PT31;"Is the metadata on your portal available in clear plain language to enable both humans and machines to read and understand it? 

For Explanation:
*If yes, please provide the URL to an example documenting this feature.";yes;;Complement;;"for humans: https://data.gov.cz/datov%C3%A1-sada?iri=https%3A%2F%2Fdata.gov.cz%2Fzdroj%2Fdatov%C3%A9-sady%2F44992785%2F5e454a0461e9a0580c848c18f97580a7
for machines: https://data.gov.cz/sparql"
PT32;"To what degree do public sector data providers contribute data to the portal? 

For Explanation:
*Please describe what is the agreed approach.
* If less than the majority of data providers, please briefly explain why (e.g. technical incompatibilities, governance aspects, low awareness etc.).";all public sector data providers;According to the Act No. 106/1999 Coll. all data that are published as open data has to be registred in the National Open Data Portal.;Complement;;Accroding to the Act 106/1999 Coll. Alldata that are publish as open data has to be registered in the National Open Data Portal/Catalog. Portal contains data from central, regional and local providers that register their data directly. After the registration Portal harvest information itself.
PT33;Do you identify the data providers that are not yet publishing data on the national portal?;yes, or all public sector data providers already publish data;N/A;Confirm;;N/A
PT34;"Were there concrete actions taken to assist these data providers with their publication process?

For Explanation:
* If yes, could you provide some examples of the actions taken in this regard.";yes, or all public sector data providers already publish data;"The National Open Data Team prepared several tools on how to help with publication process. The list of seminars and webinars can be found on the Open Data Portal (https://data.gov.cz/vzdělávání/prezenční/; https://data.gov.cz/vzdělávání/on-line/). In 2022 there were 42 realized seminars and webinars for open data publishers with more the 960 participants. Moreover, e-learning section on the Portal is available to all Portal users: https://data.gov.cz/vzdělávání/e-learning/. The National Open Data Team carries out consultations for all those interesed in data publishing. There were 27 consultations carried out in 2022 (+ countless emails and phone calls that are not part of official consultation numbers). The National Open Data Team has prepared detailed instructions on how to publish data, including examples of good and bad practice. See the portal for providers https://opendata.gov.cz/.";Complement;;"The National Open Data Team prepared several tools on how to help with the publication process. The list of seminars and webinars can be found on the Open Data Portal (https://data.gov.cz/vzdělávání/prezenční/; https://data.gov.cz/vzdělávání/on-line/). In 2022 there were 42 realized seminars and webinars for open data publishers with more than 960 participants. Moreover, the e-learning section on the Portal is available to all Portal users: https://data.gov.cz/vzdělávání/e-learning/. The National Open Data Team carries out consultations for all those interesed in data publishing. There were countless emails and phone calls. The numbers for the year 2023 will be available at the Annual Report published in summer 2024. The National Open Data Team also prepared detailed instructions on how to publish data, including examples of good and bad practice. See the portal for providers https://opendata.gov.cz/. Providers are also instructed at the meetings of Open Data Working Group."
PT35;"Besides the national open data portal, are there other regional and local portals? 

For Explanation:
* If yes, please provide a complete list and the links to these portals.";yes;For the list of all local, regional and sectoral open data portals see https://data.gov.cz/lokální-katalogy. ;Confirm;;
PT36;"Are regional and local portals listed above and their data sources discoverable via the national portal? 

For Explanation:
* If not applicable, please briefly explain why. ";yes;All data from the regional and local portals has to be registred and discoverable via national portal. For the list of all local, regional and sectoral open data portals see https://data.gov.cz/lokální-katalogy. ;Confirm;;
PT37;"To what degree are  regional and local sources harvested automatically? 

For Explanation:
* If less than the majority of existing sources is harvested by the national portal, please briefly explain why.                        
* If not applicable, please briefly explain why. ";all datasets;;Confirm;;
PT38;"Does the national portal include datasets that are real-time or dynamic?

For Explanation:
* If yes, please provide URLs to real-time and/or dynamic data featured via the national portal. ";yes;"For example see:
Positions of public transrpot vehicles - https://data.gov.cz/datov%C3%A1-sada?iri=https%3A%2F%2Fdata.gov.cz%2Fzdroj%2Fdatov%C3%A9-sady%2F44992785%2F867e77653877d289ecfd05049c91079f
Traffic flow - https://data.gov.cz/datov%C3%A1-sada?iri=https%3A%2F%2Fdata.gov.cz%2Fzdroj%2Fdatov%C3%A9-sady%2F44992785%2Fe43a56fd2b22c14fb4520027d66c6bce
Occupancy of parking houses and parking lots - https://data.gov.cz/datov%C3%A1-sada?iri=https%3A%2F%2Fdata.gov.cz%2Fzdroj%2Fdatov%C3%A9-sady%2F44992785%2F5211908d3bf82bd5ef8d210648ab8aee
Air quality - https://data.gov.cz/datov%C3%A1-sada?iri=https%3A%2F%2Fdata.gov.cz%2Fzdroj%2Fdatov%C3%A9-sady%2F44992785%2F878df1f033e55b45c101cc9ea59359f1""";Complement;;"Occupancy of parking houses and parking lots 
https://data.gov.cz/datov%C3%A1-sada?iri=https%3A%2F%2Fdata.gov.cz%2Fzdroj%2Fdatov%C3%A9-sady%2F44992785%2Fa13f84a4e700ace125de365fb9938f12 
Air quality 
https://data.gov.cz/datov%C3%A1-sada?iri=https%3A%2F%2Fdata.gov.cz%2Fzdroj%2Fdatov%C3%A9-sady%2F44992785%2F4907e5c199620d99a44c1ec388703cd5 
Location of the public transport vehicles  
https://data.gov.cz/datov%C3%A1-sada?iri=https%3A%2F%2Fdata.gov.cz%2Fzdroj%2Fdatov%C3%A9-sady%2F02795281%2F7650856a3ff6d3f6feaa38c08d82f444"
PT39;"Does the national portal provide a way for non-official data (i.e. not stemming from official sources, such as community-sourced/citizen-generated data) to be published? 

For Explanation:
* If yes, please explain how non-official data is distiguished for offical data (e.g. using a different section of the portal or tags) 
* And please provide a URL to an example of a non-official dataset on the portal ";new question;new question;Change;Yes;Data from the Center for Research in the Non-Profit Sector (https://data.gov.cz/datov%C3%A1-sada?iri=https%3A%2F%2Fdata.gov.cz%2Fzdroj%2Fdatov%C3%A9-sady% 2F44992785%2Faee8d88c79b4e167a10b57c0ce827ec5), data from research organization TamTamResearch (https://data.gov.cz/datov%C3%A1-sada?iri=https%3A%2F%2Fdata.gov.cz%2Fzdroj%2Fdatov%C3%A9 -sady%2F65993390%2F1087749998), data from the CEF Telecom STIRData project (https://data.gov.cz/datov%C3%A1-sada?iri=https%3A%2F%2Fdata.gov.cz%2Fzdroj%2Fdatov %C3%A9-sets%2F00216208%2Fe9a83e226dc746c02dd05aa4688359ad). REVISION: It is possible to publish non-official datasets, but we do not allow anyone other than the dataset provider to modify or change official datasets. So it's aligned with PT7 if we correctly understood the question.
PT40;"Does the national portal allow users to see what data exists but cannot be made available as open data?

For Explanation:
* If yes, please (1) provide the URL to an example and (2) briefly describe the approach used to ensure this transparency.";yes;See the Analysis of the requirements from the Open Data Wishlist where the required data were according to the possibility of their publication in the open data form divided into five categories - https://opendata.gov.cz/dokumenty:analýza-opendata-wishlist.;Complement;;This information is part of the requested data metadata, which is publicly accessible on the portal. The information also states if the data cannot be published for legislative reasons. An analysis of whether or not the data can be opened and for what reasons is regularly carried out by the national team or the legal department. See for example: https://data.gov.cz/n%C3%A1vrh-na-datovou-sadu-k-otev%C5%99en%C3%AD?iri=https%3A%2F%2Fdata.gov.cz %2Fsource%2Fsubstance%C4%9Bty-for-data-to-open%C5%99en%C3%AD%2FR1.
PT41;"Does the national portal have a strategy to ensure its sustainability?

For Explanation:
* If yes, please (1) provide the URL to this document and (2) describe the main measures to keep the portal running in the long-term and continue to serve its audience";new question;new question;Change;Yes;"Emphasis on maintaining the national portal and its development is part of both the Information Concept of the Czech Republic (https://digitalnicesko.gov.cz/vize/#ctyri-pilire-digitalniho-ceska) and the new Strategy for Data Management of Public Sector for the years 2024-2030 , which commits the Digital and Information Agency to the operation and development of the national portal and ensuring its financing while maintaining the functionalities necessary for
ensuring the quality of published open data and user comfort at
search and use of open data (see https://data.gov.cz/přílohy/články/projekt-DIA-pomože-úřadům-zlepšit-správu-dat/Strategie%20pro%20správu%20dat%20ve%20VS.pdf). This is supported by the legislative convention of the national portal in the Act 106/1999 Coll. Failure to maintain it would thus be a violation of the law."
PT42;"Is your national portal active on social media? 

For Explanation:
* If yes, please provide the URL(s) to your social media accounts. ";yes;"The National Open Data Team that manages the Portal, also manages the Twitter account @otevrenadata.
";Complement;;The National Open Data Team that manages the portal, also manages the X accout @otevrenadata.
PT43;"Are the portal’s source code and relevant documentation and artefacts made available to the public (e.g. on platforms such as GitHub or GitLab)?

For Explanation:
*If yes, please provide the (1) platform name and (2) the URL to the portal’s account on this platform.";yes;GitHub, see here: https://github.com/datagov-cz/nkod.;Confirm;;
PT44;"Do you monitor the characteristics of the data published on the portal, such as the distribution across categories, static vs. real-time data and how these change over time?

For Explanation:
* If yes, please provide the direct-URL to this feature";yes;The dashboards with characteristics of the published data (quality, distributions, data services, licences) are here: https://oha01.mvcr.gov.cz/kibana/app/dashboards#/view/43389e30-3335-11ec-aeb4-71177d02ba9a?_g=(filters:!()). Moreover, there are dashboards specifically dedicated to the individual data providers that show changes in time. See for example the Czech Statistical Office: https://oha01.mvcr.gov.cz/kibana/app/dashboards#/view/77aa5da0-721b-11ec-bbef-ab0fe51320ee?_a=(filters:!((query:(match_phrase:('http:%2F%2Fwww.w3.org%2Fns%2Fdqv%23computedOn.keyword':'https://rpp-opendata.egon.gov.cz/odrpp/zdroj/org%C3%A1n-ve%C5%99ejn%C3%A9-moci/00025593')))));Confirm;;
PT45;"Does this monitoring enable the portal team and/or data providers to take action to improve their performance on the national portal?

For Explanation:
* If yes, please (1) explain how and (2) if applicable provide the direct-URL to this feature.";yes;All dashboards monitoring the quality of data and metadata are available to both the Team and data providers. The Team regularly monitors dashboards and communicate irregularities to data providers, especially to members of the Open Data Working Group, and urges them to improve their performance.;Complement;;All dashboards monitoring the quality of data and metadata are available to both the Team and data providers. See for example https://oha01.dia.gov.cz/kibana/app/dashboards#/view/77aa5da0-721b-11ec-bbef-ab0fe51320ee?_g=(filters:!(),refreshInterval:(pause:!t,value:0),time:(from:now-1y%2Fd,to:now-1d%2Fd)). The Team regularly monitors dashboards and communicates irregularities to data providers, especially to members of the Open Data Working Group, and urges them to improve their performance. The results of the biggest providers are also published as a part of the Annual Report of the State of Open Data in the more comprehensible form - see p. 53 https://data.gov.cz/přílohy/výroční-zprávy/Výroční%20zpráva%20o%20stavu%20otevřených%20dat%20v%20České%20republice%20za%20rok%202022.pdf.
Q1;"Is there a pre-defined approach to ensure that metadata is kept up-to-date?

For Explanation:
* If yes, please briefly describe your approach.";yes;"Responses to reviewer:

There is no mandatory part of the metadata record that would have to be updated when the data is updated. However, the quality of all metadata records can be monitored directly on the Open Data Portal, through which the Open Data Team informs the providers of discrepancies. The information on the status of the metadata is then further compiled in the Annual Open Data Status Report (see https://data.gov.cz/p%C5%99%C3%ADlohy/v%C3%BDro%C4%8Dn%C3%AD-zpr%C3%A1vy/V%C3%BDro%C4%8Dn%C3%AD%20zpr%C3%A1va%20o%20stavu%20otev%C5%99en%C3%BDch%20dat%20v%20%C4%8Cesk%C3%A9%20republice%20za%20rok%202022.pdf), which is reported directly to government, putting pressure on providers to ensure that the quality of the data and metadata is as high as possible and regularly updated. In addition, the most important providers are part of the Open Data Working Group under the Government's Information Society Council ""RVIS"". At all meetings of the group, which are led by the national Open Data Team, they are informed of the need to regularly update metadata and the data itself (meetings are held 4 times a year, see RVIS Annual Report where the emphasis on metadata is specifically mentioned https://www.vlada.cz/assets/ppov/rvis/vyrocni_zpravy/Zprava-o-cinnosti-RVIS-od-1--1--do-31--12--2022.pdf ).";Confirm;;
Q2;"What percentage of the metadata on the national portal is obtained from the source automatically, rather than edited manually? 

For Explanation:
* Please describe (1) the workflows you have to automate the harvesting of metadata and (2) for which types of data these apply to";new question;new question;Change;100 %;The second option for metadata registration for larger or more advanced providers is to use a local catalog. It can be implemented as any software, but the condition for its use with the national portal is compliance with DCAT-AP-CZ, which is also used by the national portal. Such a local catalog is registered only once using one data message, and then all metadata changes take place only in the local catalog. The national catalog then harvests the local catalog at regular intervals (approx. once every 24 hours) - it reads the metadata records and forms their image in the national catalog.
Q3;"What is the average delay from the moment the metadata describing a dataset is updated at the source, and the moment the change is visible on the portal?

For Explanation:
* Please explain the approach for updating metadata in a timely manner";new question;new question;Change;Within one day;The National Catalog harvests metadata from data providers at regular intervals (approx. once every 24 hours) so every change at the source is visible on the Portal within 24 hours.
Q4;"Do you undertake efforts to ensure that published data covers the full period from when it was first published until today, for example,the complete time series?

For Explanation:
* If yes, please explain the measures in place to ensure complete series of datasets";new question;new question;Change;Yes;"The national portal enables the registration of so-called data series, which cover a larger number of data sets that are connected by connections. The context can be temporal (budget in years), spatial (lists of streets in municipalities) or thematic (data sets from one system). Examples of data series are: 
Fiscal outlook - https://data.gov.cz/datov%C3%A1-sada?iri=https%3A%2F%2Fdata.gov.cz%2Fzdroj%2Fdatov%C3%A9-sady%2F00006947%2F42e270cd87956120340801cfa2f74af9; ARES - Administrative register of economic entities - https://data.gov.cz/datov%C3%A1-sada?iri=https%3A%2F%2Fdata.gov.cz%2Fzdroj%2Fdatov%C3%A9-sady%2F00006947 %2F4e7b6c4003ae1079dda2b7a56c93d248, Municipal monitoring - https://data.gov.cz/datov%C3%A1-sada?iri=https%3A%2F%2Fdata.gov.cz%2Fzdroj%2Fdatov%C3%A9-sady%2F00006947% 2Fd0fdd7b50715c7963bd3777c8484fb1a."
Q5;"Have you implemented the DCAT-AP High Value Datasets (semiceu.github.io) tag to denote the High-Value Datasets in your (national) open data portal(s)?

For Explanation:
* If yes, please specify how and highlight challenges if any.
* If you are an EFTA or a candidate country to the EU, please select 'not applicable'.";new question;new question;Change;Yes;There were no major challenges, the process was quite straight-forward. The only minor challenge was with the HVD category code-list which was insufficient at first and only updated in June 2024 to include everything necessary for proper HVD reporting. This has delayed us as we needed to include this information in out DCAT-AP-CZ specification.
Q6;"Besides the DCAT-AP tag mentioned above, have you implemented any other measures to ensure that high-value datasets ((EU) 2023/138) are interoperable with datasets of other country?

For Explanation:
* If yes, please specify how and highlight challenges if any.
* If you are an EFTA or a candidate country to the EU, please select 'not applicable'.";new question;new question;Change;Yes;The National Open Data Team in the context of HVD consulted national processes with Slovakia - in the case of INSPIRE data in November 2023 at the INSPIRUJME
Q7;"Do you monitor the quality of the metadata available on your portal?

For Explanation:
* If yes, please briefly explain how this monitoring takes place. 
* If applicable, please provide the URL to this monitoring mechanism.";yes;We monitor the metadata quality on the National Open Data Portal. The mechanism of the metadata quality measurements computed using the specific data representation is described here: https://www.sciencedirect.com/science/article/abs/pii/S1570826818300532?via%3Dihu. The results of monitoring are available in detail here: https://opendata.gov.cz/statistika:datova-kvalita and in the form of dashboards here: https://data.gov.cz/datov%C3%A1-kvalita/#n%C3%A1hled-na-dashboard-nkod.;Confirm;;
Q8;"Do you publish information on the quality of the metadata available on the portal?

For Explanation:
* If yes, please provide the URL to this section. ";yes;The metadata quality information is displayed on the National Open Data Portal here - https://opendata.gov.cz/statistika:datova-kvalita - links to CSV files included. In addition, these metrics are included in the SPARQL endpoint of the portal and they are also part of the UI for each individual metadata record in the Portal. Moreover, both publishers and users can check the metadata quality through dashboards for better undesrtanding of potential deficiencies here: https://oha01.mvcr.gov.cz/kibana/app/dashboards#/view/43389e30-3335-11ec-aeb4-71177d02ba9a?_g=(filters:!()).;Confirm;;
Q9;"Do you publish guidelines (e.g. written materials) and have tools in place, to assist publishers in publishing high-quality metadata? 

For Explanation:
* If yes, please (1) briefly describe this material and (2) provide the URLs to these materials and/or tools.";new question;new question;Change;Yes;The National Open Data Team has prepared guidelines for ensuring high-quality metadata. For example, in the form of general e-learning for cataloging and proper metadata management (https://data.gov.cz/vzdělávání/e-learning/katalogizace-otevřených-dat/), instructions for detailed metadata settings (https://opendata.gov. cz/cinnost:priprava-katalogizacniho-zaznamu?s[]=metadata), as well as instructions for determining the license, including a decision-making diagram (https://opendata.gov.cz/cinnost:stanoveni-podminek-uziti?s[]=licence ), or on form of sharing bad practices in the field of metadata (https://opendata.gov.cz/%C5%A1patn%C3%A1-praxe:start?s[]=praxe). It also regularly monitors and evaluates the quality of metadata at the working group, which motivates providers to improve the quality of metadata. At the same time, it conditions the registration of metadata itself by meeting qualitative requirements in accordance with the DCAT-AP-CZ standard, which is also mandatory by law. Providers can verify correctness with respect to the standard in the validator, which alerts them to errors and suggests a solution (https://datagov-cz.github.io/lkod-validator/).
Q10;"Do you set any standards on metadata quality that data providers must abide by (e.g. on the use of licence, minimum metadata describes, use of certain DCAT-AP properties, etc)

For Explanation:
* If yes, please describe the standards you have in place, i.e. what is minimum information the metadata should describe ";new question;new question;Change;Yes;The basis is the DCAT-AP-CZ standard, which all providers must comply with when cataloging open data. Selected metadata properties are defined as mandatory in the standard (name, description, provider, topic, update frequency, keywords, related geographic area, specification of terms of use, access URL). The amount of mandatory properties for HVD is extended by requirements from the implementing regulation. Metadata records that do not comply with the standard are not displayed in the national portal. The Czech open fromal standard for catalogs is here: https://ofn.gov.cz/dcat-ap-cz-rozhran%C3%AD-katalog%C5%AF-otev%C5%99en%C3%BDch-dat/2024 -05-28/.
Q11;"Do your open data publication/licensing guidelines provide recommendations for the use of Creative Commons (CC) licences, specifically CC BY 4.0 and CC0?

For Explanation:
* If yes, is this mandatory (e.g. prescribed by law) or recommended?
* Please provide a URL link to the guidelines";new question;new question;Change;Yes;Yes, it is mandatory to use CC BY 4.0 or CC0. For guidelines see https://opendata.gov.cz/cinnost:stanoveni-podminek-uziti.
Q12;What percentage of the open data available on the national portal is accompanied by licensing information? ;>90%;N/A;Confirm;;N/A
Q13;How many different licences are used on your portal?;>10;N/A;Confirm;;N/A
Q14;"Besides providing guidelines, are there regular activities conducted or mechanisms in place to  assist publishers in supplying high-quality datasets (metadata quality and data quality)?

For Explanation:
* If yes, please explain the support you provide?";new question;new question;Change;Yes;Data and metadata quality monitoring takes place at regular (four times a year) meetings of the Open Data Working Group. Furthermore, monitoring is part of the annual report on the state of open data, which is publicly available. Bad practice in this area is generally written on the portal, and good practice is shared in the form of stories of selected providers as an article or interview, which are also published on the portal. Examples of good and bad practice are also presented at the annual annual conference organized by the national team. Given that the quality of open data is often related to the quality of public sector data in general, an activity aimed at improving data management and sharing was launched this year, where webinars are held every month and tutorials on how to ensure high-quality data management are also added to the portal.
Q15;"Does the national portal follow the DCAT-AP framework or, if not, are standards in place to ensure interoperability with DCAT-AP?

For explanation:
* If the  portal follow the DCAT-AP framework, please describe how compliance with DCAT-AP is ensured
* If the portal does not follow the DCAT-AP framework, please describe how interoperability with DCAT-AP is ensured";new question;new question;Change;Yes;Only DCAT-AP-CZ (and threfore DCAT-AP) compliant datasets are harvested.
Q16;What is the percentage of metadata on your portal that is DCAT-AP compliant, in terms of mandatory classes? (agent, catalogue, dataset, literal, resource);>90%;;Confirm;;N/A
Q17;What is the percentage of metadata on your portal that uses DCAT-AP recommended classes? (category, category scheme, distribution, licence document);>90%;;Confirm;;N/A
Q18;What is the percentage of metadata on your portal that uses DCAT-AP optional classes? (catalogue record, checksum, document, frequency);>90%;;Confirm;;N/A
Q19;"Is there a national extension of the DCAT-AP standard developed for your country? 

For Explanation:
* If yes, please (1) briefly outline the reasons for this decision, and (2) what the main differences between the national variation and the EU standard are.
* If applicable, please provide the URL to the documentation of the national DCAT-AP extension.";yes;"Yes, it can be found online here: https://ofn.gov.cz/rozhraní-katalogů-otevřených-dat/2021-01-11/. The main reason was standardization of data opening process and support for publications of high-quality metadata and data interoperability. The main differences are:
1. Terms of use of distributions of datasets are structured in a more complex way to be compliant with Czech legislation - see https://opendata.gov.cz/cinnost:stanoveni-podminek-uziti.
2. EuroVoc thesauri added explicitly for theme.
3. Czech cadastre items added explicitly for spatial coverage.";Complement;;"Yes, it can be found online here: https://ofn.gov.cz/dcat-ap-cz-rozhraní-katalogů-otevřených-dat/2024-05-28/. The main reason was standardization of data opening process and support for publications of high-quality metadata and data interoperability. The main differences are:
1. Terms of use of distributions of datasets are structured in a more complex way to be compliant with Czech legislation - see https://opendata.gov.cz/cinnost:stanoveni-podminek-uziti.
2. EuroVoc thesauri added explicitly for theme.
3. Czech cadastre items added explicitly for spatial coverage.
4. For applicableLegislation, we have additional national ELIs with national meaning."
Q20;"Do you investigate the most common causes for the lack of DCAT-AP compliance?

For Explanation:
* If yes, what are the main causes for the lack of DCAT-AP compliance?";new question;new question;Change;Yes;Considering that only DCAT-AP-CZ (and threfore DCAT-AP) compliant datasets are harvested, cases of non-compliance are reported to us by the providers themselves, or their suppliers, because the metadata is not displayed in the national portal. The most common reason is suppliers' lack of familiarity with the DCAT-AP standard, as well as the inconsistency of the cataloging of data provided under the INSPIRE directive with DCAT-AP (while some data sets are similar or identical in terms of content). To help ensure compliance, we have developed a validator - https://datagov-cz.github.io/lkod-validator/, and we provide regular consultations.
Q21;What is the percentage of datasets whose metadata provides a reference to where the data can be downloaded, or its API accessed (“download-URL” in the DCAT-AP specification)?;>90%;N/A;Confirm;;N/A
Q22;What is the percentage of datasets whose metadata provides a reference to a web page from where the data can be accessed (“access-URL in the DCAT-AP specification)?;>90%;N/A;Confirm;;N/A
Q23;"Do you use a model (such as the 5-Star Open Data or FAIR) to assess the quality of deployment of data in your country?

For Explanation:
* If yes, please briefly describe.";yes;Given a dataset, we asses wether it uses non-linked open format (CSV, XML, JSON, ...) or is linked data (RDF and outgoing links). Findability is assessed by the dataset's presence in the National Patalog. Accessibility is given by publication of the dataset on the Web and usage of open formats, interoperability is assessed by usage of DCAT-AP for metadata and open formal norms (open specifications) for data. Reusability is assessed by the quality of data documentaion and machine readable schemas.;Confirm;;
Q24;"Do you conduct activities to promote and familiarise data providers with ways to ensure higher quality data?

For Explanation:
* If yes, please briefly describe.";yes;The National Open Data Team regularly organizes annual conference - several lectures was through years dedicated to linked data and higher quality data. Open data publishers can also find relevant guidelines online (https://opendata.gov.cz/standardy:technicke-standardy-pro-vytvareni-datovych-schemat-na-stupni-5?s[]=linked) or participate in the workshop (https://data.gov.cz/vzdělávání/on-line/#propojená-data). Moreover, the Open Data Team held consultations focused, among other things, on this topic. There were 27 consultations in total held in 2022.;Complement;;"Data quality monitoring takes place at regular (four times a year) meetings of the Open Data Working Group. Bad practice in this area is generally written on the portal, and good practice is shared in the form of stories of selected providers as an article or interview, which are also published on the portal. Examples of good and bad practice are also presented at the annual conference organized by the national team. Moreover, publishers cas also find relevant guidelines online (https://opendata.gov.cz/standardy:technicke-standardy-pro-vytvareni-datovych-schemat-na-stupni-5?s[]=linked or https://www.youtube.com/watch?v=L8XYAbVBH6U). 
Given that the quality of open data is often related to the quality of public sector data in general, an activity aimed at improving data management and sharing was launched this year, where webinars are held every month and tutorials on how to ensure high-quality data management are also added to the portal (ttps://data.gov.cz/správa-dat/)."
Q25;What percentage of datasets are made available under an open licence? ;>90%;N/A;Confirm;;N/A
Q26;What percentage of licences are provided in a structured data format?;>90%;N/A;Confirm;;N/A
Q27;What percentage of datasets are provided in an open and machine-readable format?;>90%;N/A;Confirm;;N/A
Q28;What percentage of datasets consistely use Uniform Resource Identifiers?;<10%;N/A;Confirm;;N/A
Q29;What percentage of datasets link to other renowned sources to provide additional context for the users, e.g. in a linked data fashion?;<10%;N/A;Confirm;;N/A
I1;"Do you have a definition of open data reuse in your country?
 
For Explanation:
* If yes, please specify it.";yes;According to the documentation attached to the amendment to the Act No. 106/1999 Coll. re-use can be defined as the development of applications and services based on open data that are machine readable, with available metadata and legal openness. See https://www.psp.cz/sqw/text/tiskt.sqw?O=9&CT=222&CT1=0.;Confirm;;
I2;"Are there any processes in place to monitor the level of reuse of your country's open data?
 
For Explanation:
* If yes, please (1) briefly describe these processes and (2) provide the URLs to support the answer.";yes;"In 2022 the National Open Data Team prepared an analysis for identification the level of the re-use of open data as a part of the analysis of the open data impact in the Czech Republic. There were at least 69 applications, portals and services based on open data identified. Moreover, according to the questionnaire sent out to all open data providers in December 2022, 15 (of a total of 56 that participated
in the questionnaire) providers regularly monitor the re-use of their open data. Results are published in the respective Annual Reports on the State of Open Data in the National Open Data Portal (https://data.gov.cz/výroční-zprávy/).";Complement;;The National Open Data Team annually prepares an analysis of the re-use of open data as a part of the analysis of the open data impact in the Czech Republic. At least 78 applications, portals and services based on open data were identified. Moreover, according to thequestionnaire sent out to all open data providers at the beginning of  2024, 22 (of a total of 67 that participated in the questionnaire) providers regularly monitor the re-use of their open data. Results for the year 2023 will be published in the Annual Report on the State of Open data on the national portal during the summer 2024.  Examples of 27 applications can be found on the  national portal https://data.gov.cz/aplikace.
I3;"Are there any activities in place to encourage public bodies to monitor the reuse of their own published data (e.g. incentives or obligations in place for public bodies or civil servants of national government)?
 
For Explanation:
* If yes, please (1) briefly describe these activities/incentives and (2) provide the URLs to support the answer.";yes;"The National Open Data Team strongly encourage all public bodies to monitor the re-use of the data. Monitoring is required primarily for the Open Data Working Group members that subsequently have to report the results to the National Open Data Team through annual questionnaire about the state of open data in the Czech Republic. The results are available through the respective Annual Reports on the State of Open Data here: https://data.gov.cz/výroční-zprávy/.
";Complement;;The National Open Data Team strongly encourage all public bodies to monitor the re-use of the data. Monitoring is required primarily for the Open Data Working Group members who subsequently have to report the results to the National Open Data Team through an annual questionnaire about the state of open data in the Czech Republic. The results will be available through the respective Annual Reports on the State of Open Data later in the summer 2024 here: https://data.gov.cz/výroční-zprávy/. There is a new feature on the national data portal where anyone can suggest an application that uses the open data. We are encouraging all our providers to upload their re-use solutions and applications they have for users. https://data.gov.cz/aplikace
I4;"Does your country have processes in place to monitor and measure the level of reuse of high-value datasets ((EU) 2023/138)?
 
For Explanation:
* If yes, please specify how and highlight challenges if any. 
* If you are an EFTA or a candidate country to the EU, please select 'not applicable'.";new question;new question;Change;Yes;We have added a new specification that indicates the HVD datasets into the technical standard (https://data.gov.cz/ofn/) that is obligatory for all providers and that allow us to indetify what data are HVD. As all the applications in the catalogue (list of applications: https://data.gov.cz/aplikace) on the data portal are connected to the specific data set we can monitor also the reuse of the high-value datasets.   
I5;"Has your government specified what 'impact of open data' means (e.g. in a strategy document)?
 
For Explanation:
* If yes, how do you define the impact of open data in your country? 
* If possible, please provide a URL to a public document describing it.";yes;"The definition of the impact of open data is described in the Methodology for Developing an Analysis of the Impact of Open Data in the Czech Republic. The document was prepared as one of the objectives of the project KODI financed from the Operational Programme Employment and is published online https://data.gov.cz/kodi/. 
Impact of open data - Changes of the established ways of behavior and attitudes in the society through the values and services created on the basis of open data and their gradual implementation into the life of the society.";Confirm;;
I6;"Do you have a methodology in place to measure the impact of open data in your country?
 
For Explanation:
* If yes, please briefly describe the key points of this methodology.";yes;The methodology is based on an indirect approach that is based on the identification of the value of open data across the whole of Czech society and takes into account various aspects such as the quality of open data, the existence of applications, data enrichment or benefits for providers. ;Confirm;;
I7;"Is there collaboration between government and civil society or academia to create open data impact in your country?

For Explanation:
* If yes, please provide an example
* If possible, URLs to such projects and collaborations.";yes;The collaboration between the government and the academia is embodied in the KODI project led by the National Open Dat Team and financed from the Operational Programme Employment where the majority of the team comes from the academic sector (ex. Faculty of Mathematics and Physics at the Charles University, Faculty of Law at the Masaryk University, or the Prague University of Economics and Business). All objectives of the project are available o the Portal:  (see Objective C3V11). Moreover there is a regular cooperation between the National Open Data Team and the NGO OSF Prague at the programme Our State, Our Data (see https://osf.cz/programy/ziva-demokracie/nas-stat-nase-data/) that supports the open data re-use in different projects and activities across the civil society in the Czech Republic.;Complement;;The collaboration between the government and academia is embodied in the NPO project (Czech version of the Recovery and Resilience Facility project) led by the Data Team until 2025. This project covers the development of the National open data catalogue as well as the data management activities. In the project participate representatives e.g. from Faculty of Mathematics and Physics at Charles University, Faculty of Law at Masaryk University, or Prague University of Economics and Business. Moreover, there is regular cooperation between the National Open Data Team and several civil sector communities e.g. https://www.czechitas.cz/, https://www.opencontent.cz/ as well as the informal community of Open Data Limo.
I8;"Have any public bodies in your country launched or performed any activities in the past year to understand which and how (open) datasets are reused?

For Explanation:
* If yes, which of the following activities?
* Multiple answers are possible.";yes;N/A;Confirm;;N/A
I8-a;Automated feedback mechanisms tracking users´ access to datasets;new question;new question;Change;Yes;"The questionnaire for data providers sent out annually by the National Open Dat Team (Digital and Information Agency) revealed that at least the following offices use an automated feedback mechanism:
Agency for Nature and Landscape Protection
Czech Trade Inspection 
Czech Social Security Administration
Czech School Inspection
Liberec region
Pilsen Region
City of Prague
City of Bohumín
National Library
City of Brno
Office of Industrial Property
Czech telecommunication office"
I8-b;Surveys;new question;new question;Change;Yes;The Digital and Information Agency does annually a survey among the open data providers asking also on examples of reuse and also how and which datasets the users use. The summary of this survey will be published in the summer of 2024 in the Annual Report on the State of Open Data. In addition, the Czech Land Surveying and Cadastral Office also conducts a monitoring survey among users.
I8-c;Interviews/workshops with reusers;new question;new question;Change;Yes;"The questionnaire for data providers sent out annually by the National Open Dat Team (Digital and Information Agency) revealed that at least the following offices do interview/workshops with reusers:
Czech Trade Inspection 
Digital and Information Agency
Czech Statistical Office
Pilsen Region
Ministry of Health
Region Hradec Králové
City of Prague
City of Brno"
I8-d;Other;new question;new question;Change;Yes;Some the public bodies (municipalities, Czech Supreme Audit Office) organize hackathons to secure direct access to information about their data reuse cases and have the opportunity to monitor the sustainability of these projects.
I9;"Have any public bodies in your country launched or performed any activities in the past year to better understand reusers' needs in order to further stimulate the reuse of open data?

For Explanation:
* If yes, which of the following activities have been performed? Please describe how the activity has helped you better stimulate reuse.
* Multiple answers are possible.";yes;N/A;Confirm;;N/A
I9-a;Regular feedback sessions with portal users ;new question;new question;Change;Yes;"The City of Prague organizes informal meetings with users of the portal and data once or twice a year. For example, thanks to the feedback they decided to unite several information websites about Prague data and reuse cases into one website to make it easier for users to find their way around and to be motivated to use the data.
Similarly, informal meetings are organized by the Digital and Information Agency. The ideas are than part of the development of the national portal. At the same time, DIA collects information for other public bodies as well.
Every year, the Region Hradec Králové organizes a hackathon for students and users to get feedback, at the last one was even created an application that facilitates the reuse of data on the portal and was directly implemented on the portal."
I9-b;Social media sentiment analysis ;new question;new question;Change;Yes;"Digital and Information Agency follows the analysis of X account @otevrenadata where we communicate changes on the portal and we also called for participation in research for portal users.
Feedback from social networks (X) is also collected by the Ministry of Health, which regularly informs about currently published data and opens a discussion about what other items users would need (for example, data on diabetes or pregnancy). At the same time, they also present their own visualizations and get feedback on their quality and possibilities for further use."
I9-c;Other;new question;new question;Change;Yes;"The Open Data Team annually conducts a survey among the providers of the National open data catalogue. The providers are asked If and how they communicate with their users. Most of the providers do communicate with their users (13 out of 65). A most common way of communication is individual communication. Many of the regional providers also organize annual hackatons (usually together with the universities or NGOs) where they meet with the community of the users:  #HACKUJBRNO 2024, https://www.datakhk.cz/pages/hackathony, https://www.sitport.cz/kalendar-akci/infis-hackathon/, https://hackathon.upol.cz/. There is also annual national hackaton where winners from the regional ones compete: Hackathon veřejné správy 5.0 (hackujstat.cz).
Furthermore, the Ministry for Regional Development and the Ministry of Industry and Trade are collecting suggestions for opening data from users. The City of Brno, in turn, supports reuse by city hall employees by organizing internal workshops and training."
I10;"Have any public bodies in your country developed any systematic way of gathering reuse cases?

For Explanation:
* If yes, please provide a brief explanation of the process: How does the gathering happen? ";yes;The National Open Data Team from the Digital and Information Agency every year carries out a survey among open data providers as a part of the open data impact measurement and the preparation of the Annual Report on the State of Open Data to monitor the re-use cases. Moreover, as shown from the regular annual survey between data providers, almost 10 providers (from 56 respondents) gather re-use cases or directly participate in the development of applications or portals working with their data.;Complement;;"The National Open Data Team from the Digital and Information Agency every year carries out a survey among open data providers as a part of the open data impact measurement and the preparation of the Annual Report on the State of Open Data to monitor the re-use cases. Moreover, as shown from the regular annual survey between data providers, almost 18 providers (from 65 respondents) gather re-use cases. 14 of the providers claim that they have initiated or participated in the development of applications or portals working with their data. 
Moreover, the National Open Data Team gathers reuse cases directly through national portal where users can register reuse cases, link them to used dataset registred in the portal and publish them in the catalogue of applications that is available th the portal itself at https://data.gov.cz/aplikace."
I11;"Are there any public bodies in your country that have developed a systematic ways of classifying the gathered reuse cases?

For Explanation:
* If yes, please provide a brief explanation of the process: According to which categories are reuse cases classified (e.g. by policy field)?";yes;The National Open Data Team from the Digital and Information Agency in the open data impact measurement classifies the re-use cases into the following categories: Information providing, New services and products,  Media portals and Others. ;Complement;;The National Open Data Team from the Digital and Information Agency in the open data impact measurement classifies the re-use cases into the following categories: Information providing, New services and products,  Media portals and Others. There's also a thematic classification such as Government and public sector, Economy, Agriculture, Culture, Society, Environment etc. altogether 12 categories (from the European Vocabulary)  that is available at the catalogue of applications directly at the portal.
I12;"Is any data on the impact created by open data on governmental challenges (e.g. efficiency, effectiveness, transparency, decision-making capacity) available in your country such as from research studies, impact assessments, or other systematic investigations that quantify the results or broader effects of open data being reused?

For Explanation:
* If yes, please (1) specify what kind of data source proves this impact and (2) provide the URLs to this data.";yes;The impact of open data as a way to ensure principles of open government (opennes, transparency and activity monitoring and effectiveness) is taken into account by the impact study carried out in accordance with the Methodology for developing an analysis of the impact of open data in the Czech Republic. The methodology was updated in 2020 and now provides a more comprehensive impact assessment. The results of the study for the 2022 year are available online here: https://data.gov.cz/kodi/. However, thanks to the ongoing study, we have collected the re-use examples, see below.;Complement;;The Open Data team in previous years developed the methodology to follow and analyse the open data impact in CZ. Annually we conduct survey among the data providers as well as gather various data and information on the re-use to have the needed data for the annual report. This year's Impact Report Annual Report on the State of Open Data is still in process and will be available in the summer 2024.
I13;"Is the use of open data in your country having an impact on the efficiency and effectiveness of the government (at any level) in delivering public services? 

For Explanation:
* If yes, please provide an example of one reuse case. For this reuse case, please provide (1) a URL to the reuse case, (2) a URL to the open dataset used by the reuse case, and (3) a description of the reuse case and its impact in this sub-domain.";new question;new question;Change;Yes;"In 2023 data journalist Jan Boček from the public radio Český Rozhlas published the first series of articles on his investigation of the illegal redistribution of drugs from the pharmacies across the CZ worth 20 million EUR. Most of the drugs ended up in the pharmacies abroad. This investigation was conducted based on analysing the open data of the State Institute of Drug Control which led to uncovering the whole illegal business. There were several steps taken to prevent this practice from the part of the Ministry of Health and penalties were given. Nevertheless, the case is not closed yet. 
https://www.irozhlas.cz/zpravy-domov/leky-leciva-nelegalni-reexport-sukl-symbicort-turbuhaler_2305150500_jab 
https://www.irozhlas.cz/zpravy-domov/leky-leciva-nelegalni-reexport-sukl-fmd-kody-slovensko-sukl_2305170500_jab 
https://www.irozhlas.cz/zpravy-domov/kam-mizi-leky-dil-treti-sukl-v-rozporu-se-zakonem-nezverejnuje-data-ktera_2305190500_jab 
https://www.irozhlas.cz/zpravy-domov/leky-leciva-reexport-preprodej-dostupnost-vypadky-sukl_2403130500_jab 
https://data.gov.cz/datov%C3%A9-sady?poskytovatel=https%3A%2F%2Frpp-opendata.egon.gov.cz%2Fodrpp%2Fzdroj%2Forg%C3%A1n-ve%C5%99ejn%C3%A9-moci%2F00023817&kl%C3%AD%C4%8Dov%C3%A1-slova=dod%C3%A1vky%20p%C5%99%C3%ADpravk%C5%AF 
https://data.gov.cz/datov%C3%A9-sady?poskytovatel=https%3A%2F%2Frpp-opendata.egon.gov.cz%2Fodrpp%2Fzdroj%2Forg%C3%A1n-ve%C5%99ejn%C3%A9-moci%2F00023817&kl%C3%AD%C4%8Dov%C3%A1-slova=LEK-13 
https://data.gov.cz/datov%C3%A9-sady?poskytovatel=https%3A%2F%2Frpp-opendata.egon.gov.cz%2Fodrpp%2Fzdroj%2Forg%C3%A1n-ve%C5%99ejn%C3%A9-moci%2F00023817&kl%C3%AD%C4%8Dov%C3%A1-slova=REG-13"
I14;"Is the use of open data in your country having an impact on transparency and accountability of public administrations?

For Explanation:
* If yes, please provide an example of one reuse case. For this reuse case, please provide (1) a URL to the reuse case, (2) a URL to the open dataset used by the reuse case, and (3) a description of the reuse case and its impact in this sub-domain.";new question;new question;Change;Yes;"The Supreme Audit Office conducts an Annual Report that gives a complex overview of persistent systemic problems the Czech state faces. The Supreme Audit Office evaluates how successful the state is when solving these issues. The Office mainly uses open data for their controls made over the year in state offices and bodies. Eg. for the evaluation of the state of digitalization they use this dataset:  https://data.gov.cz/datov%C3%A1-sada?iri=https%3A%2F%2Fdata.gov.cz%2Fzdroj%2Fdatov%C3%A9-sady%2F17651921%2Ff50cfdd635e1c37698ebb9c50c881d4c.
For the Annual Report from the 2023 see https://www.nku.cz/assets/publikace-a-dokumenty/vyrocni-zprava/vyrocni-zprava-nku-2023.pdf."
I15;"Is the use of open data in your country having an impact on policy-making processes (i.e. are public administrations making use of the data as evidence for the problem identification and policy formulation)? 

For Explanation:
* If yes, please provide an example of one reuse case. For this reuse case, please provide (1) a URL to the reuse case, (2) a URL to the open dataset used by the reuse case, and (3) a description of the reuse case and its impact in this sub-domain.";new question;new question;Change;Yes;The Czech Society for Cardiology made a significant revision of the National Plan for Cardiology  (https://www.nzip.cz/clanek/1652-narodni-kardiovaskularni-plan) based on the prediction that was an outcome of the analysis of the available data. It seems that cardiovascular disease is not only a problem of bad lifestyle but is connected to a broader problem that the new plan reflects.  For the analysis, they used open datasets e.g. about the deaths caused by diseases of the circulatory system: https://www.nzip.cz/datova-sada/103
I16;"Is the use of open data in your country having an impact on decision-making processes (i.e. are public administrations making use of the data as evidence to be included in their daily operations)?

For Explanation:
* If yes, please provide an example of one reuse case. For this reuse case, please provide (1) a URL to the reuse case, (2) a URL to the open dataset used by the reuse case, and (3) a description of the reuse case and its impact in this sub-domain.";new question;new question;Change;Yes;"The Digital and Information Agency (DIA) coordinates other public bodies in the process to fulfil the new Digital Service Rights Act - the obligation to provide all state services to citizens in digital form. Thanks to open data about the digitization of the services, DIA can 
adapt activities to fulfill the law according to the current status quo. DIA uses data in the form of visualisation that is also available to the public (https://app.powerbi.com/view?r=eyJrIjoiZmIzYWY0ZjEtYTA0ZS00ZDZmLTkyY2UtMzFiODFjOTg5Yzk4IiwidCI6IjFkYjQxZDZmLTFmMzctNDZkYi1iZDNlLWM0ODNhYmI4MTA1ZCIsImMiOjh9). This data is also widely used by the Supreme Audit Office to verify the data given by the official bodies during the audits. For data see: https://data.gov.cz/datov%C3%A1-sada?iri=https%3A%2F%2Fdata.gov.cz%2Fzdroj%2Fdatov%C3%A9-sady%2F17651921%2F26a0dc31b72e0fbdf5bc9844c8666a66"
I17;"Is any data on the impact created by open data on social challenges (e.g. inequality, healthcare, education) available in your country such as from research studies, impact assessments, or other systematic investigations that quantify the results or broader effects of open data being reused?

For Explanation:
* If yes, please (1) specify what kind of data source proves this impact and (2) provide the URLs to this data.";yes;The social impact of open data is taken into account by the impact study carried out in accordance with the Methodology for developing an analysis of the impact of open data in the Czech Republic. The methodology was updated in 2020 and now provides a more comprehensive impact assessment. The results of the study for the 2022 year are available online here: https://data.gov.cz/kodi/. However, thanks to the ongoing study, we have collected the re-use examples, see below.;Complement;;The social impact of open data is taken into account in the Annual Report on the State of Open Data. This report is based on the methodology that was developed by the Open Data team in previous years and has been revised according to the needs. This report provides a comprehensive assessment of the open data impact. However, this report is currently still in process and will be available in the summer 2024.
I18;"Is the use of open data in your country having an impact on society´s ability to reduce inequality and better include minorities, migrants, and/or refugees? 

For Explanation:
* If yes, please provide an example of one reuse case. For this reuse case, please provide (1) a URL to the reuse case, (2) a URL to the open dataset used by the reuse case, and (3) a description of the reuse case and its impact in this sub-domain.";new question;new question;Change;Yes;"The Ministry of Labor and Social Affairs publishes the Social Exclusion Index (https://www.socialni-zaclenovani.cz/index_socialniho_vylouceni/) based on the analysis of (and not only) available open data. This determines the area where the activities of the Agency for Social Inclusion are concentrated, which ensures support in the process of social integration of residents at risk of social exclusion (three quarters of this population group is made up of the Roma minority). The agency creates local partnerships in identified localities, on which it targets aid, including, for example, advice on drawing funds from European structural funds. 
For example, the following datasets are used to calculate the index: https://data.mpsv.cz/web/data/nezamestnanost-v-obcich-od-brezna-2014, https://data.gov.cz/datov%C3%A1-sada?iri=https%3A%2F%2Fdata.gov.cz%2Fzdroj%2Fdatov%C3%A9-sady%2F70940517%2F1122955719, https://data.gov.cz/datov%C3%A1-sada?iri=https%3A%2F%2Fdata.gov.cz%2Fzdroj%2Fdatov%C3%A9-sady%2F66002222%2F16f5cf654712a7a6f1d789a6ee5662de."
I19;"Is the use of open data in your country having an impact on issues about housing in urban areas? 

For Explanation:
* If yes, please provide an example of one reuse case. For this reuse case, please provide (1) a URL to the reuse case, (2) a URL to the open dataset used by the reuse case, and (3) a description of the reuse case and its impact in this sub-domain.";new question;new question;Change;Yes;"The City of Brno is using open data to map the brownfield locations that can be used again. These spaces are usually unique due to their location in the city and are used for new town planning. 
https://data.brno.cz/datasets/016b08cbcdab46c4bd9d13dea88332f8_0/explore 
The City of Brno also monitors the current number of public housing that covers various types of housing such as social housing, shared apartments, apartments with social care, housing for disabled people as well as starting flats. This helps to allocate the free capacity and help the clients more efficiently. https://bydleni.brno.cz/
https://data.gov.cz/datov%C3%A1-sada?iri=https%3A%2F%2Fdata.gov.cz%2Fzdroj%2Fdatov%C3%A9-sady%2F44992785%2Fb31370de24b1aaf7c6f3f3711ad24f04"
I20;"Is the use of open data in your country having an impact on the issues of health and wellbeing? 

For Explanation:
* If yes, please provide an example of one reuse case. For this reuse case, please provide (1) a URL to the reuse case, (2) a URL to the open dataset used by the reuse case, and (3) a description of the reuse case and its impact in this sub-domain.";new question;new question;Change;Yes;"The Ministry of Health has launched a new National Portal of Psychiatric Care on https://psychiatrie.uzis.cz/. It gives an overview of the whole sector with detailed information on the available psychiatric care, or the quality of the health care system and basic parameters and data on inpatient and outpatient care. The goal is to create a background for working with data to optimize psychiatric care in the Czech Republic.
The portal works with various open datasets: 
https://data.gov.cz/datov%C3%A9-sady?kl%C3%AD%C4%8Dov%C3%A1-slova=psychiatrie"
I21;"Is the use of open data in your country having an impact on the society´s level of education and skills (e.g. data literacy)?

For Explanation:
* If yes, please provide an example of one reuse case. For this reuse case, please provide (1) a URL to the reuse case, (2) a URL to the open dataset used by the reuse case, and (3) a description of the reuse case and its impact in this sub-domain.";new question;new question;Change;Yes;"The open data is especially widely used on hackatons. There are several regional hackatons as well as a national one and this year several of them invited students mostly from secondary schools as well as universities.The goal is to strengthen digital skills and data literacy among secondary school and university students.
https://hpk.maleskoly.info/ 
https://www.olkraj.cz/hackathon-byl-plny-napadu-zname-nejlepsi-projekty-aktuality-12533.html 
https://hackithon.ujep.cz/ 
The winners of the regional rounds took part in the national round, which was organized by the Supreme Audit Office. The list of created applications and the data sets used is here: https://www.hackujstat.cz/."
I22;"Is any data on the impact created by open data on environmental challenges (e.g. climate change and environmental degradation, as highlighted in the Eurpean Green Deal) available in your country such as from research studies, impact assessments, or other systematic investigations that quantify the results or broader effects of open data being reused?

For Explanation:
* If yes, please specify (1)  what kind of data source proves this impact and (2) provide the URLs to this data.";yes;"There is currently a project called NERP - National Environmental Reporting Platformthat focuses on available sources of environmental data and tries to streamline their collection and processing and to analyze their impact on the social, political and legislative requirementscasued by the climate and environmental changes - https://nerp.cenia.cz/. The project will be finished in 2023.
Moreover, the environmental impact of open data is also taken into account by the impact study carried out in accordance with The Methodology for developing an analysis of the impact of open data in the Czech Republic. The results of the study for the 2022 year are available online here: https://data.gov.cz/kodi/. However, thanks to the ongoing study, we have collected the re-use examples, see below.";Confirm;;
I23;"Is the use of open data in your country having an impact on the level of protection of biodiversity (e.g. maintaining a good air and water quality)? 

For Explanation:
* If yes, please provide an example of one reuse case. For this reuse case, please provide (1) a URL to the reuse case, (2) a URL to the open dataset used by the reuse case, and (3) a description of the reuse case and its impact in this sub-domain.";new question;new question;Change;Yes;"There is an application (www.znecistovatele.cz) that shows the level of toxic pollution in various locations as well as who and what produces toxic pollution. The application is run by an influential environment protection NGO which is a driving force in the environment protection sector. The application is registered in the National Open Data Catalogue and connected to the specific datasets: https://data.gov.cz/detail-aplikace?iri=https%3A%2F%2Fdata.gov.cz%2Fzdroj%2Fregistrovan%C3%A9-aplikace%2F27 
One of the regional providers launched an application that shows the specially protected areas including protection zones, NATURA 2000 locations - bird areas, nature parks and memorial trees in the Hradec Královéa  Region. It has an especially educating impact on the public as they are more aware of the protected area and the species that live there. 
https://data.gov.cz/detail-aplikace?iri=https%3A%2F%2Fdata.gov.cz%2Fzdroj%2Fregistrovan%C3%A9-aplikace%2F17"
I24;"Is the use of open data in your country having an impact on the achievement of more environment-friendly cities (e.g., environment-friendly transport systems, waste management etc.)? 

For Explanation:
* If yes, please provide an example of one reuse case. For this reuse case, please provide (1) a URL to the reuse case, (2) a URL to the open dataset used by the reuse case, and (3) a description of the reuse case and its impact in this sub-domain.";new question;new question;Change;Yes;"There is a very useful application (https://www.kamsnim.cz/) that helps users to recycle all kinds of goods and waste properly. The application is widely used in the cities and helps the citizens to orientate in the recycling options and keeps the cities more environmentally friendly. The application uses several open datasets. The application is registered on the National Data Portal and connected to the specific datasets. In the link below you can find a link to the application as well as the datasets: 
https://data.gov.cz/detail-aplikace?iri=https%3A%2F%2Fdata.gov.cz%2Fzdroj%2Fregistrovan%C3%A9-aplikace%2F10"
I25;"Is the use of open data in your country having an impact on the fight against climate change, for example by undertaking predictive monitoring, preventive actions, or a differentiated response to connected disasters?

For Explanation:
* If yes, please provide an example of one reuse case. For this reuse case, please provide (1) a URL to the reuse case, (2) a URL to the open dataset used by the reuse case, and (3) a description of the reuse case and its impact in this sub-domain.";new question;new question;Change;Yes;"There is a portal called Facts about Climate https://faktaoklimatu.cz/ that gathers various data about the climate and environment and makes an analysis. For their analysis, the team behind the portal also uses open data e.g. https://data.gov.cz/datov%C3%A1-sada?iri=https%3A%2F%2Fdata.gov.cz%2Fzdroj%2Fdatov%C3%A9-sady%2F00020699%2F43c1c51053b19f753b1b33f748eee7e7 
Another application registered at the National Data portal and uses open datasets is Carbonfix:  https://www.carbonfix.cz/. It is an online platform that helps companies to count their carbon footprint. https://data.gov.cz/detail-aplikace?iri=https%3A%2F%2Fdata.gov.cz%2Fzdroj%2Fregistrovan%C3%A9-aplikace%2F5"
I26;"Is the use of open data in your country having an impact on the consumption of energy based on fuel and the switch to renewables? 

For Explanation:
* If yes, please provide an example of one reuse case. For this reuse case, please provide (1) a URL to the reuse case, (2) a URL to the open dataset used by the reuse case, and (3) a description of the reuse case and its impact in this sub-domain.";new question;new question;Change;Yes;Thanks to published open data on the location and quantity of Electricity producing facilities (https://data.brno.cz/datasets/a06ad6e95c4a416f9bfbfb2757a88a89_0/explore), the City of Brno found that the maximum possible potential for electricity production from photovoltaics exceeds the values
I27;"Is any data on the economic impact (e.g. GDP, employment, productivity, innovation,  new businesses created etc.) of open data available in your country such as from research studies, impact assessments, or other systematic investigations that quantify the results or broader effects of open data being reused?

For Explanation:
* If yes, please specify what kind of data source proves this impact and provide the URLs to this data.

";yes;The economic impact of open data is taken into account by the impact study carried out in accordance with the Methodology for developing an analysis of the impact of open data in the Czech Republic. The methodology was updated in 2020 and now provides a more comprehensive impact assessment.The results of the study for the 2022 year are available online here: https://data.gov.cz/kodi/. However, thanks to the ongoing study, we have collected the re-use examples, see below.;Confirm;;
I28;"Is the use of open data in your country having an impact on the level of employment? 

For Explanation:
* If yes, please provide an example of one reuse case. For this reuse case, please provide (1) a URL to the reuse case, (2) a URL to the open dataset used by the reuse case, and (3) a description of the reuse case and its impact in this sub-domain.";new question;new question;Change;Yes;The Ministry of Labour and Social Affairs has a web application that enables one to search the free positions in the CZ that are suitable for foreign workers. https://www.mpsv.cz/-/vyhledavani-volnych-pracovnich-mist-pro-cizince The search uses data for the open dataset: https://data.gov.cz/datov%C3%A1-sada?iri=https%3A%2F%2Fdata.gov.cz%2Fzdroj%2Fdatov%C3%A9-sady%2F00551023%2Fadb4b3fb85cd2e96ee508e4e5a78b567
I29;"Is the use of open data in your country having an impact on the level of innovation and the adoption of new technologies? 

For Explanation:
* If yes, please provide an example of one reuse case. For this reuse case, please provide (1) a URL to the reuse case, (2) a URL to the open dataset used by the reuse case, and (3) a description of the reuse case and its impact in this sub-domain.";new question;new question;Change;Yes;"The company Blindspot.si, which otherwise deals with e.g. the efficient use of space in transport containers or the optimisation of transport routes, used the election data of the Czech Statistical Office (https://www.volby.cz/opendata/opendata.htm ) in an innovative way to predict the presidential election results (https://volby.blindspot.ai/). The company wanted to test their model using artificial intelligence. Due to the high quality of the open data and the speed at which the Czech Statistical Office provides it, the voters had very precise election predictions at hand  instantly.
We also wrote about the reuse case in an article published on the portal: https://data.gov.cz/články/výsledky-voleb-v-čr-aneb-když-otevřená-data-fungují-na-1."
I30;"Is the use of open data in your country having an impact on the level of entrepreneurship (especially of women and minorities) and business creation (especially with Small- and Medium-sized Enterprises)? 

For Explanation:
* If yes, please provide an example of one reuse case. For this reuse case, please provide (1) a URL to the reuse case, (2) a URL to the open dataset used by the reuse case, and (3) a description of the reuse case and its impact in this sub-domain.";new question;new question;Change;Yes;"There is a non-profit organisation Czechitas that opens the world of IT to women. It educates them and helps them to change their careers. This organisation was a co-organiser of one of the regional hackatons in Brno that worked with the open data of the City of Brno.  https://www.czechitas.cz/hackuj-brno Czechitas also widely use the open data from the National Open Data Portal in their educational programmes.  
The consulting company Dun & Bradstreet (https://www.dnb.com/cs-cz/) uses a large amount of open data in its products, which helps clients from large and small and medium-sized enterprises gain a competitive advantage on the market. It offers, for example, a rating proving the economic stability of companies to ensure quality suppliers and customers, information on existing and potential business partners, reducing the outflow of customers, or ensuring credit risk monitoring in real time. Businesses thus prevent negative events and ensure growth. The description of the reuse case and the used  dat sets is here: https://data.gov.cz/detail-aplikace?iri=https%3A%2F%2Fdata.gov.cz%2Fzdroj%2Fregistrovan%C3%A9-aplikace%2F22."
I31;"Is the use of open data in your country having an impact on the level of productivity? 

For Explanation:
* If yes, please provide an example of one reuse case. For this reuse case, please provide (1) a URL to the reuse case, (2) a URL to the open dataset used by the reuse case, and (3) a description of the reuse case and its impact in this sub-domain.";new question;new question;Change;Yes;"Open data is also used by the Carbonfix online platform for calculating the carbon footprint of companies (https://www.carbonfix.cz/). In this way, companies gain an overview of the sources of emissions and discover areas where they can innovate. The benefits of reducing carbon footprint include: implementing sustainable practices that lead to efficient use of resources and cost savings; companies that prioritize sustainability gain a competitive advantage in the market; the European Union provides subsidies for activities that help reduce the carbon footprint. All these points help to increase the productivity of companies that are part of the Czech economy. The description of the reuse case and the used data is here: https://data.gov.cz/detail-aplikace?iri=https%3A%2F%2Fdata.gov.cz%2Fzdroj%2Fregistrovan%C3%A9-aplikace%2F5."