ID;Answer from 2023;Explanation from 2023;Confirm, change or complement answer/explanation from 2023;Provide updated answer (if applicable);Provide updated explanation (if applicable)
D1.1;;;;;
P1;ja;"Ja, es gibt ein Open-Data-Gesetz auf Bundesebene. Im Juli 2017 trat § 12a des E-Government-Gesetzes (EGovG) in Kraft (Erstes Open-Data-Gesetz), mit dem erstmals eine gesetzliche Grundlage für die verpflichtende Bereitstellung offener Verwaltungsdaten durch Bundesbehörden geschaffen wurde. Durch das im Juli 2021 in Kraft getretene Zweite Offene-Daten-Gesetz wurden die bestehenden Pflichten nach § 12a EGovG inhaltlich weiter angepasst und auf die gesamte Bundesverwaltung ausgeweitet.

Das ebenfalls am 23. Juli 2021 in Kraft getretene Datennutzungsgesetz (DNG) soll das Informationsweiterverwendungsgesetz (IWG) modernisieren und ersetzen. Um die Nutzbarkeit von Daten zu verbessern, müssen offene Daten in maschinenlesbaren Formaten verwendet werden. Darüber hinaus regt der DNG Open-Data-Initiativen über die Grenzen der Bundesverwaltung hinaus an und etabliert das Prinzip „Open by Default“ auch für die Nutzung von Daten durch Länder, Kommunen und öffentliche Unternehmen in den Bereichen Wasser-, Verkehrs- und Energieversorgung . Das DNG setzt außerdem die EU-Richtlinie 2019/1024 (Richtlinie über offene Daten und Informationen des öffentlichen Sektors) um, die 2019 neu gefasst wurde.

Linkquellen:
(Zweites) Open-Data-Gesetz: http://www.gesetze-im-internet.de/egovg/__12a.html
Datennutzungsgesetz (DNG): http://www.gesetze-im-internet.de/dng/index.html";Confirm;;
P2;ja;"Linkquellen:
https://www.bmi.bund.de/SharedDocs/downloads/DE/publikationen/themen/moderne-verwaltung/open-data-strategie-der-bundesregierung.html

Die am 6. Juli 2021 verabschiedete Open-Data-Strategie der Bundesregierung gibt einen Handlungsrahmen zur Verbesserung des Open-Data-Ökosystems des Bundes vor. Die Datenstrategie der Bundesregierung bildet den übergeordneten datenpolitischen Rahmen für die Open-Data-Strategie. Über einen Zeitraum von fünf Jahren umfasst die Open-Data-Strategie drei Handlungsfelder mit insgesamt 68 Umsetzungsmaßnahmen verschiedener Bundesministerien und -behörden. Zu den drei Handlungssträngen gehören die Verbesserung der Datenbereitstellung und der Ausbau von Dateninfrastrukturen, die Steigerung des innovativen, öffentlich-interessanten und verantwortungsvollen Umgangs mit Daten sowie die Förderung von Datenkompetenz und Datenkultur zur Steigerung der Qualität und Nutzbarkeit der bereitgestellten Daten. Die Umsetzung der Open-Data-Strategie wird durch ein kontinuierliches Monitoring begleitet.";Confirm;;
P3;ja;"Es gibt viele Beispiele auf regionaler und lokaler Ebene (Bundesländer), siehe unten:
Berlin (Bundesland)
Open Data ist im §13 E Landesgesetz des Landes Berlin verankert (https://gesetze.berlin.de/bsbe/document/jlr-EGovGBEpP13); darüber hinaus haben wir ein Open-Data-Gesetz zur Konkretisierung des Open-Data-Gesetzes: https://www.berlin.de/moderne-verwaltung/e-gouvernement/open-data/rvo.pdf?ts=1673410120; Berlin verfügt über eine neue Open-Data-Strategie, die in breiter Beteiligungsform mit den Akteuren aus Wirtschaft, Verwaltung, Wissenschaft und Zivilgesellschaft entwickelt wurde: https://www.berlin.de/moderne-verwaltung/e-government/open-data/strategieprozess/eregbnisse-der-beteiligungsworkshops-des-open-data-strategieprozesses.pdf?ts=1682690426

Nordrhein-Westfalen (NRW)
Open-Data-Verordnung (Bereitstellung behördlicher Daten, §16a EGovG NRW): https://recht.nrw.de/lmi/owa/br_bes_detail?sg=0&menu=0&bes_id=34925&anw_nr=2&aufgehoben=N&det_id=552085
Open Data-Verordnung (schreibt vor, wie Daten veröffentlicht werden sollen): https://recht.nrw.de/lmi/owa/br_vbl_detail_text?anw_nr=6&vd_id=20121&ver=8&val=20121&sg=0&menu=0&vd_back=N
Open.NRW-Strategie: Teil 1: https://open.nrw/system/files/media/document/file/opennrwt1web.pdf / Teil 2: https://open.nrw/system/files/media/document/file/opennrwt2web.pdf
Open Government Pakt (Zusammenarbeit zwischen Kommunen und Bundesland): https://open.nrw/open-gouvernement/open-gouvernement-pakt

Rheinland-Pfalz
Ein Beispiel für eine Open-Data-Richtlinie finden Sie unter: https://www.landesrecht.rlp.de/bsrp/document/jlr-TranspGRPrahmen
Am 1. Januar 2016 ist das Landestransparenzgesetz Rheinland-Pfalz (LTranspG) in Kraft getreten. Es regelt den Zugang zu „Informationen“, also amtlichen Informationen und Umweltinformationen. Das Gesetz sieht ein Antragsverfahren vor, nach dem jeder bei jeder sog. zur Transparenz verpflichteten Stelle (dazu zählen alle rheinland-pfälzischen Behörden, soweit sie Verwaltungstätigkeiten ausüben) Einsicht in die vorliegenden Informationen beantragen kann. Darüber hinaus regelt das Gesetz, dass die in § 7 Abs. 1 und 2 LTranspG müssen von den zur Transparenz verpflichteten Stellen proaktiv (amtlich, ohne dass ein Antrag gestellt werden muss) veröffentlicht werden. Ort der Veröffentlichung ist eine elektronische Plattform, die sogenannte Transparenzplattform des Landes Rheinland-Pfalz. Ergänzend zum Transparenzgesetz plant die rheinland-pfälzische Landesregierung die Einführung einer Open-Data-Politik ähnlich wie auf Bundesebene, um sicherzustellen, dass noch mehr Regierungsdaten der Öffentlichkeit kostenlos und in einer einheitlichen maschinenlesbaren Form zur Verfügung stehen. In diesem Zusammenhang ist auch die Einführung einer Open-Data-Strategie vorgesehen.

Schleswig-Holstein
Offene-Daten-Gesetz (ODaG): https://www.gesetze-rechtsprechung.sh.juris.de/bssh/document/jlr-OpenDataGSHrahmen

Thüringen
Für die hochwertigen Datensätze auf regionaler Ebene plant Thüringen, im Jahr 2023 mit der Identifizierung dieser Datensätze zu beginnen.

auf lokaler Ebene:
Hansestadt Hamburg (HH)
Transparenzgesetz seit 2012. Auf dieser Grundlage ist das Hamburger Transparenzportal entstanden.
- Transparenzportal: https://transparenz.hamburg.de/13435532/reform-hmbtg/

Ein Verweis kann auch auf die Stadt Braunschweig erfolgen: https://www.braunschweig.de/digitalisierung-online-services/open-data.php#:~:text=The%20city%20of%20Braunschweig%20has%20measured%20values%20from%20sensors%20(Echtzeitdaten).";Change;ja;"Richtlinien auf regionaler Ebene (Beispiele):
Berlin (Bundesland)
Open Data ist im §13 E Landesgesetz des Landes Berlin verankert (https://gesetze.berlin.de/perma?j=EGovG_BE_!_13);
Ergänzend zum bereits erwähnten Open-Data-Gesetz wurde eine Verordnung mit detaillierten Vorgaben veröffentlicht: https://www.berlin.de/moderne-verwaltung/e-government/open-data/rvo.pdf?ts=1673410120;

Hansestadt Hamburg (HH, Bundesland)
Transparenzgesetz seit 2012: https://transparenz.hamburg.de/gesetzestext-des-hmbtg-796514/

Nordrhein-Westfalen (NRW, Bundesland)
Open-Data-Verordnung (Bereitstellung behördlicher Daten, §16a EGovG NRW): https://recht.nrw.de/lmi/owa/br_bes_detail?sg=0&menu=0&bes_id=34925&anw_nr=2&aufgehoben=N&det_id=552085
Open Data-Verordnung (schreibt vor, wie Daten veröffentlicht werden sollen): https://recht.nrw.de/lmi/owa/br_vbl_detail_text?anw_nr=6&vd_id=20121&ver=8&val=20121&sg=0&menu=0&vd_back=N 

Schleswig-Holstein (Bundesland)
Offene-Daten-Gesetz (ODaG): https://www.gesetze-rechtsprechung.sh.juris.de/bssh/document/jlr-OpenDataGSHrahmen


Strategien auf regionaler Ebene (Beispiele):
Berlin (Bundesland)
Berlin hat seine Open-Data-Strategie 2023 veröffentlicht, die in einem breiten Beteiligungsverfahren mit den Akteuren aus Wirtschaft, Verwaltung, Wissenschaft und Zivilgesellschaft entwickelt wurde.
Download-Link: https://www.berlin.de/moderne-verwaltung/e-government/open-data/strategieprozess/artikel.1257333.php (unten auf der Webseite)

Nordrhein-Westfalen (NRW, Bundesland)
Open.NRW-Strategy: Teil 1: https://open.nrw/system/files/media/document/file/opennrwt1web.pdf / Teil 2: https://open.nrw/system/files/media/document/file/opennrwt2web.pdf

Rheinland-Pfalz (Bundesland)
Als Teil einer Open-Data-Richtlinie siehe: https://www.landesrecht.rlp.de/bsrp/document/jlr-TranspGRPrahmen;
Das Gesetz regelt, dass die in § 7 Abs. 1 und 2 LTranspG in einer konkreten Liste aufgeführten Informationen von den transparentheitspflichtigen Stellen proaktiv veröffentlicht werden müssen.

auf lokaler Ebene:
Ein Bezug kann auch zur Stadt Braunschweig hergestellt werden:
https://www.braunschweig.de/digitalisierung-online-services/open-data.php#:~:text=The%20city%20of%20Braunschweig%20has%20measured%20values%20from%20sensors%20"
P4;ja;"Das Open-Data-Gesetz verpflichtet die Bundesregierung, dem Deutschen Bundestag regelmäßig alle zwei Jahre über die Fortschritte bei der Umsetzung von Open Data zu berichten (§ 12a Abs. 11 EGovG), siehe: http://www.gesetze- im-internet.de/egovg/__12a.html.
Ein neuer Fortschrittsbericht ist derzeit in Vorbereitung und wird im Herbst 2023 veröffentlicht.

Die Open-Data-Strategie sieht verschiedene Umsetzungsmaßnahmen vor, beispielsweise Initiativen, Projekte und digitale Lösungen. Parallel dazu wurde im Jahr 2022 ein Monitoring-Prozess gestartet, der die Umsetzung einzelner Maßnahmen unter anderem durch Meilensteine und regelmäßige Statusberichte dokumentiert.
https://www.bva.bund.de/DE/Services/Behoerden/Beratung/Beratungszentrum/OpenData/Monitoring/monitoring_node.html;jsessionid=65E5C4C2408071FC3ABAB79141BF2AED.intranet251";Complement;ja;"Das Open-Data-Gesetz verpflichtet die Bundesregierung, dem Deutschen Bundestag regelmäßig alle zwei Jahre über die Fortschritte bei der Umsetzung offener Daten zu berichten (§ 12a Abs. 11 EGovG), siehe: http://www.gesetze-im-internet.de/egovg/__12a.html.

Ein neuer Fortschrittsbericht wird derzeit erstellt und soll 2024 veröffentlicht werden.

Die Open-Data-Strategie sieht verschiedene Umsetzungsmaßnahmen vor, darunter Initiativen, Projekte und digitale Lösungen. Parallel dazu startete 2022 ein Monitoringprozess, der die Umsetzung der einzelnen Maßnahmen unter anderem durch Meilensteine ​​und regelmäßige Statusberichte dokumentiert.
https://www.bva.bund.de/DE/Services/Behoerden/Beratung/Beratungszentrum/OpenData/Monitoring/monitoring_node.html;jsessionid=65E5C4C2408071FC3ABAB79141BF2AED.intranet251"
P5;ja;"Gemäß § 12a EGovG fallen alle Arten von Verwaltungsdaten, die keinen Personenbezug haben, unter die Pflicht zur Bereitstellung offener Daten der Bundesverwaltung (z. B. Geodaten, Statistiken, statische oder dynamische Daten).

Die Open-Data-Strategie der Regierung umfasst 68 Maßnahmen in den Dimensionen Datenbereitstellung und -infrastrukturen, Datennutzung und Datenkompetenzen, den Aufbau wettbewerbsfähiger und nachhaltiger Open-Data-Infrastrukturen und ein unterstützendes Ökosystem, um die Veröffentlichung und den Zugriff auf Echtzeit- und dynamische Daten zu ermöglichen. (Die komplette Maßnahmenübersicht finden Sie im Anhang).
https://www.bmi.bund.de/SharedDocs/downloads/DE/publikationen/themen/moderne-verwaltung/open-data-strategie-der-bundesregierung.pdf?__blob=publicationFile&v=5 (ab Seite 19)";Confirm;;
P6;nein;"Die Open-Data-Strategie enthält zumindest einige Maßnahmen, die zivilgesellschaftliche Akteure in die Debatte einbeziehen.
https://www.bmi.bund.de/SharedDocs/downloads/DE/publikationen/themen/moderne-verwaltung/open-data-strategie-der-bundesregierung.pdf?__blob=publicationFile&v=5

Einzelmaßnahmen als Beispiel:
- Digitale Stadt gemeinwohlorientiert gestalten durch Community Data Skills (BMSWB) (Seite 28)
„Wir unterstützen Forschungsprojekte, die darauf abzielen, die Datenkompetenz in der Kommunalverwaltung zu identifizieren und zu steigern. Ziel ist es unter anderem zu erheben, welche Strategien und Infrastrukturen das kommunale Datenmanagement steuern und in welchem Umfang Qualifizierungsmaßnahmen für Verwaltungsmitarbeiter umgesetzt werden. Außerdem wird die Bereitstellung von Daten für Bürger und Akteure der Zivilgesellschaft untersucht.“
- Jährlicher Round Table Open Data (BMI) (Seite 27)
„Wir fördern die Intensivierung und Fortführung des Austauschs zwischen Bund und Ländern unter Einbeziehung von Vertretern der Zivilgesellschaft relevanter Interessengruppen.“";Confirm;;
P7;ja;Mit der gesetzlichen Verpflichtung zur Einstellung der Metadaten im nationalen Metadatenportal GovData (vgl. § 12a Abs. 5 EGovG) werden diese Daten aufgrund der GovData-Schnittstelle zum Europäischen Datenportal dort automatisch verfügbar bzw. sichtbar gemacht.;Confirm;;
P8;ja;"Die Wiederverwendung von Daten wird insbesondere dadurch unterstützt, dass die Qualität der Daten erhöht wird, was ihre Wiederverwendung erleichtert.

Darüber hinaus fördert der Bund die Weiterverwendung von Open Data im Rahmen des Copernicus-Projekts, wobei der Gesamtbetrag der Fördermittel im späteren Verlauf einzuzahlen ist.

Die Datenstrategie und auch die Open-Data-Strategie der Regierung sehen vor, dass der Staat Vorreiter/Führer im Bereich der Datennutzung und -bereitstellung werden soll. Dazu gehört die verstärkte Bereitstellung offener Daten; Datenkompetenz und Nutzung der Daten für die Politikgestaltung (datengesteuerte Regierung). Das Potenzial von Daten wird zunehmend für einen effizienteren und bürgerfreundlicheren Service genutzt. Darüber hinaus wird die Umsetzung und Evaluierung politischer Maßnahmen durch die Nutzung offener Daten erfolgen
verbessert. Die Stellungnahmen der Regierung zur Datenstrategie finden Sie hier: https://www.bundesregierung.de/resource/blob/975226/1693626/60b196d5861f71cdefb9e254f5382a62/2019-11-18-pdf-datenstrategie-data.pdf?download=1";Confirm;;
P9;ja;"Es gibt eine europaweite Initiative zur Schaffung einer Cloud für den Datenaustausch zwischen dem öffentlichen Sektor und dem privaten Sektor. Das nationale Open Data Portal (GovData) ist Teil dieser Initiative, die offene Daten und „geschlossene“ Daten zusammenführt: https://www.bmwi.de/Redaktion/DE/Dossier/gaia-x.html

In diesem Zusammenhang wurde 2021 ein Förderwettbewerb zur Einreichung von Ideen zur Antragstellung ins Leben gerufen, siehe: https://www.bmwk.de/Redaktion/DE/Dossier/Dateninfrastruktur-GAIA-X/gaia-x-foerderwettbewerb.html

Darüber hinaus sieht die Open-Data-Strategie der Bundesregierung Anreize für die Nutzung staatlicher Daten durch den privaten Sektor vor (jedoch keine konkreten Maßnahmen).";Complement;ja;"Es gibt eine europaweite Initiative zur Schaffung einer Cloud für den Datenaustausch zwischen öffentlichem und privatem Sektor. Das nationale Open-Data-Portal (GovData) ist Teil dieser Initiative und führt offene und geschlossene Daten zusammen: https://www.bmwk.de/Redaktion/DE/Dossier/gaia-x.html

In diesem Zusammenhang wurde 2021 ein Förderwettbewerb (Laufzeit bis Dezember 2024) gestartet, um Ideen für Anträge einzureichen (siehe: https://www.bmwk.de/Redaktion/DE/Dossier/Dateninfrastruktur-GAIA-X/gaia-x-foerderwettbewerb.html)

Darüber hinaus sieht die Open-Data-Strategie der Bundesregierung Anreize für die Nutzung staatlicher Daten durch den privaten Sektor vor (jedoch keine konkreten Maßnahmen)."
P10-a;ja;"Zur nationalen Ebene:
Die Datenstrategie beinhaltet mehrere Maßnahmen zur Spezifizierung einer Dateninventur, z.B.:
- Verwaltungsdateninformationsplattform (VIP); herausgegeben vom Statistischen Bundesamt: https://www.destatis.de/DE/Themen/Staat/Buerokratiekosten/VIP/vip.html
- Datenatlas (dazu gehört eine Bestandsanalyse aller Daten der Verwaltung), siehe:
https://www.bundesregierung.de/resource/blob/992814/1845634/0bab2b7d06c82f45361620f0c22891a2/datenstrategie-der-bundesregierung-download-bpa-data.pdf?download=1 (Seite 50 und 88)

- Eine Maßnahme der Open-Data-Strategie: Das Kompetenzzentrum Open Data (CCOD) beim Bundesverwaltungsamt hat einen Prototypen eines „Themenkatalogs“ zu Open Data entwickelt. (https://opendatabund.github.io/themenkataloge/)

Zur regionalen/kommunalen Ebene:
Aufgrund verfassungsrechtlicher Beschränkungen in Deutschland aufgrund der föderalen Struktur Deutschlands (Bund auf Bundesebene und die 16 Länder) kann die Bundesregierung die Bundesländer bzw. Gemeinden/Städte und ihre jeweiligen öffentlichen Körperschaften nicht direkt mit der Führung eines Datenbestands beauftragen. Allerdings hat der Bund im Rahmen des Grundgesetzes ein Gesetz erlassen, das festlegt, welche Daten als Open Data veröffentlicht werden müssen (§12a).
Dies ist auf verfassungsrechtliche Hürden zurückzuführen, es wurden jedoch Anreize gesetzt, z.B. in Programmen zur Unterstützung lokaler und regionaler Initiativen (Modellkommunen/Modellkommunen BMI) sowie Dialogformaten mit allen Regionen und Kommunen. Link: https://www.bmi.bund.de/DE/themen/moderne-verwaltung/open-gouvernement/modellkommune/modellkommune-node.html
Basierend auf den Ergebnissen des Projekts „Modellkommune“ finden Sie hier auch die aktuelle Initiative der regionalen Open-Government-Labore:
https://open-gouvernement-kommunen.de/

Antwort zu r1: Hier eignet sich die übergeordnete Themenseite (Hauptseite) besser. Diese Seite fasst alle wesentlichen Erkenntnisse der regionalen Open-Government-Labor-Initiative zusammen, auf die wir uns in unserer Antwort beziehen.";Complement;ja;"Derzeit besteht auf Bundesebene weder auf gesetzlicher Grundlage noch aufgrund der verschiedenen Strategien im Bereich Daten/Open Data eine Verpflichtung zur Erstellung eines Datenkatalogs.

Tatsächlich wird eine solche Verpflichtung derzeit für ein geplantes Transparenzgesetz (auf Bundesebene) geprüft. Der Diskussionsprozess selbst hat jedoch noch nicht begonnen, sodass noch keine Entscheidungen getroffen wurden.

Darüber hinaus gibt es Datensätze, die mindestens bestimmte Anforderungen erfordern (Beispiele auf Bundesebene):
- Verwaltungsdateninformationsplattform (VIP); Veröffentlicht vom Statistischen Bundesamt: https://www.verwaltungsdaten-informationsplattform.de/DE/Home/home_node.html
– Datenatlas (dieser enthält eine Inventaranalyse aller Daten der Verwaltung), siehe:
https://www.bundesregierung.de/resource/blob/992814/1845634/0bab2b7d06c82f45361620f0c22891a2/datenstrategie-der-bundesregierung-download-bpa-data.pdf?download=1 (Seite 50 und 88)

Aufgrund der verfassungsrechtlichen Beschränkungen in Deutschland, die sich aus der föderalen Struktur Deutschlands (Bund und 16 Länder) ergeben, kann der Bund die Länder, Gemeinden und Städte sowie deren jeweilige öffentliche Stellen nicht direkt mit der Führung eines Dateninventars beauftragen."
P10-b;ja;"Ja, die Verwaltungsdateninformationsplattform (VIP, siehe oben) schreibt die Identifizierung (aber keine Veröffentlichung) aller Metadaten aus Registern vor, die aufgrund ihrer Beschaffenheit als personenbezogene Daten keine offenen Daten beinhalten.
Das deutsche Open-Data-Gesetz (§12a EGovG) legt derzeit fest, welche Daten nicht als Open Data veröffentlicht werden dürfen. Zu diesen Daten zählen beispielsweise personenbezogene Daten, Forschungsdaten sowie Daten, die die nationale Sicherheit Deutschlands gefährden können.

Darüber hinaus sieht das zweite Open-Data-Gesetz (in Kraft seit 07/2021) eine spezifische Regelung für Forschungsdaten vor, die in bestimmten Fällen veröffentlicht werden müssen";Complement;ja;"Wie bereits erwähnt, besteht keine gesetzliche Verpflichtung zur Erstellung von Datenkatalogen. Dennoch schreibt beispielsweise die Verwaltungsdaten-Informationsplattform (VIP, siehe oben) die Identifizierung (aber nicht die Veröffentlichung) aller Metadaten aus Registern vor, die naturgemäß keine offenen Daten als personenbezogene Daten enthalten.

Das deutsche Open-Data-Gesetz (§ 12a EGovG) regelt derzeit, welche Daten nicht als offene Daten veröffentlicht werden dürfen. Dazu gehören beispielsweise personenbezogene Daten auf individueller Ebene, Forschungsdaten und Daten, die die nationale Sicherheit Deutschlands gefährden können.

Darüber hinaus enthält das zweite Open-Data-Gesetz (in Kraft seit 07/2021) eine spezifische Regelung für Forschungsdaten, die in bestimmten Fällen veröffentlicht werden müssen."
P11;neue Frage;neue Frage;Change;ja;"Auf dem nationalen Metadatenportal GovData finden Sie FAQs zur Implementierung hochwertiger Datensätze.
Link: https://www.govdata.de/web/guest/hochwertige-datensaetze

Ein Leitfaden und ein Prozessdiagramm sind ebenfalls in Vorbereitung."
P12;neue Frage;neue Frage;Change;ja;Manche Datensätze sind bereits als hochwertiger Datensatz gekennzeichnet, beispielsweise im Bereich Geodaten.
D1.2;;;;;
P13;neue Frage;neue Frage;Change;ja;"Das Kompetenzzentrum Offene Daten (CCOD) organisiert jährlich einen Runden Tisch, um Themen für zukünftige Fachforen mit verschiedenen Akteuren, die offene Daten bereitstellen, zu finden. Daher organisiert das CCOD regelmäßig Fachforen zu verschiedenen Themen im Bereich Offene Daten mit verschiedenen Akteuren.
Beispiel (Fachforum für hochwertige Datensätze): https://www.bva.bund.de/SharedDocs/Kurzmeldungen/DE/Behoerden/Beratung/OpenData/Aktuelles/2024/FF_HVD.html"
P14;Hybrid;Hybrid, aufgrund der föderalen Strukturen in Deutschland. Dieses Modell dient der Einbindung aller Bundesebenen und der Sicherstellung einer Abstimmung von Projekten und Initiativen auf lokaler und regionaler Ebene.;Confirm;;
P15;neue Frage;neue Frage;Change;nein;Aufgrund der föderalen Struktur Deutschlands sind die Fördermöglichkeiten auf regionaler und lokaler Ebene sehr eingeschränkt.
P16;die Mehrheit der öffentlichen Körperschaften;"Aufgrund der Regelungen sind alle Behörden auf Landesebene zur Bereitstellung offener Daten verpflichtet.
siehe § 12a Abs.1 EGovG, https://www.gesetze-im-internet.de/egovg/__12a.html

Einige Bundesländer haben zudem unterschiedliche Open-Data-Richtlinien eingeführt, die ihre öffentlichen Stellen zur Bereitstellung offener Daten verpflichten.
z.B. NRW, https://recht.nrw.de/lmi/owa/br_bes_detail?sg=0&menu=0&bes_id=34925&anw_nr=2&aufgehoben=N&det_id=552085

Darüber hinaus stellen viele Gemeinden und Städte offene (Regierungs-)Daten zur Verfügung.
- Stadt Berlin, https://daten.berlin.de/
- Landeshauptstadt München: https://opendata.muenchen.de/
- Stadt Bonn, https://opendata.bonn.de/";Confirm;;
P17;ja;"Nicht in einem einzigen Dokument zusammengefasst, sondern in verschiedenen Dokumenten beschrieben:

GovData (nationales Open Data Portal):
Die Rolle des nationalen Open-Data-Portals (GovData) wird unter Abschnitt 7 im folgenden veröffentlichten Dokument beschrieben: https://www.govdata.de/documents/10156/18448/Verwaltungsvereinbarung_GovData_finale+Fassung.pdf/a12e7cfb-91fc-4570-9a07-ed420e524c93

Open-Data-Koordination
- Einen guten Überblick über die Open-Data-Koordination und die damit verbundenen Aufgaben und Rollen finden Sie in einem CCOD-Leitfaden:
https://www.bva.bund.de/DE/Services/Behoerden/Beratung/Beratungszentrum/OpenData/ODK_Leitfaden/1_OpenData_Einfuehrung/einfuehrung_node.html

Kompetenzzentrum Open Data (CCOD):
Die Rolle des CCOD wird im Einführungstext beschrieben, siehe: https://www.bva.bund.de/DE/Services/Behoerden/Beratung/Beratungszentrum/OpenData/Beratung/beratung_node.html
(siehe Ansprechpartner)";Confirm;;
P18;ja;Ja – nicht regelmäßig nach Kalender, sondern mindestens zwei Mal im Jahr und auf Ad-hoc-Basis über die Arbeitsgruppe GovData (vergleiche die Antwort auf Frage 12, Problem 3).;Complement;ja;Ja – nicht regelmäßig laut Kalender, aber mindestens zweimal im Jahr und auf Ad-hoc-Basis über die Arbeitsgruppe GovData.
P19;ja;"Ja (vergleiche auch Antwort auf Frage 12 oben):
- Das 2. Open-Data-Gesetz (in Kraft seit Juli 2021) schreibt in § 12a Abs. 9 EGovG vor, dass Bundesbehörden „Open-Data-Koordinatoren“ einrichten müssen. Die Rolle ist obligatorisch
- Im Rahmen der Anfang 2021 beschlossenen Datenstrategie werden derzeit in allen Bundesministerien Chief Data Scientists eingerichtet. Unterstützt werden diese durch die Einrichtung von Datenlaboren in Ministerien oder nachgeordneten Behörden. Beide Rollen/Institutionen sind auch für die Bundesebene verpflichtend.";Complement;ja;"Ja:
– Das 2. Open-Data-Gesetz (in Kraft seit Juli 2021) verpflichtet Bundesbehörden in § 12a Absatz 9 EGovG zur Einrichtung von Open-Data-Koordinatoren. Diese Funktion ist verpflichtend.
– Im Rahmen der Anfang 2021 verabschiedeten Datenstrategie werden derzeit in allen Bundesministerien Chief Data Scientists eingerichtet. Diese werden durch die Einrichtung von Datenlaboren in Ministerien oder nachgeordneten Behörden unterstützt. Beide Funktionen/Einrichtungen sind auch für die Bundesebene verpflichtend."
P20;ja;"Ja, es gibt verschiedene Formate für den regelmäßigen Austausch:
- Eine Kernaufgabe des Kompetenzzentrums Open Data (CCOD) – als Teil des nationalen Open-Data-Teams im weiteren Sinne – ist die Förderung des regelmäßigen Austauschs zwischen allen Open-Data-Akteuren (mindestens dreimal im Jahr).
- Auch unter den Open-Data-Koordinatoren (Bundesebene) findet ein regelmäßiger Austausch statt.";Confirm;;
P21;ja;"Ja, im Falle der Bundesforschungsinstitute, die dem Bundesministerium für Ernährung und Landwirtschaft unterstehen, erfolgt der interne Austausch (innerhalb der öffentlichen Körperschaft) zwischen der für den Datenmanagementdienst zuständigen Einheit und den Wissenschaftlern unserer Forschungsinstitute. Darüber hinaus organisieren sie den regelmäßigen Austausch zwischen der öffentlichen Stelle (Bundesforschungsinstitute und die Verwaltungsbehörde) aus unserem Zuständigkeitsbereich und der obersten Behörde (Bundesministerium). Zu diesem Zweck haben sie den Think Tank Digitalisierung mit Arbeitsgruppen zu Datenmanagement, Open Data und KI gegründet. Es gibt auch andere Möglichkeiten zum Austausch.

Darüber hinaus findet auf Bundesebene ein Wissens- und Erfahrungsaustausch mit der Nationalen Forschungsdateninfrastruktur Deutschland (NFDI) statt.

Auf Bundesebene führt das Kompetenzzentrum Open Data (CCOD) sogenannte Fachforen durch, bei denen Experten aus verschiedenen Nutzergruppen (z. B. Datenjournalisten, NGOs) eingeladen werden, ihre Erfahrungen, Standpunkte und Forderungen mit öffentlich Bediensteten aller Bundesebenen zu teilen, z.B. zu Metadatenqualität oder Datenstruktur

Einige Beispiele auf regionaler Ebene:
Berlin (Bundesland):
Der Berlin Open Data Day ist die Netzwerkkonferenz zwischen den öffentlichen Einrichtungen und den Stakeholdern aus Wissenschaft, Bürgern und Wirtschaft, auf der wir Reden des Bürgermeisters und Best-Practice-Präsentationen für Open-Data-Projekte haben: https://projektzukunft.berlin.de/news/news-detail/rueckblick-berlin-open-data-day-2019 Außerdem gibt es bei uns den „Open Data Lunch“, bei dem wir den Stakeholdern aus Wissenschaft, Bürgern und Wirtschaft die Möglichkeit geben, sich mit den öffentlichen Stellen auszutauschen: https://www.berlin.de/moderne-verwaltung/e-gouvernement/open-data/veranstaltungeentfälltrtikel.1257989.php#berlin

Niedersachsen:
Nur auf Projektebene: Im Rahmen unseres Projektes „Bürgerinformationsportal Umwelt / UmweltNAVI Niedersachsen“. Das Niedersächsische Umweltministerium kooperiert z.B. mit observations.org.";Confirm;;
D1.3;;;;;
P22;ja;"Beispiele:
Bundesministerium für Ernährung und Landwirtschaft:
Ja, alle Bundesforschungsinstitute im Zuständigkeitsbereich des Bundesministeriums für Ernährung und Landwirtschaft haben zu diesem Zweck Datenrichtlinien festgelegt.

Bundesministerium der Justiz (BMJ)
Ja, das BMJ plant, die Veröffentlichung von Daten in Zukunft auszuweiten:
- Das neue Rechtsinformationsportal des Bundes wird nach seiner Fertigstellung Gerichtsentscheidungen, Gesetze, Verordnungen und Verwaltungsvorschriften des Bundes als offene Daten verfügbar machen.
(https://www.bmj.de/DE/Ministerium/Transparenz/Rechtsinformationsportal/Rechtsinformationsportal_node.html)
- Zukünftig werden auch Bundesgesetze und -verordnungen in einem maschinenlesbaren Datenstandard auf der E-Verkündungsplattform verkündet.

Beispiele auf regionaler Ebene:
Baden-Württemberg:
Plattform UDO, Inspire + Geodatendienste
https://udo.lubw.baden-wuerttemberg.de/public/index.xhtml;jsessionid=896323942F7ECDC73BD70ECBC48E618B
https://rips-metadaten.lubw.de/freitextsuche?rstart=0&currentSelectorPage=1&f=type:inspire.

Die regionale statistische Datenbank in Baden-Württemberg wird derzeit auf ein neues System umgestellt und soll voraussichtlich im Jahr 2024 an den Start gehen. Der Zugriff auf statistische Daten erfolgt dann flächendeckend Open-Data-konform (z. B. API-Schnittstelle).

Berlin (Bundesland):
„Kerndatensätze“ sollten auf der Ebene öffentlicher Stellen veröffentlicht werden. Dies ist eine Aktion in unserer Open-Data-Strategie, und wir führen Workshops mit den Open-Data-Koordinatoren durch, in denen wir einen Plan für die Veröffentlichung der Daten erarbeiten, die als hochwertige Datensätze gelten.

Thüringen (regional und lokal):
Gemäß dem Thüringer Transparenzgesetz (ThürTG) wurde ein Portal eingerichtet: https://verwaltung.thueringen.de/ttp. Für Geodaten wurde gemäß der EU-INSPIRE-Verordnung ein Geoportal implementiert: https://www.geoportal-th.de/de-de/.
Darüber hinaus hat die Stadt Jena kürzlich ein Open-Data-Portal veröffentlicht: https://opendata.jena.de/.";Complement;ja;"BMEL:
Ab 2023: Ja, alle Bundesforschungsinstitute im Zuständigkeitsbereich des Bundesministeriums für Ernährung und Landwirtschaft haben entsprechende Datenrichtlinien erstellt. Siehe beispielsweise: https://www.thuenen.de/en/data-policy

BMJ:
Ja, das BMJ plant, die Veröffentlichung von Daten künftig auszuweiten:
– Nach Fertigstellung wird das neue Rechtsinformationsportal des Bundes Gerichtsentscheidungen, Gesetze, Verordnungen und Verwaltungsvorschriften der Bundesregierung als offene Daten verfügbar machen.
(https://www.bmj.de/DE/themen/digitales/digitaler_staat/rechtsinformationsportal/rechtsinformationsportal_node.html)
- Bundesgesetze und -verordnungen werden künftig auch in einem maschinenlesbaren Datenstandard auf der Verkündungsplattform verkündet.

Schleswig-Holstein:
- Eine Förderrichtlinie wurde herausgegeben, um die automatische und kontinuierliche Bereitstellung kommunaler Datenquellen für das Open-Data-Portal zu gewährleisten. (Amtsblatt für Schleswig-Holstein, Heft 21, 21.05.2024, S. 825)
- Die Landesdatenstrategie Schleswig-Holstein enthält ein Kapitel zur Veröffentlichung offener Daten. https://transparenz.schleswig-holstein.de/dataset/landesdatenstrategie
- Im Rahmen des 4. Nationalen Aktionsplans OGP werden Open-Government-Daten als Linked Open Data veröffentlicht. https://www.open-government-deutschland.de/opengov-de/vierter-nationaler-aktionsplan-verabschiedet-2216298

Bayern:
- Das neue Open-Data-Portal „open.bydata“ startete 2023. Die Besonderheit „Open-Data-Präsenzen“ ermöglicht Datenanbietern (z. B. Städten) ein individualisiertes und kostenloses „Mini-Portal“, ähnlich wie augsburg.bydata.de.
- Das neue „open bydata Kompetenzzentrum“ bietet ein umfangreiches Serviceportfolio mit Beratung und Materialien für Open-Data-Anbieter (https://oc.bydata.de).

Hamburg: 
Transparenzportal: https://transparenz.hamburg.de/
UrbanDataPlattform: https://www.urbandataplatform.hamburg/ 

Berlin (Bundesland):
Kerndatensätze sollten von öffentlichen Stellen veröffentlicht werden. Dies ist eine Maßnahme unserer Open-Data-Strategie. Wir führen Workshops mit den Open-Data-Koordinatoren durch, in denen wir einen Plan für die Veröffentlichung der als hochwertige Datensätze eingestuften Daten erarbeiten. „Dateninventur“: Wir haben die Maßnahme zur Durchführung von Dateninventuren in unserer Open-Data-Strategie implementiert. Jede Verwaltung muss daher eine Dateninventur durchführen, um Open-Data-relevante Daten zu ermitteln und zu veröffentlichen.

Nordrhein-Westfalen: Gemäß dem E-Government-Gesetz NRW müssen alle Landesbehörden ihre Daten als offene Daten über das regionale Open-Data-Portal open.nrw veröffentlichen. Auch lokale Behörden können diese Daten bereitstellen. Die Open-Data-Verordnung NRW regelt zudem die Bereitstellung der Daten.
Für Geodaten wurde gemäß der EU-INSPIRE-Verordnung ein GEO-Portal.NRW eingerichtet: https://www.geoportal.nrw/?activetab=portal#

Baden-Württemberg: 
https://www.daten-bw.de/
Die Landesregierung Baden-Württemberg macht Daten von öffentlichem Interesse zentral online zugänglich. Unser Ziel ist es, die Auffindbarkeit und Nutzung von Daten der öffentlichen Verwaltung zu verbessern. Wir wollen die Nutzung offener Lizenzen fördern und die Verfügbarkeit maschinenlesbarer Rohdaten erhöhen. So stellen wir sicher, dass Daten zukünftig innovativ und verantwortungsvoll bereitgestellt und von allen kombiniert und genutzt werden können. Langfristig soll eine effiziente, nachhaltige und vernetzte Dateninfrastruktur für Baden-Württemberg entstehen.

Baden-Württemberg
Das Landesamt für Geoinformation und Landesentwicklung (LGL) hat am 6. Juni 2024 das Offene Geodatenportal https://opengeodata.lgl-bw.de eingerichtet. Gemäß der Durchführungsverordnung 2023/118 der EU-Kommission wurden eine Liste bestimmter hochwertiger Datensätze sowie die Regelungen für deren Veröffentlichung und Weiterverwendung festgelegt. Das Landesvermessungswesen Baden-Württembergs identifizierte Geodaten aus Kataster-, Gelände-, Oberflächen- und Landschaftsmodellen, 3D-Gebäudemodellen, Orthofotos (Luftbilder) und digitalen Karten. Diese Daten werden gemäß der PSI-Verordnung im Offenen Geodatenportal bereitgestellt. Darüber hinaus ist die Darstellung von Geodaten im Geodatenviewer des Geoportals Baden-Württemberg für kommerzielle und nichtkommerzielle Zwecke gestattet. Die Nutzungsbedingungen des Geodatenviewers finden Sie unter: https://www.geoportal-bw.de/#/(sidenav:karten)."
P23;ja;"Ja
- Alle zwei Jahre muss die Bundesregierung dem Bundestag über die Fortschritte der Open-Data-Implementierung in Deutschland berichten. Dazu gehört auch eine Befragung der Bundesbehörden zum Stand der Umsetzung von Open Data.
- Der Nationale Aktionsplan Open Government enthält ein Tool zur Überwachung der Umsetzung der Planpflichten: https://www.open-regierung-deutschland.de/opengov-de/ogp/aktionsplaene-und-berichte/3-nap
- Die Datenstrategie der Bundesregierung wird vierteljährlich überwacht
- Die Open-Data-Strategie beinhaltet einen regelmäßigen Monitoring-Prozess: https://www.bva.bund.de/DE/Services/Behoerden/Beratung/Beratungszentrum/OpenData/Monitoring/monitoring_node.html

In Rheinland-Pfalz:
Das LTranspG sieht in § 23 Abs. 1 vor, dass die Landesregierung die Wirkungen des Gesetzes wissenschaftlich fundiert prüfen und dem Landtag darüber berichten soll. Die retrospektive Evaluierung des LTranspG wurde im Dezember 2019 vom Institut für Gesetzesfolgenabschätzung und -bewertung (InGFA) am Deutschen Forschungsinstitut für öffentliche Verwaltung in Auftrag gegeben. Der abschließende 203-seitige Evaluierungsbericht wurde am 5. März 2021 eingereicht. Link zum vollständigen Evaluierungsbericht: https://dokumente.landtag.rlp.de/landtag/drucksachen/678-18.pdf";Complement;ja;"Ja
– Die Bundesregierung muss dem Bundestag alle zwei Jahre über den Stand der Umsetzung von Open Data in Deutschland berichten. Dies beinhaltet eine Umfrage unter den Bundesbehörden zum Stand der Umsetzung von Open Data.
– Der Nationale Aktionsplan für Open Government enthält ein Instrument zur Überwachung der Umsetzung der Planverpflichtungen: https://www.open-government-deutschland.de/opengov-de/ogp/aktionsplaene-und-berichte/3-nap
– Die Datenstrategie der Bundesregierung wird vierteljährlich überwacht.
– Die Open-Data-Strategie beinhaltet einen regelmäßigen Monitoringprozess: https://www.bva.bund.de/DE/Services/Behoerden/Beratung/Beratungszentrum/OpenData/Monitoring/monitoring_node.html"
P24;neue Frage;neue Frage;Change;nein;Mit dem regelmäßigen Open Data-Fortschrittsbericht an den Deutschen Bundestag werden zudem Vorschläge für eine mögliche Weiterentwicklung der rechtlichen und strategischen Rahmenbedingungen gemacht.
P25;ja;Das Open-Data-Gesetz sieht grundsätzlich die Veröffentlichung von Daten als „offene Daten“ für die gesamte Bundesverwaltung vor, sofern keine Ausnahmen gelten (z. B. personenbezogene Daten, sicherheitsrelevante Daten). Kostenerwägungen spielen daher bei der Regelung keine entscheidende Rolle.;Confirm;;
P26-a;Entfällt;"Ohne besondere Reihenfolge:
- rechtliche Beschränkungen (z. B. Datenschutz, Urheberrecht), einschließlich der Auslegung europäischer und nationaler Gesetze
- Mangel an technischer Infrastruktur
- Mangel an Datenverwaltung

Folgende Aussagen werden ebenfalls erwähnt:
- Inventarisierung der Dateninfrastrukturen und Daten mit allen damit verbundenen Herausforderungen (z.B. Datenschutz)
- Mangel an Fachkräften im öffentlichen Dienst und unzureichende finanzielle Mittel
- Bestehende Datenbanken mit offenen Daten FAIR machen, damit sie die Daten maschinenlesbar bereitstellen können
- eine Übersicht über die Datenbestände in der gesamten Bundesregierung
- Mangel an Kompetenzen mit offenen Daten
Aus regionaler Perspektive wären das:
- Mangel an Personal
- Mangel an finanziellen Mitteln und
- Mangelnde politische Priorisierung";Confirm;Entfällt;
P26-b;ja;"Generell: Die Benennung von Open-Data-Koordinatoren in allen Bundesministerien. Die Zusammenführung einzelner Open-Data-Gesetze zu einem Bundestransparenzgesetz in der laufenden Legislaturperiode.

Beim Bundesministerium für Ernährung und Landwirtschaft:
Zu diesem Zweck haben wir den Think Tank Digitalisierung mit Arbeitsgruppen zu Datenmanagement, Open Data und KI gegründet. Dort organisieren wir den regelmäßigen Austausch zwischen der öffentlichen Hand (Bundesforschungsinstitute und die Verwaltungsbehörde) aus unserem Zuständigkeitsbereich und der obersten Behörde (Bundesministerium).

Aus Sicht des Bundesministeriums der Justiz (BMJ):
- Austausch und Vernetzung innerhalb der Bundesregierung
- Aufbau eines Netzwerks zu offenen Daten im BMJ-Bereich

Das Kompetenzzentrum Open Data (CCOD) befasst sich mit dem Change Management für Open Data, z.B. in Leitlinien für Open-Data-Koordinationen und in öffentlichen Vorträgen auf Konferenzen und Bundesbehörden, z.B. https://www.zukunftskongress.info/de/node/4292

Auf regionaler Ebene:
Berlin: Die „AG Open Data“ hat 21 Mitglieder, jede Körperschaft ist verpflichtet, einen Open-Data-Koordinator zu entsenden. Unter diesem Link kann jeder den Ansprechpartner sehen, der für die Betreuung von Open Data bei der Behörde zuständig ist: https://www.berlin.de/moderne-verwaltung/e-gouvernement/open-data/ansprechpersoneentfälltrtikel.1258477.php";Confirm;;
P27;neue Frage;neue Frage;Change;ja;Es erfolgt ein aktives Wissensmanagement durch Handbücher, Leitfäden und vieles mehr über das CCOD: https://www.bva.bund.de/DE/Services/Behoerden/Beratung/Beratungszentrum/OpenData/Vorlagen-Hilfsmittel/vorlagen-hilfsmittel_node.html
P28;ja;"Ja, es gibt mehrere Programme, die die berufliche Weiterentwicklung im Bereich Open Data unterstützen und Teil von Schulungsplänen sind

1) z.B. Bundesministerium für Ernährung und Landwirtschaft:
Ja, es gibt Aktivitäten innerhalb unserer Forschungsinstitute, z.B. GeoNode am Thünen-Institut (https://atlas.thuenen.de/about/), das Geoportal des JKI (http://geoportal.julius-kuehn.de/#/dashboard) oder das Geoportal GDI-BMEL (https://gdi.bmel.de/), das von der BLE gehostet und gepflegt wird.

2) Die Deutsche Akademie für öffentliche Verwaltung bietet Kurse zum Arbeiten mit Daten an (https://www.bakoev.bund.de/DE/00_Home/home_node.html)

3) Das CCOD bietet sogenannte „Fachforen“ für öffentlich Bedienstete an, die sich mit spezifischen Fragestellungen im Zusammenhang mit der Arbeit mit offenen Daten befassen, z.B. Datenqualität und Lizenzierung offener Daten. Fachforen stehen öffentlich Bedienstete aller Verwaltungs- und Bundesebenen offen.

4) Um die digitalen Kompetenzen innerhalb der Bundesverwaltung zu verbessern, wurde eine „Digitale Akademie“ zur Vermittlung allgemeiner Kompetenzen, einschließlich Open Data, eingerichtet. Das Portal ist im Jahr 2022 gestartet und bietet Schulungsepisoden unter anderem für Open Data an, siehe: https://www.digitalakademie.bund.de/SharedDocs/03_Episoden/Lernreise_04/33_Open_Data.html

5) Es gibt thematische Open-Data-Schulungen, darunter den Online-Kurs „OpenGeoEdu“, der vom mFund unterstützt wird (https://learn.opengeoedu.de/opendata) (siehe auch die darin enthaltenen Videos, um mehr über Open Data zu erfahren).

6) Auf regionaler/kommunaler Ebene werden an einigen Stellen Fortbildungen für öffentlich Bedienstete angeboten, beispielsweise der Berliner „Crash-Kurs Open Data“, der Teil der Fortbildungspläne der Verwaltungsakademie Berlin ist: https://daten.berlin.de/interaktioentfälltrtikel/crashkurs-open-data
Auch Schleswig-Holstein bietet einen vorgeschlagenen, aber freiwilligen Lehrplan für Landesbedienstete an.";Complement;ja;Gemeinsam mit der Bundesakademie für öffentliche Verwaltung (BAköV) entwickelt das Kompetenzzentrum Offene Daten (CCOD) einen sogenannten „Lernpfad“ zur strukturierten Weiterbildung. Darüber hinaus erfolgt bereits aktives Wissensmanagement durch Handbücher, Leitfäden und vieles mehr über das CCOD: https://www.bva.bund.de/DE/Services/Behoerden/Beratung/Beratungszentrum/OpenData/Vorlagen-Hilfsmittel/vorlagen-hilfsmittel_node.html
P29;ja, >9;"Das CCOD plant für Ende 2023 konkrete Formate für ein besseres Community-Engagement.
Andere Konferenzen werden normalerweise von der Community betrieben, z. B.:
- https://oknrw.de/page/2/
- https://www.bertelsmann-stiftung.de/de/unsere-projekte/daten-fuer-die-gesellschaft/projektnachrichten/das-kommunale-open-data-netzwerktreffen-1
- https://www.datarun2023.de/ (BMDV) |

z.B. Bundesministerium für Wirtschaft und Klimaschutz:
Love Data Week (https://forschungsdaten.info/fdm-im-deutschsprachigen-raum/love-data-week/), E-Science-Tage (https://www.e-science-tage.de/de/startseite)

z.B. Bundesministerium für Ernährung und Landwirtschaft:
Ja, siehe: https://www.dlg.org/de/landwirtschaft/themen/technik/digitalisierung-arbeitswirtschaft-und-prozesstechnik/digitale-landwirtschaft; https://www.agrarheute.com/management/betriebsfuehrung/dlg-8-forderungen-fuer-digitale-landwirtschaft-542429;

Mehrere NFDI-Treffen, nächste CORDI 2023 https://www.nfdi.de/cordi-2023-call-for-papers/.
Darüber hinaus ist das JKI Partner bei FAIRagro, einem wichtigen Projekt mit mehreren akademischen Partnern über öffentliche Bedienstete hinaus, das sich auf offene Daten oder Datenkompetenz konzentriert. In diesem Projekt werden zahlreiche Workshops, Hackathons, Schulungen und Bildungskurse sowie Sommerschulen angeboten.

Beispiele auf regionaler Ebene:
Berlin (Bundesland):
- Kurse, z.B. Crashkurs Open Data https://www.berlin.de/moderne-verwaltung/e-gouvernement/open-data/veranstaltungen/einladung-24-april-crashkurs-open-data.pdf?ts=1682690247
- Konferenzen: Berlin Open Data Day: https://projektzukunft.berlin.de/news/news-detail/rueckblick-berlin-open-data-day-2019
- Hackdays: Open Data Berlin unterstützt die vom Berliner Senat geförderten Hackathons mit Open Data: https://www.urbaninnovation.berlin/urban-innovation-forum-2023

Thüringen: Aktivitäten zur Förderung von Open Data und Open Data Literacy gibt es beispielsweise in der Wissenschaft für Forschungsdaten (Thüringer Kompezenzzentrum Forschungsdaten: https://forschungsdaten-thueringen.de).";Complement;ja, >9;"BMEL:
Ja, über das im letzten Jahr berichtete hinaus beteiligen sich die Institute im Zuständigkeitsbereich des Bundesministeriums für Ernährung und Landwirtschaft beispielsweise an der LoveDataWeek (https://rdm4bs.tu-braunschweig.de/index.php/love-data-weel-2024); ein weiteres wichtiges Beispiel ist der FairAgro Community Summit (https://fairagro.net/fairagro-community-summit/), diese Veranstaltung vernetzt die Community für Agrardaten zwischen Nutzern aus dem öffentlichen Sektor, der Forschung, der Zivilgesellschaft und der Wirtschaft.

Schleswig-Holstein:
- Tag der offenen Daten Flensburg, 02.03.2024, Flensburg, https://opendataday-flensburg.de
Open Data Hackathon an der Universität zu Lübeck, https://jil.sh/2024/03/open-data-hackathon-wintersemester-2023-24/

Open Data Day 2024: 2. bis 8. März 2024:
https://open.nrw/open-data-day-2024
- Hackday Niederrhein 2024: 2. und 3. März 2024, Stadt Moers:
https://www.codeforniederrhein.de/hackday-2024/

Bayern:
– Ein bayerischer Open Data Day fand in München (4. Mai 2024) mit über 100 Teilnehmern statt (https://veranstaltungen.muenchen.de/rit/veranstaltungen/open-data-day-muenchen-2024/).
– Ein neuer bayerischer „Open Data Roundtable“ wurde gegründet, um Datenanbieter und -nutzer zu vernetzen und gemeinsam Fortschritte zu erzielen (https://oc.bydata.de/using).

Hamburg: 
Für dieses Jahr sind derzeit keine Veranstaltungen in Hamburg geplant.

Baden-Württemberg: nein
Berlin:
- In Berlin findet jährlich die Konferenz „Berlin Open Data Day“ statt: Wir bieten politische Reden des Berliner Bürgermeisters und des CDO sowie Best-Practice-Fallstudien aus der Verwaltung, der Wirtschaft und der Civic-Tech-Community. Außerdem gibt es die „AG Open Data“, eine Arbeitsgruppe für Datenmanager und Open-Data-Beauftragte, um über die neuesten Herausforderungen der Open-Data-Gesetzgebung oder Themen der Open-Data-Strategie zu sprechen. Wir veranstalten digitale Open-Data-Lunches zum Austausch innerhalb der Civic-Tech-Community, um der Verwaltung ihre Projekte vorzustellen, die diese in ihre Arbeitsabläufe integrieren sollte. Der Crashkurs „Open Data“ findet jährlich statt und vermittelt die neuesten Methoden des Datenmanagements, der Datenveröffentlichung und -visualisierung. Alle Aktivitäten finden Sie online unter: https://www.berlin.de/moderne-verwaltung/e-government/open-data/veranstaltungen/veranstaltungen-1257989.php"
D2;;;;;
D2.1;;;;;
PT1;ja;;Complement;ja;"daten.berlin.de; https://www.govdata.de/"
PT2;neue Frage;neue Frage;Change;Entfällt;"Berlin: CKAN

GovData: Im Jahr 2024 haben wir die Struktur des Portals komplett neu aufgebaut. Wir wechselten für unsere redaktionellen Inhalte zum CMS Typo3 und für die Datenspeicherung zu Piveau (anstelle von CKAN). Einige Servicefunktionen des Portals wurden auf Microservices verlagert."
PT3;neue Frage;neue Frage;Change;ja;"Berlin: =HYPERLINK(""#""; ""https://berlinonline.github.io/open-data-handbuch/#schnittstellen"")

GovData: Der auf GovData veröffentlichte Metadatenkatalog kann automatisiert abgefragt und verarbeitet werden. Hierfür steht eine CKAN-API zur Verfügung – nach der Umstellung auf Piveau wird auch eine Piveau-API verfügbar sein."
PT4;neue Frage;neue Frage;Change;ja;"GovData: Der auf GovData veröffentlichte Metadatenkatalog kann nicht nur über die Funktion auf der Website durchsucht, sondern selbstverständlich auch maschinell abgefragt und verarbeitet werden. Hierfür steht ein SPARQL-Endpunkt (https://www.govdata.de/sparql) zur Verfügung.

Siehe auch: https://www.govdata.de/web/guest/sparql-assistent"
PT5;neue Frage;neue Frage;Change;ja;"Berlin: =HYPERLINK(""#""; ""https://berlinonline.github.io/open-data-handbuch/#schnittstellen"")

GovData: Ein Link zur Dokumentation der CKAN-API ist vorhanden. Nach der Umstellung auf Piveau wird die API selbstverständlich auch hier dokumentiert. Ein Beispiel der geplanten OpenAPI finden Sie auf dem Open-Data-Portal Bayern: https://open.bydata.de/api/hub/search/"
PT6;neue Frage;neue Frage;Change;ja;GovData: Wir haben eine spezielle Seite zu GovData, die auf die SPARQL-Dokumentation verweist, Ihnen die Ausführung beliebiger SPARQL-Abfragen ermöglicht, aber auch ein Dutzend Beispielabfragen bereitstellt: https://www.govdata.de/web/guest/sparql-assistent
PT7;neue Frage;neue Frage;Change;ja;"GovData: Das nationale Datenportal GovData bietet keine Möglichkeit, eigene Datensätze einzubringen. Lokale Datenportale bieten Kommunen die Möglichkeit, ihre Daten zu integrieren. Diese Daten werden im nationalen Datenportal gesammelt.

Berlin bietet ein Beispiel. Das „Open Data Handbuch“ des Open Data Portals Berlin beschreibt die Bereitstellung und die Möglichkeiten lokaler Kommunen, Beiträge zu leisten: https://berlinonline.github.io/open-data-handbuch/#wer-darf-im-datenportal-verffentlichen. Beispiele hierfür sind der Allgemeine Deutsche Fahrrad-Club, aber auch die Civic Tech und Open Data Community in den OK Labs von Code for Germany, Freifunk und Open Street Map."
PT8;ja;;Change;nein;
PT9;ja;Über ein Formular können Kommentare, Fehler oder Verbesserungsvorschläge für jeden einzelnen Datensatz gemeldet werden (Beispiel: https://www.govdata.de/web/guest/daten/-/details/abkurzungsverzeichnis-des-bundes);Change;nein;
PT10;nein;Zur kurzen Erklärung: Eine entsprechende Funktion war bereits verfügbar, wurde jedoch aufgrund geringer Nachfrage/Nutzung eingestellt.;Confirm;nein;
PT11;ja;;Change;nein;
PT12;ja;"Ja, das Portal bietet Benutzern die Möglichkeit, Benachrichtigungen zu erhalten, wenn neue Datensätze auf dem nationalen Portal verfügbar sind. Wir nutzen dafür RSS:
  https://www.govdata.de/web/guest/suchen/-/atomfeed/f/type%3Adataset%2C/s/relevance_desc";Change;nein;
PT13;nein;Nein, aber wir diskutieren über einen „Datenanfrage-Button“ auf dem Portal, allerdings müssen wir noch die politischen und administrativen Prozesse dahinter klären, damit jede Anfrage auch bei der jeweiligen öffentlichen Stelle ankommt.;Confirm;nein;
PT14;nein;;Confirm;nein;
PT15;ja;Nach einer gewissen Zeit (etwa einem Monat) fragen wir den Datenanbieter, ob ein solcher Datensatz veröffentlicht werden könnte.;Change;nein;
PT16;ja;"Für registrierte Benutzer stellen wir ein geschlossenes Diskussionsforum zur Verfügung. Daher können wir Ihnen keine URL anbieten. Registrierter Nutzer ist derjenige, der Daten bereitstellt, also der Verantwortliche in jeder öffentlichen Stelle. Wenn Sie mitmachen möchten, kontaktieren Sie uns bitte per Mail: info@govdata.de
Offenes Diskussionsforum: https://github.com/GovDataOfficial/DCAT-AP.de";Change;nein;GovData: Das Open Data Competence Center plant für die zweite Jahreshälfte 2024 die Einrichtung eines öffentlichen Diskussionsforums. Den Einstieg in dieses Forum bietet das nationale Datenportal.
PT17;ja;;Complement;ja;"Berlin: =HYPERLINK(""#""; ""https://daten.berlin.de/anwendungen"")"
PT18;ja;Ja, in den vorgestellten Anwendungsfällen werden auch die zugeordneten Datensätze erwähnt/beschrieben.;Change;nein;
PT19;ja;;Change;nein;
PT20;nein;;Confirm;nein;
PT21;nein;;Confirm;nein;
PT22;neue Frage;neue Frage;Change;ja;"Berlin: Wir verfügen über das Metadaten-HVD zur Auswahl für Datenherausgeber. Dieses wurde jedoch bisher nicht genutzt, da die HVDs aus der GENESis-Datenbank und dem Geoportal veröffentlicht werden.

GovData: Wir bieten eine spezielle Filterfunktion in unserer einfachen und erweiterten Suche. In den Ergebnislisten werden Datensätze mit hohem Wert besonders hervorgehoben (mit einem goldenen Rahmen und der Auszeichnung in der Kategorie „Gold“). Weitere Maßnahmen zur Hervorhebung hochwertiger Datensätze sind für Ende des Jahres geplant."
D2.2;;;;;
PT23;ja;Matomo;Complement;ja;"Berlin: =HYPERLINK(""#""; ""https://odis-berlin.de/projekte/2024-01-daten-neuheiten ""); GovData nutzt weiterhin Matomo zur Überwachung des Portalverkehrs, bietet aber zusätzliche Statistiken. Wir erfassen weitere Portalstatistiken, einige finden Sie hier. https://www.govdata.de/web/guest/suchen/-/searchresult/q/Zugriffsstatistik/s/lastmodification_desc"
PT24;ja;Entfällt;Change;nein;GovData: Nein
PT25;ja;"Wir treffen die Benutzer. Wir nehmen an Netzwerktreffen mit Verwaltung, Wissenschaft, der Internet-Community und der Open-Data-Community teil. Dort nehmen wir aktiv an Austauschrunden, Barcamps teil, halten Vorträge, Workshops (z. B. auf der re:publica), Hackathons. Zuhören ist wichtig.
Darüber hinaus werden laufend Reaktionen in den Social-Media-Kanälen sowie Fragen und Rückmeldungen über die Kontaktseite des Portals ausgewertet.";Complement;ja;Berlin: Umfragen, eine Mapp-Intelligence, um zu verfolgen, welche Daten am häufigsten heruntergeladen werden
PT26;neue Frage;neue Frage;Change;ja;GovData: Wir stehen im ständigen Austausch mit den Nutzerinnen und Nutzern des Portals. Die Wünsche der Kommunen werden teilweise in Workshops konkret erfragt und fließen in die geplante Roadmap für das Portal ein. Die Funktionalitäten werden basierend auf der Analyse (via Matomo) der Portalnutzung angepasst.
PT27;neue Frage;neue Frage;Change;ja;Berlin: Wir schulen zum Veröffentlichen im Open Data-Portal und zur Nutzung des Portals im Open Data Crashkurs
PT28;neue Frage;neue Frage;Change;ja;GovData: Wir nutzen Matomo unregelmäßig, um die Suchbegriffe auf unserem Portal zu analysieren. Auch eingehende Links von Suchmaschinen werden auf ihre Suchbegriffe analysiert. Dadurch konnten wir einen erhöhten Informationsbedarf für die Bereitstellung hochwertiger Datensätze feststellen. Eine gezielte Analyse der Suche nach Datensätzen führt jedoch zu Fehlinterpretationen. Es gibt in Deutschland zu viele Subdatenportale, auf denen Nutzer ebenfalls suchen, deren Daten wir aber nicht analysieren.
PT29;neue Frage;neue Frage;Change;ja;GovData: Wir nutzen die Analyse der Zugriffszahlen, um die Struktur unserer Seiten genau zu hinterfragen. Ein Datenportal hat viele unterschiedliche Nutzergruppen, umso schwieriger ist es für alle, schnell die passenden Inhalte zu finden.
PT30;ja;Für die Suche bieten wir Autovervollständigung und alternative Begriffsvorschläge zur Optimierung der Ergebnisse an. Darüber hinaus werden linguistische Suchmethoden eingesetzt, um das Ergebnis zu verbessern.;Complement;ja;Berlin: Wir wollen große Sprachmodelle implementieren
PT31;ja;;Complement;ja;GovData: ja. Jeder Datensatz wird auf einer eigenen Seite angezeigt, Beispiel: https://www.govdata.de/web/guest/suchen/-/details/zugriffsstatistik-daten-berlin-dec9fb3 Die Metadaten sind menschenlesbar und wir bieten einen Link zu einer maschinenlesbaren RDF-Datei.
D2.3;;;;;
PT32;alle Datenanbieter des öffentlichen Sektors;Die Daten aller Open-Data-Portale des öffentlichen Sektors sind in GovData verfügbar. Die Datenbereitstellung erfolgt über Fach- oder Landesportale. Wo dies nicht möglich ist, stellen die regionalen Portale diese direkt zur Verfügung.;Change;alle Datenanbieter des öffentlichen Sektors;In GovData stehen die Daten aller Open-Data-Portale des öffentlichen Sektors zur Verfügung. Die Datenbereitstellung erfolgt über Fach- bzw. Landesportale. Wo dies nicht möglich ist, erfolgt die Datenbereitstellung direkt über die regionalen Portale.
PT33;ja, oder alle Datenanbieter des öffentlichen Sektors veröffentlichen bereits Daten;Entfällt;Confirm;ja, oder alle Datenanbieter des öffentlichen Sektors veröffentlichen bereits Daten;GovData: ja
PT34;ja, oder alle Datenanbieter des öffentlichen Sektors veröffentlichen bereits Daten;"- Das Kompetenzzentrum für Open Data (CCOD) hat eine Wissensbibliothek aufgebaut, die verschiedene Richtlinien, Handbücher etc. aus allen Bundesebenen umfasst. (https://www.bva.bund.de/DE/Services/Behoerden/Beratung/Beratungszentrum/OpenData/Vorlagen-Hilfsmittel/vorlagen-hilfsmittel_node.html)
CCOD bietet außerdem mehrere Workshops an und führt diese durch, die sich mit unterschiedlichen Themen bei der Veröffentlichung offener Daten befassen.

- https://www.itb.ec.europa.eu/shacl/dcat-ap.de/upload";Confirm;ja, oder alle Datenanbieter des öffentlichen Sektors veröffentlichen bereits Daten;Berlin: Mit der Open Data Informationsstelle Berlin unterstützen wir sie
PT35;ja;Eine Liste aller Datenanbieter ist als Filterliste unter folgendem Link abrufbar, der auch alle regionalen Portale umfasst: https://www.govdata.de/web/guest/daten;Complement;ja;Berliner Geoportal Wasserportal, Energieatlas, Gewerbedatenatlas, Urbane Datenplattform PRISMA, digitale Plattform Stadtverkehr, es gibt viele Portale in Berlin
PT36;ja;Eine Liste aller Datenanbieter ist als Filterliste unter folgendem Link abrufbar, der auch alle regionalen Portale umfasst: https://www.govdata.de/web/guest/daten;Confirm;ja;
PT37;die meisten Datensätze;Kurznotiz: Einige, meist regionale Datenanbieter, geben ihre Daten bei GovData manuell ein;Change;die meisten Datensätze;"Kurzer Hinweis: Einige, vor allem regionale Datenanbieter, geben ihre Daten manuell bei GovData ein.

Nachtrag: Danke für den Hinweis. Wir haben die Spalte H aktualisiert."
PT38;ja;"Ja, es gibt einige Beispiele:
https://www.govdata.de/web/guest/suchen/-/details/pegelonline
https://www.govdata.de/web/guest/suchen/-/details/aktuellste-10-minutige-stationsmessungen-der-niederschlagshohe-in-deutschland";Complement;ja;Berlin:aber sehr wenige, nicht viele
PT39;neue Frage;neue Frage;Change;ja;"Berlin: Bürgerbasierte Daten wie die Radverkehrsdaten aus dem Projekt „Berlin zählt Mobilität“

GovData: Siehe Antwort zu Frage PT7. Wir können nicht mehr unterscheiden, welche Daten amtlich und welche nicht amtlich sind. Es gibt auch Daten, die aus der Kombination amtlicher Daten (Katasterdaten) und nicht amtlicher Daten (OSM) entstehen.

Beispiel: https://www.govdata.de/web/guest/suchen/-/details/osm-strassen-koln-bonn und https://www.govdata.de/web/guest/suchen/-/details/spw2-alkisosmb7bb8"
PT40;nein;;Change;ja;Berlin: ja, wir haben die Berliner Kerndatensätze überwacht: https://odis-berlin.de/projekte/2023-02-kerndaten%C3%A4tze
D2.4;;;;;
PT41;neue Frage;neue Frage;Change;ja;GovData: Nach Projektstart wurde das GovData-Portal ein Produkt des IT-Planungsrats. Die Finanzierung wurde über eine Verwaltungsvereinbarung mit allen 16 Bundesländern und dem Bund sichergestellt. Um den langfristigen Betrieb aller Produkte des deutschen IT-Planungsrats sicherzustellen, wurde FITKO als neue Behörde gegründet https://www.it-planungsrat.de/fileadmin/beschluesse/2021/Beschluss2021-21_FITKO_Gruendungsbeschluss.pdf Bei der Gründung im Jahr 2020 wurde GovData explizit als zu übernehmendes Produkt genannt. Die Datenlieferung an GovData ist gesetzlich vorgeschrieben.
PT42;ja;"Ja, sehen Sie
https://twitter.com/govdata_de
https://social.bund.de/@opendata";Change;nein;Berlin:-Nicht mehr, seit Twitter zu X wurde
PT43;ja;Wir stellen unseren Quellcode auf GitHub zur Verfügung: https://github.com/govdataofficial und auf Open CoDE (ein von Deutschland gehostetes GitLab): https://gitlab.opencode.de/fitko/govdata;Complement;ja;"Berlin: =HYPERLINK(""#""; ""https://github.com/berlinonline "")"
PT44;ja;Das Dashboard verwendet unseren SHACL-Validator (Online-Version verfügbar unter: https://www.itb.ec.europa.eu/shacl/dcat-ap.de/upload) und bietet den Datenanbietern Links zur Verbesserung ihrer Metadatenqualität und ihrer Leistung auf dem nationalen Portal.;Change;nein;
PT45;ja;Mit dem SHACL Validator erhalten Datenanbieter Feedback zur Metadatenqualität und zu defekten Links in ihrer Datenbank. Darüber hinaus liefert der Validator Hinweise zur Fehlerbehebung.;Change;nein;
D3;;;;;
D3.1;;;;;
Q1;ja;Die Metadaten unterliegen einem kontinuierlichen Ernteprozess mit Kontrolle der Metadaten und automatischer Suche nach Duplikaten.;Confirm;;
Q2;neue Frage;neue Frage;Change;70-89%;"Berlin: Datenerhebung über das Geoportal

90–99 %. Wir verfügen für fast jedes Bundesland über ein Open-Data-Portal. Die größeren (aber auch kleineren) Städte betreiben ein eigenes Open-Data-Portal. Darüber hinaus gibt es verschiedene thematische Datenportale, beispielsweise für Verkehrs- und Geodaten. Alle diese Datenportale sind in einem großen Netzwerk oder Baum miteinander verknüpft und ernten sich gegenseitig. Am Ende steht GovData, das fast alle Metadaten aus den Unterportalen sammelt. Nur ein kleiner Teil der Daten wird manuell direkt in GovData eingegeben."
Q3;neue Frage;neue Frage;Change;innerhalb einer Woche;"GovData: Die Metadaten werden durchschnittlich nach zwei Tagen aktualisiert. Werden Metadaten manuell direkt im GovData-Portal geändert, sind die Änderungen sofort sichtbar. Wird ein Datensatz im Geoportal einer Stadt geändert, nutzt die Stadt ihr Geoportal. Die Stadt kann dann vom Portal des Landkreises und dieses wiederum vom Bundesland und dieses wiederum von GovData genutzt werden. Diese Kette kann zu einer Verzögerung von mehreren Tagen bei der Datenaktualisierung führen.

Nachtrag: Bestätigung"
Q4;neue Frage;neue Frage;Change;ja;"GovData: Bis vor Kurzem war es nicht möglich, Datenreihen in den Metadaten zu kennzeichnen. Daher wurden Datenreihen in der Vergangenheit so unterschiedlich wie möglich erstellt. Die lokalen Unterportale verfolgen jeweils eigene Strategien, um damit umzugehen. Mit der Einführung von DCAT-AP.de 3.0 ist ein Beispiel für eine korrekte Datenreihe geplant. Darauf aufbauend könnten wir an einer Harmonisierung arbeiten.

Nachtrag: Ja, die neue Version von DCAT-AP.de ermöglicht die korrekte und eindeutige Kennzeichnung von Datensatzreihen. Derzeit messen wir diesen Aspekt nicht, da es keine standardisierte Methode gibt und mehr als vier Methoden zur Kennzeichnung von Datenreihen verwendet werden."
Q5;neue Frage;neue Frage;Change;ja;"Berlin: Es wird jedoch nicht genutzt, da die Datenanbieter von anderen Plattformen wie GENESIS Online veröffentlichen, wo es eine Schnittstelle zum Govdata-Portal gibt, oder über das Geoportal Berlin, wo es eine API zum Berliner Open Data-Portal gibt. Sie müssen die Daten jedoch nicht extra auf dem Berliner Portal angeben, da dies im Geoportal angegeben wird.
GovData:
Wir sind stolz darauf, als zweiter Staat die Auszeichnung für hochwertige Datensätze korrekt an das europäische Datenportal übertragen zu haben. Um dies erfolgreich durchführen zu können, mussten wir CKAN erweitern, sodass HVD-Daten in ein CKAN-System importiert und anschließend exportiert werden konnten. Unsere Änderungen wurden gemäß den Open-Source-Regeln in das offizielle Repo übertragen. Für die Geodaten mussten wir den Konverter der Geo-ISO-Daten anpassen. Im Vorfeld war ein langwieriger Abstimmungsprozess mit und innerhalb der Geo-Community erforderlich. Bitte beachten Sie auch die Antwort auf Frage PT22."
Q6;neue Frage;neue Frage;Change;nein;"GovData: Teilweise stellen die Fachgemeinschaften selbst die Kompatibilität der einzelnen Datensätze sicher. Zwei Fachbereiche werden als Beispiele genannt. Die Geodaten werden in den Bundesländern erhoben und können dank etablierter Strukturen harmonisiert und als gemeinsamer Datensatz für ganz Deutschland angeboten werden. Die INSPIRE-Spezifikationen sorgen dafür, dass die Datensätze europaweit vergleichbar sind. Die Wetterdaten sind nicht nur innerhalb Europas kompatibel, sondern dank ihrer Standardisierung auch international interoperabel.

Nachtrag: Die richtige Antwort lautet weiterhin „nein“. INSPIRE und Wetterdaten sind älter als HVD. Wir verfügen also über interoperable Datensätze, führen aber keine speziellen Aktivitäten für HVD-Datensätze durch, die mit anderen Ländern interoperabel sind."
D3.2;;;;;
Q7;ja;"Unterbrochene Links, Überwachung von Importfehlern, Validierung wird gemäß DCAT-AP.de umgestellt (https://www.itb.ec.europa.eu/shacl/dcat-ap.de/upload)
Wir stellen ein Dashboard zur Verfügung, das Auskunft über die veröffentlichten Daten gibt. Während der Testphase ist das Dashboard nur für registrierte Benutzer zugänglich.
Bitte kontaktieren Sie uns zur Teilnahme per E-Mail an info@govdata.de.";Confirm;;
Q8;ja;Wir stellen ein Dashboard zur Verfügung, das Auskunft über die veröffentlichten Daten gibt. Während der Testphase ist das Dashboard nur für registrierte Benutzer zugänglich. Bitte kontaktieren Sie uns zur Teilnahme per E-Mail an info@govdata.de.;Complement;ja;"GovData: Wir bieten ein Dashboard mit Informationen zu den veröffentlichten Daten an. Während einer Testphase ist das Dashboard nur für registrierte Nutzer zugänglich. Die zugrunde liegenden Daten sind jedoch über unsere SPAQL-Schnittstelle frei zugänglich.

Nachtrag: https://govdata.de/metadatenqualitaet/qualitaetmerkmale. Diese URL wird im Laufe des Monats verfügbar sein. Wir entfernen die Option „Zugriff für registrierte Nutzer“."
Q9;neue Frage;neue Frage;Change;ja;"Berlin: =HYPERLINK(""#""; ""https://odis-berlin.de/file-download/Vorlage_Metadaten.xlsx "")

GovData: Informationen hierzu finden Sie auf unserer Informationsseite zur Datenbereitstellung auf GovData unter https://www.govdata.de/web/guest/datenbereitstellungaufgovdata. Dort verweisen wir auf das Self-Service-Tool zur Prüfung DCAT-AP.de-kompatibler Metadaten. Bei der Anbindung neuer Datenanbieter an GovData wird deren Endpunkt umfassend getestet und die Anbieter erhalten eine schriftliche Analyse der Metadatenqualität. Im Zuge der Veröffentlichung von DCAT-AP.de 3.0 werden wir verschiedene Beispiele für qualitativ hochwertige Metadaten bereitstellen."
Q10;neue Frage;neue Frage;Change;ja;"Berlin: Der Musterdatenkatalog der Bertelsmann Stiftung

GovData: Alle Datenlieferanten müssen ihre Metadaten mindestens im DCAT-AP.de 2.0-Format bereitstellen. Der Standard selbst enthält unter anderem Vorgaben zur Lizenznutzung. Das Konventionshandbuch (https://www.dcat-ap.de/def/dcatde/2.0/implRules/) enthält 41 Konventionen für die Anlieferung an GovData."
Q11;neue Frage;neue Frage;Change;ja;"In der Open-Data-Verordnung empfehlen wir überwiegend offene Lizenzen wie CC 0 oder mindestens CC BY 4.0.

Nachtrag:
Lizenzleitfaden für GovData: https://www.govdata.de/web/guest/datenbereitsteller
Lizenzleitfaden auf DCAT-AP.de: https://www.dcat-ap.de/def/licenses/
Berliner Open-Data-Verordnung: https://www.berlin.de/sen/wirtschaft/digitalisierung/open-data/verordnung/"
Q12;>90%;Entfällt;Change;51-70%;"GovData: >90 %

Nachtrag: 90+ % sind korrekt"
Q13;5-10;Entfällt;Change;1-4;"GovData: 5-10

Nachtrag: 5-10 ist korrekt"
Q14;neue Frage;neue Frage;Change;nein;
D3.3;;;;;
Q15;neue Frage;neue Frage;Change;ja;Wir nutzen ausschließlich Datenquellen in DCAT-AP.de 2.0 oder höher. Falls dies nicht möglich ist (INSPIRE-Metadaten), entwickeln wir eine eigene CKAN-Konverter-Erweiterung. DCAT-AP.de wurde vor Jahren entwickelt, um dem europäischen DCAT-AP mit einigen deutschen Erweiterungen zu folgen.
Q16;>90%;;Change;51-70%;Nachtrag: Danke für den Hinweis. Wie in Frage Q15 beschrieben, befolgen wir die DCAT-AP-Konformität. Es gibt keinen Rückgang. Wir haben die Antworten korrigiert.
Q17;>90%;;Change;51-70%;Nachtrag: Danke für den Hinweis. Wie in Frage Q15 beschrieben, befolgen wir die DCAT-AP-Konformität. Es gibt keinen Rückgang. Wir haben die Antworten korrigiert.
Q18;71-90%;;Change;31-50%;Nachtrag: Danke für den Hinweis. Wie in Frage Q15 beschrieben, befolgen wir die DCAT-AP-Konformität. Es gibt keinen Rückgang. Wir haben die Antworten korrigiert.
Q19;ja;"DCAT-AP.de stellt lediglich eine Ergänzung zu DCAT-AP dar und ist daher vollständig DCAT-AP-konform. Die Ergänzung zu DCAT-AP ist notwendig, um deutsche Besonderheiten abzubilden.
https://www.dcat-ap.de/ // R2: Für eine genaue Erklärung müssten wir die Frage separat beantworten.

Kurz gesagt gibt es zwei rechtlich unterschiedliche Ansätze zwischen der CC BY 4.0-Lizenz und der deutschen Datenlizenz. CC BY konzentriert sich auf das materielle Eigentumsrecht, während die deutsche Variante die Lizenzierung von (amtlichen) Datensätzen als Widmungsakt einstuft. Daraus ergibt sich eine andere rechtliche Beurteilung. Hinzu kommen Aspekte aus den Regelungen in Deutschland zu Allgemeinen Geschäftsbedingungen (AGB) im zivilrechtlichen Kontext.

Es gibt also einen subtilen rechtlichen Unterschied hinter der Datenlizenz – eine „deutsche Besonderheit“. :-)

Dennoch wird die Notwendigkeit einer nationalen Lizenz derzeit diskutiert und möglicherweise in Zukunft neu bewertet.";Complement;;Nachtrag: Danke für den Hinweis. Wir haben noch eine nationale Erweiterung. Wir werden das neue DCAT-AP.de 3.0 im Dezember 2024 veröffentlichen.
Q20;neue Frage;neue Frage;Change;nein;GovData: Nein. Die Untersuchung und Verbesserung der Metadatenqualität steht auf unserer To-Do-Liste.
Q21;31-50%;Entfällt;Confirm;31-50%;GovData: '31-50%
Q22;>90%;Entfällt;Change;51-70%;"GovData: '>90 %

Nachtrag: Danke für den Hinweis. Wir haben die Antwort auf 90+ % korrigiert."
D3.4;;;;;
Q23;ja;Die Fair Principles sind ein zentraler Bestandteil der Qualitätsprüfung im Dashboard des Portals.;Complement;ja;Berlin: für Finanzdaten und für das Organigramm-Tool
Q24;ja;Seit 2021 haben wir das Dashboard zur Qualitätskontrolle. Die Datenanbieter selbst haben dort die Möglichkeit, ihre Metadatenqualität zu überprüfen. Darüber hinaus werden regelmäßig Auszüge mit den wichtigsten Qualitätsparametern an die Datenlieferanten gesendet.;Complement;ja;Berlin: Barcamp Linked Open Data
Q25;>90%;Entfällt;Confirm;>90%;Entfällt
Q26;>90%;Entfällt;Confirm;>90%;Entfällt
Q27;71-90%;Entfällt;Confirm;71-90%;Entfällt
Q28;51-70%;Entfällt;Confirm;51-70%;Entfällt
Q29;31-50%;Entfällt;Confirm;31-50%;Entfällt
D4;;;;;
D4.1;;;;;
I1;ja;"Obwohl es keine einheitliche Definition gibt, regelt § 12a Abs. 6 EGovG die Weiterverwendung offener Daten wie folgt:

„Der Abruf von Daten nach Absatz 1 Satz 1 [(= § 12a Abs. 1 enthält die Verpflichtung zur Veröffentlichung offener Daten durch Bundesbehörden)] soll unentgeltlich und zur uneingeschränkten Weiterverwendung der Daten durch jede Person ermöglicht werden. Der Abruf der Daten nach Absatz 1 Satz 1 soll jederzeit, ohne Registrierungspflicht und ohne Angabe von Gründen möglich sein.“

Darüber hinaus definiert die Open-Data-Strategie Folgendes:
„Wann sind offene Regierungsdaten im Sinne dieser [Open-Data]-Strategie?“
- Behörden die Daten selbst erhoben haben oder durch Dritte erheben lassen;
- frei zugänglich in öffentlichen Netzwerken,
- maschinenlesbar,
- nicht persönlich
- frei nutzbar,
- Keine sicherheitsrelevanten Informationen.“";Confirm;;
I2;ja;"Ja, es gibt verschiedene Methoden zur Schätzung der Wiederverwendung offener Daten. Dazu gehören die Sammlung, Verfolgung und Veröffentlichung von Anwendungsfällen und andere Überwachungsmechanismen, wie zum Beispiel:

- Nationale Ebene: Beispiele für die Datennutzung werden über Open Government Networking gesammelt und als Artikel sowie auf der CCOD-Website veröffentlicht: https://www.bva.bund.de/DE/Services/Behoerden/Beratung/Beratungszentrum/OpenData/Use_Cases/use_cases_node.html
- Die Nutzung von CODE-DE wird umfassend gemessen und regelmäßig ausgewertet.
- Regelmäßiges INSPIRE-Monitoring durch GDI-DE, Deutschlands Geodateninfrastruktur.

- Regional/lokal:
- Berlin (Land): Wir veröffentlichen die von Open Data of Berlin generierten Anwendungen auf unserem Open Data Portal: https://daten.berlin.de/anwendungen
- Im Land NRW überwachen Dateneigentümer/-anbieter und IT-Dienstleister Downloads und Service-Nutzung als interne Daten.";Change;ja;"Berlin: Ja, es gibt verschiedene Methoden zur Schätzung der Wiederverwendung offener Daten. Dazu gehören die Sammlung, Verfolgung und Veröffentlichung von Anwendungsfällen und andere Überwachungsmechanismen, wie zum Beispiel:

- Nationale Ebene: Beispiele für die Datennutzung werden über Open Government Networking gesammelt und als Artikel sowie auf der CCOD-Website veröffentlicht: https://www.bva.bund.de/DE/Services/Behoerden/Beratung/Beratungszentrum/OpenData/Use_Cases/use_cases_node.html
- Die Nutzung von CODE-DE wird umfassend gemessen und regelmäßig ausgewertet.
- Regelmäßiges INSPIRE-Monitoring durch GDI-DE, Deutschlands Geodateninfrastruktur.
Der Showroom von GovData zeigt auch einige Anwendungsbeispiele: https://www.govdata.de/web/guest/showroom

- Regional/lokal:
- Berlin (Land): Wir veröffentlichen die von Open Data of Berlin generierten Anwendungen auf unserem Open Data Portal: https://daten.berlin.de/anwendungen
- Im Land NRW überwachen Dateneigentümer/-anbieter und IT-Dienstleister Downloads und Service-Nutzung als interne Daten.

Hamburg:
- Der Einfluss auf die Regierung wird hiermit als die positive Auswirkung der Nutzung offener Daten auf drei spezifische Herausforderungen definiert, vor denen die Regierung/öffentliche Verwaltung steht: 1) Effiziente und effektive Erbringung öffentlicher Dienste; 2) Transparenz und Rechenschaftspflicht bei ihren Handlungen; 3) Verbesserung ihrer Fähigkeit, Entscheidungen zu treffen und Richtlinien zu erlassen."
I3;ja;"Die Berlin University Alliance fördert in Ziel 3 das Monitoring von Open-Data-Praktiken (https://www.berlin-university-alliance.de/en/commitments/forschungsqualität/index.html)

Beispiele auf regionaler Ebene:
Berlin (Land): Wir verfügen über unsere Projektdatenbank, in der wir die Wiederverwendung der eigenen veröffentlichten Daten überwachen und diese durch unsere Social-Media-Aktivitäten oder Pressemitteilungen bekannt machen:
1) offene Haushaltsdaten: https://odis-berlin.de/projekte/haushaltsdaten/
2) Organigramm-Tool: https://odis-berlin.de/projekte/organigramme/
3) Wahlbezirke-Editor: https://odis-berlin.de/projekte/wahlbezirke/";Complement;ja;"Bayern:
- Sammlung von Anwendungsfällen mit offenen Daten unter https://oc.bydata.de/using/usecases

Nordrhein-Westfalen: Wiederverwendungsfälle werden in einem Showroom veröffentlicht (https://open.nrw/open-data/open-data-showroom)."
I4;neue Frage;neue Frage;Change;nein;
I5;ja;"Ja, aber es gibt keine einheitliche Definition der Auswirkungen offener Daten in Deutschland (die aufgrund der oben erwähnten verfassungsrechtlichen Trennung zwischen Bund und Ländern kaum anwendbar auf Deutschland wäre): Die meisten öffentlichen Stellen und Institutionen, die sich mit offenen Daten befassen, haben dargelegt, welche Auswirkungen offene Daten aus ihrer Sicht haben (können).
- Die Gesamtwirkung offener Daten ist beispielsweise in der Datenstrategie beschrieben (siehe hier https://www.bundesregierung.de/resource/blob/992814/1845634/f073096a398e59573c7526feaadd43c4/datenstrategie-der-bundesregierung-download-bpa-data.pdf?download=1.
- Die Open-Data-Strategie enthält auch eine umfassende Definition der Ziele und Auswirkungen von Open Data (Seite 5, 6), siehe URL: https://www.bundesregierung.de/resource/blob/992814/1940386/1d269a2ad1b6346fcf60663bdea9c9f8/2021-07-07-open-data-strategie-data.pdf?download=1
- Offene Daten sind ein zentraler Aspekt des mFUND-Förderprogramms. Finanziell werden Innovationsprojekte gefördert, die ihre Projektergebnisse und Forschungsdaten spätestens nach Projektende als Open Data zur Verfügung stellen. Das Open-Data-Portal mCLOUD (https://mcloud.de/) des BMVI ist das primäre Repository für die Veröffentlichung offener Daten für mFUND-Projekte. Der Umfang der geplanten Open-Data-Bereitstellung spielt bereits bei der Bewertung der eingereichten Projektvorschläge eine entscheidende Rolle.
- Eine Reihe von Bundesbehörden haben Open Data in allen datenrelevanten Prozessen und in ihrer strategischen Ausrichtung (Change Management) implementiert, z.B. BAW, BSH, DWD.
- Die vom Ministerium des Innern, für Bau und Heimat herausgegebene Studie „Kommunales Open Government. Gebrauchsanleitung für eine Utopie“ stellt darüber hinaus mehrere konkrete Erwartungen an positive Wirkungen durch Open-Government-Daten dar (URL: https://www.bmi.bund.de/SharedDocs/downloads/DE/veroeffentlichungen/themen/moderne-verwaltung/leitfaden-modellkommune-open-govt.pdf?__blob=publicationFile&v=1)
- Im Rahmen des Ministeriumsprojekts „Modellkomune Open Government“ wurden acht Wirkungsdimensionen der Offenheit und neun erwartete Wirkungen für öffentliche Stellen identifiziert (siehe S. 61 & S. 65, URL: https://www.bmi.bund. de/SharedDocs/downloads/DE/veroeffentlichungen/themen/moderne-verwaltung/projektbericht-modellkommune-open-government.pdf?__blob=publicationFile&v=2)
- Die Studie „Digitales Gold“ der Berliner Technologiestiftung skizziert konkrete Auswirkungen in verschiedenen Bereichen der Open-Data-Anwendung (URL: https://www.technologiestiftung-berlin.de/fileadmin/Redaktion/PDFs/Bibliothek/Studien/2014/140201_Studie_Digitales_Gold_Open_Data.pdf)";Complement;ja;"Berlin: Ja, allerdings gibt es keine allgemeingültige Definition der Auswirkungen von Open Data in Deutschland (die aufgrund der verfassungsrechtlichen Trennung zwischen Bund und Ländern auch kaum auf Deutschland anwendbar wäre): Die meisten öffentlichen Stellen und Institutionen, die sich mit Open Data befassen, haben dargelegt, welche Auswirkungen Open Data aus ihrer Sicht haben (können).
Die Gesamtwirkung von Open Data wird beispielsweise in der neuen Datenstrategie 2023 „Fortschritt durch Datennutzung“ beschrieben, siehe hier: https://bmdv.bund.de/SharedDocs/DE/Anlage/K/nationale-datenstrategie.pdf?__blob=publicationFile

Die Open-Data-Strategie enthält zudem eine umfassende Definition der Ziele und Wirkungen von Open Data (Seite 5 und 6), siehe URL: https://www.bundesregierung.de/resource/blob/992814/1940386/1d269a2ad1b6346fcf60663bdea9c9f8/2021-07-07-open-data-strategie-data.pdf?download=1"
I6;ja;"Da Auswirkungen auf unterschiedliche Weise definiert werden (siehe Frage 33), werden auf nationaler, regionaler, lokaler und Projektebene unterschiedliche Methoden verwendet.
- Auf nationaler Ebene werden die Umsetzung und die entsprechenden Auswirkungen des Open-Data-Gesetzes durch einen Online-Fragebogen und die Erstellung eines halbjährlichen „Fortschrittsberichts“ gemessen. Den ersten und auch die Ergebnisse der Abstimmung finden Sie hier: https://dip21.bundestag.de/dip21/btd/19/141/1914140.pdf
*(der zweite Bericht wird derzeit erstellt).
- Das Land NRW hat eine durchgehende Evaluierung seiner gesamten Open-Government-Strategie entwickelt, die die Messung seiner Open-Data-Ziele und der damit verbundenen Auswirkungen umfasst (URL:
https://www-open-nrw.prod-drupal.nrw.de/system/files/media/document/file/opennrwt1web.pdf)
- Das Projekt „Modellkomune Open Government“ hat einen begleitenden Leitfaden veröffentlicht, der „Erwartungen“ an Offenheit und konkrete Schritte zu deren Erreichung konkretisiert. Diese sind zugleich Grundlage für die Wirkungsevaluation (URL: https://open-gouvernement-kommunen.de/goto.php?target=file_425_download&client_id=civitalis)
- Der Open Data Impact Award des Stifterverbandes weist darauf hin, dass „Impact“ von Open Data in der Forschung bedeutet, dass die Daten erfolgreich in einem anderen gesellschaftlichen Bereich umgesetzt wurden (einen Mehrwert für die Gesellschaft schaffen, offen für eine große Anzahl von Nutzern verfügbar) (URL: https://www.stifterverband.org/innosci/open-data-impact-award)

Schließlich: In ihrem Koalitionsvertrag aus dem Jahr 2021 hat die Bundesregierung die Gründung eines unabhängigen Dateninstituts in Deutschland festgelegt. Eine Aufgabe dieser Einrichtung wird in Zukunft darin bestehen, weitere Methoden zu entwickeln.";Complement;ja;"Berlin: Da der Begriff „Wirkung“ unterschiedlich definiert wird, kommen auf nationaler Ebene unterschiedliche Methoden zum Einsatz:
– Auf nationaler Ebene werden die Umsetzung und die damit verbundenen Auswirkungen des Open-Data-Gesetzes mithilfe eines Online-Fragebogens und der Erstellung eines halbjährlichen Fortschrittsberichts gemessen. Den ersten Fortschrittsbericht sowie die Ergebnisse der Messung finden Sie hier: https://dip21.bundestag.de/dip21/btd/19/141/1914140.pdf
*(Der zweite Bericht wird derzeit für 2024 erstellt.)

Schließlich: Im Koalitionsvertrag von 2021 hat die Bundesregierung die Einrichtung eines unabhängigen Dateninstituts in Deutschland vereinbart. Eine Aufgabe dieser Institution wird künftig die Weiterentwicklung der Methoden sein."
I7;ja;"Ja, siehe unten einige Beispiele:
- die FU Berlin Open Access Initiative: https://www.fu-berlin.de/sites/open_access/akteure/oa-policy

- Es gibt Fördermittel und andere Aktivitäten zur Förderung des Forschungsdatenmanagements mit dem Ziel, diese hochwertigen Daten durch die FAIR-Prinzipien zum Nutzen von Wissenschaft, Wirtschaft und Zivilgesellschaft zugänglich zu machen.

- Im mFUND-Programm gibt es eine Reihe von Projekten, die aus zivilgesellschaftlichem Engagement hervorgehen. Ein Beispiel ist das Projekt miki („mobil im Kiez“, https://www.bmvi.de/SharedDocs/DE/Artikel/DG/mfund-projekte/miki.html), dessen Ziel es ist, Lösungen für die Navigation und Orientierung von Menschen mit eingeschränkter Mobilität zu entwickeln unter Einbeziehung zivilgesellschaftlichen Engagements. Insgesamt gibt es 15 mFUND-Projekte unter Beteiligung zivilgesellschaftlicher Organisationen, die Open Data nutzen und/oder Open Data erstellen.

- OParl ist eine Initiative zur Förderung der Offenheit parlamentarischer Informationssysteme auf kommunaler Ebene in Deutschland, siehe: https://oparl.org/

- Derzeit gibt es bundesweit 34 sogenannte „OK Labs“, die unter der Leitung von Code for Germany agieren. Diese Labore arbeiten täglich mit offenen Daten und erstellen verschiedene Projekte, Anwendungen und Anwendungsfälle. Eine Übersicht der Labore finden Sie hier:
https://www.codefor.de/; https://www.codefor.de/about/
Eine Übersicht über die Projekte, an denen die Labore arbeiten: https://www.codefor.de/projekte/
Einige Beispiel-Websites einiger Labore:
https://www.codefor.de/berlin/
https://www.codefor.de/ruhrgebiet/
https://www.codefor.de/niederrhein/
https://www.codefor.de/bonn/
https://www.codefor.de/koeln/
https://www.codefor.de/muenchen/

Antwort zu R1: Wählen Sie einen anderen Link aus, der besser passen sollte. Die FU verfügt über eine Open-Access-Strategie.

Auszug aus der Präambel: Die Freie Universität Berlin setzt sich für die Förderung von Open Access ein und legt großen Wert auf die hohe Qualität wissenschaftlicher Publikationen unter Einhaltung aller technischen Standards. Sie beteiligt sich aktiv an einschlägigen Open-Access-Initiativen und engagiert sich insbesondere für die Ziele der Open-Access-Strategie für Berlin (Land).";Change;nein;
D4.2;;;;;
I8;ja;Entfällt;Confirm;ja;Entfällt
I8-a;neue Frage;neue Frage;Change;ja;"BMEL:
Datenportale im Zuständigkeitsbereich des Bundesministeriums für Ernährung und Landwirtschaft, z. B. https://www.openagrar.de oder https://atlas.thuenen.de, zählen die Zugriffe auf Datensätze. Die Nutzung der Daten wird jedoch nicht erfasst. In einigen Fällen ist für bestimmte offene Datensätze eine Registrierung erforderlich: Beispiel: Die Public-Use-Datei der BfR-Total-Diet-Studie „MEAL“ ist auf der BfR-Website verfügbar. Der Benutzerzugriff wird durch eine Registrierung registriert:
http://www.bfr-meal-studie.de/de/public-use-file.html

BMG:
Wir laden unsere Daten auf die Zenodo-Plattform hoch und überwachen deren Nutzung.

Nordrhein-Westfalen: Ein Call-to-Action zu jedem Datensatz mit einem zugehörigen Formular auf dem Open-Data-Portal open.nrw fördert die Rückmeldung zur Datenweiterverwendung (https://open.nrw/formular-anwendungsbeispiele)."
I8-b;neue Frage;neue Frage;Change;ja;"BMEL:
Bereits veröffentlichte, aber über ein Jahr alte Beispiele aus dem FAIRagro-Konsortium (einem Konsortium, an dem viele dem Bundesministerium für Ernährung und Landwirtschaft unterstehende Behörden beteiligt sind):
1 – Senft M, Stahl U, Svoboda N (2022) Forschungsdatenmanagement in den Agrarwissenschaften in Deutschland: Wir sind noch nicht da, wo wir sein wollen. PLoS ONE 17(9): e0274677. https://doi.org/10.1371/journal.pone.0274677
2 – Senft, M., Stahl, U., & Svoboda, N. (2021). Datensatz: Umfrage zum Forschungsdatenmanagement in den Agrarwissenschaften in Deutschland [Datensatz]. OpenAgrar Repository. https://doi.org/10.5073/20211013-105447
Bereits veröffentlichte, aber über ein Jahr alte Beispiele aus NFDI4Health:
Bericht zur 1. NFDI4Health-Nutzerbefragung: Status-quo-Erhebung 2021, https://doi.org/10.4126/FRL01-006461780

Nordrhein-Westfalen: Regelmäßiges Monitoring von Kennzahlen wie Aufrufen und Downloads von Datensätzen

Berlin: meinberlin.de Online-Umfrage

Schleswig-Holstein:
Im Rahmen der Evaluation der Open-Data-Gesetzgebung und des Open-Data-Portals wurde eine Nutzerbefragung des Open-Data-Portals durchgeführt. Die Ergebnisse liegen noch nicht vor."
I8-c;neue Frage;neue Frage;Change;ja;"Berlin: Workshops wie die AG Open Data

Schleswig-Holstein:
Wir organisierten drei „Datendialoge“ für Forschende, Wirtschaft und Zivilgesellschaft. In diesen Workshops sammelten wir die Bedürfnisse und Wünsche der drei verschiedenen Gruppen.

Bayern: Zwei Workshops zur Nutzung offener Daten durch Zivilgesellschaft und Start-ups in Bayern im Rahmen des Open Data Day München"
I8-d;neue Frage;neue Frage;Change;ja;"Berlin: Stakeholder-Workshops zur Open-Data-Strategie

BMG:
Wir nutzen GitHub Issues, um mit der Community zu interagieren, Fragen zu beantworten und Feedback von unserer Community zu erhalten."
I9;ja;Entfällt;Change;ja;Entfällt
I9-a;neue Frage;neue Frage;Change;ja;"Schleswig-Holstein:
Wir haben eine lebendige digitale Barcamp-Szene. Wir versuchen, in allen größeren Städten jährlich Veranstaltungen zum Thema Open Data anzubieten. Dabei sammeln wir Bedarfe und Wünsche.

BMG:
Wir veranstalten regelmäßig Workshops und Seminare, um unsere Produkte bedarfsgerecht weiterzuentwickeln.

Bayern: Fortführung moderierter Usability-Tests mit Nutzerinnen und Nutzern des Portals.

BMDV:
Mobility Data Space und Mobilithek nutzen Feedback-Maßnahmen mit Portalnutzerinnen und -nutzern."
I9-b;neue Frage;neue Frage;Change;ja;Entfällt
I9-c;neue Frage;neue Frage;Change;ja;Entfällt
I10;ja;"z.B. auf regionaler Ebene:
NRW: Forschung; Möglichkeit zur Berichterstattung auf dem Portal: https://open.nrw/open-data/showroom
Berlin: Open-Data-Projekte werden auf dieser Website gesammelt: https://odis-berlin.de/projekte/";Complement;ja;"Bayern: Anwendungsfälle werden gesammelt und können unter https://oc.bydata.de/using/usecases gemeldet werden.

Berlin: Daten-Prototyping mit dem ODIS

Nordrhein-Westfalen: Wiederverwendungsfälle werden in einem Showroom veröffentlicht (https://open.nrw/open-data/open-data-showroom)."
I11;ja;Im Rahmen des Aufbaus der Nationalen Forschungsdateninfrastruktur ist die Generaldirektion Kulturelles Erbe Rheinland-Pfalz (DGKE) als Mitantragsteller im NFDI4Objects-Konsortium beteiligt. In diesem Zusammenhang wurde im Jahr 2021 eine Umfrage zur Archivierung digitaler archäologischer Daten durchgeführt, um die Anforderungen einer breiten und nachhaltigen Verfügbarkeit und Nachnutzung von Forschungsdaten durch professionelle Archivierung und Bereitstellung gemäß den FAIR-Prinzipien zu ermitteln. NFDI4Objects plant die Bereitstellung von Methoden, Standards und Schnittstellen für die Langzeitarchivierung, z.B. für Forscher, die sich mit dem materiellen Erbe der Menschheitsgeschichte befassen (also nicht nur Archäologen).;Complement;ja;"BMG:
Im Rahmen des NFDI4Health-Konsortiums werden derzeit systematische Verfahren zur Klassifizierung von Wiederverwendungsfällen entwickelt."
D4.3;;;;;
D4.3a;;;;;
I12;nein;"Derzeit gibt es keine Studie oder Daten, die genau zu dieser Fragestellung passen. Die Antwort muss daher „Nein“ lauten.
=====
Berlin (Land): Ja, wir haben ein Transparenzprojekt für die Datensätze „Haushaltsdaten“, die die Senatsverwaltung für Finanzen veröffentlicht und wo wir eine Visualisierung haben, um den Bürgern zu zeigen, wo die öffentlichen Gelder in der Regierung verwendet werden. Wir haben den „Energie Checkpoint“, der die Energieeffizienz öffentlicher Gebäude anzeigt, damit wir zeigen können, ob wir unsere Klimaziele in Berlin erreichen können oder nicht.
(1) Open „Haushaltsdaten“ ist ein Transparenzprojekt: https://haushaltsdaten.odis-berlin.de/
(2) Energiecheckpoint: „Effizienz & Wirksamkeit erneuerbarer Regulierungen“ https://energiecheckpoint.odis-berlin.de/";Change;ja;Berlin: die Studie „Open Data in der Berliner Verwaltung“: https://odis-berlin.de/file-download/01_Handout-OpenData-Kurzerklaert.pdf
I13;neue Frage;neue Frage;Change;ja;"Berlin: Das Bibliotheks-Dashboard zeigt die Nutzung von Daten zur Verbesserung öffentlicher Dienstleistungen https://odis-berlin.de/projekte/2023-03-pankow-bibliotheksdaten

BMEL:
Die Veröffentlichung von Daten als FAIR Open Data reduziert den Aufwand für die Bereitstellung von Daten für Behörden im Zuständigkeitsbereich des Bundesministeriums für Ernährung und Landwirtschaft. Interessierte können die Daten beispielsweise ohne formelle Anfrage herunterladen. Das Bundesamt für Verbraucherschutz und Lebensmittelsicherheit bietet beispielsweise über eine API Zugriff auf Zulassungsdaten für Pflanzenschutzmittel/Pestizide https://www.bvl.bund.de/SharedDocs/Fachmeldungen/04_pflanzenschutzmittel/2024/2024_04_03_Fa_PSM_API.html. Weitere Beispiele speziell für Forschungsdaten sind Datensätze, die auf OpenAgrar (https://www.openagrar.de/servlets/solr/select?q=%2Bcategory.top%3A%22mir_genres%3Aresearch_data%22+%2BobjectType%3Amods+%2Bcategory.top%3A%22state%3Apublished%22&mask=content/browse/genres.xml%23open%5B%5D&sort=mods.dateIssued+desc&fq=worldReadableComplete:true) oder auf https://atlas.thuenen.de/layers/ veröffentlicht wurden."
I14;neue Frage;neue Frage;Change;ja;"Bayern: Ja. Beispielsweise hat die Stadt Augsburg Finanzdaten zu Beteiligungen veröffentlicht: https://augsburg.bydata.de/?locale=de&page=3&limit=10

Berlin: Visualisierung der Berliner Finanzdaten: https://odis-berlin.de/projekte/2022-09-haushaltsdaten"
I15;neue Frage;neue Frage;Change;Ich weiß nicht;
I16;neue Frage;neue Frage;Change;ja;"BMG:
Offene Daten dienen als Grundlage für mehrere Dashboards, zum Beispiel: https://infektionsradar.gesund.bund.de/de"
D4.3b;;;;;
I17;nein;"Derzeit gibt es keine Studie oder Daten, die genau zu dieser Fragestellung passen. Die Antwort muss daher „Nein“ lauten.
=====
Der Sozialhaushaltsdatensatz bietet einen Überblick über das Leistungsspektrum und die Finanzierung des Sozialversicherungssystems in Deutschland. Der Sozialhaushaltsdatensatz ist als Open Data mit www.govdata.de verknüpft. Die Veröffentlichung des Datensatzes erhöht die Transparenz und Rechenschaftspflicht in Deutschland.

Als Instrument zur Überprüfung politischer Maßnahmen und zur Anregung neuer Maßnahmen ist die Bundesregierung verpflichtet, regelmäßig einen Armuts- und Reichtumsbericht vorzulegen. Bisher wurden sechs Berichte veröffentlicht. Alle Berichte sowie die dazugehörige wissenschaftliche Forschung werden im Internet veröffentlicht.
ARB - Startseite (armuts-und-erreichtumsbericht.de)
Im Rahmen des Armuts- und Reichtumsberichts werden Indikatoren im Internet veröffentlicht und als offene Datendateien zur Verfügung gestellt.
ARB - Open Data (armuts-und-reichtumsbericht.de)

Fakten zur Rente ist eine Informationsbasis. Ziel ist es, die Diskussion über die Zukunft der Alterssicherung zu unterstützen. Mit Zahlen und Fakten zur Altersvorsorge soll ein Beitrag zur Versachlichung der Debatte geleistet werden. Dabei werden beide Entwicklungslinien sowie der aktuelle Stand ausgewählter Aspekte der Altersvorsorge beschrieben und so eine Grundlage für ein besseres Verständnis des Themas Altersvorsorge geschaffen.
BMAS - Klargestellt: Fakten zur Rente, Link: https://www.bmas.de/DE/Soziales/Rente-und-Altersvorsorge/Fakten-zur-Rente/fakten-zur-rente.html
In einem separaten Abschnitt werden die verwendeten Daten in einem offenen Datenformat für die interessierte Öffentlichkeit präsentiert.
BMAS - Daten zur Rente zum Download, Link: https://www.bmas.de/DE/Service/Statistiken-Open-Data/Daten-zur-Rente/daten-zur-rente.html

Das Bundesministerium für Ernährung und Landwirtschaft stellt mehrere Datensätze zur Verfügung, z.B. zum Thema Ernährungsverhalten

Beispiele auf regionaler Ebene:
Berlin (Land): Wir haben ein „Sozialinformationssystem“, ein offenes Datenportal zu Themen wie gesellschaftlichen Herausforderungen
https://www.sozial-informations-system.de/home?lang=de";Change;nein;"BMAS:
Derzeit gibt es keine Studie oder Daten, die genau zu dieser Fragestellung passen. Die Antwort muss daher „Nein“ lauten.
=====
Der Sozialhaushaltsdatensatz bietet einen Überblick über das Leistungsspektrum und die Finanzierung des Sozialversicherungssystems in Deutschland. Der Sozialhaushaltsdatensatz ist als Open Data mit www.govdata.de verknüpft. Die Veröffentlichung des Datensatzes erhöht die Transparenz und Rechenschaftspflicht in Deutschland.

Als Instrument zur Überprüfung politischer Maßnahmen und zur Anregung neuer Maßnahmen ist die Bundesregierung verpflichtet, regelmäßig einen Armuts- und Reichtumsbericht vorzulegen. Bisher wurden sechs Berichte veröffentlicht. Alle Berichte sowie die dazugehörige wissenschaftliche Forschung werden im Internet veröffentlicht.
ARB - Startseite (armuts-und-erreichtumsbericht.de)
Im Rahmen des Armuts- und Reichtumsberichts werden Indikatoren im Internet veröffentlicht und als offene Datendateien zur Verfügung gestellt.
ARB - Open Data (armuts-und-reichtumsbericht.de)

Fakten zur Rente ist eine Informationsbasis. Ziel ist es, die Diskussion über die Zukunft der Alterssicherung zu unterstützen. Mit Zahlen und Fakten zur Altersvorsorge soll ein Beitrag zur Versachlichung der Debatte geleistet werden. Dabei werden beide Entwicklungslinien sowie der aktuelle Stand ausgewählter Aspekte der Altersvorsorge beschrieben und so eine Grundlage für ein besseres Verständnis des Themas Altersvorsorge geschaffen.
BMAS - Klargestellt: Fakten zur Rente, Link: https://www.bmas.de/DE/Soziales/Rente-und-
Hamburg: -Hamburg: -Die sozialen Auswirkungen werden hiermit als die positive Auswirkung der Nutzung offener Daten auf vier spezifische Herausforderungen für die Gesellschaft definiert: 1) Einbeziehung von Minderheiten, Migranten und/oder Flüchtlingen und Verringerung der Ungleichheit, 2) Linderung von Wohnungsproblemen, 3) Förderung von Gesundheit und Wohlbefinden, 4) Verbesserung der Bildung.

Altersvorsorge/Fakten-zur-Rente/fakten-zur-rente.html
In einem separaten Abschnitt werden die verwendeten Daten in einem offenen Datenformat für die interessierte Öffentlichkeit präsentiert.
BMAS - Daten zur Rente zum Download, Link: https://www.bmas.de/DE/Service/Statistiken-Open-Data/Daten-zur-Rente/daten-zur-rente.html

Das Bundesministerium für Ernährung und Landwirtschaft stellt mehrere Datensätze zur Verfügung, z.B. zum Thema Ernährungsverhalten

Beispiele auf regionaler Ebene:
Berlin (Land): Wir haben ein „Sozialinformationssystem“, ein offenes Datenportal zu Themen wie gesellschaftlichen Herausforderungen
https://www.sozial-informations-system.de/home?lang=de

Hamburg: Hamburg: - Die sozialen Auswirkungen werden hiermit als die positive Auswirkung der Nutzung offener Daten auf vier spezifische Herausforderungen für die Gesellschaft definiert: 1) Einbeziehung von Minderheiten, Migranten und/oder Flüchtlingen und Verringerung der Ungleichheit, 2) Linderung von Wohnungsproblemen, 3) Förderung von Gesundheit und Wohlbefinden, 4) Verbesserung der Bildung."
I18;neue Frage;neue Frage;Change;Ich weiß nicht;
I19;neue Frage;neue Frage;Change;Ich weiß nicht;
I20;neue Frage;neue Frage;Change;Ich weiß nicht;
I21;neue Frage;neue Frage;Change;ja;"BMAS:
Unter https://www.arbeitsagentur.de/jobsuche/ der Bundesagentur für Arbeit können sich Ausbildungssuchende über freie (Berufs-)Ausbildungsplätze informieren."
D4.3c;;;;;
I22;nein;"Derzeit gibt es keine Studie oder Daten, die genau zu dieser Fragestellung passen. Die Antwort muss daher „Nein“ lauten.
=====
mFund-Projekt: „SmartAQnet“: „Smart Air Quality Network“: Das Projekt „Smart Air Quality Network“ (SmartAQnet) zielt darauf ab, ein intelligentes, reproduzierbares, sehr fein aufgelöstes und dennoch kostengünstiges Messnetzwerk für Luftqualität zu implementieren. Links: https://bmdv.bund.de/SharedDocs/DE/Artikel/DG/mfund-projekte/smart-air-quality-network-smartaqnet.html; Daten: https://www.smartaq.net/en/dashboard/#/home

Berlin (Bundesland): Der Energieatlas verfügt beispielsweise über Daten zu den Auswirkungen offener Daten auf Umweltherausforderungen, Link: energieatlas.berlin.de";Change;nein;"Bayern: Ja. Beispielsweise nutzt das Start-up „Urbansens“ offene Daten zur Analyse von Hitze- und Umweltproblemen in Städten (https://oc.bydata.de/using/usecases/urbansens).

Hamburg: Die Umweltauswirkungen werden hier als positiver Effekt der Nutzung offener Daten auf vier spezifische Umweltherausforderungen definiert: 1) Schutz der Biodiversität (z. B. Erhaltung einer guten Luft- und Wasserqualität), 2) Schaffung umweltfreundlicherer Städte (z. B. in Bezug auf Verkehr und Abfallwirtschaft), 3) Bekämpfung des Klimawandels und damit verbundener Katastrophen, 4) Ausbau der Nutzung erneuerbarer Energien.

Berlin: Energiesektor: https://odis-berlin.de/projekte/2023-03-energiecheckpoint"
I23;neue Frage;neue Frage;Change;ja;"Bayern: Ja, z. B. Projekte zur Analyse der Bäume in Würzburg (https://oc.bydata.de/using/usecases/baeumewuerzburg & https://oc.bydata.de/using/usecases/laubnadelwuerzburg)

Berlin: Ja für eine bessere Luftqualität und Wasserversorgung"
I24;neue Frage;neue Frage;Change;ja;Bayern: Ja, z. B. Projekte zur Analyse der Fahrradnutzung in der Stadt München https://oc.bydata.de/using/usecases/trendradeln & https://oc.bydata.de/using/usecases/fahrradmuenchen
I25;neue Frage;neue Frage;Change;ja;Bayern: Ja, z.B. nutzt das Start-Up „Urbansens“ offene Daten zur Analyse von Hochwasserrisiken https://oc.bydata.de/using/usecases/urbansens
I26;neue Frage;neue Frage;Change;ja;"Schleswig-Holstein:
Das Solarpotenzialkataster https://www.solarkataster-sh.de wurde auf Basis der Daten des Open-Data-Portals erstellt."
D4.3d;;;;;
I27;nein;"Derzeit gibt es keine Studie oder Daten, die genau zu dieser Fragestellung passen. Die Antwort muss daher „Nein“ lauten.
=====
Dashboard Deutschland, Rubrik Wirtschaft und Konjunktur: Es bietet Indikatoren rund um Wirtschaft und Konjunktur, allgemeine Wirtschaftsentwicklung und Erholungspläne sowie spezifische Branchen, Außenhandel, Konsum und Preise:
https://www.dashboard-deutschland.de/konjunktur_wirtschaft/aussenhandel
Ergänzung: Es liegen zwar Studien zu den wirtschaftlichen Auswirkungen offener Daten vor, es liegen jedoch keine Erkenntnisse zur wiederkehrenden Datenerhebung vor.

Berlin (Land): Diese Daten sind auf der Plattform des Amtes für Statistik Berlin-Brandenburg für Berlin verfügbar. Für das neu gegründete Unternehmen beziehen wir unsere Daten aus der Gewerbedatenbank:
Bevölkerungsdaten: https://www.statistik-berlin-brandenburg.de/bevoelkerung
Daten der Gewerbedatenbank: https://senweb.leto.polyteia.de/app/ac755f96-46a2-49d1-9f60-0534f3b0e833/1a705925-d1d8-49a6-8d12-1d229095f57a";Confirm;;
I28;neue Frage;neue Frage;Change;ja;"BMAS:
Arbeitssuchende können sich unter https://www.arbeitsagentur.de/jobsuche/ der Bundesagentur für Arbeit über offene Stellen informieren."
I29;neue Frage;neue Frage;Change;ja;"BMDV:
Das BMDV-Forschungsprogramm mFUND fordert ausdrücklich die Wiederverwendung und/oder Bereitstellung offener Daten für innovative Mobilitätsprojekte. Hier drei Beispiele für geförderte Projekte im Rahmen des mFUND-Programms:
FixMyCity (https://www.fixmycity.de) bietet eine Plattform und Tools für die Planung von Fahrradinfrastruktur. Es basiert auf dem mFUND-Projekt FixmyBerlin (https://bmdv.bund.de/SharedDocs/DE/Artikel/DG/mfund-projekte/fixmyberlin.html?nn=12830). Das Tool ist unter (https://fixmyberlin.de/planungen) frei nutzbar und trägt dazu bei, diese Infrastruktur auf Basis von Bürgerdaten zu verbessern.
RailBench (https://bmdv.bund.de/SharedDocs/DE/Artikel/DG/mfund-projekte/rail-bench.html) ist ein aktuell laufendes mFUND-Projekt, das eine Benchmark-Suite für die Automatisierung des Schienenverkehrs entwickelt und unter einer offenen Lizenz verfügbar sein wird. Die Plattform basiert auf der KITTI-Benchmark-Suite und wird von der Deutschen Bahn und dem Deutschen Zentrum für Schienenverkehrsforschung (DZSF) bereitgestellt. Die Daten finden Sie hier: https://data.fid-move.de/dataset/osdar23.
Wheelmap (https://wheelmap.org/search) ist eine Plattform, die Daten zur Barrierefreiheit im öffentlichen Raum und im öffentlichen Nahverkehr sowie an anderen Orten wie Hotels, Restaurants, Einkaufszentren usw. anzeigt. Sie basiert auf einer Auswahl von Projekten, die im Rahmen des mFUND-Programms gefördert wurden (https://sor.bz/FZ6U7).

Bayern: Ja, z. B. das Start-up „SE3Labs“, das georäumliche KI zur Erforschung offener Daten nutzt (https://oc.bydata.de/using/usecases/se3labs).

Berlin: Künstliche Intelligenz, z. B. LLM oder digitale Zwillinge."
I30;neue Frage;neue Frage;Change;ja;"BMWK:
Ein Ziel des deutschen „Aktionsplans für mehr Unternehmerinnen im Mittelstand“ der Bundesregierung, von Wirtschaftsverbänden, zivilgesellschaftlichen Organisationen und Forschungsinstituten ist die Verbesserung der Datentransparenz zum Thema weibliches Unternehmertum. Datenanalyse und Transparenz bilden die Grundlage für eine evidenzbasierte Politikgestaltung. (https://www.bmwk.de/Redaktion/EN/Publikationen/Wirtschaft/aktionsplan-mehr-unternehmerinnen-im-mittelstand.html) Ein Beispiel dafür ist die vom Bundesministerium für Wirtschaft und Klimaschutz (BMWi) beim Ludwig-Fröhler-Institut in Auftrag gegebene Studie zur Beschäftigungssituation von Frauen im Handwerk: https://www.bmwk.de/Redaktion/DE/Dossier/Mehr-Unternehmerinnen-fuer-den-Mittelstand/Textsammlungen/lfi-studie.html

BMDV:
FixMyCity: Die erfolgreiche Einführung des Toolsets und die Gründung des dahinterstehenden Unternehmens wären ohne das mFUND-Projekt FixmyBerlin nicht möglich gewesen.
GOAT (https://www.open-accessibility.org/) ist ein interaktives, dynamisches und datenbasiertes Planungstool für Barrierefreiheit. Es wird von einer aktiven Community als Open-Source-Projekt entwickelt. Es basiert auf dem mFUND-Projekt GOAT (https://bmdv.bund.de/SharedDocs/DE/Artikel/DG/mfund-projekte/GOAT.html), gefolgt vom aktuell laufenden Projekt GOAT 3.0 (https://bmdv.bund.de/SharedDocs/DE/Artikel/DG/mfund-projekte/goat-3-0.html). Unternehmenswebsite: https://plan4better.de/
Wheelmap: Wir möchten hier erneut auf die erfolgreich gestartete Plattform Wheelmap hinweisen (siehe Punkt I29).

Bayern: Ja, z. B. basieren die Start-ups Credium, Urbansens und SE3Labs auf offenen Daten."
I31;neue Frage;neue Frage;Change;ja;"BMWK:
Es liegen derzeit keine Studien oder Daten vor, die genau auf diese Frage passen. Die Antwort muss daher „nein“ lauten.

Die Bundesbank betrachtet die Digitalisierung nur allgemein:
https://www.bundesbank.de/resource/blob/906616/619cb6633927dc5d02c459fc3c5afe60/mL/2023-03-arbeitsproduktivitaet-data.pdf"