ID;Question;Answer from 2023;Explanation from 2023;Confirm, change or complement answer/explanation from 2023;Provide updated answer (if applicable);Provide updated explanation (if applicable)
P1;"Is there a national open data policy in your country and, if your country is an EU Member State, does this include a national legislation for the transposition of the Open Data Directive?

For Explanation:
* If yes, please provide (1) the URL and (2) title of the policy document and (3) briefly describe.
* If ‘other’, please provide (1) a brief explanation to support your answer choice and (2) provide the URL and indicate the policy section which explicitly references open data.";yes;"The Open Data Directive was adopted in Estonia as a legislative act called Public Information Act (PIA) https://www.riigiteataja.ee/en/eli/ee/510122021005/consolide/current .  This piece of legislation regulates data publishing in Estonia, including regulations regarding open data publishing, re-use of open data, high-value datasets, etc; There is also the Green Paper on Machine-Readable Open Government Data, which gives guidelines on open data publishing https://www.riha.ee/api/v1/systems/eaatv/files/cdbfa8bd-2594-8ad3-6022-ff3d3dbf6781";Confirm;;
P2;"Is there a national open data strategy in your country?

For Explanation:
* If yes, please provide (1) the URL to the strategy and (2) describe the main highlights.  
* If 'not applicable', please provide (1) a brief explanation to support your answer choice and provide (2) the URL and indicate the policy section which explicitly references objectives, actions/measures, delivery timelines etc.";yes;Our Open Data Action Plan was recently renewed and covers actions and strategic goals for years 2023-2024. New action plan is yet to be approved by the government, so it isn't publicly available yet. The main highlights of the plan include actions and strategies in 4 dimensions (public sector, private sector, education and legislation) with a focus on upskilling public officials, publishing open data and its quality improvement, as well as open data reuse growth. The general goals (publishing public sector data as open by default) are stipulated in the Public Information Act: https://www.riigiteataja.ee/en/eli/ee/510122021005/consolide/current. (includes the goal of fostering open access to publicly funded research data among other known principals from the OD PSI Directive). Previous Open Data and Data Management action plans for 2021-2022 are available on the national open data portal https://avaandmed.eesti.ee/instructions/action-plans-for-open-data-and-data-management-2021-2022.;Complement;;"Last year mentioned open data action plan is now available on our webpage https://www.kratid.ee/andmehalduse-tegevused. In addition, this year we are working on creation of the data white book, outlining strategic goals for the next 5 years, including open data field (e.g. enabling access to all state data through national data portal; assigning new HVD categories; assessing risks to state security, which open data can possess, etc)."
P3;"Is there an open data policy/strategy at regional or local level?

For Explanation:
* If yes, please (1) provide the URL and (2) title of the document(s) and (3) briefly describe.";yes;Digital transformation is handled on all levels. There are agencies and municipalities, which include topics related to digitalization and open data in their strategies. For example The Development Strategy Tallinn 2035 (https://strateegia.tallinn.ee/) includes goals on spatial data like making them more available. Environmental Board strategy 2022–2025 (https://keskkonnaamet.ee/en/media/3613/download) has separate chapter dedecated to open data, where they underline the importance of the freely available data high of quality and its impact on boosting innovation and making informed decisions. Similar tendecies can be notices across over agencies as well.;Confirm;;
P4;"Does the national strategy/policy include an action plan with measures to be implemented in the open data field?

For Explanation:
If yes, please briefly describe the main measures described by the action plan.";yes;The Open Data Action plan 2023-2024 includes concrete actions divided into quarters for the next two years in a four main categories - public sector, private sector, education and legislation. Activities include, but are not limited to, upskilling public officials, further developments of the national open data portal, events, communication, support of the open data projects, support of open data publication and its reuse etc.;Complement;;Last year mentioned open data action plan is now available on our webpage https://www.kratid.ee/andmehalduse-tegevused
P5;"Does the national strategy/policy outline measures to incentivise the publication of and access to real-time or dynamic data?

For Explanation:
* If yes, please briefly describe the measures.";yes;We have activities to incentivise the publication of and access to open data (e.g. make more data colected and available via API). Recommendations for data providers on how to provide open data, including dynamic data, have been published at https://avaandmed.eesti.ee/instructions/avaandmete-loomise-juhend. In addition, the EU Structural Funds funding scheme for public sector IT developments requires open data to be provided according to user needs.;Confirm;;
P6;"Does the national strategy/policy outline measures to incentivise the publication of and access to citizen-generated data?

For Explanation:
* If yes, please briefly describe the measures.";yes;"One of the goals of Estonia’s Digital Agenda 2030 (https://www.mkm.ee/media/6970/download) is achieving human-centric digital government. To achive that we plan to raise the awareness of people and the general public of human-centric digital government and the reliability of technology. Our Open Data Action plan includes activities on creating and keeping up-to-date e-courses including topics of open data, which describe open data concept, publication process, and reuse both for public oficials and citizens. Moreover, we constanly working on raising user-friendliness of our open data national portal and making data publishing as easy as possible.
====
To help boost publication to data generated by citizens we have created online courses at our government digital academy on open data and its publication (https://digiriigiakadeemia.ee/), we also carry out trainings on specific fields. We have carried out trainings on data literacy, which we plan to roll-out across the nation to raise competences and awareness. Today, this is covered in our digital-centric data governance vision and agenda. From technical means, we have created consent service, which enables citizens to share their government held data with external stakeholders. Today, over 300 000 consents have been generated to enable access to citizen data. 

There are also domain specific activities to incentivse publication and access to data generated by citizens. For instance, eBiodiversity (https://elurikkus.ee/en), which operates much on citizen generated data to understand biodiversity in Estonia, nation-wide campaigns are ran to incentivse. We carried out Donate your Speech campaign to incentivise people to make their speech data available as open data (https://oecd-opsi.org/blog/estonians-donate-a-speech-preserving-language-and-driving-digital-service-delivery/). Similarly, there are other initiatives related to weather, trash, energy consumption, infrastructure which incentivise publication/access to citizen generated data.";Confirm;;
P7;"Does the national strategy/policy foster the discoverability of the aforementioned types of data from your country on data.europa.eu?

For Explanation:
* If yes, please briefly describe how.";yes;Yes, we plan to make mentioned data discoverable through our national portal, which is connected with data.europa.eu portal.;Confirm;;
P8;"Does the national strategy/policy outline measures to support the reuse of open data by the public sector?

For Explanation:
* If yes, please briefly describe the measures.";yes;"New Open Data Action plan has a strong focus on open data reuse as well as raising open data quality. We plan to provide monetary support for open data projects; systematize our approach on educating and supporting public entities; initiate a few bigger open data publication and reuse projects in the near 1-2 years; conduct regular events to share knowledge and expertice in the field of data reuse and open data based projects, etc . The Green Paper on Machine-Readable Open Data includes measures such as conducting events targeted to re-users, improving data quality by ensuring that all new information systems are capable of providing at least 4-star open data, etc. (Green Paper, Annex 1: https://www.riha.ee/api/v1/systems/eaatv/files/cdbfa8bd-2594-8ad3-6022-ff3d3dbf6781)";Confirm;;
P9;"Does the national strategy/policy outline measures to support the reuse of open data by the private sector?

For Explanation:
* If yes, please briefly describe the measures.";yes;"Yes, it outlines the measures together with our action plan, where have a quite strong focus on private sector. Here are some measures we are planning to implement in the two upcoming years:
Mapping the need for open data in the private sector and making such data available;
Carrying out a wider communication campaign to inform about open data and the ways it can be reused;
Providing monetary support  for the development of services based on open data.";Confirm;;
P10-a;"Does the national strategy/policy mandate carrying out and maintaining a data inventory by public bodies, whether at national or local level?

For Explanation:
* If yes, please briefly specify.";yes;"The Public Information Act mandates data holders to make their data accessible through the national open data portal. Data Inventory in Estonia is called RIHA (https://www.riha.ee/Avaleht) where catalogues of information systems and databases is accessible.
Supporting information can be found in the Public Information Act (https://www.riigiteataja.ee/en/eli/510122021005/consolide), chapter 5 (1) DATABASES.";Confirm;;
P10-b;"Do these data inventories include the data collected by public bodies that cannot be published as open data (e.g. in relation to the EU Data Governance Act (EU) 2022/868)? 

For Explanation:
* If yes, please briefly specify.";yes;A full overview of what public sector information systems and data is available on the state information system's website: https://www.riha.ee/Infosüsteemid?sort=meta.update_timestamp&dir=DESC. According  to  the Public Information Act all databases/registries that belong to the state  information system must be registred at RIHA.;Confirm;;
P11;"Is your country applying the implementing regulation (EU) 2023/138 on high-value datasets?

For Explanation:
* If yes, how is it progressing? 
* If you are an EFTA or a candidate country to the EU, please select 'not applicable'.
** In the table below, please indicate your progress with respect to a) organisation, b) legal aspects, c) technical aspects on a scale from 1 to 5. 1 = no progress; 2 = few progress; 3 = some progress; 4 = considerable progress; 5 = works are finalised.";new question;new question;Change;Yes;5 = works are finalised. We have provided significant funding and support to public sector organisations that are responsible for specific data that fall under high-value dataset categories. Amongst first, we made our business registry data accessible: https://avaandmed.ariregister.rik.ee/en. Similarly we are currently working on raising awareness of HVD through hackatons, planning new kaggle competitions and more.
P12;"Have the public bodies in your country denoted relevant datasets as high-value datasets in their metadata following the publication of the implementing regulation (EU) 2023/138 on high-value datasets?

For Explanation:
*  If yes, please specify how and highlight challenges, if any. 
* If you are an EFTA or a candidate country to the EU, please select 'not applicable'.";new question;new question;Change;Yes;"We have extended our national metadata standard which is based on DCAT-AP to include a separate attribute used to denote dataset as high-value dataset. Updated metadata standard is accessible here: https://www.kratid.ee/_files/ugd/980182_87343e9f929143b1a566d1c96791ec09.pdf. Using metadata standard is mandatory for all public sector organisations and basis for the open data portal. Example: high-value-dataset-category.rdf
• georuumilised andmed;
• maa seire ja keskkond;
• meteoroloogiateave;
• statistika;
• äriühingud ja äriühingu 
omandisuhted;
• liikuvus."
P13;"Is there a governance structure in place that enables the participation and/or inclusion of various open data stakeholders? 

For Explanation:
*  If yes, please briefly describe the governance structure and its operating model ";new question;new question;Change;Yes;"We have large network of data-related experts from the public, private sector and academia, which includes around 600 people. 
The Ministry of Economic Affairs and Communications (MoEAC) is responsible for leading open data policy in Estonia.
The have established public sector inter-departmental open data working group, which involves members from different interested ministries and other public sector organizations (e.g. National Audit Office, City of Tallinn). The working group meets on a regular basis (at least once a month) and participation is also open to non-members (e.g. civil society, private companies, academia). The working group aim is to share news, upcoming changes, share experiences. 
Other stakeholders can participate in the governance process through stakeholder discussion events, such as the annual Open Data Forum or smaller workshops throughout the year devoted to specific open data issues. 
Almost two years ago the MoEAC together with other public authorities established Data Stewards Steering Group. Data Stewards Steering Group brings together data stewards from different public authorities to ensure the sustainable and balanced development of the data field. Steering group focuses on such topics as data retrieval, data quality improvement, data re-use, data life cycle management, and data protection requirements.
Moreover, we have our own network on place connecting more than 600+ public sector officials, which we use for information sharing, conducting surveys, promotion of events, etc."
P14;"How would you classify the model used for governing open data in your country? 

For Explanation:
*  Please briefly explain why this model was chosen/works best for your country";top-down;Usually the MoEAC  leads different initiatives, provides a platform for others to promote their initiatives and plays the major role in engaging others. At the same time we are very open to initiatives from other authorities and sectors and encouredge them to be an active part of open data community. ;Confirm;;
P15;"Does the governance structure ensure that the local and regional open data initiatives are facilitated and supported at national level?

For Explanation:
* If yes, please give an example of what kind of support.
* If not applicable, please explain why.";new question;new question;Change;Yes;Yes, local and regional initiatives get support. MoEAC provides monetary support or helps through guiding authorities during the preparation and the implementation of their initiatives. If there is a need in sharing the information about the initiative, we are happy to help and do that through our network. 
P16;"To what degree do local/regional public bodies conduct open data initiatives? 

For Explanation:
* If not applicable, please explain why.";all public bodies;;Confirm;;
P17;"Is a document describing the responsibilities and governance structure of the national (and/or regional/local) open data team publicly available?

For Explanation:
* If yes, please provide the URL where this information is published. ";yes;Resposibilities of our team members are described on our webpage https://www.kratid.ee/kontakt . Governance structure is explained in the Open Data Action plan. Current one is still waiting to be accepted on a governmental level, so we can provide the link to the previous one https://avaandmed.eesti.ee/instructions/action-plans-for-open-data-and-data-management-2021-2022;Complement;;Last year mentioned open data action plan is now available on our webpage https://www.kratid.ee/andmehalduse-tegevused
P18;"Is there a regular exchange of knowledge or experiences between the national open data team and the team maintaining the national portal? 

For Explanation:
* If yes, please briefly describe how this exchange takes place and provide evidence supporting your answer (e.g. meeting agendas, URLs to news items).";yes;People who are maintaining the national portal  are a part of our national open data team. This year national portal was finally transfered to the Estonian Information System Authority. Product owner of a portal is a team member of the national open data team. We conduct regular weekly meetings and once a month we conduct meeting, which involves other members of a national data team to keep everyone up-to-date and exchange knowledge.;Change;Yes;We carry out bi-weekly and monthly meetings. Also as part of the development on sprint meetings.
P19;"Does the governance model include the appointment of official roles in civil services that are dedicated to open data (e.g. open data officers)?

For Explanation:
* If yes, please describe how this task is fulfilled at public body level.";yes;"According to the Official Statistics Act (https://www.riigiteataja.ee/en/eli/ee/517122019002/consolide/current), the national statistics agency Statistics Estonia is responsible for coordinating data governance at the central government level, while MoEAC is responsible for strategic planning. Organizations are free to either assign the role of data steward to an existing position or recruit a separate data steward.
Previous year the MoEAC together with other public authorities established Data Stewards Steering Group. Data Stewards Steering Group brings together data stewards from different public authorities to ensure the sustainable and balanced development of the data field. Steering group focuses on such topics as data retrieval, data quality improvement, data re-use, data life cycle management, and data protection requirements.";Complement;;It has been almost two years sinse establishing Data Stewards Steering Group meeting.
P20;"Is there a regular exchange of knowledge or experiences between the national open data team and the wider network of open data officers in your country? 

For Explanation:
* If yes, please briefly describe how this exchange takes place and provide evidence supporting your answer (e.g. meeting agendas, URLs to news items).";yes;"We have the dat working group, which meets on a regular basis (at least once a month) and participation is also open to non-members (e.g. civil society, private companies, academia). The working group aim is to share news, upcoming changes, share expiriences (some meeting recordings are made public on our youtube channel https://www.youtube.com/playlist?list=PLrWgTNfFucnldKMzbpucJ1uv5pdsCvTxR). 
Also we have Data Stewards Steering Group brings together data stewards from different public authorities to ensure the sustainable and balanced development of the data field. Steering group focuses on such topics as data retrieval, data quality improvement, data re-use, data life cycle management, and data protection requirements.";Confirm;;
P21;"Is there a regular exchange of knowledge or experiences between public sector bodies (i.e. the providers) and open data reusers (e.g. academia, citizens, businesses)?

For Explanation:
* If yes, please briefly describe how this exchange takes place and provide evidence supporting your answer (e.g. meeting agendas, URLs to news items).";yes;Other stakeholders can participate in the governance process through stakeholder discussion events, such as the annual Open Data Forum or smaller workshops throughout the year devoted to specific open data issues. Some working group meetings aim to bring together all stakeholders together, not depending on their organisation. Information about such public events we post on our webpage - https://www.kratid.ee/uritused;Confirm;;
P22;"Do data publication plans exist at public body level?

For Explanation:
* If yes, please provide the URL and briefly highlight the key aspects covered. ";yes;"Public bodies have their own data publication plans, which they compile as part of their organizations' strategies and action plans (e.g One of the strategies of The Information Technology Centre of the Ministry of the Environment includes open data publication plans for every year from 2022-2025 https://envir.ee/media/5809/download )
Some public organisations apply for monetary support provided by the MoEAC for carrying out their IT projects, one of the conditions for getting the support is open data publication, which would emerge during the project or be used for the project. This way open data publication plan becomes a part of the IT project plan.";Confirm;;
P23;"Are there processes to ensure that the open data policies/strategy previously mentioned are implemented (e.g. monitoring)?

For Explanation:
* If yes, please specify the process(es).";yes;National Open Data team  follows up on the implementation of the plans with the respective data providers and provides advice, including technical support  together with State Information System Authority and Statistics Estonia. Information on the topics we provide support with is provided on our webpage https://www.kratid.ee/tugi-andmehaldus. ;Confirm;;
P24;"Do you update your policy/strategy as appropriate to ensure its success, such as based on data collected for monitoring?

For explanation:
* If yes, please describe the process and any recent updates made to strategy/policy";new question;new question;Change;Yes;Our action plans cover 2-year period, which allows as to keep them up-to-date with the rapid development of technology and the level of progress public authorities make during this period.
P25;"Are there any processes in place to assess if public sector bodies are charging for data above marginal cost? (please see directive (EU) 2019/1024 on open data and the reuse of public sector information).

For Explanation:
* If yes, please specify the process(es).";yes;Most of the cases are found and investigated by the MoEAC, who has detailed overview of the data domain. Such cases are quite rare, so the MoEAC holds an information about most of them and with every year situation gets better.;Confirm;;
P26-a;"What are the top 3 challenges that your country is facing in the implementation of the mentioned open data policies/strategy?

For Explanation:
* Please briefly describe.";N/A;"1) Making publishing and (re)use of data a priority for the authorities;
2) Increasing open data quality and availability;
3) Tackling human resource problem.";Confirm;N/A;
P26-b;"Are there activities in place to address these challenges in your country (e.g. with specific national/regional/local plans or initiatives)?

For Explanation:
* If yes, please briefly describe the measures that you have adopted or plan to adopt to address these challenges. 
* If no, please specifiy what is hampering finding a strategic approach to solve these challenges.";yes;"All mentioned problems and others are constantly addressed. The greatest potential we see in open dialogue and being open for support requests.
1) ""Making publishing and (re)use of data a priority for the authorities"" - we underline the importance of the open data through various events and showing the real impact of open data using different reuse cases. We've created the support mechanisms like help with dataset description, meetings where we talk about open data 101, educational videos and courses about our portal and open data in general for the begginers, etc.  
2) ""Increasing open data quality and availability"" - together with other authorities we work on creating the guidlines and instructions for data managment in general. Also, we have a regular steeward group meetings, where all data related questions are addressed and best data managment experiences get shared. From the side of the technical infrastracture, we are working daily on making national open data portal more useful, comfortable and having range of functionalities. 
3) ""Tackling human resource problem"" - educating public sector officials is one of lines we are puting a lot of effort. We create our own e-courses, hire professionals for conducting physycal and online courses, as well as working with universities to involve more data and open data topics into all universities' programms and creating a new once.";Confirm;;
P27;"Are there any activities in place to assist data holders with publishing their data as open data (i.e. to help them with the data opening process)?

For Explanation:
* If yes, please describe/provide examples of these activities.";new question;new question;Change;Yes;National Open Data Team provides technical and non-technical support together with the State Information Authority and Statistics Estonia. Information on the provided services is made available on our webpage https://www.kratid.ee/en/tugi-andmehaldus. The list of support actions can be broadened depending on the case. In addition, we can provide monetary support, if it is required for the development of an open data field. 
P28;"Is there a professional development or training plan for civil servants working with data in your country? 

For Explanation:
* If yes, please briefly describe these training activities.";yes;This year we plan to conduct around 10 trainings dedicated to topics related to data, which also contribute into open data quality and publication. In addition we plan to create 1-4 online courses, which would be available to everyone on our online learning platfrom digiriik.eesti.ee;Complement;;This year we plan to train at least 2500 data specialists during the year. We have also begun developing competence profiles for various roles. For instance we have developed competence profile for data engineer and data analysts. We are currently in midst of developing one for data steward. These are the basis for nation-wide training programs and input for higher education. From the courses and webinars which already has taken place this year, we had Open data licensing training by Creative Commons (https://www.youtube.com/watch?v=l0QsUIW-3tU&t=134s), data working group webinar dedicated to open data topics (https://www.youtube.com/watch?v=eNBX-2HaZnA), webinar where we had EU data portal and ODM representatives (https://youtu.be/yiYm8yy6Lkk), etc
P29;"Are there annually held national, regional or local events (e.g. hackathons, courses, conferences, users meet-ups, summer/winter schools) to promote open data and open data literacy in your country beyond the target group of public servants? 
 
For Explanation:
* If yes, please provide examples (e.g. title, date, location of the event and URL).";yes, >9;Annualy we conduct around 10 online events (https://www.youtube.com/playlist?list=PLrWgTNfFucnldKMzbpucJ1uv5pdsCvTxR) and 2 big physical events, one of which is fully dedictaed to open data (https://www.kratid.ee/urituste-salvestused). On the online events we share policy updates, introduce new topics related to data, and provide organisations with the opportunity to speak about their work in the open data field.;Complement;;In addition to mentioned events, this year we are also launching a competition for the best scientific papers and thesises wrtitten on the open data and data management topics, competion would allow us to assign monetary awards. We are also hosting high-value dataset specific hackatons and events later in the year.
PT1;"Is there a national portal in your country for that enables users to search for open datasets and find where to download open data? 

For Explanation:
* If yes, please provide the URL of the national portal.";yes;https://avaandmed.eesti.ee/;Confirm;;
PT2;"For Explanation:
* What is the technology stack of your portal (e.g. based on uData, CKAN, etc.)";new question;new question;Change;N/A;Custom development, based on Typescript, Html, monitoring Matomo, logging Kibana, PostgreSQL, SOLR. 
PT3;"Does the national portal offer to its users a way to programmatically query the metadata via an API?

For Explanation:
* If yes, please provide the direct-URL to this feature.";new question;new question;Change;Yes;"API manual https://avaandmed.eesti.ee/instructions/api-manual ; Open Data Portal API description https://avaandmed.eesti.ee/instructions/open-data-portal-api"
PT4;"Does the national portal offer to its users a way to programmatically query the metadata via a SPARQL access point?

For Explanation:
* If yes, please provide the direct-URL to this feature.";new question;new question;Change;Yes;"SPARQL Queries on our portal https://avaandmed.eesti.ee/instructions/sparql-queries ; API manual https://avaandmed.eesti.ee/instructions/api-manual ; Open Data Portal API description https://avaandmed.eesti.ee/instructions/open-data-portal-api"
PT5;"Does the national portal offer/link to documentation on the use of APIs?

For Explanation:
* If yes, please provide the direct-URL to this feature.  ";new question;new question;Change;Yes;"API manual https://avaandmed.eesti.ee/instructions/api-manual ; Open Data Portal API description https://avaandmed.eesti.ee/instructions/open-data-portal-api"
PT6;"Does the national portal offer/link to documentation on the use of SPARQL? 

For Explanation:
* If yes, please provide the direct-URL to this feature.  ";new question;new question;Change;Yes;https://avaandmed.eesti.ee/instructions/sparql-queries
PT7;"Does the national portal provide functionality for users to contribute datasets they have produced or enriched? 

For explanation:
* If yes, please (1) explain how  the portal facilitate the linking of documentation and supporting materials to these user-contributed datasets and (2) provide the direct-URL to this feature.";new question;new question;Change;Yes;All users are able to add new sub-datasets that have enriched or created.
PT8;"Does the national portal offer a mechanism for users to provide general feedback, such  a 'Contact us' or 'Feedback' button that is placed in a visible spot and would allows users to send a general comment concerning the portal?

For Explanation:
* If yes, please provide the direct-URL to this feature or describe how this functionality is provided.";yes;https://avaandmed.eesti.ee/discussions;Confirm;;
PT9;"Does the national portal offer a mechanism for users to provide feedback on specific datasets, such as a 'feedback button' or a comment/discussion section under the dataset?

For Explanation:
* If yes, please provide the direct-URL to this feature or describe how this functionality is provided.";yes;"https://avaandmed.eesti.ee/discussions

To extend the answer. There is a possibility to provide feedback on dataset level when users are logged. Also there is a possibility to discuss regarding datasets: https://avaandmed.eesti.ee/discussions";Confirm;;
PT10;"Does the national portal provide a mechanism for users to rate datasets?

For Explanation:
* If yes, please provide the direct-URL to this feature or describe how this functionality is provided.";yes;"https://avaandmed.eesti.ee/datasets/rahulolu-elukeskkonna-ja-avalike-teenustega-kohalikes-omavalitsustes.

To extend the answer. Datasets can be rated when users are logged. The user has possibility to rate based on dataset quality, dataset metadata, description.";Confirm;;
PT11;"Does the national portal enable users to find information and news on relevant open data topics in the country?

For Explanation:
* If yes, please provide the direct-URL to this feature.  ";yes;"https://avaandmed.eesti.ee/discussions

Extending answer. There is a separate news section available at: https://avaandmed.eesti.ee/instructions";Confirm;;
PT12;"Does the national portal offer the possibility for users to receive notifications when new datasets are available on the national portal (RSS, ATOM feeds, email notifications etc.)?

For Explanation:
* If yes, please provide the direct-URL to this feature.  ";yes;"https://avaandmed.eesti.ee/

Extending the answer, there is RSS feed available on the bottom of the portal. Also, if the user is logged in, they are able to manage their notifications, among other, when new datasets are requested, commented etc.";Confirm;;
PT13;"Does the national portal enable users to request datasets, such as through a ""request data"" button? 

For Explanation:
* If yes, please provide the direct-URL to this feature or describe how this functionality is provided.";yes;https://avaandmed.eesti.ee/discussions;Confirm;;
PT14;"Are requests for datasets and their progress status presented in a transparent manner on the national portal? 

For Explanation:
* If yes, please provide the direct-URL to this feature.  ";yes;"https://avaandmed.eesti.ee/discussions

For clarification, for requests that are solved, answer is provided, for example: https://avaandmed.eesti.ee/discussions/avaandmed.eesti.ee and for examaple : https://avaandmed.eesti.ee/discussions/ettevottega-seotud-soidukid";Confirm;;
PT15;"Does the team monitor the extent to which requests (either via the portal or otherwise) result in the publication of the requested data?

For Explanation:
* If yes, please describe how this monitoring is conducted.";yes;Open Data portal team monitor requests and take a communicates with data owner. If it is neccesary we advise data owner to publish data. ;Confirm;;
PT16;"Does the national portal offer a mechanism for users to exchange with others, such as a discussion forum?

For Explanation:
* If yes, please provide the direct-URL to this feature or describe how this functionality is provided.";yes;https://avaandmed.eesti.ee/discussions;Confirm;;
PT17;"Does the national portal showcase reuse cases, such as in a designated section of the portal?

For Explanation:
* If yes, please provide the direct-URL to this feature. ";yes;https://avaandmed.eesti.ee/usage-stories;Confirm;;
PT18;"Does the national portal reference the datasets that the showcased reuse cases are based on (i.e. there is a link between the reuse case in the showcase and the underlying dataset on the portal)?

For Explanation:
* If yes, please provide the URL to this feature/to an example documenting this feature.";yes;For example you can see it here: https://avaandmed.eesti.ee/usage-stories/eesti-3d-kaksik;Confirm;;
PT19;"Does the national portal provide the possibility for users to submit their own reuse cases?

For Explanation:
* If yes, please provide the direct-URL to this feature. ";yes;"https://avaandmed.eesti.ee/usage-stories

For clarification, use-cases can be added only when users are logged in to the portal. From a public view, this functionality is not available. Everyone with eID or username/password can do that.";Confirm;;
PT20;"Does the national portal offer a preview function for tabular data?

For Explanation:
* If yes, please provide the URL to an example documenting this feature.";yes;https://avaandmed.eesti.ee/datasets/liiklusloenduse-andmed;Confirm;;
PT21;"Does the national portal offer a preview function for geospatial data?

For Explanation:
* If yes, please provide the URL to an example documenting this feature.";yes;https://avaandmed.eesti.ee/datasets/inspire-(tn)-eesti-sadamad-(wms);Confirm;;
PT22;"Do you promote high-value datastes on your national portal (e.g. use filtering features for reusers to easily find such datasets, use editorial features to promote the datasets, etc.))?

For Explanation:
* If yes, please specify how and highlight challenges if any. 
* If you are an EFTA or a candidate country to the EU, please select 'not applicable'.";new question;new question;Change;No; We are currently in-development to extend metadata standard to include HVD attribute and better distrinquish HVD from the rest of the datasets.
PT23;"Do you monitor the portal's traffic (e.g. in terms of number of unique visitors, visitor profiles, percentage of machine traffic, number of downloads according to the number of datasets etc.)? 

For Explanation:
* If yes, which tool(s) do you use?";yes;Google Analytics/Motomo;Confirm;;
PT24;"Do you run analytics on API usage?

For Explanation:
* If yes, please briefly (1) describe your process and (2) how you use the insights to improve the portal";no ;N/A;Confirm;No;
PT25;"Besides monitoring portal traffic, do you perform any further activities to better understand the behaviour and needs of users of your portal (e.g. web analytics, surveys, or analysis of social media feeds)?

For Explanation:
* If yes, please (1) specify the activities and explain (2) how they help you understand user needs";yes;We conduct surveys (e.g. One of the last surveys was carried out to better undrstand what dat visualization solutions users want), conduct intervews (e.g. The las one was for understanding users main challenges regarding using the portal), also once a year we carry out an open data impact assesment to understand overall attitude and practices inside organisations.;Confirm;;
PT26;"Do you used the insights about portal usage and about the behaviour and needs of portal users to improve the portal accordingly?

For Explanation:
* If yes, please explain your process for improving the portal based on user insights and feedback
* If relevant, kindly highlight some improvements made in the past year";new question;new question;Change;Yes;Yes, we use insights about portal usage and user behavior to improve its quality. We plan further developments based on feedback from agencies, collected through surveys and discussions. Recent changes in search options and UI design were made based on user feedback, and we remain open to receiving and acting on user suggestions to enhance the portal.
PT27;"Do you undertake any activities to promote the portal and attract new users or new audiences?

For explanation:
* If yes, please (1) explain what activities your perform, and (2) mention if these activities are directed at any specific target audience (e.g. business, public sector, academia, etc.)";new question;new question;Change;Yes;Yes, we promote our portal during our online and offline events, which include public, private, and academic representatives. Additionally, information about our portal is shared on our other data and AI-related pages, and our e-courses educate on open data publishing, directing users to our portal. This year, we also plan a communication campaign to raise awareness about our portal among businesses.
PT28;"Do you monitor what keywords are used to search for data and content on the portal?

For Explanation:
* If yes, please briefly (1) describe your process and (2) how you use the insights to improve the portal";new question;new question;Change;Yes;Such functionallity exists on the portal, however we use it quite rare.
PT29;"Do you monitor the most and least consulted pages?

For Explanation:
* If yes, please briefly (1) describe your process and (2) how you use the insights to improve the portal
* For informational purposes, kindly provide the URLs to the five most popular datasets on the portal";new question;new question;Change;Yes;For monitoring less and most consulted pages we have Matomo. In addition, We monitor the most downloaded datasets through our statistics page (https://avaandmed.eesti.ee/statistics), which helps us to understand what topics interest our users the most, so we plan our actions accordingly. We also analyse portal usage and least consulted pages, based on that either decide to improve functionalities or depreciate them.
PT30;"Do you take measures to optimise the search and discoverability of content (data and editorial)? 

For Explanation:
*If yes, please briefly describe how your optimise the search";yes;"We planning to develop new searching funcionality. Our end goal will be such solution where datasets are found through google and data portal uses smarter searching tool (like elastic search).

On a continuous basis we work on improving search optimisation to ensure that data is easily discoverable and accessible by users. We also validate each week whether the datasets are up to date, to ensure that search results are valid and lead to existing data. We have also implemented machine translation to improve search functionality of datasets in English. ";Confirm;;
PT31;"Is the metadata on your portal available in clear plain language to enable both humans and machines to read and understand it? 

For Explanation:
*If yes, please provide the URL to an example documenting this feature.";yes;We offer opportunity to use API to enable machines to read and undserstand. To humans we have UI where metadata is understandable to human;Confirm;;
PT32;"To what degree do public sector data providers contribute data to the portal? 

For Explanation:
*Please describe what is the agreed approach.
* If less than the majority of data providers, please briefly explain why (e.g. technical incompatibilities, governance aspects, low awareness etc.).";the majority of public sector data providers;There are two pillars of public sector in Estonia - municipal and central. The majority of central government's public sector data providers have published data on the portal. Unfortunately, local governments, representing municipal level, aren't publishing that much data (bigger local governments, where lives more than one third of Estonian population, publishing data in machine readable formats (both in the central portal and they have their own portal, too) but smaller local governments are really behind, lacking the knowledge and funds. With every year we are taking more serious approach towards local governments and trying to raise the level of their contribution by educating and consulting them. ;Confirm;;
PT33;Do you identify the data providers that are not yet publishing data on the national portal?;yes, or all public sector data providers already publish data;N/A;Confirm;Yes, or all public sector data providers already publish data;N/A
PT34;"Were there concrete actions taken to assist these data providers with their publication process?

For Explanation:
* If yes, could you provide some examples of the actions taken in this regard.";yes, or all public sector data providers already publish data;Data team of Ministry of Economic Affairs and National Information System Authority together with Statistics Estonia provides consultations for everyone, who needs an assistance with publication or description of datasets. Today we are trying to activly engage local governments using this mean. In addition, we have different working groups on data and AI related topics, working group meetings take place 1-2 times a month, other bigger events include annual Open Data Forum and Data camp. Last yearwe launched Data Steering Group, which brings together higher-level representatives from different public authorities to discuss data related questions. One more measure is creating e-courses, last year we made two publicly available e-courses on open data and its publication.;Confirm;;
PT35;"Besides the national open data portal, are there other regional and local portals? 

For Explanation:
* If yes, please provide a complete list and the links to these portals.";yes;"Here are few examples of regional/local portals: Tallinn geoportal https://www.tallinn.ee/est/geoportaal/;  Land Board geoportal https://geoportaal.maaamet.ee/; Tartu Statistics https://tartu.ee/et/statistika; http://metashare.ilsp.gr:8080/repository/search/";Confirm;;
PT36;"Are regional and local portals listed above and their data sources discoverable via the national portal? 

For Explanation:
* If not applicable, please briefly explain why. ";yes;;Confirm;;
PT37;"To what degree are  regional and local sources harvested automatically? 

For Explanation:
* If less than the majority of existing sources is harvested by the national portal, please briefly explain why.                        
* If not applicable, please briefly explain why. ";approximately half of the datasets;Some of authorities intend to join automated harvesting (e.g. Transport Administration, Institute of the Estonian Language, Ministry of Environment), but the reason why we have less of majority of existing sources harvested automaticly is due to lack of financial means or knowledge about this feature. Moreover, some of authorities don't follow DCAT-AP standards. Luckily, knowledge level is getting better and we hope that more processes will become automated.;Change;None of the datasets;None, currently there is no interface
PT38;"Does the national portal include datasets that are real-time or dynamic?

For Explanation:
* If yes, please provide URLs to real-time and/or dynamic data featured via the national portal. ";yes;E.g. weather data https://avaandmed.eesti.ee/datasets/ilmavaatluste-andmestik;Confirm;;
PT39;"Does the national portal provide a way for non-official data (i.e. not stemming from official sources, such as community-sourced/citizen-generated data) to be published? 

For Explanation:
* If yes, please explain how non-official data is distiguished for offical data (e.g. using a different section of the portal or tags) 
* And please provide a URL to an example of a non-official dataset on the portal ";new question;new question;Change;Yes;"We do not separate ""non-official"" from ""official"" data, rather we differentiate between the organisation or person who has made the data available. That means that there is no restriction for publishing ""non-official"" data. However, currently we have only so-called official publishers made data available on our portal."
PT40;"Does the national portal allow users to see what data exists but cannot be made available as open data?

For Explanation:
* If yes, please (1) provide the URL to an example and (2) briefly describe the approach used to ensure this transparency.";yes;"There is an option to restrict an access to dataset and made it available only by personal request (e.g. https://avaandmed.eesti.ee/datasets/mkm-audiofailid). Users can see webpages and metadata of such datasets but there is a warning sign ""This dataset has limited access. Request access if you are unable to see the content!"". 
";Confirm;;
PT41;"Does the national portal have a strategy to ensure its sustainability?

For Explanation:
* If yes, please (1) provide the URL to this document and (2) describe the main measures to keep the portal running in the long-term and continue to serve its audience";new question;new question;Change;Yes;"The portal itself doesn't have a separate strategy document. However, actions related with the further technical development of our portal together with other action supporting open data field are included in our open data action plan (https://www.kratid.ee/_files/ugd/980182_c8a4ab6ab9f7492584cb86c6a8fe7a2e.pdf). It includes – change of data model; new functionalities of the portal; migration of datasets to the new potential portal, called „data portal“, including open data and description of other information systems; updating guiding materials on our portal; adding national virtual assistants on our portal to answer questions based on open data, etc."
PT42;"Is your national portal active on social media? 

For Explanation:
* If yes, please provide the URL(s) to your social media accounts. ";yes;We don't have separate page for the portal in social media, but national portal topics are often covered in a Facebook group OpenESTdata https://www.facebook.com/groups/1792458637715167 and our Youtube channel called Kratid https://www.youtube.com/channel/UC8n2eMS8FeeBl-azungXn4A . We are also started to add more information about data and open data on our AI related webpage https://www.kratid.ee/;Confirm;;
PT43;"Are the portal’s source code and relevant documentation and artefacts made available to the public (e.g. on platforms such as GitHub or GitLab)?

For Explanation:
*If yes, please provide the (1) platform name and (2) the URL to the portal’s account on this platform.";yes;https://koodivaramu.eesti.ee/andmete-teabevarav;Confirm;;
PT44;"Do you monitor the characteristics of the data published on the portal, such as the distribution across categories, static vs. real-time data and how these change over time?

For Explanation:
* If yes, please provide the direct-URL to this feature";yes;https://avaandmed.eesti.ee/statistics;Confirm;;
PT45;"Does this monitoring enable the portal team and/or data providers to take action to improve their performance on the national portal?

For Explanation:
* If yes, please (1) explain how and (2) if applicable provide the direct-URL to this feature.";yes;"For the portal team it is a great tool to observe how often and which datasets are being published, so we could see which categories need more attention (fewer publications may indicate a problem)

";Confirm;;
Q1;"Is there a pre-defined approach to ensure that metadata is kept up-to-date?

For Explanation:
* If yes, please briefly describe your approach.";yes;This obligation for authorities comes from the Public Unformation Act  (https://www.riigiteataja.ee/en/eli/514112013001/consolide). In addition, MoEAC and Estonian Information System Authority data team monitors datasets and metadata on the national portla to ensure their quality.;Confirm;;
Q2;"What percentage of the metadata on the national portal is obtained from the source automatically, rather than edited manually? 

For Explanation:
* Please describe (1) the workflows you have to automate the harvesting of metadata and (2) for which types of data these apply to";new question;new question;Change;50-69%;"Metashare and geosync we harvest the data; As for mirroring jobs API endpoint the client sends data to the data portal.
Metashare and geosync have id's that link the datasets in our portal to the source. Every morning our CRON checks if the id's match with the source, if the id matches and new information is given, then the dataset is overwritten. Geo-sync:https://koodivaramu.eesti.ee/andmete-teabevarav/geonetwork-sync (access restricted).
Mirroring job datasets are only updated when the client has sent a new request to overwrite data or create new datasets."
Q3;"What is the average delay from the moment the metadata describing a dataset is updated at the source, and the moment the change is visible on the portal?

For Explanation:
* Please explain the approach for updating metadata in a timely manner";new question;new question;Change;Within one day;Metashare and geosync ask for the new data every 24 hours and publish any updates instantly if any are found. Mirroring jobs can get updates from the client any time during the day and the data can be published without any delay.
Q4;"Do you undertake efforts to ensure that published data covers the full period from when it was first published until today, for example,the complete time series?

For Explanation:
* If yes, please explain the measures in place to ensure complete series of datasets";new question;new question;Change;Yes;We demand that data for the full period is published, not only partially. This is validated through annual open data validation process. As part of the process the published data, including metadata is validated and ensured it meets previous agreements. Additional support services are available for data publishers to help them understand the scope and mechanics of publishing open data datasets.
Q5;"Have you implemented the DCAT-AP High Value Datasets (semiceu.github.io) tag to denote the High-Value Datasets in your (national) open data portal(s)?

For Explanation:
* If yes, please specify how and highlight challenges if any.
* If you are an EFTA or a candidate country to the EU, please select 'not applicable'.";new question;new question;Change;No;The implementation of the HVD profile, incl applicable legislation element, is in progress along with the implenentation of DGA harvesting and the overall re-development of the Estonian National Data Portal. The technical implementation of the HVD profile is relatively simple, we note that the use of the profile might be inconsistent, especially in the way on how different agencies and countries define HVD data services and distributions. Clear guidelines with rich examples would be much needed in this regard.       
Q6;"Besides the DCAT-AP tag mentioned above, have you implemented any other measures to ensure that high-value datasets ((EU) 2023/138) are interoperable with datasets of other country?

For Explanation:
* If yes, please specify how and highlight challenges if any.
* If you are an EFTA or a candidate country to the EU, please select 'not applicable'.";new question;new question;Change;Yes;We have updated the national metadata standard, the latest version fully supports the DCAT-AP HVD profile, therefore also ensuring interoperability with all other countries that have implemented the HVD profile. We have established core vocabularies which are required to be used. The main challenge we foresee is the lack of clear guidance on defining HVD data services and distributions, which might lead to inconsistent practices throughout member states. We hope that the EC will extend its current guidance as a matter of urgency. 
Q7;"Do you monitor the quality of the metadata available on your portal?

For Explanation:
* If yes, please briefly explain how this monitoring takes place. 
* If applicable, please provide the URL to this monitoring mechanism.";yes;The portal is DCAT-AP compliant and all the migrated datasets that have not yet modified to compliance have a notification added to them: https://avaandmed.eesti.ee/datasets/riigieelarve-2011.-aastaks. Currently we are contacting all stakeholders, who have such issue and ask to review their datasets. In addition, open data team are manualy reviwing all datasets and their metadata to ensure its quality.;Confirm;;
Q8;"Do you publish information on the quality of the metadata available on the portal?

For Explanation:
* If yes, please provide the URL to this section. ";yes;We have automatic controls to ensure metadata is up-to-date, also we have functionalities to provide ways to evaluate metadata and data quality. If metadata is (might) not  (be) up to date, we provide information regarding that.;Confirm;;
Q9;"Do you publish guidelines (e.g. written materials) and have tools in place, to assist publishers in publishing high-quality metadata? 

For Explanation:
* If yes, please (1) briefly describe this material and (2) provide the URLs to these materials and/or tools.";new question;new question;Change;Yes;"Extensive data description guidelines for data holders are available online (only on Estonian) -https://kratid.ee/juhised#andmekirjedus, these guidelines are supported by the  e-courses at our educational platform digiriigiakadeemia.ee. 
The national portal provides additional guidelines on the creation of open data, which includes guidance regarding data quality  (only in Estonian) - https://avaandmed.eesti.ee/instructions/avaandmete-loomise-juhend; In addition, In Estonia, the state provides institutions with a free data governance tool called RIHAKE, which enables institutions to describe their data sets and their content, provide descriptions of classifiers and lists used in the data sets, describe the machine-readable services offered, compile data dictionaries and business glossaries (https://www.kratid.ee/en/tooriistad; https://koodivaramu.eesti.ee/e-gov/rihake/)"
Q10;"Do you set any standards on metadata quality that data providers must abide by (e.g. on the use of licence, minimum metadata describes, use of certain DCAT-AP properties, etc)

For Explanation:
* If yes, please describe the standards you have in place, i.e. what is minimum information the metadata should describe ";new question;new question;Change;Yes;We have established a national data description standard which outlines minimum metadata, abides fully with DCAT-AP properties, requires the use of Estonian and OP vocabularies (f.ex. controlled vocabulary for licence terms). This standard is fully implemented in the national open data portal and is the basis for validating any metadata submitted from other systems.
Q11;"Do your open data publication/licensing guidelines provide recommendations for the use of Creative Commons (CC) licences, specifically CC BY 4.0 and CC0?

For Explanation:
* If yes, is this mandatory (e.g. prescribed by law) or recommended?
* Please provide a URL link to the guidelines";new question;new question;Change;Yes;"Our licensing guide is published on the page https://avaandmed.eesti.ee/instructions/open-data-licensing-guide. In this guide we recommend not to choose too restrictive licenses, if there is no real reason for that. In addition, we recommend to use CC licenses ""It could, as recommended, be internationally recognised using standard licences, such as the Creative Commons (CC) licence."""
Q12;What percentage of the open data available on the national portal is accompanied by licensing information? ;>90%;N/A;Confirm;;N/A
Q13;How many different licences are used on your portal?;1-4;N/A;Change;5-10;We have a list of around 10 licences to choose from, but out of them most popular are not more than 5 licences.
Q14;"Besides providing guidelines, are there regular activities conducted or mechanisms in place to  assist publishers in supplying high-quality datasets (metadata quality and data quality)?

For Explanation:
* If yes, please explain the support you provide?";new question;new question;Change;Yes;We have developed extensive guidelines on data description and data quality, these guidelines are supported by e-courses (https://digiriigiakadeemia.ee/) and online training sessions, with the latest training on data management held on 05.06.24. Additionally, in collaboration with Statistics Estonia, we offer hands-on support on data quality and data description to all authorities, with more information available on our website https://www.kratid.ee/en/tugi-andmehaldus.
Q15;"Does the national portal follow the DCAT-AP framework or, if not, are standards in place to ensure interoperability with DCAT-AP?

For explanation:
* If the  portal follow the DCAT-AP framework, please describe how compliance with DCAT-AP is ensured
* If the portal does not follow the DCAT-AP framework, please describe how interoperability with DCAT-AP is ensured";new question;new question;Change;Yes;"The national portal currently supports DCAT-AP v2, all new or modified datasets follow DCAT-AP v2, this percentage is constantly going up, because data publishers go over their migrated (migration from the old data portal that wasn't DCAT-AP compliant) datasets and add DCAT-AP compliant metadata and all the new added datasets cannot be added unless they use DCAT-AP some recommended classes. To provide additional information for our portal users we have published translation of DCAT-AP https://avaandmed.eesti.ee/instructions/dcat-rakendusprofiil; links to JoinUP https://avaandmed.eesti.ee/instructions/dcat-ap-materjalid. We have further updated our national data description standard to be fully aligned with DCAT-AP v3, as well as the DGA and HVD profiles. Implementation of respective updates is ongoing and is expected to be available (along with DCAT v2 - DCAT v3 mapping capability) by the end of 2024"
Q16;What is the percentage of metadata on your portal that is DCAT-AP compliant, in terms of mandatory classes? (agent, catalogue, dataset, literal, resource);>90%;Our open data standard is based on DCAP-AP and is de facto standard for government open data portal.;Confirm;;N/A
Q17;What is the percentage of metadata on your portal that uses DCAT-AP recommended classes? (category, category scheme, distribution, licence document);>90%;"All the new or modified datasets use the recommended classes, this percentage is constantly going up, because data publishers go over their migrated (migration from the old data portal that wasn't DCAT-AP compliant) datasets and add DCAT-AP compliant metadata and all the new added datasets cannot be added unless they use DCAT-AP some recommended classes.
";Confirm;;N/A
Q18;What is the percentage of metadata on your portal that uses DCAT-AP optional classes? (catalogue record, checksum, document, frequency);>90%;"For example, ""Frequency"" and ""Location"" as an optional classses from DCAT-AP are mandatory at the national open data portal, thus provided for majority datasets.";Confirm;;N/A
Q19;"Is there a national extension of the DCAT-AP standard developed for your country? 

For Explanation:
* If yes, please (1) briefly outline the reasons for this decision, and (2) what the main differences between the national variation and the EU standard are.
* If applicable, please provide the URL to the documentation of the national DCAT-AP extension.";yes;"We have made some of the recommended and optional required fields/classes., e.g. License, accessRights, author/agent etc. These are required fields to provide more metadata to the re-users.
";Confirm;;
Q20;"Do you investigate the most common causes for the lack of DCAT-AP compliance?

For Explanation:
* If yes, what are the main causes for the lack of DCAT-AP compliance?";new question;new question;Change;Yes;Few years ago we transitioned to the new portal and there is still some small amount of datasets, which we toghether with stakeholders still have been reviewing. So there is a chance that among these datasets can be the ones, which are not DCAT-AP complient and we want to solve that. For all new datasets metadata input is validated against DCAT-AP, as such non-compliant descriptions can't be included into the national portal and issues are solved during the descriptive or metadata harvesting process.  
Q21;What is the percentage of datasets whose metadata provides a reference to where the data can be downloaded, or its API accessed (“download-URL” in the DCAT-AP specification)?;>90%;N/A;Confirm;;
Q22;What is the percentage of datasets whose metadata provides a reference to a web page from where the data can be accessed (“access-URL in the DCAT-AP specification)?;>90%;N/A;Confirm;;N/A
Q23;"Do you use a model (such as the 5-Star Open Data or FAIR) to assess the quality of deployment of data in your country?

For Explanation:
* If yes, please briefly describe.";yes;The national policy document Green Paper on Machine-Readable Public Data (https://www.riha.ee/api/v1/systems/eaatv/files/cdbfa8bd-2594-8ad3-6022-ff3d3dbf6781) stipulates that public sector data should be published as at least 3-star open data. Open Data online training which is intended for open data publishers also based on FAIR (https://digiriigiakadeemia.ee/);Confirm;;
Q24;"Do you conduct activities to promote and familiarise data providers with ways to ensure higher quality data?

For Explanation:
* If yes, please briefly describe.";yes;We created Open Data online training which is intended for open data publishers  (https://digiriigiakadeemia.ee/) ;Confirm;;
Q25;What percentage of datasets are made available under an open licence? ;>90%;N/A;Confirm;;N/A
Q26;What percentage of licences are provided in a structured data format?;>90%;N/A;Confirm;;N/A
Q27;What percentage of datasets are provided in an open and machine-readable format?;>90%;N/A;Confirm;;N/A
Q28;What percentage of datasets consistely use Uniform Resource Identifiers?;<10%;N/A;Confirm;;N/A
Q29;What percentage of datasets link to other renowned sources to provide additional context for the users, e.g. in a linked data fashion?;<10%;N/A;Confirm;;N/A
I1;"Do you have a definition of open data reuse in your country?
 
For Explanation:
* If yes, please specify it.";yes;"According to Public Information Act (https://www.riigiteataja.ee/en/eli/ee/510122021005/consolide/current) § 3.  Re-use of public information
 (1) The re-use of information is the use of such public information, the public use of which is not restricted by law or pursuant to the procedure established by law (hereinafter open data), by natural persons or legal persons for commercial or non-commercial purposes other than the initial purpose within the public duties for which the information was obtained or produced. The exchange of information between holders of information for the performance of their public duties does not constitute re-use of information.";Confirm;;
I2;"Are there any processes in place to monitor the level of reuse of your country's open data?
 
For Explanation:
* If yes, please (1) briefly describe these processes and (2) provide the URLs to support the answer.";yes;Use-cases of open data can be found through national portal, page called use-cases (https://avaandmed.eesti.ee/usage-stories). As well, natinal portal provides information on the number of dataset's downloads, which can indirectly indicate the level of re-use. We also discuss use-cases during monthly working group meetings, where authorities present their use-cases. Use-cases are also shared during big annual event - Open Data Forum. ;Confirm;;
I3;"Are there any activities in place to encourage public bodies to monitor the reuse of their own published data (e.g. incentives or obligations in place for public bodies or civil servants of national government)?
 
For Explanation:
* If yes, please (1) briefly describe these activities/incentives and (2) provide the URLs to support the answer.";yes;One of the means to encourage pubic bodies to reuse open data is annual competition, where  we select best data publishers, best reuse cases and best visualization cases. During the year we are trying to find the most noticeable/valuable cases to make a shortlist in 3 categories. Digtal voting is open for everyone and we distribute an information about the competition via our mailing lists, social media and through our events. Winners get an award from the ministry, usually we present books on the topic reletad to data. Winners as well get marked on our portal.  After we winners have been choosen, they are invited to share their knowledge in our data working group meeting. Information about this year winners can be found here https://medium.com/digiriik/eesti-avaandmete-valdkonna-silmapaistvad-panustajad-2023-1f353177c0b0;Complement;;During our yearly survey among public sector authorities, which helps us to assesses the level of data and data managment maturity acrosspublic sector, we encourage public bodies to monitor the reuse of their open data and share their reuse cases with us, so we can publish them.
I4;"Does your country have processes in place to monitor and measure the level of reuse of high-value datasets ((EU) 2023/138)?
 
For Explanation:
* If yes, please specify how and highlight challenges if any. 
* If you are an EFTA or a candidate country to the EU, please select 'not applicable'.";new question;new question;Change;Yes;Estonia has processes in place to monitor and measure the level of reuse of high-value datasets. Last year, a mapping of use cases was conducted, focusing on the utilization of valuable datasets in scientific research. This year, the process will be repeated to provide an overview of their usage from a scientific perspective. Additionally, public institutions are informed and separately asked for information about use cases based on categories.
I5;"Has your government specified what 'impact of open data' means (e.g. in a strategy document)?
 
For Explanation:
* If yes, how do you define the impact of open data in your country? 
* If possible, please provide a URL to a public document describing it.";yes;The Information Society Strategy (https://www.mkm.ee/media/6970/download) the impact of data and its meaning is covered in many points: 1) data-driven state where any decision is based on data and that is reached by re-using data (pg 14), 2) Consent Service (https://github.com/e-gov/NT/blob/master/EN.md) and the economic impact to be had from sharing your personal data. Not open data but it still emphasizes the importance of data re-use because of its economic potential (pg 18). MoEAC has defined impact through use cases where opening up has had any type of impact.;Confirm;;
I6;"Do you have a methodology in place to measure the impact of open data in your country?
 
For Explanation:
* If yes, please briefly describe the key points of this methodology.";yes;"Our methodology is heavily centered around use cases/user stories because we had a discussion about measuring impact with numbers being the centre of it all, but it is very difficult to assign ""a price"" to a dataset. MoEAC and Statistics Estonia composed a questionnaire made up of 7 questions that ranged from defining the profile of a data re-users (to basically understand your customer) to actual examples they know of that are stemmed from their agency's datasets.
This  year we plan to carry out a procurement to analyze the impact of open data in Estonia, overall value of open data, and creat methodology for further measurments.";Complement;;our methodology is stil centered around gathering information about reuse cases.
I7;"Is there collaboration between government and civil society or academia to create open data impact in your country?

For Explanation:
* If yes, please provide an example
* If possible, URLs to such projects and collaborations.";yes;E.g. last year we carried out the first Estonian government AI testbed competition, which invited everyone with expertise in data science and analysis to join an experimental testbed to find solutions to real-world problems using open data (https://medium.com/digiriik/esimesed-riiklikud-andmeteaduse-taibutalgud-d2ee7ec582ee). Universities took part of this competition and in this collaboration we have created more than 300 AI based soulitions for solving 5 problems formulated by public sector.;Complement;;"This year we launch an award for the best scientific papers and thesises written on the open data topics, including topic of creation of some new open data use cases.
We collaborate with academia through hackathons, where we encourage to use open data for the solutions to be created, therefore fostering the reuse of open data. 
To include non-governmental organisations in conversation and foster open data reuse, we invite them on our events like Open Data Forum or online event called Data working group."
I8;"Have any public bodies in your country launched or performed any activities in the past year to understand which and how (open) datasets are reused?

For Explanation:
* If yes, which of the following activities?
* Multiple answers are possible.";yes;N/A;Confirm;;N/A
I8-a;Automated feedback mechanisms tracking users´ access to datasets;new question;new question;Change;Yes;Statistics on our open data portal helps us and other agencies to track the number of dataset's downloads, which indirectly indicates the reuse of open data.
I8-b;Surveys;new question;new question;Change;Yes;In our yearly survey among public sector authorities, which helps us to assesses the level of data and data managment maturity across public sector, we encourage public bodies to monitor the reuse of their open data and share their reuse cases with us, so we can publish them.
I8-c;Interviews/workshops with reusers;new question;new question;Change;Yes;During creation of strategies and action plans we (the MoEAC) and other agencies consult stakeholders using interviews and workshops, during which topic of open data reuse is also gets discussed. 
I8-d;Other;new question;new question;Change;Yes;Agencies often get contacted by reusers via email in regards of open data questions and its reuse. Therefore, some of them know their main users and can communicate to gather an information about the reuse. In addition, our data exchange layer X-road, helps some agencies to monitor open data reuse.
I9;"Have any public bodies in your country launched or performed any activities in the past year to better understand reusers' needs in order to further stimulate the reuse of open data?

For Explanation:
* If yes, which of the following activities have been performed? Please describe how the activity has helped you better stimulate reuse.
* Multiple answers are possible.";yes;N/A;Change;Yes;N/A
I9-a;Regular feedback sessions with portal users ;new question;new question;Change;Yes;During creation of strategies and action plans we (the MoEAC) and other agencies consult stakeholders using interviews and workshops, during which topic of open data reuse is also gets discussed. 
I9-b;Social media sentiment analysis ;new question;new question;Change;Yes;We have a group in Facebook dedicated to open data and sometimes there appear questions from the community about open data availability or some interesting projects based on open data. Monitoring this group helps us to understand users’ interests. Moreover, we make recordings of our webinars publicly available, so people interested in open data can learn more and potentially discussed the content in the comments. 
I9-c;Other;new question;new question;Change;Yes;They have been directly communicating with various stakeholders and carrying out the communication campaigns with a purpose to show the ways of potential data reuse. In addition, there is a tight communication with the universities dedicated to identifying their needs and supporting the exploration of open data field.
I10;"Have any public bodies in your country developed any systematic way of gathering reuse cases?

For Explanation:
* If yes, please provide a brief explanation of the process: How does the gathering happen? ";yes;"The MoEAC doing it through meet-ups with other public sector representatives, NGOs, academia, and private sector.

The following answer was partial from our end. A key part in collecting reuse cases is through yearly data maturity assessment, where public bodies are required to provide information on reuse cases, an overview of last years maturity assessment can be found in https://avaandmed.eesti.ee/instructions/public-sector-impact-assessment-of-open-data-2022. We also carry out assessment in the private sector. During the last assessment, we involved roughly 2000 Estonian companies representing different areas and sizes for representative purposes, in addition to interviewing and meeting with representative bodies, universities and clusters. These are regular activities we do to understand private  sector, NGO and other stakeholder needs and requirements regarding open data. During the meetups, focus group interviews and 1-1 interviews, we collect information on data re-use, stakeholder needs, investment requirements and so forth.";Confirm;;
I11;"Are there any public bodies in your country that have developed a systematic ways of classifying the gathered reuse cases?

For Explanation:
* If yes, please provide a brief explanation of the process: According to which categories are reuse cases classified (e.g. by policy field)?";yes;"Data classification in Estonia is mainly based on the areas data-based solutions impact. On our national open data portal we tend to collect the main reuse cases, so they would be accessible from one place.

The following answer was partial on our-end. For reuse cases we classifify specifically based on the geographic areas the use-cases cover and which public body data has been mainly used for the reuse case. The data itself is tied to 12 areas, that is, science and technology, agriculture, fisheries, forestry and food, energy, environment, population and society, economy and finances, justice, legal system and public safety, health, government and public sector, education, culture and sport, transport and regions and cities.";Confirm;;
I12;"Is any data on the impact created by open data on governmental challenges (e.g. efficiency, effectiveness, transparency, decision-making capacity) available in your country such as from research studies, impact assessments, or other systematic investigations that quantify the results or broader effects of open data being reused?

For Explanation:
* If yes, please (1) specify what kind of data source proves this impact and (2) provide the URLs to this data.";yes;"Main impact includes government being more efficient and transparent. Also, we see an increasing trend on data-driven decision/making on governmental level. We notice that enteties tend to have more willingness to develope technologies and find the ways of solving problems using data. 
The impact can be monitored mostly by the reuse. Open data reuse is very popular internally within the organization: many institutions have created interesting usage stories based on their open data, the most common of which are data visualizations. There are institutions that have found that they help non-thematic parties to better interpret very specific data and thus alleviate the institution's workload of clarifying the data logic.  Reuse cases can be found on our national portal in the use cases section https://avaandmed.eesti.ee/usage-stories. The number of use cases is constantly growing.  
Every year we carry out an impact assessment of open data and data managment in the public sector, results are published on our open data portal (on estonian language). Year 2022  - https://avaandmed.eesti.ee/instructions/avaandmete-mojuhinnang-avalikus-sektoris-2022

The yearly impact assessments are a systematic study, not anecdotal. Which are in addition assisted with additional studies and impact assessment requirements for public bodies. There are examples in all ministries and areas, where impact has been created and measured. For instance, Estonian Agricultural Registry is using satellite data (open data available through esthub) to verify whether the grasslands have been mowed to automate and support decision-making capacity, transportation authority is using open data to understand the likelihood of traffic accidents happening and plan investments to improve traffic management, Tallinn is using open data gathered through crowdsourcing to plan public investments in road maintenance and planning (https://gis.tallinn.ee/andmekorje/?fbclid=IwAR14eN87q_KGScM_E8jJVHHPdbOUdKnUKsss3rD-a24dFMZYMosQZ-JH_aU), and so forth. 

For instance, in the traffic accident likelihood project, we understood what are the key factors that contribute to the traffic accidents and how likely it is that traffic accidents take place, the F1 score was for specific classes (road which are less likely to have any major accidents and thus need intervention) was 0.98794618 and so forth. In the agriculture use-cases, the precision is roughly 85%, which means in most cases the public official doesn’t need to do on-site inspections, thus contributing to efficiency.";Confirm;;
I13;"Is the use of open data in your country having an impact on the efficiency and effectiveness of the government (at any level) in delivering public services? 

For Explanation:
* If yes, please provide an example of one reuse case. For this reuse case, please provide (1) a URL to the reuse case, (2) a URL to the open dataset used by the reuse case, and (3) a description of the reuse case and its impact in this sub-domain.";new question;new question;Change;Yes;Yes, open data in our country is enhancing the efficiency and effectiveness of government services. An example is SATIKAS, an automated satellite-based information system that detects mowing using satellite data. This system automates the EU’s agricultural subsidy checks, reducing the need for inspectors' field visits, saving time and money, and reminding farmers who haven't met mowing requirements. Developed by the UT Tartu Observatory, the Estonian Agricultural Registers and Information Board (ARIB), and CGI, SATIKAS demonstrates significant impact. More information can be found here (https://www.pria.ee/uudised/niitmise-tuvastamise-susteemi-arengud), and the related dataset is available here (https://avaandmed.eesti.ee/datasets/niitmise-tuvastamine-satelliitseirega).
I14;"Is the use of open data in your country having an impact on transparency and accountability of public administrations?

For Explanation:
* If yes, please provide an example of one reuse case. For this reuse case, please provide (1) a URL to the reuse case, (2) a URL to the open dataset used by the reuse case, and (3) a description of the reuse case and its impact in this sub-domain.";new question;new question;Change;Yes;Yes, open data in our country significantly enhances the transparency and accountability of public administrations. For example, data on public officials' salaries is published annually, providing an overview of civil servants' incomes. This promotes transparency in government spending and is frequently used in news articles for various rankings and analyses, such as this article (https://www.err.ee/1609329552/riigiametnike-palgatabeli-tipus-on-ria-juht). The dataset is accessible here (https://www.fin.ee/riigihaldus-ja-avalik-teenistus-kinnisvara/avalik-teenistus/personali-ja-palgastatistika#ametnike-palgaandmed ).
I15;"Is the use of open data in your country having an impact on policy-making processes (i.e. are public administrations making use of the data as evidence for the problem identification and policy formulation)? 

For Explanation:
* If yes, please provide an example of one reuse case. For this reuse case, please provide (1) a URL to the reuse case, (2) a URL to the open dataset used by the reuse case, and (3) a description of the reuse case and its impact in this sub-domain.";new question;new question;Change;Yes;Yes, open data is significantly impacting policy-making processes in our country. As an example, at the beginning of 2024, the Estonian Business and Innovation Agency consolidated key tourism data into interactive dashboards. These dashboards make all necessary tourism-related tables quickly accessible, enhancing data discoverability and speeding up analysis through interactive visualizations. This data is used in policy formulation and simplifies daily decision-making processes. The dashboard link has been shared with organizations in the Estonian tourism sector and is continuously used by policymakers for monitoring trends, answering questions, and making informed decisions. More information, along with visualizations and datasets, can be found here (https://puhkaeestis.ee/et/traveltrade/turisminumbrid-ja-statistika).
I16;"Is the use of open data in your country having an impact on decision-making processes (i.e. are public administrations making use of the data as evidence to be included in their daily operations)?

For Explanation:
* If yes, please provide an example of one reuse case. For this reuse case, please provide (1) a URL to the reuse case, (2) a URL to the open dataset used by the reuse case, and (3) a description of the reuse case and its impact in this sub-domain.";new question;new question;Change;Yes;Yes, open data is significantly impacting decision-making processes in our country. As an example, environmental supervision authorities monitor the movement and activities of fishing vessels daily, using this data to make risk-based decisions for inspections. This approach enhances the efficiency and effectiveness of environmental monitoring and enforcement. The fishing data used for these decisions can be found here (https://pta.agri.ee/ettevotjale-tootjale-ja-turustajale/kutseline-kalapuuk/puugistatistika#item-1), and additional data from the Commercial Fishing Register is available here (https://avaandmed.eesti.ee/datasets/kutselise-kalapuugi-register).
I17;"Is any data on the impact created by open data on social challenges (e.g. inequality, healthcare, education) available in your country such as from research studies, impact assessments, or other systematic investigations that quantify the results or broader effects of open data being reused?

For Explanation:
* If yes, please (1) specify what kind of data source proves this impact and (2) provide the URLs to this data.";yes;"Main impact is seen on raising the level of citizen's awarness, spreading  knowledge about social problems and tackling them. Also data helps to find out the problems, which have to be solved. .
The impact is monitored mostly by the re-use cases of open data. Some of them are brought below. More re-use cases can be found on our national portal in the use cases section https://avaandmed.eesti.ee/usage-stories . The number of use cases is constantly growing. 
Every year we carry out an impact assessment of open data and data managment in the public sector, results are published on our open data portal (on estonian language). Year 2022  - https://avaandmed.eesti.ee/instructions/avaandmete-mojuhinnang-avalikus-sektoris-2022

We have additional information to question 47 as requested.";Confirm;;
I18;"Is the use of open data in your country having an impact on society´s ability to reduce inequality and better include minorities, migrants, and/or refugees? 

For Explanation:
* If yes, please provide an example of one reuse case. For this reuse case, please provide (1) a URL to the reuse case, (2) a URL to the open dataset used by the reuse case, and (3) a description of the reuse case and its impact in this sub-domain.";new question;new question;Change;Yes;Yes, open data is having an impact on society's ability to reduce inequality and better include minorities, migrants, and refugees. For instance, the Equality Center provides valuable resources for policymakers, employers, educators, and anyone interested in gender equality. Topics covered include work life, family, politics, education, civil society, media representation, business, and criminal justice. The center's website (www.vordsuskeskus.ee) features numerous news articles on gender equality and hosts a database with data on gender inequality in Estonia, which can be accessed here (www.vordsuskeskus.ee/et/andmebaas).
I19;"Is the use of open data in your country having an impact on issues about housing in urban areas? 

For Explanation:
* If yes, please provide an example of one reuse case. For this reuse case, please provide (1) a URL to the reuse case, (2) a URL to the open dataset used by the reuse case, and (3) a description of the reuse case and its impact in this sub-domain.";new question;new question;Change;Yes;Yes, open data is impacting housing issues in urban areas in our country. The Ministry of Climate's open data is used for planning energy-efficient building renovations, promoting environmentally friendly mobility, and implementing nature-based solutions in urban areas. One key resource is the Building Register (https://avaandmed.eesti.ee/datasets/ehitisregister). This national database contains construction-related documents, such as building permits, occupancy permits, and energy labels, as well as data on existing, demolished, and planned buildings. The Building Register provides high-quality information about the built environment, simplifying and improving public services in the construction field and contributing to the improvement of the quality of the Estonian living environment.
I20;"Is the use of open data in your country having an impact on the issues of health and wellbeing? 

For Explanation:
* If yes, please provide an example of one reuse case. For this reuse case, please provide (1) a URL to the reuse case, (2) a URL to the open dataset used by the reuse case, and (3) a description of the reuse case and its impact in this sub-domain.";new question;new question;Change;Yes;Yes, open data in our country is significantly impacting health and well-being issues. For instance, on the Health Board's website (https://www.terviseamet.ee/et/nakkus-haigused/tervishoiutootajale/nakkushaigustesse-haigestumine), you can find statistics on the contracting of infectious diseases presented in a visualized format. These graphs illustrate the spread of infectious diseases data for the entirety of Estonia, covering more than 20 infectious diseases and allowing data to be viewed by year and territory. Leveraging Tableau software, this solution offers a comprehensive overview of Estonian residents' health, aiding in the assessment of infection risks and raising awareness about vaccination.
I21;"Is the use of open data in your country having an impact on the society´s level of education and skills (e.g. data literacy)?

For Explanation:
* If yes, please provide an example of one reuse case. For this reuse case, please provide (1) a URL to the reuse case, (2) a URL to the open dataset used by the reuse case, and (3) a description of the reuse case and its impact in this sub-domain.";new question;new question;Change;Yes;Yes, the open data in Estonia is positively impacting society's level of education and skills. The Museum Information System MuIS (https://www.muis.ee/) open data is utilized in various applications that disseminate cultural heritage information to the public, thereby enhancing education and awareness. Notable examples include E-varamu (www.e-varamu.ee) and Ajapaik (www.ajapaik.ee), which both leverage MuIS open data to contribute significantly to societal knowledge and education. You can explore the MuIS open data datasets here (https://avaandmed.eesti.ee/datasets/muuseumide-infosusteemi-avaandmed).
I22;"Is any data on the impact created by open data on environmental challenges (e.g. climate change and environmental degradation, as highlighted in the Eurpean Green Deal) available in your country such as from research studies, impact assessments, or other systematic investigations that quantify the results or broader effects of open data being reused?

For Explanation:
* If yes, please specify (1)  what kind of data source proves this impact and (2) provide the URLs to this data.";yes;"Estonia aims to become the green digital state, so we try to contribute more into inventing solutions for fighting the climate change. For example, green way of thinking is applied developing infrastracture of the cities and making cities smart. People and enteties use data to choose there to put solar panels. Cities use sensors that detect light and noise polution, so they can collect the data and to take measures for reducing the level of pollution. People exploit detectors, which measure how much electricity or other resourses they use, finding the ways to cut down exessive spendings. 
The impact is monitored mostly by the re-use cases of open data. Some of them are brought below. More re-use cases can be found on our national portal in the use cases section https://avaandmed.eesti.ee/usage-stories . The number of use cases is constantly growing. 
Every year we carry out an impact assessment of open data and data managment in the public sector, results are published on our open data portal (on estonian language). Year 2022  - https://avaandmed.eesti.ee/instructions/avaandmete-mojuhinnang-avalikus-sektoris-2022

We have additional information to question 51 as requested.";Confirm;;
I23;"Is the use of open data in your country having an impact on the level of protection of biodiversity (e.g. maintaining a good air and water quality)? 

For Explanation:
* If yes, please provide an example of one reuse case. For this reuse case, please provide (1) a URL to the reuse case, (2) a URL to the open dataset used by the reuse case, and (3) a description of the reuse case and its impact in this sub-domain.";new question;new question;Change;Yes;Yes, the open data in Estonia is significantly enhancing the protection of biodiversity. Species distribution maps, based on verified observations from the Estonian Nature Information System, are crucial for conservation efforts. Enthusiasts can submit nature observations to the Environmental Agency, providing valuable information to scientists and conservationists. These observations, submitted via the nature observation app (https://loodusveeb.ee/et/themes/nouanded-ja-vabatahtlik-kaasaloomine/loodusvaatluste-nutirakendus) or website, are essential for better conservation management, studying species distribution and phenology, combating invasive species, and supporting national wildlife monitoring. You can view the species maps with data (https://keskkonnaportaal.ee/et/liigivaatluste-levikukaardid) for a comprehensive overview of biodiversity.
I24;"Is the use of open data in your country having an impact on the achievement of more environment-friendly cities (e.g., environment-friendly transport systems, waste management etc.)? 

For Explanation:
* If yes, please provide an example of one reuse case. For this reuse case, please provide (1) a URL to the reuse case, (2) a URL to the open dataset used by the reuse case, and (3) a description of the reuse case and its impact in this sub-domain.";new question;new question;Change;Yes;Yes, the open data in Estonia is positively impacting the achievement of more environment-friendly cities. In Tartu, one of the largest cities, an unofficial public transport app (https://play.google.com/store/apps/details?id=com.mobisolutions.transit&hl=et&gl=US) was created using open data, becoming more popular than the official app. This application allows users to browse schedules and routes offline, view real-time bus departures when online, and add favorite stops for easier daily use. The data, sourced from the Ministry of Regional Affairs and Agriculture's public transport register, is periodically updated automatically. You can find the data here: https://avaandmed.eesti.ee/datasets/tartu-linna-uhistranspordi-peatuste-numbrid-ja-nimekiri-asukohad-ja-soiduplaanid
I25;"Is the use of open data in your country having an impact on the fight against climate change, for example by undertaking predictive monitoring, preventive actions, or a differentiated response to connected disasters?

For Explanation:
* If yes, please provide an example of one reuse case. For this reuse case, please provide (1) a URL to the reuse case, (2) a URL to the open dataset used by the reuse case, and (3) a description of the reuse case and its impact in this sub-domain.";new question;new question;Change;Yes;Yes, open data is playing a crucial role in the fight against climate change in our country. The Environmental Agency's weather and climate overview provides foundational information on warming trends in Estonia. The portal features not only visualized data but also explanations, key findings, and descriptions of the impacts of climate warming. This collected information helps monitor weather trends and the current climate situation in Estonia. You can access the web application here (https://keskkonnaportaal.ee/et/keskkonnaulevaade/keskkonnaulevaade-ilm-ja-kliima), and the dataset is available here (https://avaandmed.eesti.ee/datasets/meteoroloogiliste-radarite-andmestik).
I26;"Is the use of open data in your country having an impact on the consumption of energy based on fuel and the switch to renewables? 

For Explanation:
* If yes, please provide an example of one reuse case. For this reuse case, please provide (1) a URL to the reuse case, (2) a URL to the open dataset used by the reuse case, and (3) a description of the reuse case and its impact in this sub-domain.";new question;new question;Change;Yes;Elering Live (https://dashboard.elering.ee/en) brings together data about the Estonian electricty and gas system incl. electricity production and consumption, cross-border energy flows and energy trades. It is possible to monitor near real-time data as well as historical data in table and chart forms. The figures can be downloaded directly from the website or through the application programming interface (API: https://dashboard.elering.ee/assets/api-doc.html).
I27;"Is any data on the economic impact (e.g. GDP, employment, productivity, innovation,  new businesses created etc.) of open data available in your country such as from research studies, impact assessments, or other systematic investigations that quantify the results or broader effects of open data being reused?

For Explanation:
* If yes, please specify what kind of data source proves this impact and provide the URLs to this data.

";yes;"We are working closely with private sector to detect their needs in open data and share the knowledge we currently poses, so they won't need to spend time and money on the things, which already exist and can be reused. As well we try to inspire them to publish their open data. Our goal is to have more open data use cases generated by private sector, which can be used for creating servises and technologies as well as making private sector more transperant. We notice that there is still some lack of knowledge regarding opportuities government can provide, but we are working on it. From our side we conduct different projects, which bring together public and private sector or create some other value.  
In advance, the impact is monitored mostly by the re-use cases of open data. The number of external uses reported to us is lower, but this is often also due to the fact that institutions often do not know how exactly the data has been re-used. The profile of the users is known, but the exact cases of use are not. In most cases, open data is also published under such a license that, in the case of re-use, it is not necessary to refer to the owner, so it is not possible to fully identify all usage stories – especially those where several data sets are interconnected. Some of them are brought below https://avaandmed.eesti.ee/usage-stories . The number of use cases is constantly growing.
Every year we carry out an impact assessment of open data and data managment in the public sector, results are published on our open data portal (on estonian language). Year 2022  - https://avaandmed.eesti.ee/instructions/avaandmete-mojuhinnang-avalikus-sektoris-2022  

For clarification, we base and evaluate the economic impact of open data on the following dataset: https://ec.europa.eu/newsroom/dae/redirection/document/93686 and https://ec.europa.eu/newsroom/dae/redirection/document/93915. There are also dashboards available at: https://tooturg.stat.ee/, which are used to decide and plan measures for the nation regarding employment and supporting economy. Various tools are also built to support the decision-making based on the changes in the labour market, for example OTT and MALLE (https://www.etag.ee/wp-content/uploads/2022/05/RITA_MAITT_LOPPARUANNE_FINAL.pdf).";Confirm;;
I28;"Is the use of open data in your country having an impact on the level of employment? 

For Explanation:
* If yes, please provide an example of one reuse case. For this reuse case, please provide (1) a URL to the reuse case, (2) a URL to the open dataset used by the reuse case, and (3) a description of the reuse case and its impact in this sub-domain.";new question;new question;Change;Yes;Yes, the open data in Estonia is positively impacting the level of employment. The earnings application (https://palgad.stat.ee/en#) provides detailed information on the average and median earnings of various occupations in Estonia. It allows users to compare their own earnings with those of their occupational group, using filters like county, sex, and age group. This application helps identify disparities between different regions, age groups, and genders, enabling individuals and policymakers to make informed decisions about employment and wage policies. This increased transparency and data accessibility contribute to more equitable and well-informed employment practices.
I29;"Is the use of open data in your country having an impact on the level of innovation and the adoption of new technologies? 

For Explanation:
* If yes, please provide an example of one reuse case. For this reuse case, please provide (1) a URL to the reuse case, (2) a URL to the open dataset used by the reuse case, and (3) a description of the reuse case and its impact in this sub-domain.";new question;new question;Change;Yes;"Yes, the open data in Estonia is significantly enhancing the level of innovation and the adoption of new technologies. For example, the Museum Information System MuIS (https://www.muis.ee/) open data has supported the testing of various innovative solutions, such as the photo description AI ""Folli""(https://stacc.ee/et/mis-lendab-aga-ei-ole-lind-tehisintellekt-naeb-ja-teab/) and the preservation assistant ""Sälli"" (https://stacc.ee/et/kuidas-aitas-stacc-muinsuskaitseametil-tehisintellekti-kasutades-museaalide-sailivust-hinnata/) whose long-term impacts are yet to be fully realized. The availability of open data has also positively influenced research and scientific work, promoting innovation. The processing and analysis of cultural heritage data using modern methods could offer various future applications. This environment of open data fosters a culture of continuous innovation and technological advancement."
I30;"Is the use of open data in your country having an impact on the level of entrepreneurship (especially of women and minorities) and business creation (especially with Small- and Medium-sized Enterprises)? 

For Explanation:
* If yes, please provide an example of one reuse case. For this reuse case, please provide (1) a URL to the reuse case, (2) a URL to the open dataset used by the reuse case, and (3) a description of the reuse case and its impact in this sub-domain.";new question;new question;Change;Yes;Yes, the open data in Estonia is significantly impacting the society's level of entrepreneurship and business creation, especially for SMEs. Start-up entrepreneurs, using data from the business register (https://ariregister.rik.ee/est), can make data-driven decisions, such as assessing whether it is viable to open your business, e.g. a bakery in an area with several existing ones. This access to open data aids in the growth of skills necessary for making critical business decisions based on data. Consequently, it fosters a more informed and capable entrepreneurial community, leading to increased business creation and development.
I31;"Is the use of open data in your country having an impact on the level of productivity? 

For Explanation:
* If yes, please provide an example of one reuse case. For this reuse case, please provide (1) a URL to the reuse case, (2) a URL to the open dataset used by the reuse case, and (3) a description of the reuse case and its impact in this sub-domain.";new question;new question;Change;Yes;Yes, the open data in Estonia is significantly impacting the society's level of productivity. The Environmental Agency notes that climate data (https://avaandmed.eesti.ee/datasets/meteoroloogiliste-radarite-andmestik) has been requested by various entities. For example, housing associations use it for heating period decisions. The Estonian National Museum has analyzed weather data to understand how weather conditions affect visitor numbers. Similarly, Icecream company sought air temperature data to find correlations between temperature and sales performance. This access to open data enables more informed decision-making, leading to increased productivity across different sectors.