ID;Question;Answer from 2023;Explanation from 2023;Confirm, change or complement answer/explanation from 2023;Provide updated answer (if applicable);Provide updated explanation (if applicable)
P1;"Is there a national open data policy in your country and, if your country is an EU Member State, does this include a national legislation for the transposition of the Open Data Directive?

For Explanation:
* If yes, please provide (1) the URL and (2) title of the policy document and (3) briefly describe.
* If ‘other’, please provide (1) a brief explanation to support your answer choice and (2) provide the URL and indicate the policy section which explicitly references open data.";yes;"Spain has had a national open data policy since 2007. This open data policy has been evolving in accordance with the guidelines set by Europe. This policy is reflected in Law 37/2007

In addition to the aforementioned regulatory framework, Spain has a series of strategic documents that reinforce the open data policy for the 2020-2025 period. These documents include:

- The Digital Agenda for 2025, which contemplates the implementation of a National Artificial Intelligence Strategy that includes measures related to the availability of open data, which are essential for the correct operation and training of Artificial Intelligence systems.
- The Digitalization Plan for Public Administrations 2021-2025, which highlights the intention to evolve the model of access to public and private information to facilitate the development of high value-added services, based on the work developed by the Aporta Initiative.
- The IV Open Government Plan of Spain 2020-2024, which includes actions such as the improvement of real-time access to dynamic data through appropriate technical means and the promotion of data sets with high reuse value through their selection, the definition of common vocabularies and their publication.
Likewise, the Data Office, which assumes the governance policies and standards in data management and analysis that should govern the General State Administration, is working on a national data strategy and an update of the national open data strategy. See more: https://www.boe.es/eli/es/o/2020/07/31/etd803";Complement;Yes;"The national open data policy, reflected in Law 37 on the re-use of public sector information, has been aligned with new European guidelines. The last update took place on 9 May 2023. See here: https://www.boe.es/buscar/act.php?id=BOE-A-2007-19814&tn=1&p=20230509. 
This amendment is reflected in the fifth additional provision of Regulation (EU) 2022/868 of the European Parliament and of the Council of 30 May 2022 on European data governance and amending Regulation (EU) 2018/1724 (Data Governance Regulation). See here: https ://www.boe.es/buscar/act.php?id=BOE-A-2007-19814&tn=1&p=20230509#:~:text=%5BBloque%2025%3A%20%23dtunica%5D
Likewise, on 27 February 2024, as reflected in Royal Decree 210/2024, the Directorate General for Data and the Directorate General for Digitalisation and Artificial Intelligence, management bodies under the Secretary of State for Digitalisation and Artificial Intelligence of the recently created Ministry for Digital Transformation and the Civil Service, were set up.
1. The Directorate General for Data, as referred to in article 4, is constituted as the unit in charge of promoting the use of data by Public Administrations, companies and citizens, as well as the sharing of data in interoperable data spaces, contributing to the development of the digital single market for Europe, in coordination with the competent sectorial ministerial departments and in collaboration with the Autonomous Communities and Local Entities. 
2. The Directorate General for Digitalisation and Artificial Intelligence, as stated in article 3, assumes among its functions the definition and coordinated management of programmes and actions, boosting and promoting I+D+i in the field of artificial intelligence, including the coordination of the application of open data to artificial intelligence and other digital enabling technologies in the productive sectors of the economy and society."
P2;"Is there a national open data strategy in your country?

For Explanation:
* If yes, please provide (1) the URL to the strategy and (2) describe the main highlights.  
* If 'not applicable', please provide (1) a brief explanation to support your answer choice and provide (2) the URL and indicate the policy section which explicitly references objectives, actions/measures, delivery timelines etc.";yes;"Spain has a national open data action plan (national strategy) that is developed in accordance with the following principles:

- Vision: Promote the opening of public information in Spain through innovative and structuring actions in a global environment of collaboration with public and private partners.
- Mission: Make Spain a national and international benchmark for the opening of public information and the promoting of open data as a key element for improving the standard of living of citizens, the competitiveness of companies and the efficiency of public administrations.
- Objectives: 
o Generate relationships between the actors of the national and international open data ecosystem.
o Create awareness of the value of public data and its re-use, covering sectors in which innovation with data is presented as a key element.
o Guide publishers and re-users on the actions to be carried out in order to contribute to the success of the actions based on data they use.
o Identify business models, re-use companies and start-up success stories in order to favour the extrapolation of successful practices.
o Improve recognition of the public sector efforts on a national scale by making the data generated from this activity available to society.

.- The actions to develop fall within the following lines of action:
1.	Awareness and dissemination of the culture of data management, analysis and exploitation
2.	Sectoral Analysis and Statistics
3.	Regulation on the re-use of public sector information
4.	Strengthening of national cooperation
5.	Strengthening of international cooperation
6.	Enrichment and maintenance of the National Catalogue of reusable public information and support services
7.	Support for Innovation in the creation of data-based products and services

More info: https://datos.gob.es/es/acerca-de-la-iniciativa-aporta";Complement;Yes;"By the end of 2023, the national action plan (national strategy) for open data, whose actions are reflected in the datos.gob.es platform, has been complemented by:
- The creation of the Single National Information Point. This channel responds to the obligation set by the Data Governance Regulation for member countries. 
This channel is a mechanism to encourage the re-use of public sector data that, for certain reasons, cannot be made available as open data because it is protected for reasons of statistical or commercial confidentiality, intellectual property rights, or privacy issues. See here: https://datos.gob.es/es/acceso-nsip
- The recently approved Artificial Intelligence Strategy includes an important initiative linked to the Common Data Governance of the General State Administration. The objective pursued is the development of specialised language models that enable the development of applications for deployment in the public sector. The initiative determines that a common governance model will be established for the data and documentary corpus of the NSA to guarantee the standards of security, quality, interoperability and reuse of all data. See point 5.3 Common data governance of the NSA: https://www.lamoncloa.gob.es/consejodeministros/resumenes/Documents/2024/140524-Estrategia%20de%20Inteligencia%20Artificial%202024-completa.pdf.
- Royal Decree-Law 6/2023, of 19 December, which approves urgent measures for the implementation of the Recovery, Transformation and Resilience Plan for the public service of justice, civil service, local government and patronage, stresses the general principle of data orientation, referring to how: data are key to modern public policies. Data management will enable or facilitate the interoperability of systems, electronic processing, data search and analysis, anonymisation and pseudonymisation, dashboarding, document management and transformation, publication of information on open data portals, production of automated, assisted and proactive actions, use of artificial intelligence systems for public policy making, and transmission of data as determined."
P3;"Is there an open data policy/strategy at regional or local level?

For Explanation:
* If yes, please (1) provide the URL and (2) title of the document(s) and (3) briefly describe.";yes;"Taking into account the guidelines set by national policy in Spain, regional and local administrations have been developing specific open data policies and strategies that complement the work developed at the national level. The following are examples of recent cases corresponding to each of the three levels of administration:

o At the local level, the data strategy of the City Council of Valencia seeks a paradigm shift in the city in terms of the provision and management of open data and encourages the opening of quality public and private data and information. More info: https://www.administracionpublicadigital.es/proyectos/2022/07/valencia-presenta-su-nueva-estrategia-de-datos-abiertos

o At the regional level, in June 2022 the Generalitat Valenciana took decisive steps on the path of open government, which are based on an ambitious open data strategy to produce complete and effective transparency, to enable results-based management and accountability, and to generate a network of relationships with different segments of reusers that can give value to the data and contribute to social, economic, environmental and democratic development.  Más info: https://portaldadesobertes.gva.es/documents/170052220/175652610/2022.06.01+Estrategia+post+consulta+revisada+DG.pdf/a54c9fcc-3559-41fa-9665-f7086af3501f

o At the central administration level, in November 2022, the Ministry of Justice launches the initiative called Data-driven Justice whose main purpose is the creation of a secure, interoperable and reuse-oriented public data space. Among other objectives, it establishes that, given that data must be considered a public good, it is considered a priority to guarantee free access to them. More info: https://datos.gob.es/en/blog/data-and-digital-transformation-justice-system
In addition to these examples, other strategies can be found in the column ""Open data strategy"" of the following file: https://datos.gob.es/es/iniciativas/csv";Complement;Yes;"The trend in Spain is evolving to consider the open data strategy as part of a data governance strategy. This approach ensures the success and sustainability of open data strategies over time. 
Therefore, as a complement to the examples of open data policies and strategies already mentioned, it is worth mentioning the data governance strategies being implemented by numerous administrations in Spain, which include specific actions linked to open plans. 
The following are examples of such strategies involving open data:
- The Basque Government has published the BAC public sector data governance strategy. See here: https://www.euskadi.eus/contenidos/informacion/estrateg_gobernanza_del_dato2/es_def/adjuntos/estrategia_de_gobernanza_de_los_datos_es.pdf
- The Generalitat de Catalunya establishes its data governance model. See here: https://dogc.gencat.cat/ca/document-del-dogc/?documentId=966011
- The Canarian government has approved three key decrees for data governance:
· Decree 89/2023 on the regime of governance and data analysis of the Statistical System of the Canary Islands. See here:  https://www3.gobiernodecanarias.org/juriscan/ficha.jsp?id=79260
· Decree 84/2023 regulating the data governance and management model for administrative purposes. See here: https://www3.gobiernodecanarias.org/juriscan/ficha.jsp?id=79252
· Decree 88/2023 establishing the reference model for strategic planning and management and management by objectives. See here: https://www3.gobiernodecanarias.org/juriscan/ficha.jsp?id=79253
Also, over the last months, several bodies have published Public Sector Information Re-use Plans and Ordinances, linked to their open data policies. These include the following: 
- Ponferrada City Council: https://opendata.ponferrada.org/. Action carried out in accordance with the Plan of measures to promote the reuse of information in Ponferrada City Council: https://opendata.ponferrada.org/iniciativa-ponferrada-30/plan-de-reutilizacion
- Mutualidad General de Funcionarios Civiles del Estado: develops its open data portal: https://www.muface.es/muface_Home/muface/DATOS-ABIERTOS.html  according to a recently published re-use plan: https://www.muface.es/muface_Home/dam/jcr:91d0f33e-c421-487a-a108-21897ffcbeff/PLANDATOSABIERTOSYREUTILIZACIONVERSWEB.pdf
- Pinto City Council: develops its open data portal: https://gobiernoabierto.ayto-pinto.es/datos-abiertos-de-pinto according to a recently published reuse plan: https://gobiernoabierto.ayto-pinto.es/documents/1067857/1773798/Estrategia+y+Plan+Accion+Datos+Abiertos+AytoPinto+2022+reducido.pdf/8888d790-4248-436c-87d9-73321dd19272
- Government of the Balearic Islands: Agreement of the Governing Council of 17 April 2023 establishing measures to promote openness and re-use of data: https://www.caib.es/sites/opendatacaib/f/421020"
P4;"Does the national strategy/policy include an action plan with measures to be implemented in the open data field?

For Explanation:
If yes, please briefly describe the main measures described by the action plan.";yes;"The open data strategy update, which is in the process of final approval, includes a set of actions. 

See here: https://datos.gob.es/sites/default/files/datosgobes/dimension1_2023_evidenciapregunta_3.png

From the key actions, in the action plan for the 2022-2023 period, the focus will be on the following:

o AWARENESS RAISING ACTIONS
.-> New 2023-24:
a.1. Development of materials linked to the latest European guidelines on high-value data, data Governance Act, data spaces, ethical use of data, etc. 
.-> In progress:
a.2. Development of materials of different nature aimed at:
-- Sensitize society as a whole about the value of data.
-- Enhance data production, sharing and use. 
-- Amplify the efforts made by administrations, companies and individuals in the promotion of data culture.
-- Generate synergies between publishers and reusers of data
-- Establish datos.gob.es as a reference in the field of data and open data.
-- Contribute to consolidate the data communities, and especially the community Contribute as a framework and reference for open public information initiatives in Spain.

a.3. Analysis of the communication strategy and actions carried out by other national and international initiatives, with the aim of strengthening collaboration ties and learning from the good practices of others.

o ANALYSIS AND STATISTICAL ACTIONS
.-> New 2023-24
b.1. X-ray of unmet open data needs. Remediation actions
.-> In progress:
b.2. Analysis of the evolution over time of the growth and queries by sector and by level of administration to the datasets housed in the National Catalog.
b.3. Prospective studies to guide agencies to publish data in line with what is being published by counterpart agencies in other countries.

o REGULATORY ACTIONS
.-> New 2023-24
c.1. Publication of the list of High Value Data Sets (HVDS) by the Data Office beyond those established at European level.
.-> In progress:
c.2. Evolution of the Adjustments of the Technical Standard for interoperability of information reuse in force in Spain towards the DCAT v2.0.1 application profile, and integration with consensus vocabularies on 40 datasets that are established as a reference in the context of smat cities. 

o NATIONAL and INTERNATIONAL COOPERATION ACTIONS
.-> New 2023-24
d.1. Empowerment of the NSDI as a central access point to all national geodata, consolidating information from different sources. Integration with sectoral and open source information from spatial observation.
.-> In progress:
d.2. Intensification of international cooperation, especially with the new European data portal.
d.3. Search for synergies with the digitization and data strategies that are being implemented both globally and by many public organizations.
d.5. Collaboration, participation/joint organization in events, and reinforcement of actions with business associations (e.g. ASEDIE) and civil society organizations.

o ACTIONS LINKED TO THE NATIONAL CATALOGUE AND SUPPORT
.-> New 2023-24
d.1. Evolution of the current platform to a new space in which open data coexist with shared data initiatives launched by different organizations.
.-> In progress:
e.2. Improve the visibility of high-value data offered through APIs, real-time data, as well as the quality of metadata accompanying published data.
e.3. Enrich the interactive map of open data initiatives in Spain: increase in the number of initiatives and information related to each of the initiatives referenced.
e.4. Evolution of the Adjustments to the Technical Standard for interoperability of information reuse in force in Spain in terms of typification of the conditions of use, incorporation of metadata agreed upon geo DCAT, stat DCAT, and integration with vocabularies agreed upon on 40 datasets that are established as a reference in the context of smat cities. 

o INNOVATION ACTIONS 
.-> New 2023-24
f.1. Development on the new platform of the Business Radar, a space from which to give visibility to national initiatives that promote data sharing and/or foster ecosystems that enable the creation of new data-driven products and services.
.-> In progress:
f.1. Promote engagement with communities of developers of open data-based solutions to analyze trends and identify needs and develop data science exercises and publish on the project's Github account (https://github.com/datosgobes).";Complement;Yes;"The 2024-2025 action plan of the national open data policy includes, for each policy area, the following relevant developments:
o AWARENESS RAISING ACTIONS
- Disseminate data and open data through the social network Instagram. The aim is to reach younger audiences between 16 and 35 years of age and thus raise awareness among the younger generation of the value of the great asset that is open data.  See here: https://datos.gob.es/sites/default/files/datosgobes/dimension1_2024_evidencia_p4.png
- Develop podcast interviews with experts in the field of data and open data. They will last between 15 and 20 minutes. Each interview will be associated with a 3–4-minute promotional video interview for use on social media.
o ANALYSIS AND STATISTICS ACTIONS
- Expansion and enrichment through Power BI report of the activity report offered to the public on the activity taking place in the National Open Data Catalogue and on the datos.gob.es platform. 
o REGULATORY ACTIONS
- Within the framework of actions linked to the Technical Interoperability Standard for the reuse of information resources, publication in the Official State Gazette of the DCAT-AP-ES and the associated application guide.
o NATIONAL and INTERNATIONAL COOPERATION ACTIONS
- Significant improvements in the map of initiatives published on datos.gob.es in terms of functionality and content. To enrich the representation, the mapping functionalities of Power BI will be used. To expand on the information provided, the answers provided by the administrations to the following questionnaire, Assessment of the reusable public data ecosystem in Spain 2024, will be used. See here: https://datos.gob.es/es/evaluacion-del-ecosistema-de-los-datos-publicos-reutilizables-en-espana-2024
o ACTIONS LINKED TO NATIONAL CATALOGUE AND SUPPORT
- We are working on a new version of the platform linked to the open data policy of the    Spanish government, with the aim of evolving the components of the current platform, im-proving its functionality, usability and accessibility, and responding to the obligations set by the current European regulations on open data, bringing together initiatives around the data with special attention to data spaces. It will take into account the obligations set in the scope of Directive (EU) 2019/1024 of the European Parliament and of the Council and the DCAT application profile for metadata catalogues in its latest consolidated version. To this end, the ‘Advanced Service for the new Datos.gob.es platform’ 024/23-SI has been tendered for 4 years for the value of 2,305,761.39 euros. See here: https://contrataciondelestado.es/wps/portal/!ut/p/b0/04_Sj9CPykssy0xPLMnMnMz0vMAfIjU1JTC3Iy87KtUlJLEnNyUuNzMpMzSxKTgQr0w_Wj9KMyU1zLcvQjk0qKSr3K3bxSc1ydAoKcKqJM8rxUDdJtbfULcnMdATu3a7M!/

o	INNOVATION ACTIONS
- The novel innovation action for the period 2024-2025 is associated with the development of complex, step-by-step documented open data analyses. The activity is presented as a training action that demonstrates the value of this asset when it comes to generating knowledge that helps innovation. To date, data visualisations have been carried out. For the new period, data analysis of a certain technical complexity is sought. See example here: https://datos.gob.es/es/documentacion/ruta-la-electrificacion-descifrando-el-crecimiento-del-vehiculo-electrico-en-espana"
P5;"Does the national strategy/policy outline measures to incentivise the publication of and access to real-time or dynamic data?

For Explanation:
* If yes, please briefly describe the measures.";yes;"The national open data policy, reflected in the recently amended Law 37/2007, in its Article 5.4, refers: ""The subjects referred to in Article 2 shall make available the dynamic data available to them for reuse immediately after collection, through appropriate application programming interfaces (APIs) and, where appropriate, in the form of bulk download"". 

The policy as a whole, and this article in particular, is mandatory for the General State Administration, the Administrations of the Autonomous Communities and the Entities that make up the Local Administration, among other public bodies.
In turn, the Government of Spain is in the process of approving a Data Strategy in the General State Administration, which includes an axis 3 called ""Strengthening the generation and use of open data"" (see: https://datos.gob.es/sites/default/files/datosgobes/dimension1_evidenciapregunta_6a.png).  

This strategy states: ""The publication itself must be done considering the FAIR principles (findable, accessible, interoperable and reusable), considering current and historical information, evidencing the dynamic nature of the data, publishing under simple open licensing conditions and guaranteeing certain service conditions"".";Complement;Yes;In response to the constant push for the publication of dynamic data, the number of datasets referenced in the national catalogue with an update frequency of daily or less amounts to 1116 datasets in May 2024.
P6;"Does the national strategy/policy outline measures to incentivise the publication of and access to citizen-generated data?

For Explanation:
* If yes, please briefly describe the measures.";yes;"In the Data Strategy for the General State Administration, which is in the approval process, the importance of publication and access to geospatial data is emphasised through the following reference:

“Citizens, within “citizen science” initiatives, adopting a role as data donors, can contribute information that is very valuable in the preparation of the public sector data space, information to be included within the set of information accessible for public purposes, research and for its publication as open data. The data altruism policy must define the general interest objectives for which citizens would be willing to donate their data and create a platform that permits that altruism to be exercised. The policy should seek integration with the public sector data space and with distributed digital identity systems (“digital wallet”).”";Complement;Yes;"See examples here: 
· https://opendata.aragon.es/-/informacion-calidad-cobertura;
· https://www.planttes.com/mapa/index.php
· https://opendata.aragon.es/servicios/landing-open-social-data
· https://redcambera.org/proyectorios/"
P7;"Does the national strategy/policy foster the discoverability of the aforementioned types of data from your country on data.europa.eu?

For Explanation:
* If yes, please briefly describe how.";yes;"The National Open Data Strategy refers the obligation to converge in National Catalogue with data.europa.eu in the following terms:
""The portal datos.gob.es should be consolidated as the single point of access to all open data sets by federating the data published by the different administrative levels. [..]. Likewise, datos.gob.es should interact with the European data portal (data.europa.eu) by federating its data catalogs.""
As well, the national open data action plan refers to the National Catalogue as “the single channel of communication with the European data portal, a space in which it is possible to locate data available for re-use from the various member countries and of a different nature (spatial, in real time, etc.).”
Likewise, it emphasizes the idea that thanks to the existence and compliance with European standards, it is possible to synchronize the data published by the Spanish administrations in the national Catalogue daily at data.europa.eu.
More info: https://datos.gob.es/es/acerca-de-la-iniciativa-aporta#tabs-2";Complement;Yes;"As a result of the permanent interest that the data published in Spain as open data are reflected in data.europa.eu, constant communication is maintained with those responsible for the maintenance of the European data catalogue to ensure permanent synchronisation between the Spanish national catalogue and the European catalogue. As a result of this synchronisation and the necessary adjustments, the number of datasets published in the National Catalogue: https://datos.gob.es/es/catalogo  corresponds to the number of datasets referenced in the European portal: https://data.europa.eu/data/datasets?locale=es&amp;dataScope=countryData&amp;country=es&amp;catalog=datos-gob-es&amp;page=1 
In this way, all types of data, including those generated by citizens, will be reflected in the National Catalogue. An example would be the data published by the Government of Aragon produced by citizens in their interaction with social networks. This type of data is present in the National Catalogue: See here: https://datos.gob.es/es/catalogo/a02002834-datos-de-open-social-data."
P8;"Does the national strategy/policy outline measures to support the reuse of open data by the public sector?

For Explanation:
* If yes, please briefly describe the measures.";yes;"Both, the National Open Data Strategy and the Data Strategy in the General State Administration, seeks to ensure that public administrations are the first beneficiaries of actions for the reuse of open data. 

.- The National Open Data Strategy, specifically in the chapter “Actions to be deployed”, establishes the commitment to encouraging the consumption of open data by the administrations themselves are highlighted.

.- The Data Strategy in the General State Administration, in its chapter on open data, stresses the need to promote the reuse of public sector information in the private and public spheres, and to promote the creation of new products and services from sectorial thematic ";Complement;Yes;"As an example of Spain's interest in public administrations being the main beneficiaries of the reuse of the data they generate as open data, a report is being developed by the central administration which includes applications, platforms and services that are being used by some municipalities and whose use could be extended to others if they were to publish the necessary data in the same format. The report, which runs under the title: ""Municipal Innovation through Open Data: Solutions to make Municipal Services more accessible"", will see the light of day in the coming weeks. 
Likewise, through the official courses offered by the National Institute of Electronic Administration (INAP), the publication of open data is supported to the extent that public employees are trained to do so. See here:
https://datos.gob.es/sites/default/files/datosgobes/dimension1_2024_evidencia_p28.pdf"
P9;"Does the national strategy/policy outline measures to support the reuse of open data by the private sector?

For Explanation:
* If yes, please briefly describe the measures.";yes;"The General State Administration Data Strategy and the National Open Data Strategy seek at all times to encourage the re-use of data by the private sector. 

 -. The General State Administration Data Strategy, in its chapter on open data, emphasizes the need to promote the re-use of public sector information in the private and public spheres, and to promote the creation of new products and services from sectoral thematic communities.

-. The main objectives of the National Open Data Strategy in force include “Identifying business models, reusing companies, success stories, start-ups, etc. in order to favour the extrapolation of successful practices.” In this regard, and in order to encourage the re-use of data by the private sector, they regularly document success stories of re-use companies that base their business on the use of open data. 

At this time, the Catalogue of companies includes 87 cases. See here: https://datos.gob.es/es/casos-exito. 

Likewise, specific solutions are also documented, which are collected in a Catalogue of solutions, which currently includes 424 uses. See here: https://datos.gob.es/es/aplicaciones.";Complement;Yes;To encourage the reuse of open data by the public sector, examples of use cases and data-driven business models are constantly being published on the datos.gob.es platform, a virtual space associated with the national open data policy. Since the last time information was provided, collections have increased to 452 applications and 90 business models. See here. https://datos.gob.es/es/aplicaciones and here: https://datos.gob.es/es/casos-exito
P10-a;"Does the national strategy/policy mandate carrying out and maintaining a data inventory by public bodies, whether at national or local level?

For Explanation:
* If yes, please briefly specify.";yes;"The Spanish Government's open data strategy, currently under revision, requires administrations to publish data on the General State Administration's data platform, which functions as a data inventory. This publication must be made under service conditions that enable both access to the data within the Administration and access to the general public.  

The objective is to advance in the role of administrations as consumers of information generated from other agencies, as reflected in the internal document: Inventory of Information Reuse Data of February 2023. See here: https://datos.gob.es/sites/default/files/datosgobes/dimension1_2023_evidenciapregunta_9a.png

This data inventory is based on the following conviction: ""The action and communication of administrations can be more effective, more transparent and more sustainable if they are based on valid and solid data provided in real time at the time of decision making.  An intensive use of data allows to boost innovation in public sector actions, facilitating the contrast of ideas, promoting creativity and the maximum use of resources in the general framework of a modern, participative, open and useful public management to solve or improve social problems and challenges"".";Complement;Yes;"Recently, the Generalitat de Catalunya, through the Directorate General for Open Data, Transparency and Collaboration, has drawn up a single inventory of databases as an ordered and descriptive register of each one of the data files available in the Administration of the Generalitat de Catalunya and in the entities of its public sector. See here: https://administraciodigital.gencat.cat/ca/dades/dades-obertes/projectes/inventari-de-dades/

Likewise, the Spanish Federation of Municipalities and Provinces (FEMP) approved at the end of 2023 a standard ordinance for local entities to establish their strategy on transparency and data governance. Article 9 of the standard ordinance establishes the requirement for local authorities to create an Inventory of datasets and information sources. Specifically, it establishes that ""the Administration of the local authority shall have an Inventory of data sets and sources of information, the content, format and means for management of which shall be adapted to the size and complexity of the local authority [...]"" As descriptive information on data sets and sources of information, the following should be included as far as possible: 
(a) Name and description of the data set. 
(b) the body or unit responsible for its management. 
(c) where appropriate, its constituent subsets and relationships or dependencies with other data sets. 
d) Fields, indicating which are mandatory and which are optional. 
(e) where appropriate, spatial resolution and level of disaggregation, with the applicable mini-mum threshold, where applicable. 
(f) information that facilitates the understanding of the data. 
(g) Minimum and, where appropriate, recommended update frequency. 
(h) the format(s) in which it is available, as well as any data structures, vocabularies or taxon-omies used, where appropriate.
i) In the data obtained, the origin or origins, including, where appropriate, the URL or URI, and the method of collection, with an indication of the reliability and other relevant circumstances. In the data generated, the methods and algorithms used. 
(j) if it contains personal data, a link to the information on it contained in the register of pro-cessing activities. 
(k) where appropriate, the categories of administrative acts and other decisions which are gen-erated automatically from the data, with the information provided for in Article 23(3). 
l) If applicable, the periodicity and form of generation of the historical files. 
m) A standard unique identifier, preferably the DOI. 
(n) the repository where it is kept and the computerised means used for its management. 

See more here: https://drive.google.com/file/d/1vam_TAcMrdXr0oKwbiFq1OyHpngi1Lpb/view"
P10-b;"Do these data inventories include the data collected by public bodies that cannot be published as open data (e.g. in relation to the EU Data Governance Act (EU) 2022/868)? 

For Explanation:
* If yes, please briefly specify.";yes;"The inventory is materialized in a data catalog whose objective is to provide support to the different organizations in the documentation of their different datasets and to identify the most relevant datasets with a view to sharing them. 

The inventory is materialized in a data catalog, where the different datasets to be shared are defined in a standardized way by homogeneously fixing the descriptive metadata of their characteristics, facilitating the search and retrieval of information in an efficient way.

The shared data catalog is the key piece on which to build the different public sector data spaces. See here: https://datos.gob.es/sites/default/files/datosgobes/dimension1_2023_evidenciapregunta_9b.png";Complement;Yes;"Yes, it is accessible but requires prior anonymisation, the fields identifying natural persons that should be removed shall be indicated, as well as, where appropriate, further criteria and instructions for their anonymisation. If it is not accessible, it shall indicate the limitations on access that apply to it and any decisions taken in relation to them. 

In these terms it is established in the ‘Standard Ordinance on data governance in the Local Entity’, approved last November 2023.

For more information, see Article 9. Point 5.: https://drive.google.com/file/d/1vam_TAcMrdXr0oKwbiFq1OyHpngi1Lpb/view

And, along the same lines, it will be reflected in the Governance Regulation for the Central State Administration, a document currently being drafted."
P11;"Is your country applying the implementing regulation (EU) 2023/138 on high-value datasets?

For Explanation:
* If yes, how is it progressing? 
* If you are an EFTA or a candidate country to the EU, please select 'not applicable'.
** In the table below, please indicate your progress with respect to a) organisation, b) legal aspects, c) technical aspects on a scale from 1 to 5. 1 = no progress; 2 = few progress; 3 = some progress; 4 = considerable progress; 5 = works are finalised.";new question;new question;Change;Yes;"Most of the HVDS are already available. 
In order to report the degree of progress in making HVD available, Spain is publishing a series of notes referring to the progress on in-data.gob.es. See below: 
.- Statistical data:  https://datos.gob.es/en/blog/high-value-statistical-datasets-foreseen-national-statistical-plan-2021-2024
.- Geospatial data: https://datos.gob.es/en/blog/complying-europe-inspire-and-high-value-geospatial-assemblies-regulation
.- Earth observation and environmental data: https://datos.gob.es/es/blog/cumpliendo-con-europa-el-reglamento-de-conjuntos-de-alto-valor-de-observacion-de- the-earth-y
.- The contents related to the mobility and weather categories will be published soon. They are currently in the draft phase. See here. https://datos.gob.es/sites/default/files/datosgobes/evidencia_2/evidencia2.png; https://datos.gob.es/sites/default/files/datosgobes/evidencia_2/evidencia3.png"
P12;"Have the public bodies in your country denoted relevant datasets as high-value datasets in their metadata following the publication of the implementing regulation (EU) 2023/138 on high-value datasets?

For Explanation:
*  If yes, please specify how and highlight challenges, if any. 
* If you are an EFTA or a candidate country to the EU, please select 'not applicable'.";new question;new question;Change;No;
P13;"Is there a governance structure in place that enables the participation and/or inclusion of various open data stakeholders? 

For Explanation:
*  If yes, please briefly describe the governance structure and its operating model ";new question;new question;Change;Yes;"Data governance in Spain is mainly led by the Directorate General for Data, which re-ports to the Secretary of State for Digitalisation and Artificial Intelligence of the Minis-try for Digital Transformation and the Civil Service. The mission of the Directorate General for Data is to promote the use of data by Public Administrations, companies and citizens, as well as the sharing of data in interoperable data spaces, contributing to the development of the single digital market for Europe, in coordination with the competent sectorial ministerial departments and in collaboration with the Autono-mous Communities and Local Entities. Among others, the following functions will be carried out:

a) Dialogue and coordination with the agents representing the data economy and participation in commissions, working groups and other international or national data forums, both public and private, and including national representation in the European Data Innovation Committee.
b) Coordination and monitoring of the strategies, plans, programmes and any other initiative around digitalisation of the different ministerial departments and dependent entities, promoting data-oriented design, their effectiveness, efficiency and impact, as well as their alignment with the framework of the strategies and programmes of the European Union and other international organisations.
c) The design, implementation and monitoring of strategies, plans, programmes and any other initiative for the promotion of mass use and sharing of data between companies, citizens and the public sector, as well as for the promotion of the development and deployment of data spaces in the productive sectors of the economy.
d) The design, development, promotion and monitoring of policies and governance schemes, reference models, federated catalogues of data sets and resources, technical standards and technologies that foster the data economy in the productive sectors of the economy.
e) The promotion and dissemination of best practices and valuable data initiatives, as well as the development of knowledge transfer mechanisms, in particular within ministerial departments and public administrations.
f) Openness and re-use in public administrations, coordinating the management of the access point and the making available of high value public datasets.
g) The design, promotion, coordination and monitoring of strategies, plans, programmes and initiatives that foster research, development and innovation in technologies, services and products for the data economy, contributing to the development of a competitive national industry, in collaboration with the rest of the relevant entities.
Some of these competences are reinforced in Initiative 5.3 Common NSA data governance of the recently published Artificial Intelligence Strategy, which states that: “It is necessary to address regulation from a comprehensive legislative approach, developing a data governance model. Indeed, this regulatory drive for effective data governance in the NSA will include the overall design of a data-oriented organisational structure, with the new Directorate General for Data of the Secretary of State for Digitalisation and Artificial Intelligence as the backbone and enabler."". See here:
https://www.lamoncloa.gob.es/consejodeministros/resumenes/Documents/2024/140524-Estrategia%20de%20Inteligencia%20Artificial%202024-completa.pdf

The Directorate General for Data is also closely involved in the national open data strategy, the Aporta Initiative, whose team manages the relationship with the other open data stakeholders: companies, civic organisations and citizens in general, according to the governance scheme which can be found here: https://datos.gob.es/sites/default/files/datosgobes/iniciativaaporta_modelogobernanza_2021_2022.pdf"
P14;"How would you classify the model used for governing open data in your country? 

For Explanation:
*  Please briefly explain why this model was chosen/works best for your country";hybrid;"The data governance model in Spain combines top-down and bottom-up coordination.
Top-down coordination is mainly structured through the following working groups:
- At the central administration level through the Data Group, which meets monthly and in which the various ministries and certain dependent organisms are represented. See here: https://datos.gob.es/sites/default/files/datosgobes/dimension1_2023_evidenciapregunta_13.jpg

- At the regional level (autonomous communities), through the sectoral open data group that meets periodically.
Bottom-up coordination is developed through periodic meetings and active listening actions through which the requests of local entities and organizations closely linked to citizens, such as the Network of local entities for transparency and citizen participation of the Spanish Federation of Municipalities and Provinces, and the Association of infomediary companies (ASEDIE) (bottom-up), are attended to. 
Likewise, we continue to strengthen ties with the developer communities.  Throughout 2021, the relationship with the following was consolidated: Hackathon Lovers, Comunidad R Hispano and R- Ladies Madrid. In the last year, the focus has been placed on communities linked to the spatial data field. Specifically: GIS and Beers, GIS Community and GIS Volunteers.";Complement;Hybrid;"The data governance model in Spain continues to combine top-down and bottom-up coordination.
Top-down coordination continues to be structured mainly through the following working groups:
· At the central government level through the Data Group, which continues to meet monthly and in which the different ministries and certain dependent agencies are represented. The following image shows the meetings held over the last few months https://datos.gob.es/sites/default/files/datosgobes/dimension1_2024_evidencia_p19b.png

· At regional level (autonomous communities), through the open data sectoral group.
Bottom-up coordination continues to be developed through regular meetings and active listening actions through which requests from local entities and organisations closely linked to citizens, such as the Network of local entities for transparency and citizen participation of the Spanish Federation of Municipalities and Provinces, and the Association of infomediary companies (ASEDIE) (bottom-up). 
Also, in 2024, a series of working groups have been launched to undertake a transformation of public administrations under the mandate: consensus for Open Government'. They involve experts from the public sector and civil society. See more here: https://transparencia.gob.es/transparencia/transparencia_Home/index/PublicidadActiva/Normativa/DocumentosSometidosIP/ProyectosNoNormativos-MTDF.html"
P15;"Does the governance structure ensure that the local and regional open data initiatives are facilitated and supported at national level?

For Explanation:
* If yes, please give an example of what kind of support.
* If not applicable, please explain why.";new question;new question;Change;Yes;"Through the Aporta Initiative, the project that governs the national open data strategy, a support service and specialised advice on technical and methodological aspects of open data and reuse of public sector information is made available to all public bodies and entities, at national, regional and local level. See more information here: https://datos.gob.es/es/asesoramiento-y-soporte
The support is mainly aimed at facilitating compliance with current open data regulations. Among other obligations, the federation of the open data catalogues generated by each administration with the national catalogue, a mandate referred to in Law 37/2007, of 16 November, in its latest update in the light of Directive (EU) 2019/1024 of the European Parliament and of the Council, of 20 June 2019.
In addition to this support and advisory service, institutional support is provided to the Network of Local Entities for Transparency and Open Data.
Over the last months, from May 2023 to May 2024, 675 consultations have taken place, as reflected in the following image: https://datos.gob.es/sites/default/files/datosgobes/dimension1_2024_evidencia_p19a.png"
P16;"To what degree do local/regional public bodies conduct open data initiatives? 

For Explanation:
* If not applicable, please explain why.";the majority of public bodies;"Currently, most of the public administrations in Spain contemplate actions linked to the provision of data for reuse. In addition to this, there are also those that implement this type of initiative in the sense of open data for transparency. 
Of these, 313 are visible through the map of initiatives: https://datos.gob.es/es/iniciativas.
The details of these initiatives are accessible both in HTML format: https://datos.gob.es/es/accessible-initiatives, and in CSV format: https://datos.gob.es/es/iniciativas/csv. 
Likewise, the national platform offers a form so that any public administration can make its initiative known in a simple way: https://datos.gob.es/es/informa-sobre/iniciativas.
In addition, periodically, through the support and advisory service associated with the Aporta Initiative, campaigns are launched to attract new initiatives in order to include their description in the map of initiatives mentioned above.";Complement;The majority of public bodies;"More and more public administrations are launching open data initiatives and, on that basis, requesting their presence in the National Catalogue. 
Specifically, over the last 12 months, 11 administrations have become new publishers on datos.gob.es. These are:
- Ponferrada City Council:https://opendata.ponferrada.org/. Action carried out in accordance with the Plan of measures to promote the reuse of information in Ponferrada City Council: https://opendata.ponferrada.org/iniciativa-ponferrada-30/plan-de-reutilizacion
- TRAGSA Group: With the publication of Geographic Open Data on a forestry Big Data platform. https://www.tragsa.es/_layouts/15/GrupoTragsa/Ficha-Proyecto.aspx?param=ESP.0000000492
- FISABIO Foundation: With the publication of the BIMCV-COVID19+ dataset: cXR chest X-ray (CR, DX) and computed tomography (CT) images of COVID-19 patients together with their radiographic findings, pathologies, polymerase chain reaction (PCR), immunoglobulin G (IgG) and immunoglobulin M (IgM) diagnostic antibody tests and radiographic reports from the Medical Imaging Data Bank of the Valencian Community (BIMCV). https://datos.gob.es/es/catalogo/pudat0002-bimcv-covid-19-un-gran-conjunto-de-datos-anotados-de-imagenes-de-rx-y-tc-de-pacientes-con-covid-19
- University of Almeria: https://opendata.ual.es/about
- Hydrographical Confederation of the Duero: https://www.chduero.es/datos-abiertos
- Junta de Extremadura: http://gobiernoabierto.juntaex.es/datos/
- Cabildo Insular del Hierro: https://datosabiertos.elhierro.es/
- Mutualidad General de Funcionarios Civiles del Estado: develops its open data portal: https://www.muface.es/muface_Home/muface/DATOS-ABIERTOS.html  according to a recently published re-use plan: https://www.muface.es/muface_Home/dam/jcr:91d0f33e-c421-487a-a108-21897ffcbeff/PLANDATOSABIERTOSYREUTILIZACIONVERSWEB.pdf
- Lloret del Mar City Council :https://www.seu-e.cat/es/web/lloretdemar/dades-obertes
- Pinto City Council: develops its open data portal: https://gobiernoabierto.ayto-pinto.es/datos-abiertos-de-pinto according to a recently published reuse plan: https://gobiernoabierto.ayto-pinto.es/documents/1067857/1773798/Estrategia+y+Plan+Accion+Datos+Abiertos+AytoPinto+2022+reducido.pdf/8888d790-4248-436c-87d9-73321dd19272
- Alava Provincial Council: https://irekia.araba.eus/es/catalogo-de-datos-abiertos"
P17;"Is a document describing the responsibilities and governance structure of the national (and/or regional/local) open data team publicly available?

For Explanation:
* If yes, please provide the URL where this information is published. ";yes;"The governance structure and responsibilities of the team leading the open data initiative at the national level are set out in Agreement 003/19-ED, signed between the General State Administration, through the current Ministry of Economic Affairs and Digital Transformation, and the public business entity Red.es for the promotion of openness and reuse of public sector information. The extension of the framework until May 2028 has recently been approved. 
See current agreement here: https://www.boe.es/diario_boe/txt.php?id=BOE-A-2019-6689
See text of the extension here: https://datos.gob.es/sites/default/files/datosgobes/dimension1_2023_evidenciapregunta_17a.png";Complement;Yes;"On 27 February 2024, the Directorate General for Data were created, which assumes competences linked to data governance, including High Value Open Data (HVD) 
This is reflected in Royal Decree 210/2024, Article 4 in the following terms:
The Directorate General for Data, as referred to in article 4, is constituted as the unit in charge of promoting the use of data by Public Administrations, companies and citizens, as well as the sharing in interoperable data spaces, contributing to the development of the digital single market for Europe, in coordination with the competent sectorial ministerial departments and in collaboration with the Autonomous Communities and Local Entities. In particular, he/she shall carry out the following duties:
[…]
f) Openness and re-use in public administrations, coordinating the management of the access point and the making available of high value public datasets.

g) The promotion of the use of data to support decision-making in public management, especially the use of high-value public datasets for the evaluation of public policies in all phases of planning, implementation, execution and impact assessment, as well as the design and development of pilots and technical support systems, in collaboration with the competent bodies in the field of public policy evaluation in the scope of the General State Administration."
P18;"Is there a regular exchange of knowledge or experiences between the national open data team and the team maintaining the national portal? 

For Explanation:
* If yes, please briefly describe how this exchange takes place and provide evidence supporting your answer (e.g. meeting agendas, URLs to news items).";yes;"On a weekly basis, the team that strategically guides the open data initiative at the national level, meets with the team responsible for the maintenance and evolution of the national portal (datos.gob.es). These meetings, in which day-to-day issues are discussed, are complemented by periodic meetings, including the follow-up commissions referred to in the Agreement mentioned in the answer to the previous question. 
At the present time, these meetings will be intensified due to the fact that a tender has been issued for the development of a new platform much more ambitious in terms of functionalities and services than the current one. See here: chrome-extension://efaidnbmnnnibpcajpcglclefindmkaj/https://www.boe.es/boe/dias/2023/03/29/pdfs/BOE-B-2023-9180.pdf";Complement;Yes;Over the last 12 months the relationship between the portal's strategic/functional orientation team and the development team has intensified. The approach being followed for the development of the new platform is based on an Agile methodology, which requires daily monitoring meetings. This translates into direct collaboration between the portal maintenance team and the national open data team (the client). All of this with the aim of maintaining a participative and close relationship in order to satisfy the needs of the end user.
P19;"Does the governance model include the appointment of official roles in civil services that are dedicated to open data (e.g. open data officers)?

For Explanation:
* If yes, please describe how this task is fulfilled at public body level.";yes;"In accordance with ""Article 10.bis. Unit responsible for information"" of the consolidated text of Law 37/2007, of November 16, on the reuse of public sector information, which incorporates into Spanish law Directive (EU) 2019/1160 of the European Parliament and of the Council of June 20, 2019, it is mandatory for all public administrations to determine a Unit responsible for ensuring the availability of their information. Ver en: https://www.boe.es/buscar/act.php?id=BOE-A-2007-19814#:~:text=%5B-,Bloque%2017%3A%20%23a1%2D2%5D,-Art%C3%ADculo%2010.bis
The Unit responsible for information in each agency has the following functions:
a) Coordinate information reuse activities with existing policies on publications, administrative information and electronic administration.
b) Provide information on the competent bodies, within its scope, for the reception, processing and resolution of requests for reuse that are processed in accordance with the provisions of the aforementioned Article 10 (Procedure for processing requests for reuse).
c) Promote that the information is provided in the appropriate formats and is updated as far as possible.
d) Coordinate and encourage promotional, awareness and training activities.";Complement;Yes;"Over the last 12 months, some public administrations have started to set up the unit responsible for information referred to in ""Article 10.bis. Unit responsible for information"" of the consolidated text of Law 37/2007, of 16 November, on the re-use of public sector information, which transposes Directive (EU) 2019/1160 of the European Parliament and of the Council of 20 June 2019 into Spanish law. Specifically:
The Government of the Canary Islands refers that ""Work is currently underway to select the most appropriate instrument for the application of Article 10.bis on the Unit responsible for information, which will coordinate the re-use of public sector information (RISP) in the Government of the Canary Islands and its public institutional sector"". See here: https://transparencia.gob.es/transparencia/transparencia_Home/index/Gobierno-abierto/seguimientoIVPlanGA/seguimiento_C10/Canarias/10-28-2-DatosAbiertos.html
The Government of the Balearic Islands, in its Government Council Agreement of 17 April 2023 establishing measures to promote openness and re-use of data, refers to its intention to: ""(d) Collaborate with freedom of information / access to information / right to information units to align the proactive release of open data with governments' obligation to release information on request."" See here: https://www.caib.es/sites/opendatacaib/f/421020
The Denia Town Council, in its Ordinance on transparency, access to information and reuse of information, provides for its creation and recalls that ""citizens have the rights set out in Article 4, which may be exercised in person or by telematic means under equal conditions, with the creation of a unit responsible for public information being foreseen in all cases"". See here: https://www.denia.es/adjuntos/normativa/ord_transparencia_c.pdf
The Gandía Town Council in its Municipal Ordinance on transparency, access to information and reuse of data, refers to the following: The City Council shall designate a Public Information Unit (PIU), with competence over transparency, re-use and access to information. See here: https://www.gandia.es/aytg/web_php/txt/OrdenancaCAS.pdf"
P20;"Is there a regular exchange of knowledge or experiences between the national open data team and the wider network of open data officers in your country? 

For Explanation:
* If yes, please briefly describe how this exchange takes place and provide evidence supporting your answer (e.g. meeting agendas, URLs to news items).";yes;"There are different mechanisms to facilitate two-way communication between the team leading the national open data initiative and those responsible for other data initiatives.

The mechanisms permanently open to communicate news from the national team to the network of public sector open data officers are the following:

- Information campaigns specifically targeted to the network of open data officers. See the last one sent here: https://datos.gob.es/sites/default/files/datosgobes/dimension1_2023_evidenciapregunta_19.png
- Fortnightly newsletter with the latest news in the field of open data, to which many of these managers subscribe.
- Monthly meeting of the Data Group of the General State Administration in which, among others, new topics on open data are discussed.
- Sectoral meetings with those responsible for open data in the regional governments.

The channels of communication between those responsible for the initiatives and the national team are as follows:
- Bilateral meetings between the support and advisory team and those responsible for the initiative that requires support at any given time. In the last 12 months there have been 40 meetings of this nature. 
- Mailbox whose specific function is to collect the news that those responsible want to make known, as well as any type of feedback (dinamizacion@datos.gob.es).
- Mailbox where RISP managers can send technical and methodological queries (soporte@datos.gob.es).
- Communication channels open to any type of suggestion (https://datos.gob.es/es/informa-sobre)";Complement;Yes;"Over the last 12 months, use has continued to be made of the aforementioned dissemination channels, although the use of the support channel for organisations has intensified, as shown in the graph below: https://datos.gob.es/sites/default/files/datosgobes/dimension1_2024_evidencia_p19a.png

Likewise, monthly meetings of the Data Group of the General State Administration (GT del Dato) have continued to be held, in which, among others, new topics on open data are discussed. See here: https://datos.gob.es/sites/default/files/datosgobes/dimension1_2024_evidencia_p19b.png"
P21;"Is there a regular exchange of knowledge or experiences between public sector bodies (i.e. the providers) and open data reusers (e.g. academia, citizens, businesses)?

For Explanation:
* If yes, please briefly describe how this exchange takes place and provide evidence supporting your answer (e.g. meeting agendas, URLs to news items).";yes;"In our country there are several and numerous actions aimed at promoting the exchange of knowledge between the public sector, the data provider, and the reusing community (companies, universities, citizens). 

In recent months, new structures for collaboration between the public sector and the private sector, and between the public sector and academia, have been developed for the exchange of knowledge and the orientation of actions related to open data. These include the following:

.-> Open Data Chair of the Region of Murcia. The initiative is aimed at both the university community and professionals in the infomediary sector at public or private level. See here: https://www.murcia.com/region/noticias/2023/03/31-el-gobierno-regional-y-la-universidad-de-murcia-ponen-en-marcha-la-catedra-de-datos-abiertos.asp
PAGODA Chair of Open Government, Participation and Open Data. Chair resulting from the collaboration agreement between the University of Valencia and the Department of Transparency, Social Responsibility, Participation and Cooperation of the Generalitat Valenciana. See here: https://www.uv.es/catedra-pagoda/es/catedra-pagoda/presentacion.html
.-> Chair Big Data, Open Data and Blockchain (Cajasiete BOB Chair) which has in its Advisory Board a set of representatives of public and private entities, which are key players in promoting digital transformation and the development of public-private business models in the field of the Canary Islands. See here: https://www.ull.es/catedras/catedrabob/
New General Protocols of Action to Improve Access to Public Information signed between ASEDIE, Multisectorial Association of Information and different public institutions in order to collaborate with the Administration to develop measures that serve as an example and guide on which to promote the principles of transparency, access and openness of data. In the last months three of them have been signed, specifically with: Junta de Comunidades de Castilla-La Mancha, Universidad Complutense de Madrid and Madrid City Council. See here : https://www.asedie.es/es/colaboracion.
.-> Several public institutions set up Open Data Advisory Councils. They seek collaboration between the public, private and academic sectors in the orientation of actions. These advisory councils meet periodically. For example: the Open Data Advisory Council of the City Council of Alcobendas has met in order to The Alcobendas Open Data Advisory Council has met in order to create a 'Data Lake' and join GAIA-X. This Data Lake will be aimed at promoting the use of open data, disseminate its reuse and begin to create the Open Data Space of the City. See here: https://www.alcobendas.org/es/noticia/el-consejo-asesor-de-datos-abiertos-de-alcobendas-proyecta-crear-un-data-lake-y-adherirse-a
 .-> The Provincial Council of Reusers, launched by the Provincial Council of Castellón continues its work.  This body, of mixed public-private composition, formed by technicians of the provincial institution itself, and by people of recognized professional experience in different economic sectors, is another instrument to guide actions in the field of open data V
more: https://observatorio.dipcas.es/uploads/dipcas/ficheros/30/5f1540be14da11217140.pdf

The Open Data Group of the Network for Transparency and Citizen Participation of the Spanish Federation of Municipalities and Provinces (FEMP, in spanish), in which representatives of the public and private sectors participate, has been working on two challenges:
- Expansion of open data sets to be published by local entities. See more: https://www.scoop.it/topic/canal-red-femp-por-la-transparencia-y-la-participacion/p/4141139528/2023/02/16/la-red-trabaja-en-la-ampliacion-de-los-conjuntos-de-datos-abiertos-a-publicar-por-las-entidades-locales
- Elaboration of the future Ordinance on data governance. See more: https://www.scoop.it/topic/canal-red-femp-por-la-transparencia-y-la-participacion/p/4140268367/2023/01/26/el-ayuntamiento-de-zaragoza-acoge-la-primera-jornada-tecnica-para-la-elaboracion-de-la-futura-ordenanza-tipo-de-gobierno-del-dato-de-la-femp

In addition to these collaboration frameworks, in recent months, meetings have been held to promote this exchange of experiences. Some of the meetings held in recent months are listed and referenced below:
.-> First National Open Data Meeting: https://opendata.aragon.es/-/cronica-y-resumen-del-primer-encuentro-nacional-de-datos-abiertos#anchor2
.-> 5th edition of the Geodata Conference: https://datos.gob.es/es/eventos/el-ayuntamiento-de-madrid-organiza-la-5a-edicion-de-las-jornadas-de-geodatos
.-> Aragón Open Data: Open and connect data: https://datos.gob.es/es/eventos/aragon-open-data-abre-y-conecta-datos-un-encuentro-para-compartir-las-ultimas-novedades-del
.-> Asedie's International Conference on Reuse of Public Sector Information: https://datos.gob.es/es/eventos/nueva-conferencia-internacional-sobre-reutilizacion-de-la-informacion-del-sector-publico-de
.-> XIII Iberian Conference on Spatial Data Infrastructures. https://www.jiide.org/presentacion 
.-> Conference on the need to incorporate the gender perspective in data. https://web.ua.es/es/actualidad-universitaria/2023/marzo2023/20-26/la-sede-ciudad-de-alicante-aborda-en-una-jornada-la-necesidad-de-incorporar-la-perspectiva-de-genero-a-los-datos.html";Complement;Yes;"Over the last 12 months, the available channels of knowledge exchange between the public sector, the data provider, and the reuse community (businesses, universities, citizens) have increased. 
- The data and open government chairs already in place in 2023 (Region of Murcia, PAGODA of the Generalitat Valenciana and Big Data, Open Data and Blockchain of the Canary Islands Government) have continued to operate, and new ones have been launched. These include the following two:
- Chair for R+D+I on Territorial Dynamism in the Community of Madrid with the use of open and linked data (LODCOREMadrid) à https://www.uc3m.es/ss/Satellite/UC3MInstitucional/es/Detalle/Organismo_C/1371384343715/1371329868231/?d=Touch
- The Chair of Transparency and Open Government (TransGobA) of the University of Valladolid à https://transgoba.uva.es/finalidad/
Over the last 12 months, meetings of the Open Government Forum's Communication and Collaboration Working Group have been held to assess the commitments set out in the 4th Open Government Plan, which includes commitments linked to open data. The working groups include representatives of public administrations, business associations of re-users (ASEDIE) and associations representing civil society (Consejo Estatal de Participación de la Infancia y la Adolescencia (CEPIA)). Ver notas informativas aquí: https://transparencia.gob.es/transparencia/dam/jcr:1ec355cd-8412-4a4b-b0c3-44864a40cbe8/2024%2001%2009%20%20NI_GT%20Comunicaci%C3%B3n_.pdf
https://transparencia.gob.es/transparencia/dam/jcr:81ba8ca5-79ce-4a06-8d8b-86a539cbbc54/2023%2006%2020%20NI_Reunion_GT%20Comunicaci%C3%B3n.pdf
In addition to these cooperation frameworks, meetings have been held in recent months to promote this exchange of experiences. Some of those held in recent months are listed and referenced below:
· II National Meeting on Open Data (14 September 2023) https://www.aragon.es/-/ii-encuentro-nacional-de-datos-abiertos
· Conference on Libraries, Data, Artificial Intelligence and the New Routes to Knowledge (11 October 2023) https://www.bne.es/sites/default/files/repositorio-archivos/programa_jornada_ia_0.pdf 
· First National Meeting of Data Offices (20 November 2023) https://www.silicon.es/primer-encuentro-nacional-de-oficinas-del-dato-celebrado-en-navarra-2490899
· Technical seminar ""Open data: good practices for its availability and exploitation"" (25 November 2023) https://acal.es/index.php/actualidad/item/2355-jornada-tecnica-los-datos-abiertos-buenas-practicas-para-su-disposicion-y-explotacion
· VI Conference on Transparency and Open Data (29 November 2023) https://www.consejodetransparencia.es/ct_Home/dam/jcr:18949dc5-752d-4861-97b8-ef8ae80da821/VI_JORNADAS_DE_TRANSPARENCIA_Y_DATOS_ABIERTOS.pdf

· Asedie Conference on Re-use of Public Sector Information (12 December 2023) https://www.asedie.es/es/conferencias/12-edicion-xmf8l-nh56y-8tfdr
· Open Government in Local Government Day (29 February 2024) https://laadministracionaldia.inap.es/noticia.asp?id=1514742
· Open Data x Friendly Municipalities (17 March 2024) https://www.iniciativabarcelonaopendata.cat/es/2024/03/12820/
· Presentation 12th Edition of the ASEDIE Report The Data Economy in its Infomediary Scope (2nd March 2024) https://static1.squarespace.com/static/600a99c4d2a8133c3599fc67/t/65fda87fecd8912292b68e71/1711122560423/Programa+Presentaci%C3%B3n+Informe+ASEDIE+2024+VF+%281%29.pdf
· Reuse of open data in Spain (22 April 2024)
https://cotec.es/noticias-cpt/presentamos-las-conclusiones-del-cuarto-analisis-sobre-reutilizacion-de-datos-abiertos-en-espana/
· ANABAD CANTABRIA Conference. Open data, philosophy and practice (24 May 2024) https://www.anabad.org/jornadas-anabad-cantabria-datos-abiertos-filosofia-y-practica/
· III National Meeting on Open Data (31 May 2024) https://www.dipcas.es/es/iii-encuentro-nacional-de-datos-abiertos.html
· Open Government Week 2024 (10-16 June 20) https://transparencia.gob.es/transparencia/transparencia_Home/index/Gobierno-abierto/sensibilizacion-formacion/SemanaAA.html"
P22;"Do data publication plans exist at public body level?

For Explanation:
* If yes, please provide the URL and briefly highlight the key aspects covered. ";yes;"Several of the institutional strategies for data openness of public agencies, which in many cases implement specific action plans, are publicly accessible. 

As evidence we highlight the following:
.- Open data strategy of the Basque Government: https://opendata.euskadi.eus/sobre-open-data/-/open-data-euskadi/
.- Open data strategy of the Government of the Canary Islands: https://www.caib.cat/sites/opendatacaib/ca/estratagia_de_dades_obertes_goib/
.- Specific section of datos.gob.es where specific plans for the reuse of public sector information are referenced: https://datos.gob.es/es/documentacion/planes-risp-de-la-administracion-publica
.- Infographic that facilitates access to the Open Government and Public Data Strategies of the regional governments: https://datos.gob.es/es/noticia/las-estrategias-de-gobierno-abierto-y-datos-publicos-de-las-comunidades-autonomas
.- Section of datos.gob.es where a map is available with a list of data opening strategies associated with existing open data initiatives in Spain: https://datos.gob.es/en/iniciativas

Beyond the details of these specific plans, the Aporta initiative offers the following:
.- Guide for the preparation of an Open Data Action Plan: https://datos.gob.es/es/documentacion/como-elaborar-un-plan-de-medidas-de-impulso-de-la-apertura-y-reutilizacion-de-datos
.- A generic template for any public administration to develop its open data strategy. https://datos.gob.es/sites/default/files/doc/file/plantilla-planrisp-organismo_v3.doc";Complement;Yes;"Over the last 12 months more administrations have launched new data release schemes. The url where to find them and the main aspects are included below:
- Ponferrada City Council: https://opendata.ponferrada.org/. Action carried out in accordance with the Plan of measures to promote the reuse of information in Ponferrada City Council: https://opendata.ponferrada.org/iniciativa-ponferrada-30/plan-de-reutilizacion. The document refers, inter alia, to aspects such as: Identification and selection of reusable information; Procedure for identification, selection, preparation and publication of datasets; Conditions for reuse; Measures for evaluation and improvement of the quality of reuse and promotion of data consumption.
- Government of the Balearic Islands: Agreement of the Governing Council of 17 April 2023 establishing measures to promote the opening and re-use of data: https://www.caib.es/sites/opendatacaib/f/421020. The Agreement corresponds to a plan through which the Government of the Balearic Islands decides to publish as much data as possible from different public bodies under its direction. 
- The Generalitat de Catalunya establishes its data governance model with the intention of managing data efficiently and securely, as well as making the most of it to offer continuous improvement in the provision of public services. See here: https://administraciodigital.gencat.cat/ca/detalls/article/Aprovacio-de-lAcord-de-Govern and here: https://dogc.gencat.cat/ca/document-del-dogc/?documentId=966011
- Mutualidad General de Funcionarios Civiles del Estado establishes its reuse plan that defines the general framework for the reuse of the information generated in the Mutualidad, identifying the objectives and potential reuse agents, establishing the criteria for the identification, selection, preparation and publication of reusable information, as well as the deadlines for its development, also clarifying the conditions for the reuse of the information. See here:https://www.muface.es/muface_Home/dam/jcr:91d0f33e-c421-487a-a108-21897ffcbeff/PLANDATOSABIERTOSYREUTILIZACIONVERSWEB.pdf
- Pinto City Council: defines its open data strategy by defining an open data model that could lead in the short term to the creation of an open data portal. See here: https://gobiernoabierto.ayto-pinto.es/documents/1067857/1773798/Estrategia+y+Plan+Accion+Datos+Abiertos+AytoPinto+2022+reducido.pdf/8888d790-4248-436c-87d9-73321dd19272"
P23;"Are there processes to ensure that the open data policies/strategy previously mentioned are implemented (e.g. monitoring)?

For Explanation:
* If yes, please specify the process(es).";yes;"The progress of public administrations in Spain in terms of open data is evaluated annually. This review exercise is carried out through the answers provided by the public administrations to the questionnaire of Assessment of the reusable public data ecosystem in Spain, which is launched annually as an exercise prior to the completion of the open data maturity questionnaire carried out by the European Commission. 

See the 2023 questionnaire here: https://datos.gob.es/es/evaluacion-del-ecosistema-de-los-datos-abiertos-en-espana-2023";Complement;Yes;"The team leading the open data initiative at national level, as in previous years, is taking advantage of the month of May to survey the progress of Spanish public administrations in terms of open data. To do so, you are invited to answer the questionnaire that appears in this url: https://datos.gob.es/es/evaluacion-del-ecosistema-de-los-datos-publicos-reutilizables-en-espana-2024
The questionnaire includes questions such as: https://datos.gob.es/sites/default/files/datosgobes/dimension1_2024_evidencia_p23.png"
P24;"Do you update your policy/strategy as appropriate to ensure its success, such as based on data collected for monitoring?

For explanation:
* If yes, please describe the process and any recent updates made to strategy/policy";new question;new question;Change;Yes;"The analysis of the information gathered from the evaluation questionnaire and the satisfaction questionnaire developed just before the summer enables us to define new actions to be implemented from September onwards and throughout the following months. By way of example, the evaluation carried out in 2023 has led us to emphasise or implement the following actions:
Extending the scope of the step-by-step data visualisation exercises we have been doing to data science exercises, which we have found to be better received by reusers. See example here: https://datos.gob.es/es/documentacion/ruta-la-electrificacion-descifrando-el-crecimiento-del-vehiculo-electrico-en-espana
Adjustments in the redesign of the new datos.gob.es platform taking into account, among other aspects, the results of the satisfaction questionnaire sent to potential users: https://datos.gob.es/es/cuestionario-de-satisfaccion-2023,and the new trends in accordance with the actions implemented by the different open data initiatives in Spain, referred to in the replies to the questionnaire: https://datos.gob.es/es/evaluacion-del-ecosistema-de-los-datos-publicos-reutilizables-en-espana-2024
Development over the last 12 months of new training and information materials based on the needs detected in the constant contact with the administrations to which support is offered and based on the collection of information from users through the RRSS, the contact mailbox, etc. Some examples of these materials developed to cover needs are:
· 1. Report on ""Synthetic Data: what are they and what are they used for?"" in which the discipline of synthetic data was addressed, illustrating some valuable use cases for the different types of synthetic data that can be generated. The report includes a practical example aimed at generating synthetic data and applying anonymisation techniques to protect sensitive data. See here: https://datos.gob.es/es/documentacion/datos-sinteticos-que-son-y-para-que-se-usan
· 2. Open Data to Meet the Sustainable Development Goals"" report takes a look at the dual role that open data plays in supporting national and global progress towards the SDGs. See here: https://datos.gob.es/es/documentacion/datos-abiertos-para-cumplir-con-los-objetivos-de-desarrollo-sostenible
· 3. Dynamic glossaries of open data terms to clarify key concepts. See here: https://datos.gob.es/es/documentacion/glosario-de-terminos-relacionados-con-los-datos
·4. Expert notes to 72 publications in the last 12 months on aspects that have been seen to be of interest in the data and open data ecosystem in Spain. See here: https://datos.gob.es/es/blog/fecha/past_month"
P25;"Are there any processes in place to assess if public sector bodies are charging for data above marginal cost? (please see directive (EU) 2019/1024 on open data and the reuse of public sector information).

For Explanation:
* If yes, please specify the process(es).";yes;"In accordance with the regulations in force in Spain, reflected in ""Article 7. Fees"" of the Law 37/2007 on open data and reuse of public sector information, the reuse of datasets will be free of charge.

See more: https://www.boe.es/buscar/act.php?id=BOE-A-2007-19814#:~:text=Subir-,%5BBloque%2012%3A%20%23a7%5D,-Art%C3%ADculo%207.%20Tarifas

Each of the datasets published in the National Catalog has a comment and remarks field, through which, users can report whether public sector agencies are charging for data above the marginal cost. These possible anomalies are evaluated by the platform administrator team. If any transgression of the current law is identified, the administrator will contact the publishing agency and refer them to their obligation to comply with the current law. 

It is the regulatory framework itself that is the process in place to ensure that public sector agencies do not impose charges on data reuse above marginal costs.";Confirm;;
P26-a;"What are the top 3 challenges that your country is facing in the implementation of the mentioned open data policies/strategy?

For Explanation:
* Please briefly describe.";N/A;"At the present time, the three main challenges that Spanish public administrations must face when implementing open data strategies are:

1. Encourage inter-administrative collaboration to generate data exchanges and facilitate their opening, identifying some data sets to work on their quality and the use of standards to really be able to obtain all the value they provide.

2. Implement processes to improve the management, quality and governance of open data in the context of the overall data strategy of each administration.

3. Ensure that public workers develop the knowledge and skills necessary to promote the dissemination of open data to improve public policies, incorporating citizens and businesses throughout the entire openness process.";Change;N/A;"Of the challenges identified in the previous edition, it should be noted that all three remain valid, and a two more has been added:
The fourth challenge arises from Spain's obligation, like the rest of the member countries, to respond to the obligations set out in the European Data Governance Act (DGA) as a complement to open data policies, especially in the establishment and management of channels that make possible the secure and voluntary exchange of data sets that are under the power of public bodies over which there are third party rights that hinder their reuse (protection of personal data, intellectual property, commercial confidentiality, etc.).
A fifth challenge is related to the effective reuse by public administrations themselves of both open data and data resulting from the implementation of the Data Governance Act, with a view to the appropriate design, implementation and evaluation of public policies."
P26-b;"Are there activities in place to address these challenges in your country (e.g. with specific national/regional/local plans or initiatives)?

For Explanation:
* If yes, please briefly describe the measures that you have adopted or plan to adopt to address these challenges. 
* If no, please specifiy what is hampering finding a strategic approach to solve these challenges.";yes;"The three main actions that have been developed or are being developed to meet the challenges raised are the following:

1. In order to identify Identify the best datasets for Open Data Portals the following questionnaire has just been launched: https://encuestas.aragon.es/index.php/291161

2. In order to facilitate the management, governance and quality of open data three UNE specifications have recently been published:
.- UNE 0077:2023 Data Governance.
.- UNE 0078:2023 Data management. 
.- UNE 0079:2023 Data quality management.
See more: https://datos.gob.es/en/blog/une-specifications-government-management-and-data-quality

3. In order for public workers to develop the knowledge and skills necessary to promote the dissemination of data, a multidisciplinary working group has been set up and is working on the following:
.- Definition of skills and knowledge (core competencies) in the field of open data/data governance for different public worker profiles, depending on different needs.
.- Identify of specific training itineraries in the field of open data for different public worker profiles.
.- Identify and compile existing materials and itineraries.
.- Identify and seek alliances with agents that can help us to promote training plans (knowledge and skills).";Change;Yes;"In addition to the above-mentioned actions to address the challenges identified, new actions are being implemented over the last 12 months. These include the following:
- Challenge 1. To foster inter-administrative collaboration to generate data exchanges and facilitate data openness, a report is being prepared which lists applications, platforms and services that are being used by some municipalities and whose use could be extended to others if they were to publish the necessary data in the same format. 
- Challenge 2. To incentivise the implementation of processes to improve the management, quality and governance of open data in the context of the overall data strategy of each administration, the DG Data is working on a RD for a data governance structure, as stated in the Artificial Intelligence Strategy, Initiative 5.3 Common data governance of the NSA: ‘It is necessary to address the regulation from a comprehensive legislative approach, developing a data governance model. Indeed, this regulatory drive for effective data governance in the NSA will include the overall design of a data-oriented organisational structure, with the new Directorate General for Data of the Secretary of State for Digitalisation and Artificial Intelligence as the backbone and enabler. ""
- Challenge 3. With the aim of enabling public workers to develop the necessary knowledge and skills in open data, the results of a two-pronged collaborative work have been published. Firstly, define the roles of the professional responsible for open data, their technical and specific competencies, as well as their functions within the organisation: skills, leadership, collaboration with other departments, application of ethical aspects, among others. Secondly, an ambitious compilation has been developed in the form of a catalogue of training actions, with a wide variety of material for the dynamization and creation of specialised profiles in this area. See here: https://encuentrosdatosabiertos.es/wp-content/uploads/2024/05/Reto-2.pdf
- Challenge 4. In order to facilitate the secure and voluntary exchange of datasets held by public bodies over which third party rights concur, different safe rooms have been set up, i.e. virtual spaces that facilitate the request of such data from citizens. These include the following:
· INE: Access to microdata for scientific purposes (Application for recognition as a research entity, Application for access to data for research entity).
· Access to data linked to Social Security: Social Security Investigation Chambers
· Access to Banco de España data: Banco de España Data Laboratory (BeLab)
· Access to data from the Institute for Fiscal Studies (Statistics Area ief.es)
- Challenge 5. In order to encourage the implementation of processes to improve the management, quality and governance of open data in the context of the global data strategy of each administration, the DG Data is working on a RD for a data governance structure, as stated in the Artificial Intelligence Strategy, Initiative 5.3 Common data governance of the NSA: ‘It is necessary to address the regulation from a comprehensive legislative approach, developing a data governance model. Indeed, this regulatory drive for effective data governance in the NSA will include the overall design of a data-oriented organisational structure, with the new Directorate General for Data of the Secretary of State for Digitalisation and Artificial Intelligence as the backbone and enabler. """
P27;"Are there any activities in place to assist data holders with publishing their data as open data (i.e. to help them with the data opening process)?

For Explanation:
* If yes, please describe/provide examples of these activities.";new question;new question;Change;Yes;"At both national and regional level, support is provided to administrations in the publication of open data. 
At the national level, this service is available through the channels set up for this purpose: mail, telephone and virtual meetings. See here: https://datos.gob.es/es/asesoramiento-y-soporte 
The daily activity of the support service is recorded in a file that facilitates the monitoring of the actions carried out and is quantified and analysed by means of internal dashboards. As a result of these analyses, new actions are programmed, adjusted and reoriented. See here: https://datos.gob.es/sites/default/files/datosgobes/dimension1_2024_evidencia_p27.png 
At the regional level, regions such as Catalonia offer support services to local authorities in the publication of data. See here: https://formaciooberta.eapc.gencat.cat/espaistematics/gestio-dades/la-xarxa-de-governs-oberts-de-catalunya-paradigma-de-collaboracio-interadministrativa-i-suport-als-ens-locals.html
At the provincial level, several provincial councils provide legal, economic and technical assistance and cooperation to municipalities in the field of open data. Their impact is of particular importance in smaller municipalities, with less economic and management capacity, to which they provide services that they could not provide on their own. These include the Diputación de Barcelona, the Diputación de Castellón, the Diputación de Córdoba and the Diputación de Gipuzkoa Irekia. See explanatory note here: https://datos.gob.es/es/noticia/la-apertura-de-datos-en-las-diputaciones-el-ejemplo-de-gipuzkoa-irekia"
P28;"Is there a professional development or training plan for civil servants working with data in your country? 

For Explanation:
* If yes, please briefly describe these training activities.";yes;"Through the National Institute of Electronic Administration (INAP), public employees throughout the Spanish administration have the opportunity to train in competencies related to open data. 

The following link shows the courses offered/imparted in 2022 and 2023. See more: https://datos.gob.es/sites/default/files/datosgobes/dimension1_2023_evidenciapregunta_26a.png

In addition to these courses offered by the central administration, and taking into account the casuistry in Spain of the distribution of competences, there are numerous training, communication and awareness actions carried out by regional and local governments. The following is a small sample of courses organized by other administrations or civil society in recent months:

https://www.ull.es/portal/agenda/evento/datos-abiertos-tercer-encuentro-bob-para-administraciones-publicas/
https://redtransparenciayparticipacion.es/curso-avanzado-de-datos-abiertos-para-entidades-locales/
https://miriadax.net/curso/introduccion-a-la-teledeteccion-ambiental-con-datos-abiertos/
https://opendata.aragon.es/-/jornada-tecnica-aragon-open-data-abre-y-conecta-datos-15-de-marzo-de-2023
https://datos.gob.es/es/noticia/10-cursos-para-ampliar-tu-conocimiento-sobre-datos-este-verano
https://www.castelldefels.org/es/PE_CURSOS.asp?id=2424";Complement;Yes;"As in previous years, through the National Institute of Electronic Administration (INAP), public employees throughout the Spanish administration have the possibility to train in competences related to open data, and data in general.  Listed below are the courses that have taken place in recent months and those scheduled for the following months. See here: https://datos.gob.es/sites/default/files/datosgobes/dimension1_2024_evidencia_p28.pdf 
These types of courses correspond to official and certified training actions. See more information here: https://www.inap.es/certificados-de-formacion"
P29;"Are there annually held national, regional or local events (e.g. hackathons, courses, conferences, users meet-ups, summer/winter schools) to promote open data and open data literacy in your country beyond the target group of public servants? 
 
For Explanation:
* If yes, please provide examples (e.g. title, date, location of the event and URL).";yes, >9;"Listed below is a sample of courses, hackathons and conferences organized in the last 12 months at national, regional and local level:

1) Fourth edition of the Euskadi open data contests: https://opendata.euskadi.eus/webopd00-comunid/es/contenidos/noticia/odc_nt_lehiaketak_2022/es_def/index.shtml
2) VI Open Data Contest of the Junta de Castilla y León: https://datosabiertos.jcyl.es/web/es/concurso-datos-abiertos/concurso-datos-abiertos.html
3) Datathon Open Data Bizkaia. https://lantik.bizkaia.eus/es/datathon
4) First National Open Data Meeting: https://opendata.aragon.es/-/cronica-y-resumen-del-primer-encuentro-nacional-de-datos-abiertos#anchor2
5) 5th Edition of the Geodata Conference: https://datos.gob.es/es/eventos/el-ayuntamiento-de-madrid-organiza-la-5a-edicion-de-las-jornadas-de-geodatos
6) Aragón Open Data: Open and connect data: https://datos.gob.es/es/eventos/aragon-open-data-abre-y-conecta-datos-un-encuentro-para-compartir-las-ultimas-novedades-del
7) Asedie International Conference on the Reuse of Public Sector Information: https://datos.gob.es/es/eventos/nueva-conferencia-internacional-sobre-reutilizacion-de-la-informacion-del-sector-publico-de
8) XIII Iberian Conference on Spatial Data Infrastructures. https://www.jiide.org/presentacion 
9) Conference on the need to incorporate the gender perspective in data. https://web.ua.es/es/actualidad-universitaria/2023/marzo2023/20-26/la-sede-ciudad-de-alicante-aborda-en-una-jornada-la-necesidad-de-incorporar-la-perspectiva-de-genero-a-los-datos.html
10) BILBAO-BIZKAIA OpenData Classroom: https://www.ehu.eus/es/web/bilboko-ingeniaritza-eskola/relaciones_con_la_empresa/aulas_de_empresa/aula_opendata
11)  I Edición de las Jornadas de Open Data Sanitario en Andalucía (JODSA)
12) 1st Datathon UniversiDATA. https://www.universidata.es/datathon/";Complement;Yes, >9;"Listed below is a sample of 15 courses, hackathons and conferences organised in the last 12 months (May 2023- May 2024) at national, regional and local level. 
1.  II National Meeting on Open Data (14 September 2023) https://www.aragon.es/-/ii-encuentro-nacional-de-datos-abiertos
2. Conference on libraries, data, artificial intelligence and the new routes of knowledge (11 October 2023) https://www.bne.es/sites/default/files/repositorio-archivos/programa_jornada_ia_0.pdf 
3. First National Meeting of Data Offices (20 November 2023) https://www.silicon.es/primer-encuentro-nacional-de-oficinas-del-dato-celebrado-en-navarra-2490899
4.  Technical conference ""Open data: good practices for its availability and exploitation"" (25 November 2023) https://acal.es/index.php/actualidad/item/2355-jornada-tecnica-los-datos-abiertos-buenas-practicas-para-su-disposicion-y-explotacion
5.  VI Conference on Transparency and Open Data (29 November 2023) https://www.consejodetransparencia.es/ct_Home/dam/jcr:18949dc5-752d-4861-97b8-ef8ae80da821/VI_JORNADAS_DE_TRANSPARENCIA_Y_DATOS_ABIERTOS.pdf
6. Asedie Conference on Re-use of Public Sector Information (12 December 2023) https://www.asedie.es/es/conferencias/12-edicion-xmf8l-nh56y-8tfdr
· Open Government in Local Government Day (29 February 2024) https://laadministracionaldia.inap.es/noticia.asp?id=1514742
7. Research data: open access and open science. Implications and benefits for the researcher https://www.uhu.es/formacion-pdi/cursos/datos-de-investigacion-acceso-abierto-y-ciencia-abierta-implicaciones-y-beneficios-para-el 
8. Open Data x Friendly Municipalities (17 March 2024) https://www.iniciativabarcelonaopendata.cat/es/2024/03/12820/
9. The II Datathon UniversiData awards prizes to projects that reuse university open data (March-October 2024) https://www.universidata.es/datathon/
10. Presentation 12th Edition of the ASEDIE Report The Data Economy in its Infomediary Scope (21 March 2024) https://static1.squarespace.com/static/600a99c4d2a8133c3599fc67/t/65fda87fecd8912292b68e71/1711122560423/Programa+Presentaci%C3%B3n+Informe+ASEDIE+2024+VF+%281%29.pdf
11. Aula Open data Bilbao Bizkaia: public-private collaboration to generate knowledge with open data https://datos.gob.es/es/noticia/aula-open-data-bilbao-bizkaia-colaboracion-publico-privada-para-generar-conocimiento-con 
12. From statistics to open data on gender-based violence. (10 May 2024) https://extension.uned.es/actividad/idactividad/37495
13. ANABAD CANTABRIA Conference. Open data, philosophy and practice (24 May 2024) https://www.anabad.org/jornadas-anabad-cantabria-datos-abiertos-filosofia-y-practica/
14.  III National Meeting on Open Data (31 May 2024) https://www.dipcas.es/es/iii-encuentro-nacional-de-datos-abiertos.html
15. Open Government Week 2024 (10-16 June 20) https://transparencia.gob.es/transparencia/transparencia_Home/index/Gobierno-abierto/sensibilizacion-formacion/SemanaAA.html"
PT1;"Is there a national portal in your country for that enables users to search for open datasets and find where to download open data? 

For Explanation:
* If yes, please provide the URL of the national portal.";yes;https://datos.gob.es;Complement;Yes;We are currently in full development of a new platform that is planned to be launched publicly in December 2024. The objective of evolving the components of the current platform that improves its functionality, usability and accessibility, and responds to the obligations established by current regulation in Europe regarding open data, especially within the scope of the Directive. (EU) 2019/1024 of the European Parliament and of the Council and the DCAT application profile for metadata catalogs in its latest consolidated version. To this end, the “Advanced Service for the new data.gob.es platform” has been put out to tender for 4 years. The file number is: 024/23-SI for a value of 2,305,761.39 euros. See here: https://contrataciondelestado.es/wps/portal/!ut/p/b0/04_Sj9CPykssy0xPLMnMz0vMAfIjU1JTC3Iy87KtUlJLEnNyUuNzMpMzSxKTgQr0w_Wj9KMyU1zLcvQjk0qKSr3K3bxSc1ydAoKcKqJ M8rxUDdJtbfULcnMdATu3a7M!/
PT2;"For Explanation:
* What is the technology stack of your portal (e.g. based on uData, CKAN, etc.)";new question;new question;Complement;N/A;Drupal (CMS) + CKAN (DMS)
PT3;"Does the national portal offer to its users a way to programmatically query the metadata via an API?

For Explanation:
* If yes, please provide the direct-URL to this feature.";new question;new question;Change;Yes;https://datos.gob.es/en/apidata
PT4;"Does the national portal offer to its users a way to programmatically query the metadata via a SPARQL access point?

For Explanation:
* If yes, please provide the direct-URL to this feature.";new question;new question;Change;Yes;https://datos.gob.es/en/sparql
PT5;"Does the national portal offer/link to documentation on the use of APIs?

For Explanation:
* If yes, please provide the direct-URL to this feature.  ";new question;new question;Change;Yes;https://datos.gob.es/en/accessible-apidata
PT6;"Does the national portal offer/link to documentation on the use of SPARQL? 

For Explanation:
* If yes, please provide the direct-URL to this feature.  ";new question;new question;Change;Yes;https://datos.gob.es/en/accessible-sparql
PT7;"Does the national portal provide functionality for users to contribute datasets they have produced or enriched? 

For explanation:
* If yes, please (1) explain how  the portal facilitate the linking of documentation and supporting materials to these user-contributed datasets and (2) provide the direct-URL to this feature.";new question;new question;Change;Yes;"The functionalities for contributing datasets are the same as for any public sector publisher.

Most published datasets come from public sector entities. However, a group of researchers - Foundation for the Promotion of Health and Biomedical Research of the Valencian Community (FISABIO), listed as a private entity in the portal's faceted search engine- publishes a dataset of semantically enriched medical images from its research activities. 

https://datos.gob.es/es/catalogo?_publisher_display_name_limit=0&publisher_display_name=Fundaci%C3%B3n+para+el+Fomento+de+la+Investigaci%C3%B3n+Sanitaria+y+Biom%C3%A9dica+de+la+Comunitat+Valenciana+%28FISABIO%29

On the other hand and along the same line, another group -Mondragon University-contributes 94 datasets from a project on intelligent systems and IoT.

https://datos.gob.es/es/catalogo?_publisher_display_name_limit=0&publisher_display_name=Universidad+de+Mondrag%C3%B3n

It is expected that citizens or new entities from private sector will soon join with datasets of research projects, among others."
PT8;"Does the national portal offer a mechanism for users to provide general feedback, such  a 'Contact us' or 'Feedback' button that is placed in a visible spot and would allows users to send a general comment concerning the portal?

For Explanation:
* If yes, please provide the direct-URL to this feature or describe how this functionality is provided.";yes;"The “Report on” section permits queries about data, communicating examples of re-use applications or companies, new open data initiatives and any suggestions and improvements to the portal: https://datos.gob.es/en/report 
The Aporta Initiative permanently encourages users to participate and form part of the open data community promoted by datos.gob.es. This video invites you to be part of the community: https://youtu.be/x0jSL7CDYJo";Confirm;;
PT9;"Does the national portal offer a mechanism for users to provide feedback on specific datasets, such as a 'feedback button' or a comment/discussion section under the dataset?

For Explanation:
* If yes, please provide the direct-URL to this feature or describe how this functionality is provided.";yes;"Users who visit each dataset have the “Add new comment” functionality at their disposal to submit comments or incidents about the dataset. These comments go directly to the data publishers who are responsible for providing the relevant response. The following URL shows an example dataset with comments and publisher response: 
https://datos.gob.es/en/catalogo/e05068001-precio-de-carburantes-en-las-gasolineras-espanolas 
It is also possible to include comments in any other editorial content. These comments are addressed directly to the support team for give feedback to users.";Confirm;;
PT10;"Does the national portal provide a mechanism for users to rate datasets?

For Explanation:
* If yes, please provide the direct-URL to this feature or describe how this functionality is provided.";yes;"This functionality is available for each dataset along with comments. To the left of the “add new comment” button, there is a button that allows the user to indicate that they like that dataset. This information is collected in the dashboard for registered users and offers a ranking of the data sets based on the number of votes. 
See evidence: 
https://datos.gob.es/sites/default/files/datosgobes/dimension3_evidenciapregunta_66c.png";Confirm;;
PT11;"Does the national portal enable users to find information and news on relevant open data topics in the country?

For Explanation:
* If yes, please provide the direct-URL to this feature.  ";yes;"https://datos.gob.es/es/noticias
https://datos.gob.es/en/blog
https://datos.gob.es/es/boletines";Complement;Yes;"During the last 12 months, specifically, for the period May 2023-May 2024, the production of content has been very abundant. As an example:
75 expert notes: https://datos.gob.es/es/blog/fecha/past_month
27 news related to the sector: https://datos.gob.es/es/noticias/fecha/ultimo_anyo
11 reports/infographics or data science exercises: https://datos.gob.es/es/documentacion/fecha/ultimo_anyo
20 fortnightly bulletins with news: https://datos.gob.es/es/boletines/fecha/ultimo_anyo"
PT12;"Does the national portal offer the possibility for users to receive notifications when new datasets are available on the national portal (RSS, ATOM feeds, email notifications etc.)?

For Explanation:
* If yes, please provide the direct-URL to this feature.  ";yes; https://datos.gob.es/feeds/dataset.atom;Confirm;;
PT13;"Does the national portal enable users to request datasets, such as through a ""request data"" button? 

For Explanation:
* If yes, please provide the direct-URL to this feature or describe how this functionality is provided.";yes;"Queries and requests concerning data that users can not find in the catalogue can be submitted through the form: https://datos.gob.es/en/informa-sobre/peticion-datos.  
These requests are assigned to the public bodies with competence in relation to the data request made, so they can be published, if possible, or included in their open data plans/roadmaps.  
Likewise, any user can join a request already made by clicking on the “Join the request” button, which appears in each of the required datasets. Example here: https://datos.gob.es/es/peticiones-datos/precios-diarios-actualizados-de-los-supermercados";Complement;Yes;"Another example including a response from the publisher to the request indicating the URL of the availability of the requested data:

https://datos.gob.es/es/peticiones-datos/datos-sobre-citricos"
PT14;"Are requests for datasets and their progress status presented in a transparent manner on the national portal? 

For Explanation:
* If yes, please provide the direct-URL to this feature.  ";yes;"All requests are public and are managed through the Data Availability section. See at the following URL: https://datos.gob.es/en/peticiones-datos.  

The user can track the requests made, since this section shows the requests made, their processing status (received, assigned, under study, programmed, published, ...) and the final result with the data published or the reason why the request was denied. ";Confirm;;
PT15;"Does the team monitor the extent to which requests (either via the portal or otherwise) result in the publication of the requested data?

For Explanation:
* If yes, please describe how this monitoring is conducted.";yes;"Dataset requests are managed through a workflow that permits changes between the different states of a request at any given time (the states are: received, assigned, under study, programmed, published, not feasible, partially published). Each publisher modifies the status of each request they receive based on their actions. The “Published” state is reached when the data has already been published and is available to users. Until now 88 new datasets was released after requests. Listed in next link: 
https://datos.gob.es/en/peticiones-datos/estado/publicado-1980";Complement;Yes;During the last year, a task has been carried out to store historical information with the objective of presenting only the most up-to-date information. The cut-off point is 01/01/2021, so that from that date to the present, the number of new data requests answered has been 31. https://datos.gob.es/es/peticiones-datos/estado/publicado-1980
PT16;"Does the national portal offer a mechanism for users to exchange with others, such as a discussion forum?

For Explanation:
* If yes, please provide the direct-URL to this feature or describe how this functionality is provided.";yes;The comments area -available for each dataset or in the ‘data availability’ section-, in addition to functioning as a feedback channel, allows users to establish a discussion forum. See this example in the comments area of this data request: https://datos.gob.es/en/peticiones-datos/cobertura-de-banda-ancha-nivel-de-entidad-singular, which shows the interaction between users and publisher whose response is the publication of the requested data set. ;Confirm;;
PT17;"Does the national portal showcase reuse cases, such as in a designated section of the portal?

For Explanation:
* If yes, please provide the direct-URL to this feature. ";yes;"https://datos.gob.es/en/aplicaciones
https://datos.gob.es/en/casos-éxito";Complement;;During the last 12 months, specifically, for the period May 2023-May 2024, the production of cases and applications has increased significantly. Specifically, 23 solutions have been included in the application catalog and 10 new business models have been documented in the company catalog. In total we have 453 applications and 90 companies that reuse open data.
PT18;"Does the national portal reference the datasets that the showcased reuse cases are based on (i.e. there is a link between the reuse case in the showcase and the underlying dataset on the portal)?

For Explanation:
* If yes, please provide the URL to this feature/to an example documenting this feature.";yes;"The fact sheet for each application -and reuse companies too- has a field for indicating the URLs of the data sources. For example: https://datos.gob.es/en/aplicaciones/debesaberlo

Likewise, the step-by-step visualisations section, inform about the open data used for its implementation. An example can be seen at the URL: https://datos.gob.es/en/documentacion/analysis-toxicological-findings-road-traffic-accidents";Complement;Yes;Another example: https://datos.gob.es/en/aplicaciones/contratosmenoreses
PT19;"Does the national portal provide the possibility for users to submit their own reuse cases?

For Explanation:
* If yes, please provide the direct-URL to this feature. ";yes;Through the “report on” section (https://datos.gob.es/en/report) and completing the form: https://datos.gob.es/en/informa-sobre/aplicaciones ;Confirm;;
PT20;"Does the national portal offer a preview function for tabular data?

For Explanation:
* If yes, please provide the URL to an example documenting this feature.";no;;Confirm;;
PT21;"Does the national portal offer a preview function for geospatial data?

For Explanation:
* If yes, please provide the URL to an example documenting this feature.";no;;Confirm;;
PT22;"Do you promote high-value datastes on your national portal (e.g. use filtering features for reusers to easily find such datasets, use editorial features to promote the datasets, etc.))?

For Explanation:
* If yes, please specify how and highlight challenges if any. 
* If you are an EFTA or a candidate country to the EU, please select 'not applicable'.";new question;new question;Change;Yes;"The national catalog ""datos.gob.es"" is going to undergo a deep remodeling and adaptation of the technological platform. The aim is to broaden its scope beyond open data to include, in general, all types of activities and communities related to the creation of value around data.  A previous consultancy has been carried out to set the scope of the project where the figure of high-value datasets is highlighted. In the mock-up, the high-value datasets are presented under a differentiated menu entry, a direct access in highlighted topics and the possibility to be set as filter criteria. Meanwhile, as an easy measure to implement and on a transitional basis,  high-value datasets are being tagged with the ""HVD"" tag using ""keyword"" metadata. 

Beyond the technical adjustments, a series of analyzes are being prepared and published aimed at identifying the high-value data available in Spain:
• Statistical data: https://datos.gob.es/es/blog/high-value-statistical-datasets-foreseen-national-statistical-plan-2021-2024
• Geospatial data: https://datos.gob.es/es/blog/complying-europe-inspire-and-high-value-geospatial-assemblies-regulation
• Earth observation and environmental data: https://datos.gob.es/es/blog/cumpliendo-con-europa-el-reglamento-de-conjuntos-de-alto-valor-de-observacion-de -the-earth-and
• The contents related to the rest of the high-value categories will be published soon, currently available here: https://datos.gob.es/sites/default/files/datosgobes/evidencia_2/evidencia2.png;
https://datos.gob.es/sites/default/files/datosgobes/evidencia_2/evidencia3.png"
PT23;"Do you monitor the portal's traffic (e.g. in terms of number of unique visitors, visitor profiles, percentage of machine traffic, number of downloads according to the number of datasets etc.)? 

For Explanation:
* If yes, which tool(s) do you use?";yes;"The main web analytics tool is Google Analytics. In addition to the indicators the tool incorporates by default, it has been parameterised by implementing the following custom reports: 

1.ADQ - User origin by channel 
2.ADQ - Overview according to visitor type 
3.ADQ - Ratio of new users vs recurring/source 
4.ADQ - Ratio of new users vs recurring/channel 
5.INTERACTION - Number of form submissions 
6.INTERACTION - Number of registrations and cancellations in the newsletter 
7.INTERACTION - Most searched terms 
8.INTERACTION  - No. of catalogue views (grouped) 
9.INTERACTION - Number of catalogue views 
10.INTERACTION - Number of accounts created by organisation 
11.INTERACTION - Number of documents uploaded (by sectors) 
12.INTERACTION - Pageviews by content type 
13.CONVERSION - Number of downloads (documents) 
14.CONVERSION - Number of downloads (api) 
15.CONVERSION - Number of downloads (sparql) 
16.CONVERSION - Number of accesses to external resources 
17.CONVERSION - Number of discharges (control panel) 
18.CONVERSION - Report 11 to 15 
19.LOYALTY - % recurring users 
20.VISITS PER HOURS 

The public information collected in the previous reports is summarised in the public dashboard available on the portal at the URL: https://datos.gob.es/en/dashboard";Complement;Yes;An exhaustive analysis is carried out monthly that collects the results of numerous user interaction metrics with the national catalog and with the rest of the content published on data.gob.es. The report collects and analyzes more than 50 KPIs. Below is a view of some of the graphs referred to in the report corresponding to April 2024: https://datos.gob.es/sites/default/files/datosgobes/evidenciaportalpregunta23.pdf
PT24;"Do you run analytics on API usage?

For Explanation:
* If yes, please briefly (1) describe your process and (2) how you use the insights to improve the portal";yes;N/A;Change;Yes;Using Google Analytics, a custom report has been defined that measures the use of the API. Since usage is low, this metric is being used to design better documentation and new usage examples to incorporate into the new platform currently being developed.
PT25;"Besides monitoring portal traffic, do you perform any further activities to better understand the behaviour and needs of users of your portal (e.g. web analytics, surveys, or analysis of social media feeds)?

For Explanation:
* If yes, please (1) specify the activities and explain (2) how they help you understand user needs";yes;"In addition to the aforementioned web analytics tool (Google Analytics), the following are used: 

- Twitter Analytics 
- LinkedIn Analytics 
- Talkwalker for social impact measurement 
- Hotjar for web analytics and usability 
- SEMrush for SEO positioning monitoring 
- Google Data Studio as a data visualisation tool ";Complement;Yes;This information about the interactivity performance of our users is used in our weekly monitoring meeting to optimize the engagement strategy followed on social networks and in the portal's content management. In addition, we periodically carry out a survey of data publishing users to understand their user experience of the portal, which allows us to identify their frequency of access, most relevant sections, functionalities to improve or proposals for new content.
PT26;"Do you used the insights about portal usage and about the behaviour and needs of portal users to improve the portal accordingly?

For Explanation:
* If yes, please explain your process for improving the portal based on user insights and feedback
* If relevant, kindly highlight some improvements made in the past year";new question;new question;Change;Yes;We are currently in full development of a new platform that is planned to be launched publicly in December 2024. The feedback from our users is allowing us to redesign functionalities that will improve the user experience on the platform. Among others, we will improve the relationship between reuse cases and their datasets
PT27;"Do you undertake any activities to promote the portal and attract new users or new audiences?

For explanation:
* If yes, please (1) explain what activities your perform, and (2) mention if these activities are directed at any specific target audience (e.g. business, public sector, academia, etc.)";new question;new question;Change;Yes;"With the aim of identifying new content for the portal as well as attracting new publishers:

- Information campaigns specifically aimed at the network of open data managers.
- Biweekly newsletter with the latest news on open data, to which many of these managers subscribe.
- Monthly meeting of the Data Group of the General State Administration in which, among others, new topics on open data are discussed.
- Sectoral meetings with those responsible for open data of the autonomous communities.

With the aim of expanding the community of open data reusers, throughout the reference period, the data.gob.es team has participated in the following events in person:

- II Encuentro Nacional de Datos Abiertos (14 de septiembre de 2023) https://www.aragon.es/-/ii-encuentro-nacional-de-datos-abiertos

- Primer Encuentro Nacional de Oficinas del Dato (20 de noviembre de 2023) https://www.silicon.es/primer-encuentro-nacional-de-oficinas-del-dato-celebrado-en-navarra-2490899

- VI Jornada de Transparencia y Datos Abiertos (29 de noviembre de 2023) https://www.consejodetransparencia.es/ct_Home/dam/jcr:18949dc5-752d-4861-97b8-ef8ae80da821/VI_JORNADAS_DE_TRANSPARENCIA_Y_DATOS_ABIERTOS.pdf

- Conferencia Asedie sobre Reutilización de la Información del Sector Público (12 diciembre de 2023) https://www.asedie.es/es/conferencias/12-edicion-xmf8l-nh56y-8tfdr

- Jornada de Gobierno Abierto en la Administración local (29 de febrero de 2024) https://laadministracionaldia.inap.es/noticia.asp?id=1514742

- Presentación 12ª Edición del Informe ASEDIE La Economía del Dato en su ámbito Infomediario (2º de marzo de 2024) https://static1.squarespace.com/static/600a99c4d2a8133c3599fc67/t/65fda87fecd8912292b68e71/1711122560423/Programa+Presentaci%C3%B3n+Informe+ASEDIE+2024+VF+%281%29.pdf

- III Encuentro Nacional de Datos Abiertos (31 de mayo de 2024) https://www.dipcas.es/es/iii-encuentro-nacional-de-datos-abiertos.html
 
- Semana de la Administración Abierta 2024 (el 10 al 16 de junio de 20) https://transparencia.gob.es/transparencia/transparencia_Home/index/Gobierno-abierto/sensibilizacion-formacion/SemanaAA.html"
PT28;"Do you monitor what keywords are used to search for data and content on the portal?

For Explanation:
* If yes, please briefly (1) describe your process and (2) how you use the insights to improve the portal";new question;new question;Change;Yes;"Regarding the contents of the portal, different analyzes are carried out, one of them is the analysis of the search terms made by users through the ""Solr"" search engine. The result of this analysis allows us to know if the searched terms are linked to datasets or content. In both cases, it allows us to assess interest and decide whether to highlight datasets on the portal's home page or promote the publication of related content."
PT29;"Do you monitor the most and least consulted pages?

For Explanation:
* If yes, please briefly (1) describe your process and (2) how you use the insights to improve the portal
* For informational purposes, kindly provide the URLs to the five most popular datasets on the portal";new question;new question;Change;Yes;From Google Analytics, data is obtained on different indicators related to content that feed a report prepared on 'Locker Studio' that, among others, measures the number of accesses to portal pages, distinguishing catalog pages (datasets) from editorial content. These indicators are used to update featured content on the home page as well as the contents of the biweekly newsletter to which portal users are subscribed.
PT30;"Do you take measures to optimise the search and discoverability of content (data and editorial)? 

For Explanation:
*If yes, please briefly describe how your optimise the search";yes;"On the home page of http://datos.gob.es (Featured section) there is a content carousel that is updated weekly to report on the five outstanding new features of the portal. 
Likewise, new editorial content (news, events, guides and reports) is broadcast on Twitter and Linkedin. 
A biweekly newsletter is also generated to inform followers of the latest news about published content and featured datasets.
When searching the data catalogue, recently added datasets appear by default, making it easy for users to discover them. 
On the other hand, improvements have been introduced in the faceted search mechanism, in such a way that it is possible to combine and/or order criteria alphabetically or quantitatively.  
In the audits carried out on publishing organisations regarding the quality of their data publications, improvements in metadata management are proposed to make better use of existing search options: themes, labels, formats, free text, etc. Datasets available for the most reused formats have been included on the home page: CSV and APIs.  
In addition, the specific content of each sector  (Environment, Culture and Leisure, Education, Transport, Health & Wellness, Tourism, Justice and society) is permanently updated, as can be seen in this example: : https://datos.gob.es/en/sector/medio-ambiente";Confirm;;
PT31;"Is the metadata on your portal available in clear plain language to enable both humans and machines to read and understand it? 

For Explanation:
*If yes, please provide the URL to an example documenting this feature.";yes;"Each fact sheet on each dataset details all the metadata adjusted by the data publishers, as can be seen in the following dataset example: https://datos.gob.es/en/catalogo/l02000048-sendas-ciclables1

The same information can be obtained in CSV, XML, JSON, Turtle, RDF/XML format by clicking on the corresponding icons on the page of each dataset. Likewise, through content negotiation, it is possible to obtain the RDF/XML version of the data sheet by adding the ‘.rdf’ extension to the URL access dataset. For example: https://datos.gob.es/en/catalogo/l02000048-sendas-ciclables1.rdf";Confirm;;
PT32;"To what degree do public sector data providers contribute data to the portal? 

For Explanation:
*Please describe what is the agreed approach.
* If less than the majority of data providers, please briefly explain why (e.g. technical incompatibilities, governance aspects, low awareness etc.).";the majority of public sector data providers;The portal mainly publishes open data from all levels of public administration (State, Regional and Local Administration, Universities, Other Institutions from Public Sector too).  The incorporation of public sector initiatives is progressive under current legislation, occurring to a greater extent at the State and Regional levels (75% of the total datasets).  At the local level, Spain has numerous municipalities with less than 10,000 inhabitants that do not have the technical or personal resources to publish open data. However, 18% of the publishers come from the local level.  On the other hand, the number of initiatives in the field of Public Universities is progressively increasing (currently 14 with 2% datasets).  During 2022, 9 new data initiatives belonging to the public sector have been added to the national catalogue. (December 2021, there were 161 publishers - December 2022, there were 170 publishers).;Complement;The majority of public sector data providers;"In May 2024, the distribution of publishers is: 263 publishers, 99% public sector (42% national level; 35% regional level; 17% local level; 1% pubic universities; 4% others; 1% private sector)."
PT33;Do you identify the data providers that are not yet publishing data on the national portal?;yes, or all public sector data providers already publish data;N/A;Change;Yes, or all public sector data providers already publish data;N/A
PT34;"Were there concrete actions taken to assist these data providers with their publication process?

For Explanation:
* If yes, could you provide some examples of the actions taken in this regard.";yes, or all public sector data providers already publish data;"When a new open data initiative arises at any level of the public sector, a first contact is established to publicise the Aporta initiative and offer technical information on how to carry out a data federation process through datos.gob.es and data.europa.eu. During 2022, we celebrate 29 virtual meetings (from 697 interactions of different types, with 130 publishers). 

The support service is focused on advising and helping organisations to publish their data openly and reference them through datos.gob.es: https://datos.gob.es/en/advice-and-support. This service also acts proactively, approaching data publishers to perform metadata quality audits and make proposals for new sets of data of interest that can be published on datos.gob.es. See evidence here: https://datos.gob.es/sites/default/files/datosgobes/dimension3_evidenciapregunta_92b_113a.jpg";Complement;Yes, or all public sector data providers already publish data;We update the number of interactions: from 01/01/2023 to 05/28/2024, 926 interactions of different types have been carried out with 173 different organizations. 32 have been virtual meetings
PT35;"Besides the national open data portal, are there other regional and local portals? 

For Explanation:
* If yes, please provide a complete list and the links to these portals.";yes;There are numerous open data portals launched by various local initiatives. The portals of the largest cities are federated with the national catalogue datos.gob.es. On the other hand, all regional portals are federated. So far, we have identified 250 open data initiatives at local and regional level (231, local and 19 regional).;Complement;Yes;We update the number of initiatives different from the national portal. On 05/28/2024 there are 312 initiatives. The reference to each one can be found at this URL: https://datos.gob.es/en/iniciativas
PT36;"Are regional and local portals listed above and their data sources discoverable via the national portal? 

For Explanation:
* If not applicable, please briefly explain why. ";yes;"A list of the 313 existing open data initiatives to date can be found in the ‘Initiative Map’ section available at URL https://datos.gob.es/en/accessible-initiatives Local Administration (231) ; State Administration (45); Regional Administration (18); Universities (17) and other institutions (1).";Complement;Yes;"We update the number of initiatives different from the national portal. On 05/28/2024 there are 312 initiatives: Local Administration (231) ; State Administration (44); Regional Administration (19); Universities (17) and other institutions (1). The reference to each one can be found at this URL: https://datos.gob.es/en/iniciativas"
PT37;"To what degree are  regional and local sources harvested automatically? 

For Explanation:
* If less than the majority of existing sources is harvested by the national portal, please briefly explain why.                        
* If not applicable, please briefly explain why. ";the majority of datasets;At regional level, from 18 intiatives, 16 (89%) perform automatic federation in the national catalogue.  At the local level, 231 initiatives are identified in Spain. Of these, 50 - the municipalities with the largest number of inhabitants - federate their data at datos.gob.es, 35 of which (70%) do so automatically. In terms of the number of datasets, 39% of the datasets published in the national catalogue come from the regional sphere and 18% come from local entities.;Complement;The majority of datasets;"We update data to May 2024:
- 20 regional initiatives contribute 42% of the total data available in the national catalog. 99% are datasets automatic harvested.
- 102 regional initiatives contribute 17% of the total data available in the national catalog. 99% are datasets automatic harvested."
PT38;"Does the national portal include datasets that are real-time or dynamic?

For Explanation:
* If yes, please provide URLs to real-time and/or dynamic data featured via the national portal. ";yes;"The faceted browser provides two options for obtaining datasets in real time: 
- On the one hand, it is possible to filter the update frequency of the datasets. Of the possible options, datasets that have a continuous update frequency of less than 5 minutes are considered real time or near real time. The datasets in this category include the following: Continuous (119) ; Every 1 minutes (139) ; Every 2 minutes (3) ; Every 5 minutes (6)  
- On the other hand, the faceted search engine makes it possible to filter the data provided by APIs or web services that typically link data served in real time. This filtering by format uses an icon to differentiate data accessible via API or OGC web services (WMS, WFS). 
In addition, a highlight of the latest data sets that offer data via API or web services has been incorporated into the home page. See evidence: https://datos.gob.es/sites/default/files/datosgobes/dimension3_evidenciapregunta_94a.png 
- Finally, to encourage the publication of data in real time, a guide has been published to explain to publishers the use of APIs to offer quality dynamic data: https://datos.gob.es/en/documentacion/practical-guide-publishing-open-data-using-apis";Complement;Yes;"Some examples of datasets cataloged in the national portal with quasi-real-time update frequency (every 5 minutes o everu 1 minute): https://datos.gob.es/es/catalogo?_frequency_limit=0&frequency=%7B%22type%22%3A+%22minutes%22%2C+%22value%22%3A+%225%22%7D ; https://datos.gob.es/es/catalogo?_frequency_limit=0&frequency=%7B%22type%22%3A+%22minutes%22%2C+%22value%22%3A+%221%22%7D"
PT39;"Does the national portal provide a way for non-official data (i.e. not stemming from official sources, such as community-sourced/citizen-generated data) to be published? 

For Explanation:
* If yes, please explain how non-official data is distiguished for offical data (e.g. using a different section of the portal or tags) 
* And please provide a URL to an example of a non-official dataset on the portal ";new question;new question;Change;Yes;The portal allows you to filter datasets published by public bodies and by private entities. Some examples: https://datos.gob.es/es/catalogo?_frequency_limit=0&_administration_level_limit=0&administration_level=P
PT40;"Does the national portal allow users to see what data exists but cannot be made available as open data?

For Explanation:
* If yes, please (1) provide the URL to an example and (2) briefly describe the approach used to ensure this transparency.";yes;Users have access to data requests that publishers declare to be non-viable, indicating why the data is not published: See evidence: https://datos.gob.es/es/peticiones-datos/estado/no-viable-1977.;Confirm;;
PT41;"Does the national portal have a strategy to ensure its sustainability?

For Explanation:
* If yes, please (1) provide the URL to this document and (2) describe the main measures to keep the portal running in the long-term and continue to serve its audience";new question;new question;Change;Yes;The national datos.gob.es catalogue is part of the actions that make up the Spanish government’s ‘Aporta’ initiative on open data. The national strategy is seen as a public policy with funds from the administration itself for its management and support.  This sustainability is based on the current agreement (C-003/19-ED) between the General State Administration, through the current Ministry of Economic Affairs and Digital Transformation, and the public business entity Red.es to promote the opening and the re-use of public sector information. The duration of the Agreement extends until mayo de 2028,  See information here: https://datos.gob.es/sites/default/files/datosgobes/dimension1_2023_evidenciapregunta_17a.png
PT42;"Is your national portal active on social media? 

For Explanation:
* If yes, please provide the URL(s) to your social media accounts. ";yes;"The following URLs indicate the presence of the social media initiative: 

https://twitter.com/datosgob 
https://www.linkedin.com/organization-guest/company/datos-gob-es 
https://www.youtube.com/user/datosgob 
https://github.com/datosgobes
https://es.slideshare.net/datosgob 
https://www.flickr.com/photos/datosgob/ ";Complement;;In the coming months, dissemination activity will begin on Instagram. We are currently finalizing the image to use. See here: https://datos.gob.es/sites/default/files/datosgobes/dimension1_2024_evidencia_p4.png
PT43;"Are the portal’s source code and relevant documentation and artefacts made available to the public (e.g. on platforms such as GitHub or GitLab)?

For Explanation:
*If yes, please provide the (1) platform name and (2) the URL to the portal’s account on this platform.";yes;"The initiative has an organisation account on Github where different repositories are available with information and useful code for implementing open data portals, vocabularies or data re-use.  
https://github.com/datosgobes 
Specifically, the source code of the datos.gob.es portal is available in the repository: 
https://github.com/datosgobes/datos.gob.es ";Confirm;;
PT44;"Do you monitor the characteristics of the data published on the portal, such as the distribution across categories, static vs. real-time data and how these change over time?

For Explanation:
* If yes, please provide the direct-URL to this feature";yes;"The portal has two types of dashboards: 
- Public, which reports on general aspects of the portal through indicators such as: visits to datos.gob.es, initiatives, applications and re-use cases published, published data sets, data sets by administration level or by category, most visited data sets, distributions by format, etc. at the URL: https://datos.gob.es/en/dashboard 
- Private, available to each publisher and administrator of the portal, which they can consult, among other indicators: the evolution of visits to datos.gob.es by sections; evolution of data sets by level of administration; evolution of data sets by agency; volume of data sets according to the number of distributions; most voted datasets; number of published contents; number of votes for published content; evolution of publishing bodies, by level of administration, by form of updating; active user accounts by organisation, etc. 
See evidence: 
Public dashboard: https://datos.gob.es/sites/default/files/datosgobes/dimension3_evidenciapregunta_105b_1.jpg 
Private dashboard: https://datos.gob.es/sites/default/files/datosgobes/dimension3_evidenciapregunta_105b_2_0.png";Confirm;;
PT45;"Does this monitoring enable the portal team and/or data providers to take action to improve their performance on the national portal?

For Explanation:
* If yes, please (1) explain how and (2) if applicable provide the direct-URL to this feature.";yes;"In addition to the dashboard mechanisms mentioned above, the portal has a backoffice that allows certain actions to be carried out by publishers to be monitored. These actions allow publishers to take action on the feedback they receive. The most relevant functionalities available are: 
- federation management console, through which publishers manage and schedule automatic data federation (harvesting) tasks. 
- check for broken links. This functionality allows publishers to see the results of the periodic broken link checks that the platform performs on the availability of the distributions published. 
- data availability, which makes it possible to manage data requests received by publishers, providing feedback to users and changing the status of each request based on the availability of new datasets. 
- comment management, to respond to comments on data sets received from users. 
- user management, which allows publishers to maintain user accounts authorised to interact with the portal. 
This video explains the backoffice for publishers: https://www.youtube.com/watch?v=5v3oHbwrL8I&t=2s";Confirm;;
Q1;"Is there a pre-defined approach to ensure that metadata is kept up-to-date?

For Explanation:
* If yes, please briefly describe your approach.";yes;"The NTI-RISP (technical standard compatible with the DCAT standard for the interoperability of data catalogues) establishes common conditions on the selection, identification, description, format, conditions of use and availability of the data sets produced or guarded by the public sector. These conditions are intended to facilitate and guarantee the re-use process, ensuring the persistence of information, the use of open formats, as well as the appropriate terms and conditions of use. Specifically, section III.5 of the NTI-RISP indicates that the information resources of periodic production or collection made available for re-use will be updated to their latest versions and the date of last update will be indicated, as well as the period of the update. 

In this sense, the initiative promotes the management of data sets published automatically and periodically via federation (harvesting). Through the federation console, publishers are informed when there has been a problem updating the metadata so that they can be corrected.";Complement;Yes;Dataset publishers can adjust the harvesting frequency (daily, weekly, biweekly, monthly), to ensure that high-frequency data is always up-to-date.
Q2;"What percentage of the metadata on the national portal is obtained from the source automatically, rather than edited manually? 

For Explanation:
* Please describe (1) the workflows you have to automate the harvesting of metadata and (2) for which types of data these apply to";new question;new question;Change;90-99%;"The portal's backoffice has a federation management console, through which publishers manage and schedule automatic data harvesting tasks. The process is the following:
- Publishers define the URI of the RDF/XML that contains the source open data catalog.
- adjust the harvesting frequency: manual, daily, weekly, biweekly or monthly).
- the national catalog parses the RDF and updates datasets.
This process applies to all types of data published to source catalogs described using RDF."
Q3;"What is the average delay from the moment the metadata describing a dataset is updated at the source, and the moment the change is visible on the portal?

For Explanation:
* Please explain the approach for updating metadata in a timely manner";new question;new question;Change;Within one day;All metadata is updated in the portal each time a scheduled federation task is run or a dataset is manually uploaded or updated is performed after validate that is free of errors.
Q4;"Do you undertake efforts to ensure that published data covers the full period from when it was first published until today, for example,the complete time series?

For Explanation:
* If yes, please explain the measures in place to ensure complete series of datasets";new question;new question;Change;Yes;"The responsibility for the management of published datasets lies with the publishing organizations. However, the support team carries out metadata quality audits and reviews these types of situations. In the case of time series, it indicates ""If a dataset can be defined as a series
temporarily, the following is recommended:
- ensure update frequency.
- communicate and explain any update or modification to the model.
- use temporal coverage metadata (dct:temporal) to express temporal information.
- optionally, include as many distributions as necessary, avoiding unnecessary fragmentation of new datasets."""
Q5;"Have you implemented the DCAT-AP High Value Datasets (semiceu.github.io) tag to denote the High-Value Datasets in your (national) open data portal(s)?

For Explanation:
* If yes, please specify how and highlight challenges if any.
* If you are an EFTA or a candidate country to the EU, please select 'not applicable'.";new question;new question;Change;Yes;Ongoing the adoption of a DCAT-AP HVDS catalog for HVDS.
Q6;"Besides the DCAT-AP tag mentioned above, have you implemented any other measures to ensure that high-value datasets ((EU) 2023/138) are interoperable with datasets of other country?

For Explanation:
* If yes, please specify how and highlight challenges if any.
* If you are an EFTA or a candidate country to the EU, please select 'not applicable'.";new question;new question;Change;Yes;As mentioned above, there is an ongoing project to adopt DCAT-AP HVDS catalog. Furthermore, Spain incorporates the corresponding metadata into the data linked to the INSPIRE directive, ensuring the interoperability of geospatial, earth observation and mobility data with other countries.
Q7;"Do you monitor the quality of the metadata available on your portal?

For Explanation:
* If yes, please briefly explain how this monitoring takes place. 
* If applicable, please provide the URL to this monitoring mechanism.";yes;"The quality of the metadata is checked at the time of registration and/or update of each dataset. Datasets that do not meet the quality standards established in the Spanish NTI-RISP compatible with DCAT are not allowed. The automatic federation mechanism or the manual upload method generates reports addressed to the publishers reporting when these quality standards are not met so that the metadata can be adjusted correctly. Changes are not saved to the dataset catalogue until they are successful. 
On the other hand, individualised audit processes are continuously carried out on publishers on the quality of metadata currently published on the portal. This audit follows the methodological approach of the Metadata Quality Assessment (MQA) proposed by the European Data Portal, evaluating the quality of metadata based on three complementary dimensions: discovery, interoperability and context. See evidence at: https://datos.gob.es/sites/default/files/datosgobes/dimension3_evidenciapregunta_92b_111a.jpg 
Likewise, as has been mentioned previously, distribution URLs are periodically evaluated to inform data managers of possible broken links. This analysis generates a report in the portal for administrators and is also emailed to publishers. See evidence: https://datos.gob.es/sites/default/files/datosgobes/dimension4_evidenciapregunta_111b_111a.png";Confirm;;
Q8;"Do you publish information on the quality of the metadata available on the portal?

For Explanation:
* If yes, please provide the URL to this section. ";yes;"A quantitative report on the quality of metadata is published annually at the following URL: 

https://datos.gob.es/sites/default/files/datosgobes/informe_calidad_metadatos_2023.pdf 

On the other hand, the reports of the automatic federations of data sets that collect details regarding the adjustment of metadata and the reports of broken links in the distributions are accessible only to publisher users and portal administrators.  See evidences: 
https://datos.gob.es/sites/default/files/datosgobes/dimension4_evidenciapregunta_111b.png
https://datos.gob.es/sites/default/files/datosgobes/dimension3_evidenciapregunta_111b_2.png 
https://datos.gob.es/sites/default/files/datosgobes/dimension4_evidenciapregunta_111b_111a.png";Complement;Yes;"Updated quantitative report on the quality of metadata is published annually at the following URL: 

https://datos.gob.es/sites/default/files/datosgobes/informe_calidad_metadatos_2024.pdf"
Q9;"Do you publish guidelines (e.g. written materials) and have tools in place, to assist publishers in publishing high-quality metadata? 

For Explanation:
* If yes, please (1) briefly describe this material and (2) provide the URLs to these materials and/or tools.";new question;new question;Change;Yes;"In addition to the personalized support tasks (from May '23 to May '24, 685 support interactions were carried out with 149 different organizations) there are several guides aimed at both improving the quality of the metadata and the data itself. Specifically:

- Practical Manual to improve Open Data Quality: https://datos.gob.es/en/documentacion/practical-manual-improve-open-data-quality
- How to develop a plan of measures to promote openness and reuse of open data: https://datos.gob.es/en/documentacion/how-develop-plan-measures-promote-openness-and-reuse-open-data
- Practical guide for publishing linked data in RDF: https://datos.gob.es/es/documentacion/guia-practica-para-la-publicacion-de-datos-enlazados-en-rdf 
- Practical guide for publishing spatial data: https://datos.gob.es/es/documentacion/guia-practica-para-la-publicacion-de-datos-espaciales 
- Practical guide for publishing tabular data in CSV format: https://datos.gob.es/es/documentacion/guia-practica-para-la-publicacion-de-datos-tabulares-en-archivos-csv 
- Practical guide for publishing data through APIs: https://datos.gob.es/es/documentacion/guia-practica-para-la-publicacion-de-datos-abiertos-usando-apis 
- Introduction to data anonymisation: Techniques and case studies: https://datos.gob.es/en/documentacion/introduction-data-anonymisation-techniques-and-case-studies
- How to implement Linked Data, real case of the Aragón Open Data portal: https://datos.gob.es/es/documentacion/como-implementar-linked-data-caso-real-del-portal-aragon-open-data 
- Open data in real time: use cases for smart cities: https://datos.gob.es/es/documentacion/datos-abiertos-en-tiempo-real-casos-de-uso-para-ciudades-inteligentes 
- Guide that defines 40 priority data sets to be published by municipalities (an upgrade is currently underway that will increase the set of priority datasets to 80 datasets): https://datos.gob.es/es/documentacion/datos-abiertos-femp-2019-40-conjuntos-de-datos-publicar-por-las-entidades-locales
- Data Visualisation Guide for Local Authorities: https://datos.gob.es/en/documentacion/data-visualisation-guide-local-authorities"
Q10;"Do you set any standards on metadata quality that data providers must abide by (e.g. on the use of licence, minimum metadata describes, use of certain DCAT-AP properties, etc)

For Explanation:
* If yes, please describe the standards you have in place, i.e. what is minimum information the metadata should describe ";new question;new question;Change;Yes;"The national open data policy, reflected in Law 37/2007, mandatory for the General Administration of the State, the Administrations of the Autonomous Communities and the Entities that make up the Local Administration, among other public bodies and the NTI-RSIP that develops specific aspects on reuse of information resources, indicates which metadata is mandatory, specifically, for data catalogs: Name, Description, Publisher, Creation date, Update date, Language, Subjects, Website, Terms of use (license) and information resource(s) (datasets). For datasets: Name, Description, Subjects, Publisher, Distributions. For distributions: access URL, format.

https://www.boe.es/eli/es/res/2013/02/19/(4)/con

We are now working on a new NTI-RISP fully compliant DCAT-AP that will be the current standard for all publishers in the state by the end of this year."
Q11;"Do your open data publication/licensing guidelines provide recommendations for the use of Creative Commons (CC) licences, specifically CC BY 4.0 and CC0?

For Explanation:
* If yes, is this mandatory (e.g. prescribed by law) or recommended?
* Please provide a URL link to the guidelines";new question;new question;Change;Yes;"Currently, the Initiative promotes the use of standard licenses (such as CC BY) for the re-use of public sector information in Spain. However, our current legislation indicates that open data publishers may provide licenses for the re-use of documents, which must be available in digital format and be processable electronically. The conditions incorporated in the licenses must respect the following criteria:

a) They must be clear, fair and transparent.
b) They must not restrict the possibilities of reuse or limit competition.
c) They should not be discriminatory for comparable categories of re-use, including cross-border re-use.

These conditions are compatible with the CC-BY 4.0 license.

These conditions can be viewed at the following URL:
https://datos.gob.es/en/avisolegal
Royal Decree 24/2021: https://www.boe.es/buscar/act.php?id=BOE-A-2021-17910
Royal Decree 1495/2011: https://www.boe.es/diario_boe/txt.php?id=BO

Besides, the personalised audit documents for publishers provide a reference to the wizard for adjusting the re-use conditions of Open Data of the European Data Portal: https://www.europeandataportal.eu/es/training/licensing-assistant 
On the other hand, the training unit is available https://datos.gob.es/en/documentacion/pautas-metodologicas-para-la-apertura-de-datos which contains basic guidelines for choosing the license for the opened data."
Q12;What percentage of the open data available on the national portal is accompanied by licensing information? ;>90%;N/A;Confirm;;N/A
Q13;How many different licences are used on your portal?;1-4;N/A;Confirm;;N/A
Q14;"Besides providing guidelines, are there regular activities conducted or mechanisms in place to  assist publishers in supplying high-quality datasets (metadata quality and data quality)?

For Explanation:
* If yes, please explain the support you provide?";new question;new question;Change;Yes;As indicated above (Q7) individualized audit processes are continually carried out for editors on the quality of the metadata currently published on the portal. Between May 2023 and May 2024, 5 personalized audit jobs were carried out. This process of supporting organizations follows the methodological approach of the Metadata Quality Assessment (MQA) proposed by the European Data Portal, evaluating the quality of metadata based on three complementary dimensions: discovery, interoperability and context. See evidence at: https://datos.gob.es/sites/default/files/datosgobes/dimension3_evidenciapregunta_92b_111a.jpg
Q15;"Does the national portal follow the DCAT-AP framework or, if not, are standards in place to ensure interoperability with DCAT-AP?

For explanation:
* If the  portal follow the DCAT-AP framework, please describe how compliance with DCAT-AP is ensured
* If the portal does not follow the DCAT-AP framework, please describe how interoperability with DCAT-AP is ensured";new question;new question;Change;Yes;"The Spanish specification for the interoperability of data catalogues, NTI-RISP, was defined in 2013 [https://www.boe.es/eli/es/res/2013/02/19/(4)/con] and is DCAT compliant. At this time, it is in the phase of adaptation to the DCAT-AP 2.1.1 specification and will soon be the reference standard for the interoperability of data catalogues in Spain. On the other hand, we are implementing a new national catalog (on CKAN) that will be fully compatible with DCAT-AP; DCAT-AP HVD; GeoDCAT-AP.

Regarding mandatory goals, the current NTI-RISP follows the DCAT-AP guidelines except for the taxonomy of themes where there is some difference in naming in some topic. This is solved by mapping themes before generating the DCAT-AP compatible RDF that is federated at data.europa.eu."
Q16;What is the percentage of metadata on your portal that is DCAT-AP compliant, in terms of mandatory classes? (agent, catalogue, dataset, literal, resource);>90%;;Confirm;;N/A
Q17;What is the percentage of metadata on your portal that uses DCAT-AP recommended classes? (category, category scheme, distribution, licence document);71-90%;;Confirm;;N/A
Q18;What is the percentage of metadata on your portal that uses DCAT-AP optional classes? (catalogue record, checksum, document, frequency);71-90%;;Confirm;;N/A
Q19;"Is there a national extension of the DCAT-AP standard developed for your country? 

For Explanation:
* If yes, please (1) briefly outline the reasons for this decision, and (2) what the main differences between the national variation and the EU standard are.
* If applicable, please provide the URL to the documentation of the national DCAT-AP extension.";yes;The Spanish specification for the interoperability of data catalogues, NTI-RISP, was defined in 2013 [https://www.boe.es/eli/es/res/2013/02/19/(4)/con] and is DCAT compliant. At this time, it is in the phase of adaptation to the DCAT-AP 2.1 specification and will soon be the reference standard for the interoperability of data catalogues in Spain.;Change;Yes;"We plan to have the revision of the current NTI-RISP fully compatible with DCAT-AP ready in the next quarter..

As indicated in Q15, the main diffrence regards the use of vocabularies and the taxonomy of themes where there is some difference in naming in some topic. The latter is solved by mapping themes before generating the DCAT-AP compatible RDF that is federated at data.europa.eu. In the new version of NTI-RISP the use of vocabularies will be mandatory"
Q20;"Do you investigate the most common causes for the lack of DCAT-AP compliance?

For Explanation:
* If yes, what are the main causes for the lack of DCAT-AP compliance?";new question;new question;Change;Yes;The lack of compatibility is detected and corrected through the mapping process indicated in previous questions. This will be fully resolved with the implementation of the new fully compatible NTI-RISP DCAT-AP on the new national portal before the end of this year.
Q21;What is the percentage of datasets whose metadata provides a reference to where the data can be downloaded, or its API accessed (“download-URL” in the DCAT-AP specification)?;>90%;N/A;Confirm;;N/A
Q22;What is the percentage of datasets whose metadata provides a reference to a web page from where the data can be accessed (“access-URL in the DCAT-AP specification)?;51-70%;N/A;Confirm;;N/A
Q23;"Do you use a model (such as the 5-Star Open Data or FAIR) to assess the quality of deployment of data in your country?

For Explanation:
* If yes, please briefly describe.";yes;"The open data initiative has always taken into account the 5-Star Open Data model to classify distributions of data sets based on their publication format. In addition, our Government of Spain’s Data Office, take the FAIR principles as a basis for defining the guiding principles for the data and its infrastructures and facilitate its re-use. The initiative promotes the publication of open data from the 3-Star level of the Open Data scale and recommends progression within said scale. An example of this promotion is the “practical guide for the publication of linked data in RDF” that describes the process of transforming tabular datasets in CSV (3-Star) into linked and semantically enriched data (5-Star): 
https://datos.gob.es/es/documentacion/guia-practica-para-la-publicacion-de-datos-enlazados-en-rdf 
Reference to 5-Star Open Data categorised formats is available at the following URL: 
https://datos.gob.es/es/faq/que-nivel-de-la-escala-de-las-5-estrellas-pertenece-cada-uno-de-los-formatos-disponibles-en";Confirm;;
Q24;"Do you conduct activities to promote and familiarise data providers with ways to ensure higher quality data?

For Explanation:
* If yes, please briefly describe.";yes;"Continuous promotion and dissemination of good practices is carried out to improve the quality of open data and specifically in the availability of data at the higher levels of the 5-Star Open Data scale. Some significant examples are the following: 
- How to enrich data using reconciliation techniques using OpenRefine can be seen in some of the step-by-step visualizations available in the ""Documentation"" section, for example: https://datos.gob.es/en/documentacion/analysis-state-and-evolution-national-water-reservoirs
- Interview with the manager of Open Data Portal of the University of Extremadura who explains the implementation of open data that uses ontological schemes and represents all the data in RDF. This organisation already benefits directly from organising the information it publishes in this way from the enormous potential for extracting and managing information for multiple purposes. One of the results obtained is the automatic generation of the annual research report through SPARQL queries. https://datos.gob.es/es/comunidad-risp/entrevista-adolfo-lozano-director-de-la-oficina-de-transparencia-y-datos-abiertos-de 
- The following URL explains how to implement a 5-Star open data portal from scratch. It describes one of the most advanced initiatives in our country: https://datos.gob.es/es/documentacion/como-implementar-linked-data-caso-real-del-portal-aragon-open-data 
- Finally, mention the training unit https://datos.gob.es/es/documentacion/pautas-metodologicas-para-la-apertura-de-datos where the 5-star scale is explained in the section on choosing formats for publishing the data.";Complement;Yes;"In addition to the examples cited, the importance of publishing high-quality data continues to be disseminated. Among others:
- Article ""Overcoming Data Publishing Challenges with Linked Data Event Streams (LDES)"": https://datos.gob.es/en/blog/overcoming-data-publishing-challenges-linked-data-event-streams-ldes
- Semantically enriched data visualization exercise ""Generating personalized tourist map with ""Google My Maps"": https://datos.gob.es/en/documentacion/generating-personalized-tourist-map-google-my-maps
- Article ""Vinalod: The tool to make open datasets more accessible"": https://datos.gob.es/en/blog/vinalod-tool-make-open-datasets-more-accessible"
Q25;What percentage of datasets are made available under an open licence? ;>90%;N/A;Confirm;;N/A
Q26;What percentage of licences are provided in a structured data format?;>90%;N/A;Change;71-90%;N/A
Q27;What percentage of datasets are provided in an open and machine-readable format?;71-90%;N/A;Change;>90%;N/A
Q28;What percentage of datasets consistely use Uniform Resource Identifiers?;<10%;N/A;Confirm;;N/A
Q29;What percentage of datasets link to other renowned sources to provide additional context for the users, e.g. in a linked data fashion?;<10%;N/A;Confirm;;N/A
I1;"Do you have a definition of open data reuse in your country?
 
For Explanation:
* If yes, please specify it.";yes;"The Law 37/2007 on public sector re-use defines the re-use of open data as a guarantee that must be ensured by all public administrations in Spain. The definition is as follows:  

""The re-use of public sector information consists of the use by natural or legal persons of information generated by public sector bodies, for commercial or non-commercial purposes. Re-use involves, by way of illustration, activities such as copying, disseminating, modifying, adapting, extracting, rearranging and combining the information"".  

Following the incorporation of the provisions of the European Directive 2019/1024, Law 37/2007 includes a series of guidelines to ensure and encourage re-use: Offer data in machine-readable formats, with the highest level of accuracy, accessible, easy to find and locate, massively downloadable, in real time for dynamic data and published together with its metadata.  

In order to inform the public about the key changes to the Law, this summary infographic was produced last March 2023: https://datos.gob.es/en/blog/keys-law-re-use-public-sector-information-spain";Complement;Yes;"The definition included in Law 37/2007, detailed in the previous year's response, is still in force, and work is being done to disseminate it and make it known to society as a whole. Between March and April 2024, a campaign has been carried out to bring this and other definitions related to open data closer to citizens. A series of gifs and an interactive infographic have been created and disseminated on social networks on concepts related to the subject.
•	Interactive infographic: https://datos.gob.es/en/documentacion/glossary-data-related-terms
•	Broadcast on Twitter: https://x.com/datosgob/status/1765775037053731207?s=20
•	Spread the word on LinkedIn: https://www.linkedin.com/feed/update/urn:li:activity:7171519979584897025"
I2;"Are there any processes in place to monitor the level of reuse of your country's open data?
 
For Explanation:
* If yes, please (1) briefly describe these processes and (2) provide the URLs to support the answer.";yes;"The national open data portal (datos.gob.es) contains more than 68,500 federated open datasets and analytics tools are used to monitor the number of visits and downloads.    

Analytics tools, such as Google Analytics, are used to monitor visits and downloads of the datasets in the National Open Data Catalogue. Various customised reports are used to monitor dataset visits, audience type, downloads, etc. See here: https://datos.gob.es/sites/default/files/datosgobes/dimension2_2023_evidencia_pregunta_30.png 

Since 2020, the entity that coordinates the national open data portal, Iniciativa Aporta, started monitoring sectoral communities in relation to open data to encourage their participation. Contact with communities of data re-users is a strategy to measure the impact of open data re-use in Spain.   

Some of the communities that have been contacted over the last year are the geographic data systems (GIS) communities https://datos.gob.es/en/noticia/4-examples-communities-related-geographic-data-and-gis-systems 

- Gis and Beers: http://www.gisandbeers.com/  

- Geovolunteers: https://geovoluntarios.org/  

- GIS Community: facebook.com/ComunidadSIG  

- Geo Developers: https://www.geodevelopers.org/  

On the other hand, users can register applications and companies that reuse open data, and once the information has been checked to corroborate that it is correct, it is included in the portal.  Communication with users can be done through: https://datos.gob.es/en/report";Complement;Yes;"The process of monitoring the re-use of open data from the national open data initiative remains the same. However, it has been adapted to new technological developments in the platform linked to the project in order to track access to the datasets more comprehensively. Over the last year, Google Analytics 4 (GA4) has been implemented, which provides a more accurate measurement of these metrics. For example, to visualise the most popular datasets in real time, a customised and interactive report has been created in Data Studio. See here:
•	https://datos.gob.es/sites/default/files/datosgobes/evidencia_1/evidencia_1.1.png
•	https://datos.gob.es/sites/default/files/datosgobes/evidencia_1/evidencia_1.3.png
Monitoring of companies and applications has also continued. Between June 2023 and May 2024, some 40 success stories have been added/updated to the repositories of applications and companies in datos.gob.es. For the identification of new use cases, two paths have been followed:
•	Social media campaigns to encourage other reuse companies to share their experience with us: https://x.com/datosgob/status/1756941591950815650?s=20
•	Active search, through monitoring of social networks, web portals and media to identify projects likely to use open data. In total, more than 30 additional projects have been identified and contacted to learn more about their use of open data.
With regard to the data communities, work has continued on monitoring the stakeholders already identified, as well as on the active search for new interest groups. In this respect, focus has been put on developer groups such as PyData (ttps://pydata.org/) and research groups such as FISABIO(https://datos.gob.es/en/blog/relevance-open-data-medical-research-case-fisabio-foundation).
In addition, close contact is maintained with all public bodies at regional and local level that carry out their own monitoring of use cases, such as the Junta de Castilla y León (https://datosabiertos.jcyl.es/web/es/aplicaciones.html)or the Zaragoza City Council (https://www.zaragoza.es/sede/portal/datos-abiertos/). This makes it easier to cover the whole of Spain."
I3;"Are there any activities in place to encourage public bodies to monitor the reuse of their own published data (e.g. incentives or obligations in place for public bodies or civil servants of national government)?
 
For Explanation:
* If yes, please (1) briefly describe these activities/incentives and (2) provide the URLs to support the answer.";yes;"-> The current legislation in Spain states all public bodies have the duty to encourage the re-use of their data. Among others, Law 37/2007 requires each organisation to set up the Unit responsible for information, which is entrusted with different functions, including coordinating re-use activities and encouraging promotional, awareness-raising and training activities https://www.boe.es/buscar/act.php?id=BOE-A-2007-19814#:~:text=Subir-,%5BBloque%2017%3A%20%23a1%2D2%5D,-Art%C3%ADculo%2010.bis 

->There is also an agreement between the General State Administration and the public business entity Red.es, valid until May 2027, aimed at promoting openness and reuse of information in the public sector. In this agreement, it is agreed that a general function of promoting the reuse of information in the state public sector will be exercised, developing, to this end, study actions around reusing open data. See more: https://datos.gob.es/sites/default/files/datosgobes/dimension1_2023_evidenciapregunta_17a.png 

->In the last year, work has been carried out on the preparation of different official documents aimed at further encouraging the reuse of open data from the administrations. Among others:  

- Open Data Strategy (in the process of being drafted): https://datos.gob.es/sites/default/files/datosgobes/dimension1_2023_evidenciapregunta_3.png 

- National Open Government Plan: a commitment to use open data in the fight against political corruption and the development of regulations. https://transparencia.gob.es/transparencia/dam/jcr:fbb7d024-51e5-42f5-a31b-d08780e94055/170123%20IV%20PLAN%20DE%20GOBIERNO%20ABIERTO_ACTUALIZACION_EN_def.pdf 

- Data Driven Government Manifesto (draft): https://datos.gob.es/sites/default/files/datosgobes/dimension2_2023_evidenciapregunta_32.png 

- UNE specifications on data governance, management and quality https://datos.gob.es/en/blog/une-specifications-government-management-and-data-quality (All three standards are free of charge upon registration). 

      - UNE Specification 0077:2023 Data Governance: https://tienda.aenor.com/norma-une-especificacion-une-0077-2023-n0071116 

      - UNE Specification 0078:2023 Data management: https://tienda.aenor.com/norma-une-especificacion-une-0078-2023-n0071117 

     - UNE 0079:2023 Specification UNE 0079:2023 Data quality management: https://tienda.aenor.com/norma-une-especificacion-une-0079-2023-n0071118";Complement;Yes;"In addition to the general state regulations mentioned in last year's response (Law 37/2007), work has continued this year to expand the regulatory framework at both local and sectoral level that affects this need. 
To this end, the new Standard Ordinance of the Spanish Federation of Municipalities and Provinces (FEMP) on Data Governance, which has been developed by a multidisciplinary group of experts in the field, and which is offered to the more than 8,000 municipalities in Spain as a model to follow, underlines the importance of measuring usage and offers guidelines to promote the use and monitoring of open data held by municipalities and councils, taking into account their particular needs (https://datos.gob.es/en/blog/new-femp-model-ordinance-data-governance). Among other issues, the ordinance includes:

•	Article 5: Promoting data orientation in the local community. The local authority administration will promote interoperability and the use of data in the local community, and will develop training and dissemination actions to promote the data culture and knowledge of the regulations on transparency and re-use of public information.

•	Article 23: Where one or more data sets are used for the automated formation of administrative acts or other decisions, this fact shall be recorded in the Inventory of data sets and information sources, indicating the nature of those acts and decisions.
References to open data, its use and monitoring in sectoral laws are also included. For example, the Draft Law (PL) on Sustainable Mobility, is committed to a digital and innovative transport system in which open mobility data will play a key role (https://datos.gob.es/en/noticia/boosting-promotion-open-data-through-sustainable-mobility-bill). Among other issues, this law encourages research and the creation of new developments and businesses based on the data generated in the transport and mobility ecosystem. In addition, the Law promotes the creation of a sandbox or testing environment to serve as an incubator for innovative mobility projects. The outcome of the tests will allow the administration to monitor the situation and acquire learning by observing the market in a controlled environment controlled environment.

Likewise, Royal Decree-Law 6/2023, of 19 December, which approves urgent measures for the implementation of the Recovery, Transformation and Resilience Plan for the public service of justice, civil service, local government and patronage, in its chapter 6 linked to Open Data, regulates the Justice Administration Data Portal, which should provide citizens and professionals with processed and accurate information on the activity, workload and other relevant data of all judicial and prosecutorial bodies, services and offices in Spain, provided by the Justice systems in the terms defined by the State Technical Committee for e-Justice Administration.

According to the aforementioned Royal Decree, to this end, the National Judicial Statistics Commission will determine the judicial statistics information to be published on the Portal. Within this Portal there will be a section where the information will be considered as ""open data"""
I4;"Does your country have processes in place to monitor and measure the level of reuse of high-value datasets ((EU) 2023/138)?
 
For Explanation:
* If yes, please specify how and highlight challenges if any. 
* If you are an EFTA or a candidate country to the EU, please select 'not applicable'.";new question;new question;Change;Yes;"So far, the process of monitoring the use of HVD is partly the same as the one followed to measure the degree of re-use of other open data. 
In particular, qualitative analyses are being carried out through the collection of use cases. This procedure is detailed in the document ""Iniciativa Aporta. Implementation Strategy"" and summarised in the article ""Measuring the impact of open data"":
https://datos.gob.es/en/blog/measuring-impact-open-data
In this line, and in relation to the HVDs linked to the INSPIRE directive, i.e. geospatial, earth observation and mobility, a dissemination campaign has been carried out on cases of re-use based on data related to these categories. Specifically, the catalogue of solutions housed in datos.gob.es has been enriched with numerous applications developed based on this type of data.
See here:
https://datos.gob.es/es/aplicaciones?search_api_views_fulltext=Centro+National+Information+Geogr%C3%B3n+Geogr%C3%A1fica+%28CNIG%29&amp;search_submit=Search
These examples of re-use, aimed at reflecting the impact of this type of data, have been disseminated through a recently published note: https://datos.gob.es/es/blog/aplicaciones-de-datos-geograficos-abiertos-del-centro-nacional-de-informacion-geografica
In addition, studies are beginning to be carried out to measure the impact of these data categories. For example, in the case of geospatial data, the following reports have been produced:
•	Geospatial data in the Ministry of Transport and Sustainable Mobility. Impact of information co-produced by IGN and CNIG (2024). https://www.idee.es/resources/documentos/CNIG-ES_Cost_Benefit_Central_SDI_Node_v018.pdf
•	ICEARAGON and ARAGEA performance report by the Government of Aragon (2024), where it is estimated that these services have resulted in savings of almost two million euros for all Aragonese in 2023. https://www.aragon.es/documents/d/guest/informe_rendimiento_2023

The summary of both reports is available here: https://datos.gob.es/en/blog/what-value-open-geographic-data

In parallel to the collection of use cases linked to HVD, a series of analyses are being carried out to identify the high-value data available in Spain:

•	Statistical data:  https://ine.es/ss/Satellite?L=es_ES&c=INEmasNoticia_C&cid=1259954427449&idp=1254736092075&pagename=masINE%2FmasLayout ; https://datos.gob.es/en/blog/high-value-statistical-datasets-foreseen-national-statistical-plan-2021-2024 
•	Geospatial data: https://datos.gob.es/en/blog/complying-europe-inspire-and-high-value-geospatial-assemblies-regulation
•	Earth observation and environmental data: https://datos.gob.es/es/blog/cumpliendo-con-europa-el-reglamento-de-conjuntos-de-alto-valor-de-observacion-de-la-tierra-y
•	Content relating to the remaining high-value categories will be published soon, currently available here:
o	https://datos.gob.es/sites/default/files/datosgobes/evidencia_2/evidencia2.png
o	https://datos.gob.es/sites/default/files/datosgobes/evidencia_2/evidencia3.png"
I5;"Has your government specified what 'impact of open data' means (e.g. in a strategy document)?
 
For Explanation:
* If yes, how do you define the impact of open data in your country? 
* If possible, please provide a URL to a public document describing it.";yes;"The Aporta Initiative, the Spanish government's current national strategy, has been working and developing actions under the premise that measuring the impact of open data must be done from both a qualitative and quantitative point of view (see more: https://datos.gob.es/en/blog/measuring-impact-open-data ). Currently, in the Initiative's implementation strategy, the following definition is included in the section ""Definition and application of progress and impact indicators"":  

Within the framework of the Aporta Initiative, impact is understood as: any positive effect or benefit obtained directly or indirectly for individuals, communities or society, which occurs over a certain period and which results from the development of different activities in each area characterised using open data to an end.   

Link to the strategy: https://datos.gob.es/sites/default/files/datosgobes/iniciativa_aporta_-_estrategiaejecucion_2021_v01.pdf (page 5)  

The new national open data strategy, which is currently under development, continues to underline the need to further specify and work on the definition of impact indicators for open data policies to evolve from more quantitative to more qualitative measures. See here:   

https://datos.gob.es/sites/default/files/datosgobes/dimension2_2023_evidenciapregunta_34.png";Confirm;;
I6;"Do you have a methodology in place to measure the impact of open data in your country?
 
For Explanation:
* If yes, please briefly describe the key points of this methodology.";yes;"-> In the section ""Definition and application of progress and impact indicators"" from the document ""Iniciativa Aporta. Implementation Strategy"", is stated:   

Attention will be paid to the definition and regular maintenance of progress and impact indicators for the opening and re-use of public sector information. To this end, and being aware of the difficulty involved in measuring impact, we will work on the approach to impact measurement that we have been following from the open data and reuse of public information initiative of the Government of Spain and which is inspired by the recommendations provided by several guides that we consider to be of reference in this aspect: the UNE 178301:2015 standard, the framework of common methods for the evaluation of open data, the guide for the empirical analysis of government open data initiatives and the taxonomy of the impact of open data. (...)  

See more here: https://datos.gob.es/sites/default/files/datosgobes/iniciativa_aporta_-_estrategiaejecucion_2021_v01.pdf (page 5)  

The method used to measure this impact is based on the two main components mentioned above: a quantitative analysis through indicators on data publication and its characteristics, and a qualitative analysis through the collection of data use cases. More details here: https://datos.gob.es/en/blog/measuring-impact-open-data   

->In addition to this methodology, the Asociación Multisectorial de la Información (ASEDIE), which brings together the infomediary companies in our country, periodically develops reports on the impact of open data on public and private companies in Spain.  

https://datos.gob.es/en/noticia/11th-edition-asedies-infomediary-sector-report-available  

In order to measure the economic impact of the reuse of data, a methodology is developed that has proven to be effective year after year. See details in the Chapter 2 of the report: https://static1.squarespace.com/static/600a99c4d2a8133c3599fc67/t/6447cfd13b93713076afc842/1682427878064/Asedie+Report+2023+VF.pdf";Complement;Yes;"During this year a new methodology proposal has been created to measure the impact of open data in Spain: https://encuentrosdatosabiertos.es/wp-content/uploads/2024/05/Reto-3-%E2%80%93-Metodologias-para-medir-el-impacto-del-dato.pdf. This reference document, developed by a multidisciplinary working group from different public administrations and universities, was presented during the III National Meeting on Open Data.
In addition, work has been carried out this year to refine the methodology outlined in the 2023 response. To this end, a report has been produced which analyses existing best practices for measuring the impact of open data in Europe, based on the Open Data Maturity Study 2022. The report provides a comparative analysis of the countries that have scored above 500 points in the Impact dimension, regardless of their overall score and position in the ranking. On this basis, it draws recommendations and good practices that aim to provide ideas on how to improve the impact of open data on each indicator. https://datos.gob.es/sites/default/files/doc/file/informe-buenas-practicas-en.pdf.
Agencies and foundations are also working to develop methodologies to measure the impact of data. For example, the COTEC Foundation's report, The Reuse of Open Data 2024, includes a section called ""2.3. Methodology for studying the re-use of published data"", which details the methodology followed. https://cotec.es/proyectos-cpt/la-reutilizacion-de-datos-abiertos-2024/"
I7;"Is there collaboration between government and civil society or academia to create open data impact in your country?

For Explanation:
* If yes, please provide an example
* If possible, URLs to such projects and collaborations.";yes;"Different public organizations have signed agreements with universities and organizations to promote the use of open data and create impact. Some examples include: 

-> ASEDIE (Multisectoral Association of Information) has signed collaboration agreements with different institutions, including: 

- With the Complutense University of Madrid to align experimental phases and doctoral studies related to measuring the value of public data. See here: https://www.asedie.es/s/CONVENIO-LA-UNIVERSIDAD-COMPLUTENSE-DE-MADRID-Y-ASEDIE-VF-2022.pdf 
- With the Madrid City Council and the Junta de Castilla La Mancha to advance the improvement of access to public information, promoting the maximum opening of public data and its reuse. See here: https://static1.squarespace.com/static/600a99c4d2a8133c3599fc67/t/6287794e16eb0532cb53c89f/1653045582869/PROTOCOLO+CASTILLA-LA+MANCHA-ASEDIE%5B2%5D.pdf 
-> Different public organizations are signing collaboration agreements with universities to encourage the creation of social value around data. Examples of these include: 
- The Valencian Community approved a collaboration agreement with the Polytechnic University of Valencia to promote the development of activities related to transparency and open data in 2023: https://datos.gob.es/en/noticia/valencian-community-collaborates-polytechnic-university-valencia-transparency-and-open-data 
- The Junta de Castilla y León and the University of Valladolid signed an agreement for the development and operation of the Chair of Transparency and Open Government: https://comunicacion.jcyl.es/web/jcyl/Comunicacion/es/Plantilla100Detalle/1284877983892/NotaPrensa/1285258921855/Comunicacion 
- The Provincial Council of Córdoba has signed an agreement with the University of Córdoba that materialized in the Eprinsa Chair of Digital Transformation: https://www.uco.es/ucoeprinsa/ 
The Valencian Community and the Universitat Jaume I de Castellón (UJI) jointly promote the Chair of Public Transparency that will carry out activities related to transparency, access to information, good governance, open data and institutional integrity. https://www.ondacero.es/emisoras/comunidad-valenciana/castellon/noticias/uji-consell-impulsan-catedra-transparencia-publica_2023012063ca7ddfeb5eb6000192541f.html 
-> The Government of the Canary Islands has requested to join the International Open Government Alliance and will strengthen collaboration with local entities on the islands to mainstream the policies of Open Government.";Complement;Yes;"In addition to the agreements published during previous years, more agreements have been signed in recent months to promote openness and data sharing, as well as related capacity building. Some examples are:
•	The Government of Navarre signed an agreement with the Public University of Navarre (UPNA) to disseminate datasets on its structure, activity, economic data and staff: https://www.navarra.es/es/-/nota-prensa/el-portal-de-datos-abiertos-de-navarra-incorpora-informacion-aportada-por-la-upna-reutilizable-por-entidades-y-particulares
•	The University of Burgos has implemented an open science policy to foster collaboration and knowledge sharing and provide equal access to scientific and research work to foster collaboration and knowledge sharing and to provide equal access to scientific and research work: https://www.ubu.es/bibliometria/politica-de-ciencia-abierta-de-la-universidad-de-burgos
•	The Carlos III University of Madrid (UC3M) has joined forces with the Regional Government of Madrid to constitute the Chair on Territorial Dynamism which will promote research and the development of open data analysis activities, among others: https://cadenaser.com/cmadrid/2023/11/30/la-uc3m-tambien-tendra-una-catedra-sobre-dinamismo-territorial-de-la-mano-de-la-comunidad-de-madrid-ser-madrid-sur/
•	The Generalitat Valenciana has renewed the collaboration agreement between the Presidency and the Miguel Hernández University (UMH) to carry out activities on transparency, access to public information, good governance, open data and institutional integrity during 2024: https://cadenaser.com/comunitat-valenciana/2024/05/07/el-consell-renueva-la-colaboracion-con-la-universidad-miguel-hernandez-en-materia-de-transparencia-buen-gobierno-y-datos-abiertos-radio-elche/
•	The Ministry of Agriculture, Fisheries and Food has signed an agreement with the Datagri forum, made up of various agricultural cooperative organisations, etc. The agreement covers both the next two editions of the forum and the study and analysis of the impact on the agri-food sector of the European regulatory framework on the governance, management and use of agricultural data. https://www.mapa.gob.es/es/prensa/ultimas-noticias/el-ministerio-de-agricultura-pesca-y-alimentaci%C3%B3n-consolida-su-apoyo-al-foro-datagri-para-impulsar-la-transformaci%C3%B3n-digital-del-sector-agroalim/tcm:30-664802 
•	The Agreements Commission of the Universidad Rey Juan Carlos approved in ordinary session the subscription of the Agreement between the university institution and ASEDIE, for the creation of the Observatory on Open Data Reuse. https://www.asedie.es/es/blog/convenio-entre-la-urjc-y-asedie-para-la-creacin-del-observatorio-open-data-reuse"
I8;"Have any public bodies in your country launched or performed any activities in the past year to understand which and how (open) datasets are reused?

For Explanation:
* If yes, which of the following activities?
* Multiple answers are possible.";yes;N/A;Confirm;Yes;N/A
I8-a;Automated feedback mechanisms tracking users´ access to datasets;new question;new question;Change;Yes;"Most open data portals have analytics mechanisms in place. In the case of datos.gob.es,automated tracking of user access to datasets is performed at several levels:
1.- Capture: quantitative data on users accessing the portal are analysed and interpreted, as well as the user's channel of origin, and the different segmentations by geographical location, devices used and the flows of pages accessed.
In addition, the queries made by the user to access the portal via search engines are analysed. The tools used are GA4 and Google Search Console. This analysis seeks to identify quantitative data patterns, most-consumed content and trends.
2.- Interaction: User interactions within the dataset are analysed. In order to know user interactions, interaction elements have been configured in the tag manager tool that transfers the data to the analytics tool. The configured elements provide us with information on user actions, the most consumed formats, interaction times and conversions.
3.- Qualitative data: Qualitative tools such as Hotjar or Clarity are used to automate the collection of data on user behaviour within a page. Data on scrolling, clicks and heat maps are also extracted for each page. Analysis of this data allows modifications to be made to optimise the user experience.
4.- Visualisation: the above points are transferred to an automated visualisation tool integrated with the above tools, which provides real-time data capture and interaction data, facilitating the understanding of the data. 
See information here:
•	https://datos.gob.es/sites/default/files/datosgobes/evidencia_1/evidencia_1.1.png
•	https://datos.gob.es/sites/default/files/datosgobes/evidencia_3/evidencia_3_alternativa.png"
I8-b;Surveys;new question;new question;Change;Yes;"Datos.gob.es carries out an annual survey asking various public bodies how they measure and use open data: https://datos.gob.es/es/evaluacion-del-ecosistema-de-los-datos-publicos-reutilizables-en-espana-2024
The results of this survey allow to identify activities that have been developed to understand which open datasets have been reused and in what way. Most municipalities, for example, have reused open datasets from the National Statistics Institute (https://www.ine.es/dynt3/inebase/es/index.htm?padre=1402&amp;capsel=3909) or the Cadastre (https://www.sedecatastro.gob.es/Accesos/SECAccDescargaDatos.aspx) to improve the quality of citizen services and improve decision-making. Viladecans City Council (Barcelona), for example, has also used open datasets from the 'Portal de Dades Obertes de Catalunya' (https://analisi.transparenciacatalunya.cat/es/) to measure SDG compliance, create more environmentally friendly cities and even create new business opportunities.

On the other hand, within the framework of the III National Open Data Meeting, a self-assessment was developed that allows to know the level of impact that open data has on an organisation: https://docs.google.com/forms/d/e/1FAIpQLSeYilceLbdeKl21rW5T-otxqix5rgBb_CghbrCu8cwZFI1deg/viewform"
I8-c;Interviews/workshops with reusers;new question;new question;Change;Yes;"Over the past year, physical and virtual meetings have been held with open data re-users to find out which datasets they are most interested in, how they re-use them and identify possible needs and strategies for improvement in publishing.

Open Data Barcelona Initiative held a workshop for re-users to identify the 50 most important open data sets with social purpose on its portal (https://www.iniciativabarcelonaopendata.cat/es/ranking-50datasets-sociales/). This collaborative action that spread on social networks through the hashtag #50Datasets has resulted in a public and open repository of data, this resource aims to encourage the reuse of open data by facilitating its location: https://docs.google.com/spreadsheets/d/1hhIZTHLREWTvaBVfx2GmH4tT829Phs-MY7qGsFEVyvU/edit#gid=379167220"
I8-d;Other;new question;new question;Change;Yes;On the other hand, there are also data competitions that serve to establish partnerships between open data portals and re-users. An example of this is the Open Data Competition of Castilla y León, which this year celebrated its seventh edition: https://datosabiertos.jcyl.es/web/es/concurso-datos-abiertos/concurso-datos-abiertos.html
I9;"Have any public bodies in your country launched or performed any activities in the past year to better understand reusers' needs in order to further stimulate the reuse of open data?

For Explanation:
* If yes, which of the following activities have been performed? Please describe how the activity has helped you better stimulate reuse.
* Multiple answers are possible.";Yes;N/A;Confirm;Yes;N/A
I9-a;Regular feedback sessions with portal users ;new question;new question;Change;Yes;From datos.gob.es, feedback meetings have been held with research groups that use open data to develop their work. The aim of these meetings was to learn about the current uses that these reuse communities make of open data and to identify any needs they may have. In addition, all requests from users of the portal, whether via social networks, email or telephone, are dealt with.
I9-b;Social media sentiment analysis ;new question;new question;Change;Yes;To analyse user sentiment, information is collected from social media variables such as mentions, comments, shares and likes. Such interactions help to understand how users feel about open data reuse utilities and publications. The information is collected, on the one hand, automatically through the Metricool tool that integrates all the sentiment variables of each social network. On the other hand, a manual analysis is carried out by classifying mentions and comments by category for further analysis.
I9-c;Other;new question;new question;Change;Yes;"Some agencies organised workshops on data mining and visualisation with re-users to understand their needs and seek solutions to boost the re-use of open data. One example is the meeting of the Open Data and Transparency Observatory of the Polytechnic University of Valencia:
https://www.youtube.com/watch?v=JxgmJr91yKo"
I10;"Have any public bodies in your country developed any systematic way of gathering reuse cases?

For Explanation:
* If yes, please provide a brief explanation of the process: How does the gathering happen? ";yes;"The various state, regional, and local open data initiatives have implemented improvements in their strategies for collecting cases of reuse. 

The different state, regional, and local open data initiatives carry out various mechanisms to collect cases of reuse: 

Tracking of applications and companies: through observation and active search actions, as well as the availability of forms for companies or applications that wish to register their information. 

Quantitative analysis: using web analysis tools or conducting periodic surveys and studies. 

Participation in data communities: to stay informed of developments in the field of reuse and exchange knowledge and experiences that allow aligning the data publication strategy with the needs of reusers. 

As a result of these efforts, many initiatives display a gallery of examples of applications made with the open data they publish on their websites. These sections serve as a reference and inspiration for the creation of new value-added services. Some examples are: 
- Junta de Aragón: https://opendata.aragon.es/informacion/aplicaciones-hechas-con-datos-abiertos-en-aragon-open-data 
- Junta de Andalucía: https://www.juntadeandalucia.es/datosabiertos/portal/aplicaciones/buscador-apps 
- Govern Illes Balears: https://www.caib.es/sites/opendatacaib/ca/casos_de_re/ 
- Ayuntamiento de Barcelona: https://opendata-ajuntament.barcelona.cat/es/aplicacions 
- Ayuntamiento de Cáceres: http://opendata.ayto-caceres.es/aplicaciones 
- Junta de Castilla y León: https://datosabiertos.jcyl.es/web/es/aplicaciones.html 
- Gobierno de Euskadi: https://www.opendata.euskadi.eus/ideas-ejemplos/ 
- Ayuntamiento de Madrid: https://datos.madrid.es/portal/site/egob/menuitem.400a817358ce98c34e937436a8a409a0/?page=3&vgnextoid=994612b9ace9f310VgnVCM100000171f5a0aRCRD&vgnextfmt=default&vgnextchannel=994612b9ace9f310VgnVCM100000171f5a0aRCRD 
- Ayuntamiento de Málaga: https://datosabiertos.malaga.eu/aplicaciones 
- Ayuntamiento de Santander: http://datos.santander.es/applications/ 
- Concello de Vigo: https://datos.vigo.org/es/aplicaciones-visualizadores/ 

In addition to these repositories of use cases, as mentioned in question 30, the datos.gob.es platform has two catalogs that reference and detail examples of reuse. One of them, aimed at collecting applications, includes 425 examples. The second, referring to companies, documents in detail 87 companies that develop solutions based on these. 
- Applications: https://datos.gob.es/en/aplicaciones 
- Companies: https://datos.gob.es/en/casos-exito";Complement;Yes;"The identification of use cases is a continuous activity over time. Over the last year, the number of applications, services and business models that use open data has continued to grow and as such has been reflected in the repositories of applications and companies reusing data.gob.es:
•	Companies: 452
•	Aplicaciones: 90
All this is the result of continuous work in:
•	Quantitative analysis, visits to datos.gob.es datasets have grown by 48% over the last year.
In addition, public bodies together with universities have developed a systematic methodology to identify and classify use cases of open data reuse:
https://encuentrosdatosabiertos.es/wp-content/uploads/2024/05/Reto-3-%E2%80%93-Metodologias-para-medir-el-impacto-del-dato.pdf"
I11;"Are there any public bodies in your country that have developed a systematic ways of classifying the gathered reuse cases?

For Explanation:
* If yes, please provide a brief explanation of the process: According to which categories are reuse cases classified (e.g. by policy field)?";yes;"The classification of use cases, as with datasets, is based on different criteria. In the case of the national platform, datos.gob.es, which brings together a large part of the applications published by other data portals, different criteria are followed. These are: 

- Categories/themes related to the documented solution. These categories are included in the Technical Interoperability Standard for Information Resource Reuse, which establishes the reference for the categories of datasets collected: https://datos.gob.es/sites/default/files/doc/file/boe-a-2013-2380.pdf 

- Platform for which the solution is developed 

- Publication date 

- Aspects covered by the application (tags)";Complement;Yes;"Over the last year, the national catalogue of open data has been enriched following the classification of the TSI (Technical Standard for Interoperability).

At the regional level, many portals have developed strategies to classify use cases according to sectors as determined by NTI. Examples include the Andalusian open data portal (https://www.juntadeandalucia.es/datosabiertos/portal/) or the Canary Islands open data portal (https://datos.canarias.es/portal/impacto/aplicaciones/).

But the main progress we have identified this year has been at the local level, many city councils have started to identify and classify use cases of open data at the political level, as in Bilbao (https://www.bilbao.eus/opendata/es/aplicaciones) or the City Council of Malaga, which this year has opted for open data(https://datosabiertos.malaga.eu/)."
I12;"Is any data on the impact created by open data on governmental challenges (e.g. efficiency, effectiveness, transparency, decision-making capacity) available in your country such as from research studies, impact assessments, or other systematic investigations that quantify the results or broader effects of open data being reused?

For Explanation:
* If yes, please (1) specify what kind of data source proves this impact and (2) provide the URLs to this data.";yes;"There are different studies and reports that help evaluate the impact that open data has on the achievement of government objectives. Some of them are: 

- In recent months, the report ""Open data to meet Sustainable Development Goals"" has been developed, which will be published in early June. The document goes through the dual role that open data plays in supporting the measurement of progress towards achieving the SDGs. See more here: https://datos.gob.es/sites/default/files/datosgobes/dimension2_2023_evidenciapregunta_40.png 

- The report ""The value of open data and use cases,"" published in April 2022, includes conclusions on the impact of some reuse of open data carried out by civil society through the organization CIVIO, such as: 

More than 17 million people can know where their taxes are going, by providing information on budget management by administrations. 
Three and a half million people are informed about public life management and decisions. 

See more here: https://governobert.gencat.cat/web/.content/01_Que_es/04_Publicacions/colleccio_govern_obert/GovernObert_8/Govern-Obert_8_angles.pdf 

- In the conclusions of the event held last June 2022 in Madrid on ""Open Government: for all people,"" it was shown how open data helps in building a more inclusive Spain. See more here: https://www.administracionpublicadigital.es/proyectos/2022/07/de-que-manera-ayudan-los-datos-abiertos-en-la-construccion-de-una-espana-mas-inclusiva";Complement;Yes;"The COTEC Foundation report, Open Data Reuse 2024 - Cotec (https://cotec.es/proyectos-cpt/la-reutilizacion-de-datos-abiertos-2024/) estimates that 29% of public bodies reuse open data on a daily basis. In addition, 6.5% reuse them frequently. Only 3.5% claim never to use open data.

In addition, the report analyses various use cases of open data in the public sector. In the improvement of public administration services (AA. PP.), in 2023 the figure for the categories ""frequently"" and ""always"" is 38.70%, while in 2021 it was 30.50%, in 2019 it was 46.40%, and in 2017 it was 33.30%.
Link: https://cotec.es/proyectos-cpt/la-reutilizacion-de-datos-abiertos-2024/

Another report analysing the re-use of open data in the public sector is ""Successful open data initiatives and re-use of public sector information"" by the National Institute of Public Administration.
Link: https://www.publicacionesinap.es/products/iniciativas-de-exito-de-datos-abiertos-y-reutilizacion-de-la-informacion-del-sector-publico-ebook?_pos=4&amp;_sid=bfcc34ad3&amp;_ss=r-"
I13;"Is the use of open data in your country having an impact on the efficiency and effectiveness of the government (at any level) in delivering public services? 

For Explanation:
* If yes, please provide an example of one reuse case. For this reuse case, please provide (1) a URL to the reuse case, (2) a URL to the open dataset used by the reuse case, and (3) a description of the reuse case and its impact in this sub-domain.";new question;new question;Change;Yes;"•	Description: The ""Badajoz Es Más"" project is an initiative carried out by the Provincial Council of Badajoz with the aim of achieving more efficient services, improving the quality of life of its citizens and promoting entrepreneurship and innovation through technology and data governance.  The solution offers the possibility to integrate data from all 135 municipalities in the region.  It includes different dashboards, which can serve both a specific municipality or locality, as well as provide an overview of all services and data at the level of the Provincial Council. Based on this data, various solutions have been developed and implemented in a simple and unified way in multiple municipalities, e.g. for traffic control, environmental management, tourism management, etc. This centralisation of resources saves costs and improves efficiency.

•	Use case link:
        https://datos.gob.es/en/noticia/badajoz-es-mas-smart-provincia-platform-unified-data-management
        user platform:
        https://provinciadigital.badajoz.es:8443/pentaho/api/repos/%3Apublic%3ACdM%20Publico%3AActual%3ACdM_Publico%3ACdM_Publico.wcdf/generatedContent 

•	Dataset: https://datosabiertos.dip-badajoz.es/"
I14;"Is the use of open data in your country having an impact on transparency and accountability of public administrations?

For Explanation:
* If yes, please provide an example of one reuse case. For this reuse case, please provide (1) a URL to the reuse case, (2) a URL to the open dataset used by the reuse case, and (3) a description of the reuse case and its impact in this sub-domain.";new question;new question;Change;Yes;"•	Description: ELISA: The Plan in Figures is a tool launched by the Spanish government to visualise updated data on the implementation of the investments of the Recovery, Transformation and Resilience Plan (PRTR). This tool provides information on the number of companies and households that have received funding, the size of the beneficiary companies and the investments made in the different levers of action defined in the Plan. It also provides details of the funds managed and executed in each Autonomous Community.

•	Use case link: https://planderecuperacion.gob.es/ejecucion/elisa-el-plan-en-cifras 

•	Dataset:
        https://www.pap.hacienda.gob.es/bdnstrans/GE/es/inicio
        https://www.hacienda.gob.es/es-ES/GobiernoAbierto/Datos%20Abiertos/Paginas/licitaciones_plataforma_contratacion.aspx"
I15;"Is the use of open data in your country having an impact on policy-making processes (i.e. are public administrations making use of the data as evidence for the problem identification and policy formulation)? 

For Explanation:
* If yes, please provide an example of one reuse case. For this reuse case, please provide (1) a URL to the reuse case, (2) a URL to the open dataset used by the reuse case, and (3) a description of the reuse case and its impact in this sub-domain.";new question;new question;Change;Yes;"•	Description: The Housing Act passed in 2023 is focused on the regulation and control of rental prices in so-called stressed areas: areas where housing market conditions (rental prices or mortgage costs) mean that there is a risk of insufficient supply for the needs of the population. The law establishes a rent price index for this area, available here: https://serpavi.mivau.gob.es/. Data from the Tax Agency, Cadastre, INE, Ministry of Housing, etc. have been used to elaborate this system.

•	Use case link: https://www.mivau.gob.es/vivienda/alquila-bien-es-tu-derecho/serpavi/consultar-zonas-de-mercado-residencial-tensionado 

•	Dataset:
        https://ine.es/ss/Satellite?c=Page&amp;cid=1259942408928&amp;p=1259942408928&amp;pagename=ProductosYServicios%2FPYSLayout
        https://www.sedecatastro.gob.es/Accesos/SECAccDescargaDatos.aspx
        https://sede.agenciatributaria.gob.es/Sede/gobierno-abierto/reutilizacion-informacion/datos-disponibles-catalogo-datos-abiertos-tributaria.html"
I16;"Is the use of open data in your country having an impact on decision-making processes (i.e. are public administrations making use of the data as evidence to be included in their daily operations)?

For Explanation:
* If yes, please provide an example of one reuse case. For this reuse case, please provide (1) a URL to the reuse case, (2) a URL to the open dataset used by the reuse case, and (3) a description of the reuse case and its impact in this sub-domain.";new question;new question;Change;Yes;"•	Description: The city of Denia has implemented a digital twin to identify patterns and trends, assess accessibility to tourism resources, plan new tourism infrastructures and make data-driven decisions. For the construction of the digital model, public data sources have been used, such as information on buildings from the General Directorate of Cadastre and the point cloud in LIDAR format published by the National Geographic Institute (IGN), as well as a base layer on hotel accommodation in Denia, whose information has been collected from the open data portal of the Valencian Community and verified by the Denia Town Council. This and other information makes it possible to segment tourist spending by areas and to know the areas with the highest concentration of national and international visitors, which translates into an x-ray of the areas with the most activity, a key piece of information for the destination that is used to make decisions. The analysis of traffic, origin and correlation of visitor increases in the city or its surroundings has great potential when it comes to forecasting public services and promoting areas close to tourist attractions, events, new activities or companies.

•	Use case link: https://www.esmartcity.es/2024/03/07/gemelo-digital-denia-monitoriza-datos-turisticos-mejorar-planificacion-gestion-promocion-destino 

•	Dataset:
        https://www.sedecatastro.gob.es
        https://dadesobertes.gva.es/es/dataset?q=alojamiento
        https://pnoa.ign.es/pnoa-lidar/mapa-lidar"
I17;"Is any data on the impact created by open data on social challenges (e.g. inequality, healthcare, education) available in your country such as from research studies, impact assessments, or other systematic investigations that quantify the results or broader effects of open data being reused?

For Explanation:
* If yes, please (1) specify what kind of data source proves this impact and (2) provide the URLs to this data.";No;"RESPONSE TO REVIEWERS:

For the time being, we do not know what methodology should be followed to measure in precise figures the social impact of the data. The European data portal team itself has acknowledged that measurement approaches are always and must always be ""indirect"". This is the reason why we understand that the examples included in the initial answer are valid.  
 
This is the reason we add one more to the examples already referred to. This is:

.- Thanks to the development of a tool and the use of open data, the civic organization CIVIO quantifies in detail what is the situation of medical health centers in Spain and helps the citizen to choose which is the best option. The beneficial effect of the use of open data is indirectly quantified.   See more: https://civio.es/medicamentalia/buscador-presion-asistencial-atencion-primaria/ 
 
......................

There are different studies and reports that help evaluate the impact that open data has on the fulfillment of government objectives. Some of them are: 

-> Poverty and inequality in Euskadi: the role of Guaranteed Income. 

- Source of open data used: https://www.euskadi.eus/informacion/encuesta-de-pobreza-y-desigualdades-sociales-epds/web01-s2enple/es/ 
- Impact data: see result from page 16 of the report: https://iseak.eu/wp-content/uploads/2020/04/pobreza-y-desigualdad-en-euskadi-el-papel-de-la-rgi-2022-10-14-pobreza-y-desigualdad-en-euskadi-el-papel-de-la-rgi.pdf 

-> Research from the Foundation for the Promotion of Health and Biomedical Research of the Valencian Community together with the Prince Felipe Research Center for the development of a model to organize data from images of anatomical regions. 

- Source of open data used: https://bimcv.cipf.es/bimcv-projects/bimcv-covid19/ 
- Impact data: This model was applied to open data from the medical image bank of the Valencian Community, obtaining a relevant impact on research for the improvement of the regional health system. See here: https://bimcv.cipf.es/bimcv-projects/dismed/ 

-> Report from the Ministry of Equality on the impact of the COVID-19 pandemic on gender-based violence in Spain. 

- Sources of open data used for the report, among others: http://estadisticasviolenciagenero.igualdad.mpr.gob.es/ 
- Impact data referred to in the report: see chapter 8 of the report: https://violenciagenero.igualdad.gob.es/violenciaEnCifras/estudios/investigaciones/2022/pdf/Estudio_Impacto_COVID-19.pdf 

-> Report from the Ministry of Universities on data and figures from the Spanish university system. 

- Sources of open data used for the report, among others: https://datos.gob.es/es/catalogo?_publisher_display_name_limit=0&publisher_display_name=Ministerio+de+Universidades 
- Impact data referred to in the report: see Executive Summary (pg. 11) of the report: https://www.universidades.gob.es/wp-content/uploads/2023/04/DyC_2023_web_v2.pdf 

-> The Aragón Open Data initiative has developed the studies ""The role of aggression and maladjustment in the teacher-student relationship on burnout in secondary school teachers"" (https://www.frontiersin.org/articles/10.3389/fpsyg.2022.1059899/full) and ""Global Regularity and Local Variability of Space-Time Patterns of COVID 19 in Aragón (Spain)"" (https://bage.age-geografia.es/ojs/index.php/bage/article/view/3276).";Change;Yes;"The COTEC Foundation report, https://cotec.es/proyectos-cpt/la-reutilizacion-de-datos-abiertos-2024/ also includes information on reuse of open data by professional non-profit reusers (NGOs, foundations, individual non-profit developers and other social initiatives). In 2023, 29% use open data sometimes or almost never, although 58% of respondents did not answer this question. In the case of 2021, 13.9% use them frequently or always, while in 2019 they were 31.7% and in 2017 22.2%.
With respect to the sector of activity, in the healthcare field 3.2% use open data on a daily basis and 9.7% frequently. However, no positive responses were obtained in the healthcare and social services fields.
On the other hand, according to the 12th edition of Asedie's infomediary sector report (https://www.asedie.es/es/informes-anuales), infomediary companies related to the cultural sector had a turnover of 5.5 million. This type of company accounts for 3% of the total."
I18;"Is the use of open data in your country having an impact on society´s ability to reduce inequality and better include minorities, migrants, and/or refugees? 

For Explanation:
* If yes, please provide an example of one reuse case. For this reuse case, please provide (1) a URL to the reuse case, (2) a URL to the open dataset used by the reuse case, and (3) a description of the reuse case and its impact in this sub-domain.";new question;new question;Change;Yes;"•	Description: The Ministry of the Interior periodically publishes statistical data on asylum and refugee applications, as well as the number of applications that have been approved in each time period. Through the analysis of this information, organisations such as CEAR (Spanish Commission for Refugee Aid) prepare studies with requests for improvements in policies and administrative procedures to be taken into account by the government when extending rights to refugees.
•	Use case link: https://masquecifras.org/
•	Dataset: https://proteccion-asilo.interior.gob.es/es/datos-e-informacion-estadistica/"
I19;"Is the use of open data in your country having an impact on issues about housing in urban areas? 

For Explanation:
* If yes, please provide an example of one reuse case. For this reuse case, please provide (1) a URL to the reuse case, (2) a URL to the open dataset used by the reuse case, and (3) a description of the reuse case and its impact in this sub-domain.";new question;new question;Change;Yes;"There are several projects that reuse open datasets to understand the housing situation and the supply of tourist flats in certain cities and areas of Spain. One example is TData, promoted by the Department of Innovation, Universities, Science and Digital Society of the Generalitat Valenciana (https://tdata.dlsi.ua.es/), which quantifies the number of tourist flats in the Valencian Community.

Another use case that has been made possible by the reuse of open data on housing demand cross-referenced with rental prices is a journalistic project that shows a street-by-street map of rental prices.

•	Description:  The rental price map allows to know what percentage of their income each tenant has to spend in order to be able to rent their home in a given territory. The article analyses open data and draws relevant conclusions to understand the current housing situation in Spain.

•	Use case link: https://www.eldiario.es/economia/mapa-precio-alquiler-calle-calle-descubre-vivir-gastar-tercio-ingresos_1_10798087.html

•	Dataset: Data sets provided by the Ministry of Housing:  https://datos.gob.es/es/catalogo?q=Ministerio+of+Housing&amp;sort=score+desc%2C+metadata_created+desc"
I20;"Is the use of open data in your country having an impact on the issues of health and wellbeing? 

For Explanation:
* If yes, please provide an example of one reuse case. For this reuse case, please provide (1) a URL to the reuse case, (2) a URL to the open dataset used by the reuse case, and (3) a description of the reuse case and its impact in this sub-domain.";new question;new question;Change;Yes;"•	Description: Through this scorecard, information on health centres, patients, professionals, complaints, available technologies, etc. is made available to citizens in a visual and simple way. It provides information on healthcare pressure in the region, as well as the reasons for complaints, valuable information for taking action to improve the service.

•	Use case link: https://lookerstudio.google.com/reporting/e9ccf4c2-3914-4bfc-8db9-1af7415c5787/page/p_ii1tevp99c

•	Dataset:
        https://datosabiertos.jcyl.es/web/jcyl/set/es/salud/hospitales-camas/1284848018109
        https://datosabiertos.jcyl.es/web/jcyl/set/es/salud/reclamaciones-ambito-sanitario/1285074946740
        https://datosabiertos.saludcastillayleon.es/"
I21;"Is the use of open data in your country having an impact on the society´s level of education and skills (e.g. data literacy)?

For Explanation:
* If yes, please provide an example of one reuse case. For this reuse case, please provide (1) a URL to the reuse case, (2) a URL to the open dataset used by the reuse case, and (3) a description of the reuse case and its impact in this sub-domain.";new question;new question;Change;Yes;"Over the last year, Spanish universities have become involved in the dissemination of data culture and data literacy through, for example, Chairs on open government and open data and even training itineraries aimed at students to generate knowledge through open data(https://datos.gob.es/en/noticia/aula-open-data-bilbao-bizkaia-public-private-collaboration-generate-knowledge-open-data).

•	Description: The Chair of Big Data, Open Data and Blockchain at the University of La Laguna (Canary Islands) organises regular events to reuse open data and generate knowledge on a specific topic(https://www.ull.es/catedras/catedrabob/). Another example is the Chair of Transparency and Data Management at the Polytechnic University of Valencia (https://ctranspaupv.com/).

•	Use case link: A recent example is this webinar on how to use Tenerife's open data to boost innovation organised by the Chair of the University of La Laguna: https://datos.tenerife.es/es/reutiliza/webinar

•	Dataset: 
        https://datos.tenerife.es/es/"
I22;"Is any data on the impact created by open data on environmental challenges (e.g. climate change and environmental degradation, as highlighted in the Eurpean Green Deal) available in your country such as from research studies, impact assessments, or other systematic investigations that quantify the results or broader effects of open data being reused?

For Explanation:
* If yes, please specify (1)  what kind of data source proves this impact and (2) provide the URLs to this data.";yes;"There are different studies and reports that help evaluate the impact that open data has in addressing environmental challenges. Some of these include: 

-> The open data initiative of the Government of Aragon has carried out the scientific study using data from Aragon Open Data Networks of action situations in point-source pollution: the case of winery wastewater in Aragon, Spain. 

- Source of open data used for the report, among others: https://opendata.aragon.es/datos/catalogo/dataset/depuradoras-de-agua-residual-gestionadas-o-financiadas-por-la-c-a-de-aragon 

- Impact data referred to in the report: See Results chapter in the report. https://link.springer.com/content/pdf/10.1007/s11625-022-01273-1.pdf

-> Evaluation of railway transport in the outskirts of Valencia. Based on the fact that the displacement of people residing in the outskirts of Valencia to the city center implies an increase in traffic and polluting emissions, this project evaluates railway transport from municipalities in the outskirts with a minimum of 10,000 inhabitants and a 20-minute drive distance from Valencia entrances.  
- Link: https://www.ctranspa.webs.upv.es/wp-content/uploads/2022/06/Equipo_Otto-1.mp4    
- Data:  
https://visor.gva.es/visor/   
https://www.ine.es/dyngs/INEbase/es/categoria.htm?c=Estadistica_P&cid=1254734710984   
https://centrodedescargas.cnig.es/CentroDescargas/index.jsp 

-> The National Center for Geographic Information has conducted a study with the University of Leuven to measure the benefit of publishing orthoimagery as open data. The study aimed to discover the economic value and benefit of geographic data that is published through free and open services. To do so, the central node of the Spanish SDI (IDEE) was considered as the starting point, including the services and data co-produced among the partners of the National Cartographic System (nodes from ministries, autonomous regions, and local entities were not included in the study's scope). These services are the ones that publish data captured and financed by different administrations (orthophotos, LiDAR, transport networks, etc.). The study contains two approaches: 
- Firstly, the cost of using tiles from Google Maps was compared, using the pricing system known as ""Google Map Load,"" which charges $7 per map load in a user session. 
- Secondly, the rates applied by other countries for downloading data and using web services were compared (Netherlands, Sweden, Switzerland, Slovenia, Croatia, Finland, and France). 

Adding a mini example of the study, the economic value of WMS and WMTS services used in 2020 would be 568.772€. 

More information: The benefits and value of the Central SDI-node of Spain 

-> Monthly report from the Ministry for Ecological Transition and Demographic Challenge on fuel prices and energy sources: 

- Source of open data used for the report, among others: https://datos.gob.es/en/catalogo/e05068001-precio-de-carburantes-en-las-gasolineras-espanolas 

- Impact data referred to in the report. See chapter on ""Average prices including taxes for unleaded petrol and diesel by province"" in the report:https://energia.gob.es/petroleo/Informes/InformesMensuales/DatosBibliotecaConsumer/2023/Abril%202023.pdf 

-";Complement;Yes;"During this year, new studies have been produced with evidence of the impact of data on the environment. For example, the Community of Madrid found that it has optimised the reliability of pollen level prediction by 25% thanks to a system using Artificial Intelligence (AI). This technology ""allows health professionals to perform a more rigorous analysis of the situation and provide more accurate information to citizens"".
Link: https://www.comunidad.madrid/noticias/2023/12/02/comunidad-madrid-optimiza-25-fiabilidad-prediccion-niveles-polen-gracias-inteligencia-artificial

In addition, on the reuse of data linked to the environment, there is a report by the COTEC Foundation, entitled 'The reuse of open data 2024'. In it, they point out that in 2023, only 25.80% of portals do not have access to their data reuse statistics; in 2021 this percentage was 36.10%, which is an improvement.

•	Finally, it is worth mentioning the study linked to geospatial data by the Ministry of Transport and Sustainable Mobility. Impact of information co-produced by IGN and CNIG (2024):
        https://www.idee.es/resources/documentos/CNIG-ES_Cost_Benefit_Central_SDI_Node_v018.pdf"
I23;"Is the use of open data in your country having an impact on the level of protection of biodiversity (e.g. maintaining a good air and water quality)? 

For Explanation:
* If yes, please provide an example of one reuse case. For this reuse case, please provide (1) a URL to the reuse case, (2) a URL to the open dataset used by the reuse case, and (3) a description of the reuse case and its impact in this sub-domain.";new question;new question;Change;Yes;"•	Description: The Ebro Delta, a complex area designated as an EU Natura 2000 site, Natural Park, and UNESCO Biosphere Reserve, faces challenges from anthropogenic pressure and climate change-related risks, with water quality being a critical cross-sectional issue affecting human health and biodiversity preservation. The Fangar and Alfacs embayments, vital for many species and local aquaculture, are susceptible to disease outbreaks and mortality events, notably linked to elevated seawater temperatures during marine heat waves in Summer 2022, causing significant economic losses. This service, developed by NOW Systems, provides a comprehensive water quality assessment in the Ebro Delta, supporting environmental protection and aquaculture management. The forecast system, integrated into NOW Systems' operational framework, generates high-resolution forecasts for the entire delta and enclosed bays. The new user interface application, co-designed with NOW Systems' partner IRTA, translates local coastal data into actionable insights, promoting sustainable aquaculture and biodiversity conservation. Aligned with national, regional, and local marine strategies, this service enhances preparedness and resilience for future challenges. Various stakeholders, including governmental bodies, the Ebro Delta Natural Park managers, local city councils, and the Ebro Delta Mussel producers Federation, have expressed interest in the service.

•	Use case link: https://www.copernicus.eu/en/use-cases/operational-oceanography-support-aquaculture-management-ebro-delta

•	Dataset: 
        o	e3HOPE ocean forecast products:
                https://marine.copernicus.eu/services/use-cases/operational-oceanography-support-aquaculture-management-ebro-delta
                (accessed through the new e3HOPE NAUI@Delta Application)
        o	Mediterranean Sea Physics Analysis and Forecast:
                https://data.marine.copernicus.eu/product/MEDSEA_ANALYSISFORECAST_PHY_006_013/description  
        o	Mediterranean Sea- In-Situ Near Real Time Observations:
                https://data.marine.copernicus.eu/product/MEDSEA_ANALYSISFORECAST_PHY_006_013/description"
I24;"Is the use of open data in your country having an impact on the achievement of more environment-friendly cities (e.g., environment-friendly transport systems, waste management etc.)? 

For Explanation:
* If yes, please provide an example of one reuse case. For this reuse case, please provide (1) a URL to the reuse case, (2) a URL to the open dataset used by the reuse case, and (3) a description of the reuse case and its impact in this sub-domain.";new question;new question;Change;Yes;"The reuse of open datasets has made it possible to develop innovative applications that use cities to become more environment-friendly. For example, this app offers a map with the number of trees per street in the city of Barcelona (https://datos.gob.es/es/aplicaciones/barcelona-trees), uses open data from Barcelona City Council (https://opendata-ajuntament.barcelona.cat/data/es/dataset) and allows you to identify possible areas where trees need to be planted.

•	Description: Urban3r is an application that allows the visualisation of different indicators on the current state of the building, the energy demand data of residential buildings in their current state and after energy refurbishment, as well as the estimated costs of these interventions. For registered persons, the tool has a system for downloading data in CSV and GeoPackage format for those municipalities in Spain for which information is available. The municipalities for which information is not available can be processed automatically by uploading the urban file in CAT format available at the Cadastre's Electronic Headquarters. It is an open data platform to promote urban regeneration in Spain that uses the datasets of the Cadastre's Electronic Headquarters and allows the download of data by municipality in CSV format.

•	Use case link:
        https://urban3r.es/ 

•	Dataset:
        https://www.sedecatastro.gob.es/Accesos/SECAccDescargaDatos.aspx
        https://www.ree.es/es/datos/demanda"
I25;"Is the use of open data in your country having an impact on the fight against climate change, for example by undertaking predictive monitoring, preventive actions, or a differentiated response to connected disasters?

For Explanation:
* If yes, please provide an example of one reuse case. For this reuse case, please provide (1) a URL to the reuse case, (2) a URL to the open dataset used by the reuse case, and (3) a description of the reuse case and its impact in this sub-domain.";new question;new question;Change;Yes;"The use of open data is making it possible to monitor the fight against climate change through variables such as the carbon footprint of cities, as well as to prevent natural disasters.

•	Description: An example of a use case is the Canary Islands' climate governance web application that provides interactive and freely accessible dashboards on climate governance. The application brings together eight datasets from the data portal of the Canary Islands Government, MITECO, ITC, ISTAC and GRAFCAN: emissions inventory, carbon footprint, pollutants emitted to the atmosphere, forest fires, climate projections, PIMA, energy production in the Canary Islands and net electricity production.

•	Use case link:
        https://gobernanzaclimatica.sitcan.es/

•	Dataset:
        https://datos.canarias.es/catalogos/general/dataset
        https://datos.gob.es/es/catalogopublisher_display_name=Ministerio%20para%20la%20Transici%C3%B3n%20Ecol%C3%B3gica%20y%20el%20Reto%20Demogr%C3%A1fico"
I26;"Is the use of open data in your country having an impact on the consumption of energy based on fuel and the switch to renewables? 

For Explanation:
* If yes, please provide an example of one reuse case. For this reuse case, please provide (1) a URL to the reuse case, (2) a URL to the open dataset used by the reuse case, and (3) a description of the reuse case and its impact in this sub-domain.";new question;new question;Change;Yes;"Open data also provides information on the use and performance of different energies. The Junta de Castilla y León, for example, has a dataHub that collects information from more than 1,500 consumer centres. This dashboard allows the analysis to be broken down by type of energy (electricity, gas, diesel) and by geographical location (educational centres, health centres, administrative offices, hospitals, etc.). This allows them to compare consumption between the buildings they manage and make efficiency decisions, which has resulted in savings of €2m per year since 2015 on the fixed cost of electricity alone. In addition, this year the National Geographic Institute has created an application to identify the solar energy potential of buildings, which has facilitated the energy transition to renewable sources.

•	Description: The National Geographic Institute's visualiser is a web application that locates the solar energy potential of buildings throughout Spain. For its development, data from different public bodies, both national and European, have been used.

•	Use case link:
        https://eficiencia-energetica.ign.es/solar/

•	Dataset:
        https://plataforma.idee.es/cnig-api"
I27;"Is any data on the economic impact (e.g. GDP, employment, productivity, innovation,  new businesses created etc.) of open data available in your country such as from research studies, impact assessments, or other systematic investigations that quantify the results or broader effects of open data being reused?

For Explanation:
* If yes, please specify what kind of data source proves this impact and provide the URLs to this data.

";yes;"The most relevant study conducted annually in Spain to evaluate the economic impact of open data is carried out by ASEDIE, the Multisectoral Association of Information. The conclusions of the latest edition, presented in March 2023, are available here: 

https://datos.gob.es/en/noticia/11th-edition-asedies-infomediary-sector-report-available 

Among the report's conclusions, the following stand out: 

-> The total number of employees is 22,663. Workers are highly concentrated in a few companies: 62% of them have less than 10 employees. The subsector with the highest number of professionals is geospatial information, with 30% of the total. Along with the Economic and Financial, Technical Consulting, and Market Research subsectors, they account for 75% of employees. 

-> Employment in Infomediary companies grew by 1.7%, compared to a 1.1% decline the previous year. All subsectors grew except for Tourism and Culture, which remained stable, and Technical Consulting and Market Research, which decreased. 

-> Average revenue per employee exceeded 100,000 euros, increasing by 6.6% compared to the previous year. Conversely, the average expense per employee was 45,000 euros. 

More information here: https://static1.squarespace.com/static/600a99c4d2a8133c3599fc67/t/6447cfd13b93713076afc842/1682427878064/Asedie+Report+2023+VF.pdf";Complement;Yes;"Continuing the annual trend, the 12th edition of Asedie's infomediary sector report was published in April 2024. According to the report, these companies employ almost 23,300 people in Spain, which translates into an increase of 3.6% compared to the figures in the previous report.  In addition, the sector generated an overall turnover of 2,331 million euros, an increase of 2.4% over the previous year.
Link: https://datos.gob.es/en/noticia/12th-edition-asedie-infomediary-sector-report-available

In addition, the COTEC Foundation's report (""The reuse of open data"") also analyses the reuse of data by sector of activity, as well as its use to create innovative products and services that impact the economy:
https://cotec.es/proyectos-cpt/la-reutilizacion-de-datos-abiertos-2024/"
I28;"Is the use of open data in your country having an impact on the level of employment? 

For Explanation:
* If yes, please provide an example of one reuse case. For this reuse case, please provide (1) a URL to the reuse case, (2) a URL to the open dataset used by the reuse case, and (3) a description of the reuse case and its impact in this sub-domain.";new question;new question;Change;Yes;"Open data has had a positive impact on the level of employment in Spain, as evidenced by the latest ASEDIE 2023 report measuring the development of companies reusing open data. The report reveals that employment in the infomediary sector has grown by 3.6% compared to last year. Companies reusing open data are not only increasing in number but are also showing significant growth in sales and employment, underlining the vitality and economic potential of the sector.

Open data has made possible the development of solutions such as the CIDO (Cercador d'Informació i Documentació Oficials) tool CIDO (Cercador d'Informació i Documentació Oficials ).  This tool uses AI applied to open data to, among other things, offer personalised services for individuals, businesses and rural sectors, as well as access to job advertisements. CIDO disseminates public information based on a rigorous documentary analysis. Information sources - newsletters and websites - are analysed, their contents are structured and disseminated grouped into rules and procedures. In addition, the Search Engine offers a user environment, My CIDO, which facilitates the consultation of information: on the one hand, it allows the most frequent searches to be saved and, on the other, it gives the option of activating a news alert service via e-mail.

•	Use case link:
        https://static1.squarespace.com/static/600a99c4d2a8133c3599fc67/t/660ff0c88a832c743801d2c0/1712320723750/Informe+Asedie+2024+VF.pdf
        https://cido.diba.cat/

•	Dataset:
        The datasets linked to the CIDO tool are detailed here:
       https://cido.diba.cat/hemeroteca - these include the Official State Gazette: https://www.boe.es/datosabiertos/, the Boletín Oficial del Registro Mercantil: https://datos.gob.es/es/catalogo/ea0040819-boletin-oficial-del-registro-mercantil-borme, etc."
I29;"Is the use of open data in your country having an impact on the level of innovation and the adoption of new technologies? 

For Explanation:
* If yes, please provide an example of one reuse case. For this reuse case, please provide (1) a URL to the reuse case, (2) a URL to the open dataset used by the reuse case, and (3) a description of the reuse case and its impact in this sub-domain.";new question;new question;Change;Yes;"•	Description: The ""Open Data Digital Observatory of the province of Alicante"" seeks to promote an open data ecosystem that drives innovation, cultural impact and economic growth in the municipalities of the province of Alicante, allowing the current state of different indicators to be analysed and certain projections to be made. This promotes the growth of both local and circular economies.  To achieve this, the team's first step was to create an internet robot (bot) responsible for gathering information that appears on the websites of public bodies such as the Provincial Council, Universities, Town Councils or the health system. Its mission was to compile the open data that has been generated, as well as the variations with respect to the past. From there, a digital platform has been developed that provides an intelligent system for assessing the potential and opportunities of each interested entity.

•	Use case link:
        https://openalc.es/

•	Dataset:
        https://datosabiertos.alicante.es/"
I30;"Is the use of open data in your country having an impact on the level of entrepreneurship (especially of women and minorities) and business creation (especially with Small- and Medium-sized Enterprises)? 

For Explanation:
* If yes, please provide an example of one reuse case. For this reuse case, please provide (1) a URL to the reuse case, (2) a URL to the open dataset used by the reuse case, and (3) a description of the reuse case and its impact in this sub-domain.";new question;new question;Change;Yes;"In 2024, ONE (National Office of Entrepreneurship) has been launched, which analyses open data to identify potential business opportunities and offers resources to boost entrepreneurship, especially for women and minorities: https://one.gob.es/es

In addition, the ASEDIE report on the value of the infomediary sector identifies good practices of start-ups, among others, that reuse public sector information and open data to generate business value.

Explanation:

•	Description: An example of a start-up that has achieved a very positive impact from the reuse of open data is InferIA, which offers an AI-based datamarket that uses open data sources and private data to develop projects that add social value. The system used by the company allows for interoperable data sets that connect consumers and data providers to help them achieve their goals. In addition, InferIA offers consultancy services to obtain benefits through data and security mechanisms to maintain data sovereignty.

•	Use case link:
        https://inferia.io/

•	Dataset:
        https://www.aemet.es/es/datos_abiertos
        https://datos.gob.es/es/catalogo
        https://www.ine.es/ss/Satellite?L=0&amp;c=Page&amp;cid=1259942408928&amp;p=1259942408928&amp;pagename=ProductosYServicios%2FPYSLayout
        https://www.openstreetmap.org/#map=19/51.52886/-0.14651"
I31;"Is the use of open data in your country having an impact on the level of productivity? 

For Explanation:
* If yes, please provide an example of one reuse case. For this reuse case, please provide (1) a URL to the reuse case, (2) a URL to the open dataset used by the reuse case, and (3) a description of the reuse case and its impact in this sub-domain.";new question;new question;Change;Yes;"The COTEC Foundation's report on Open Data Reuse 2024 estimates the impact of open data in different sectors.

•	Description: According to the study, re-use was prevalent in 12.9% of cases linked to health, real estate and education, and the use of open data positively affected productivity in each sector.

•	Use case link:
        https://cotec.es/proyectos-cpt/la-reutilizacion-de-datos-abiertos-2024/

•	Dataset:
        https://www.bilbao.eus/opendata/es/inicio
        https://www.tarragona.cat/governobert/tgn-dades/dades-obertes
        https://www.comunidad.madrid/gobierno/datos-abiertos
        https://www.opendata.euskadi.eus/hasiera/
        https://www.universidata.es/"