ID;Question;Answer from 2023;Explanation from 2023;Confirm, change or complement answer/explanation from 2023;Provide updated answer (if applicable);Provide updated explanation (if applicable)
P1;"Is there a national open data policy in your country and, if your country is an EU Member State, does this include a national legislation for the transposition of the Open Data Directive?

For Explanation:
* If yes, please provide (1) the URL and (2) title of the policy document and (3) briefly describe.
* If ‘other’, please provide (1) a brief explanation to support your answer choice and (2) provide the URL and indicate the policy section which explicitly references open data.";other;"The Programme of the Prime Minister Marin's Government 2019 aligned that the Government will add depth to the management of information policy (https://valtioneuvosto.fi/en/marin/government-programme/best-public administration-in-the-world). Openness of public information is the overarching principle of information policy. The Government continued resolutely the earlier efforts to open up public information resources, and it drew up a quality criteria (https://www.stat.fi/org/tiedon-laatukehikko/index_en.html) that can facilitate the use of such resources.

Finland has transposed the Directive 2019/1024 on open data and the re-use of public sector information (ODD) by amending the Act on Public Administration Information Management (906/2019) and with the Openness of Government Activities Act (621/1999 with amendments, https://www.finlex.fi/en/laki/kaannokset/1999/en19990621) on the basis of the principle of openness contained in it.

The Openness of Government Activities Act (621/1999 with amendments, https://www.finlex.fi/en/laki/kaannokset/1999/en19990621) provides for the general right to access any official document, including electronic records, in the public domain held by public authorities and private bodies that exercise public authority. Applicants are not required to provide reasons for their request or to verify their identity unless they are requesting personal or other confidential information. Restrictions apply to non-official documents, documents relating to foreign affairs, criminal investigations, police matters, information concerning military intelligence and the armed forces, as well as confidential business activities. According to the Government Programme 2019, the need to update the Openness of Government Activities Act to extend its application to data and information more broadly will be examined. The Ministry of Justice has set up a working group for 2021-2023 for the update of the Openness of Government Activities Act (https://oikeusministerio.fi/julkisuuslain-ajantasaistaminen).

There is a wider information policy report which covers a larger scale of different information policy aspects, including public, private and 3rd sectors. The Report on Ethical Information Policy in an Age of Artificial Intelligence was published on December 2018 (https://vm.fi/en/information-policy-report). It covers open data as a part of information policy and emphasizes equal access to data, while stressing the ethical development of artificial intelligence. The policy goals are fostering the progress of entire society by advancing the creation of new skills and capabilities, encour-aging innovations and innovativeness, and by improving our national competitiveness. Open data is mentioned as one of the strengths of Finland, with wide swathes of public sector data already open, and as one of the policy goals with advance access to data, transferability and compatibility of data across the Single Digital Market. Open data is also inferred as one of the enablers for de-veloping artificial intelligence based on open information and technologies, and as one of the future development potentials, with further open data policies and as part of the future strategy development.
The Act on Public Administration Information Management (906/2019, https://www.finlex.fi/en/laki/kaannokset/2019/en20190906.pdf) aims to ensure harmonised and high-quality management of data as well as secure processing of datasets of authorities to implement the principle of openness. It aims to enable secure and efficient exploitation of the datasets of authorities so that an authority may attend to its tasks and provide its services suc-cessfully and in a qualitative manner in compliance with good governance; and to promote the interoperability of information systems and information resources.

Since 2020 several parliament parties are worked in a free-form and non-political working group with an interest to the cross-party discussion on information policy topics. The Working Group of Information Policy Actors from all parliamentary parties, in short, 'the collaborative group on information policy' tackles topics of interest that come up for discussion both nationally and internationally (https://tietopolitiikka.fi/information-policy-working-group/).";Confirm;;
P2;"Is there a national open data strategy in your country?

For Explanation:
* If yes, please provide (1) the URL to the strategy and (2) describe the main highlights.  
* If 'not applicable', please provide (1) a brief explanation to support your answer choice and provide (2) the URL and indicate the policy section which explicitly references objectives, actions/measures, delivery timelines etc.";yes;"The Government Resolution on the Opening Up and Use of Public Data with its measures to implement seeks to improve the opportunities of all central government organisations to utilise data. It is hoped that the same objectives will also be picked up by the rest of public administration. (https://julkaisut.valtioneuvosto.fi/bitstream/handle/10024/164023/VN_2022_33.pdf) 
The resolution sets out the strategic objectives for information policy, divided into four themes:
1. Steering, coordination and cooperation
2. Strategy and action
3. Information management 
4. Enabling factors

The Open Government Strategy 2030 for Finland (https://avoinhallinto.fi/assets/files/2021/03/Open_Government_Strategy2030.pdf) creates another strategical framework for openness with its key elements of open government as reinforcing dialogue in society, promoting everyone’s right to understand and to get across; and having leadership and competence ensure that everyone has the opportunity to participate. It also reminds Finland’s active role to promote open government on the international level. The strategy includes open data in its open government goal with progress measuring elements. 

The IV Finnish Open Government Action Plan 2019–2023 (https://avoinhallinto.fi/assets/files/2019/09/Avoin-hallinto_IV_toimintaohjelma_LOPULLINEN_240919.pdf, in Finnish and Swedish only) emphasises openness and inclusion in three different dimensions: openness as a shared value, a strong legal foundation to openness and the continuous development of openness. These themes encompassed the following commitments for the implementation phase: 1) lasting openness by pervading all government actions and development measures; 2) the implementation of the Open Government Strategy, 3) creation of a Transparency Register to offer citizens information on the parties that seek to influence decision making; and 4) commitment and measures on open data. The realisation of commitments are monitored and evaluated during the implementation and afterwards. A new V Finnish Open Government Action Plan 2023-2027 is currently being prepared (https://avoinhallinto.fi/v-toimintaohjelman-laadintaprosessin-taustamuistio/, in Finnish and Swedish only).";Complement;Yes;"The Government Resolution on the Opening Up and Use of Public Data, with its measures to implement it, seeks to improve the opportunities of all central government organisations to utilise data. It is hoped that the same objectives will also be picked up by other public sector bodies. (https://julkaisut.valtioneuvosto.fi/bitstream/handle/10024/164023/VN_2022_33.pdf) 
The resolution has set out the strategic objectives for information policy, divided into four themes:
1. Steering, coordination and cooperation
2. Strategy and action
3. Information management 
4. Enabling factors

The Open Government Strategy 2030 for Finland (https://avoinhallinto.fi/assets/files/2021/03/Open_Government_Strategy2030.pdf) creates another strategical framework for openness with its key elements of open government as reinforcing dialogue in society, promoting everyone’s right to understand and to get across; and having leadership and competence ensure that everyone has the opportunity to participate. It also reminds Finland’s active role to promote open government on the international level. The strategy includes open data in its open government goal with progress measuring elements. 

The V Finnish Open Government Action Plan 2023-2027 (https://avoinhallinto.fi/assets/files/2023/10/Avoin-hallinto_-V-toimintaohjelma_muutokset-vs-lausuntokierros-1.pdf, in Finnish and Swedish only) includes the following commitments: 1) opening data related to public procurements, 2) sharing best practices in the openness of the public sector, and 3) developing practices and expertise when it comes to sharing open data in exceptional circumstances in a safe manner. (page 5) Opening public sector data in open and machine readable formats remains one of the core pillars of Open Government work. (page 7)"
P3;"Is there an open data policy/strategy at regional or local level?

For Explanation:
* If yes, please (1) provide the URL and (2) title of the document(s) and (3) briefly describe.";yes;"For example, the city of Helsinki has a data strategy (https://digi.hel.fi/english/helsinki-city-data-strategy/) and open data is a part of it. Usually open data measures have been included to local level open government strategies and work programmes. Such as city of Oulu's (https://www.ouka.fi/oulu/paatoksenteko-ja-hallinto/avoin-hallinto/-/asset_publisher/1WyBmeR573Xc/content/kaupunginhallituksen-paatoksia-24-1-2022/52058) and city of Turku's (https://www.turku.fi/avoindata) resolutions.

The Association of Finnish Local and Regional Authorities has a digital roadmap for municipalities to strengthen the management and understanding of digitalisation in municipalities. Interoperable digital public services are a key part of the roadmap. In this context, measures are proposed also related to open data, the reuse of open data and interface development. More information available in Finnish and Swedish: https://www.kuntaliitto.fi/tietoyhteiskunta-ja-digitalisaatio/kuntien-digitiekartta/ and https://miro.com/app/board/uXjVPC2xOJ8=/";Confirm;;
P4;"Does the national strategy/policy include an action plan with measures to be implemented in the open data field?

For Explanation:
If yes, please briefly describe the main measures described by the action plan.";yes;The Government Resolution on the Opening Up and Use of Public Data (http://urn.fi/URN:ISBN:978-952-383-752-2, a pdf-file with a description sheet in English) sets out the strategic objectives for information policy. The resolution is divided into four themes which are 1. Steering, coordination and cooperation,  2. Strategy and action, 3. Information management and 4. Enabling factors. Each theme describes certain strategic objectives which are divided into 16 main objectives and several sub-objectives that support it. The resolution contains objectives like “The organisation's strategy supports the using and opening up of information.”, “Data is used responsibly and steps are taken to prevent the dissemination of false information in society.” and “Data is interoperable and of high quality in accordance with national quality criteria.” A roadmap of measures to support the implementation of the objectives has been prepared for central government. The first version of the road map is included with the resolution. More detailed preparation, processing and other procedures relating to it will be agreed separately on the basis of the resolution.;Confirm;;
P5;"Does the national strategy/policy outline measures to incentivise the publication of and access to real-time or dynamic data?

For Explanation:
* If yes, please briefly describe the measures.";yes;"The nation wide ‘The Opening Up and Using Public Data’ project coordinated by the Ministry of Finance of Finland developed several measures regarding open APIs, technical and semantic interoperability, as well as data quality in order to incentivise and support the publication of and access to real-time or dynamic data. The project created the API Principles to provide common instructions and recommendations for API development by adapting the JRC API Framework into Finnish public administration (https://joinup.ec.europa.eu/collection/api4dt/news/api-framework-implemented-finland/; http://urn.fi/URN:ISBN:978-952-367-915-3). The Act on Information Management in Public Administration (906/2019, https://www.finlex.fi/fi/laki/kaannokset/2019/en20190906.pdf) includes sections of the disclosure of datasets via a technical interface both to the authorities and to other than authorities (Sec. 22 & 24).

The existing Information Policy sets open APIs as a goal for the public sector, because open APIs are seen as the most future-proof way and as an incentive to avoid future maintenance when distributing high-quality always up-to-date and real-time data in a systematic, machine-readable format. New business models and new combinations of skills, from different fields and branches of public and private sector, enabled by the open APIs are seen as additional incentives. Open APIs are also seen as one of the key enablers for future growth.";Confirm;;
P6;"Does the national strategy/policy outline measures to incentivise the publication of and access to citizen-generated data?

For Explanation:
* If yes, please briefly describe the measures.";no;;Confirm;;
P7;"Does the national strategy/policy foster the discoverability of the aforementioned types of data from your country on data.europa.eu?

For Explanation:
* If yes, please briefly describe how.";no;;Confirm;;
P8;"Does the national strategy/policy outline measures to support the reuse of open data by the public sector?

For Explanation:
* If yes, please briefly describe the measures.";yes;"The information policy report 'Report on Ethical Information Policy in an Age of Artificial Intelligence' (https://vm.fi/en/information-policy-report) emphasizes equal access to data, while stressing the ethical development of artificial intelligence. Open data is explicitly mentioned as one of the strengths of Finland, with wide swathes of public sector data already open, and as one of the policy goals with advance access to data, and transferability and compatibility of data across the Single Digital Market. Open data is also inferred as one of the enablers for developing artificial intelligence based on open information and technologies, and as one of the future development potentials with further open data policies.

In line with the objectives of Prime Minister Marin's Government Programme 2019, the efforts to open up public information resources have continued, and the Ministry of Finance and Statistics Finland have jointly drew up a quality criteria that can facilitate the use of such resources (https://www.stat.fi/org/tiedon-laatukehikko/index_en.html). A recommendation of the Information Management Board related to the quality criteria is currently being prepared (https://www.lausuntopalvelu.fi/FI/Proposal/Participation?proposalId=59eadc66-f50a-426a-abab-6808e777b6de, in Finnish only).

One of the aims of the Act on Public Administration Information Management (906/2019, https://www.finlex.fi/en/laki/kaannokset/2019/en20190906.pdf) is to enable secure and efficient exploitation of the datasets of authorities. Thus that, an authority may attend to its tasks and provide its services to public administration clients successfully and in a qualitative manner, in compliance with good governance.

The Ministry of Finance’s project ‘Opening Up and Using Public Data’ (2020-2022) promoted wider and more effective use of public data throughout society (https://vm.fi/en/opening-up-and-using-public-data). The project enhanced the use and share of public data in order to support the data holders and publishers. As a part of the project, the operational model for data sharing was created to make public sector data available more systematically either as open data or for wider use than at present, primarily via APIs (https://www.avoindata.fi/en/operating-model). The operating model supports data sharing by describing the stages, obligations and recommendations that public administration actors should take account when planning any data opening actions. Also the resolution of the strategic aims on using and opening up data to make the policy goals more concrete and enhance their implementation were adopted at the government session on 17 March 2022 (https://julkaisut.valtioneuvosto.fi/bitstream/handle/10024/164023/VN_2022_33.pdf).";Complement;Yes;"The information policy report 'Report on Ethical Information Policy in an Age of Artificial Intelligence' (https://vm.fi/en/information-policy-report) emphasizes equal access to data, while stressing the ethical development of artificial intelligence. Open data is explicitly mentioned as one of the strengths of Finland, with wide swathes of public sector data already open, and as one of the policy goals with advance access to data, and transferability and compatibility of data across the Single Digital Market. Open data is also inferred as one of the enablers for developing artificial intelligence based on open information and technologies, and as one of the future development potentials with further open data policies.

In line with the objectives of Prime Minister Marin's Government Programme 2019, the efforts to open up public information resources have continued, and the Ministry of Finance and Statistics Finland have jointly drew up a quality criteria that can facilitate the use of such resources (https://www.stat.fi/org/tiedon-laatukehikko/index_en.html). 

One of the aims of the Act on Public Administration Information Management (906/2019, https://www.finlex.fi/en/laki/kaannokset/2019/en20190906.pdf) is to enable secure and efficient exploitation of the datasets of authorities. Thus that, an authority may attend to its tasks and provide its services to public administration clients successfully and in a qualitative manner, in compliance with good governance.

The Ministry of Finance’s project ‘Opening Up and Using Public Data’ (2020-2022) promoted wider and more effective use of public data throughout society (https://vm.fi/en/opening-up-and-using-public-data). The project enhanced the use and share of public data in order to support the data holders and publishers. As a part of the project, the operational model for data sharing was created to make public sector data available more systematically either as open data or for wider use than at present, primarily via APIs (https://www.avoindata.fi/en/operating-model). The operating model supports data sharing by describing the stages, obligations and recommendations that public administration actors should take account when planning any data opening actions. Also the resolution of the strategic aims on using and opening up data to make the policy goals more concrete and enhance their implementation were adopted at the government session on 17 March 2022 (https://julkaisut.valtioneuvosto.fi/bitstream/handle/10024/164023/VN_2022_33.pdf)."
P9;"Does the national strategy/policy outline measures to support the reuse of open data by the private sector?

For Explanation:
* If yes, please briefly describe the measures.";yes;"The information policy report 'Report on Ethical Information Policy in an Age of Artificial Intelligence' (https://vm.fi/en/information-policy-report) covers both public and private sector, while emphasizing equal access to data and stressing the ethical development of artificial intelligence. Open data is inferred as one of the enablers for developing artificial intelligence based on open information and technologies, and as one of the future development potentials with further open data policies.

In accordance with the Prime Minister Marin's Government Programme 2019, the Government has continued resolutely the earlier efforts to open up public information resources for public and private sector use. The Ministry of Finance and Statistics Finland have jointly drew up quality criteria that can facilitate the use of such resources (https://www.stat.fi/org/tiedon-laatukehikko/index_en.html). A recommendation of the Information Management Board related to the quality criteria is currently being prepared (https://www.lausuntopalvelu.fi/FI/Proposal/Participation?proposalId=59eadc66-f50a-426a-abab-6808e777b6de).

The Ministry of Finance’s project ‘Opening Up and Using Public Data’ (2020-2022) promoted wider and more effective use of public data throughout society, both public and private sector, and strengthened and concretised these information policy and strategy goals (https://vm.fi/en/opening-up-and-using-public-data). The project enhanced the use and share of public data in order to support the data holders and publishers.";Complement;Yes;"The information policy report 'Report on Ethical Information Policy in an Age of Artificial Intelligence' (https://vm.fi/en/information-policy-report) covers both public and private sector, while emphasizing equal access to data and stressing the ethical development of artificial intelligence. Open data is inferred as one of the enablers for developing artificial intelligence based on open information and technologies, and as one of the future development potentials with further open data policies.

In accordance with the Prime Minister Marin's Government Programme 2019, the Government has continued resolutely the earlier efforts to open up public information resources for public and private sector use. The Ministry of Finance and Statistics Finland have jointly drew up quality criteria that can facilitate the use of such resources (https://www.stat.fi/org/tiedon-laatukehikko/index_en.html). 

The Ministry of Finance’s project ‘Opening Up and Using Public Data’ (2020-2022) promoted wider and more effective use of public data throughout society, both public and private sector, and strengthened and concretised these information policy and strategy goals (https://vm.fi/en/opening-up-and-using-public-data). The project enhanced the use and share of public data in order to support the data holders and publishers."
P10-a;"Does the national strategy/policy mandate carrying out and maintaining a data inventory by public bodies, whether at national or local level?

For Explanation:
* If yes, please briefly specify.";yes;"The mandate to describe and maintain a data inventory is a part of statutory task of maintaining the Information Management Model for the most of the public sector bodies since 2021. According to the Act on Information Management in Public Administration (906/2019, https://www.finlex.fi/fi/laki/kaannokset/2019/en20190906.pdf), each of public sector information management entity shall maintain an information management model, which defines and describes the information management in its operating environment. The Information Management Model is maintained to design and implement the management of services, consideration, and datasets; to implement the rights and restrictions relating to access to information; to decrease multiple collection of information; to implement the interoperability of information systems and information pools; and to maintain information security. The Ministry of Finance of Finland maintains the Public Sector Information Management Map, which describes the data resources to utilise and the procedures for accessing data from the data resources (https://www.exploreadministration.fi/information-management-map-of-public-administration/).

The Act on the Openness of Government Activities (621/1999, https://www.finlex.fi/en/laki/kaannokset/1999/en19990621) mandates the catalogues listing the data inventories to be published as open data. These catalogues give an indication on what each data or information repository holds, for example the City of Vantaa's catalogues of information systems (https://hri.fi/data/fi/dataset/vantaan-kaupungin-tietojarjestelmaluettelo). The dataset provides a list of all information systems in use at the city and information on system ownership, technical responsibility and a brief description of each information system.

The GDPR has also necessitated that all data providers review their data storages and identify personal data for the GDPR coverage, and as part of this review, build the necessary metadata to be able to properly catalogue and identify the data for each data repository.

To make the descriptive metadata of these models and lists better semantically interoperable, data holders and model maintainers, from both public and private sector, can utilise the Interoperability Platform (https://dvv.fi/en/interoperability-platform), a workbench and a set of tools, for defining and describing interoperable data content. The platform consists of glossaries, code sets and data models needed for data flows and in other areas of information management. The tools and the existing data specifications are available free of charge for terminology work, management of code sets, and data modelling. Data content producers are responsible for their own data specifications and their quality, and for keeping them up to date.";Confirm;;
P10-b;"Do these data inventories include the data collected by public bodies that cannot be published as open data (e.g. in relation to the EU Data Governance Act (EU) 2022/868)? 

For Explanation:
* If yes, please briefly specify.";yes;"The Information Management Model includes both the open data and the data resources not available or possible to publish as open data. According to the Act on Information Management in Public Administration (906/2019, https://www.finlex.fi/fi/laki/kaannokset/2019/en20190906.pdf) each of public sector information management entity shall maintain an information management model, which defines and describes the information management in its operating environment. 

The catalogues listing the data inventories according the Act on the Openness of Government Activities (621/1999, https://www.finlex.fi/en/laki/kaannokset/1999/en19990621) includes information systems needed, whether the data included in them is open or not.";Complement;Yes;"The Information Management Model includes both the open data and the data resources not available or possible to publish as open data. According to the Act on Information Management in Public Administration (906/2019, https://www.finlex.fi/fi/laki/kaannokset/2019/en20190906.pdf) each of public sector information management entity shall maintain an information management model, which defines and describes the information management in its operating environment. 

The single contact point for protected data as required by the DGA (EU) 2022/868 is located at https://suojattudata.suomi.fi/ 

The catalogues listing the data inventories according the Act on the Openness of Government Activities (621/1999, https://www.finlex.fi/en/laki/kaannokset/1999/en19990621) includes information systems needed, whether the data included in them is open or not."
P11;"Is your country applying the implementing regulation (EU) 2023/138 on high-value datasets?

For Explanation:
* If yes, how is it progressing? 
* If you are an EFTA or a candidate country to the EU, please select 'not applicable'.
** In the table below, please indicate your progress with respect to a) organisation, b) legal aspects, c) technical aspects on a scale from 1 to 5. 1 = no progress; 2 = few progress; 3 = some progress; 4 = considerable progress; 5 = works are finalised.";new question;new question;Change;Yes;"The HVD regulation is mostly implemented at this time; not all datasets have had their metadata updated yet to reflect their status as HVD. In addition we have challenges related to Planned Land Use/Regional Planning datasets as the data is maintained by 300+ municipalities and local authorities with varying levels of expertise and resources."
P12;"Have the public bodies in your country denoted relevant datasets as high-value datasets in their metadata following the publication of the implementing regulation (EU) 2023/138 on high-value datasets?

For Explanation:
*  If yes, please specify how and highlight challenges, if any. 
* If you are an EFTA or a candidate country to the EU, please select 'not applicable'.";new question;new question;Change;Yes;"Example: https://www.paikkatietohakemisto.fi/geonetwork/srv/fin/catalog.search#/metadata/ffd96434-d508-42db-a6af-bde8cc7db250

There have been challenges understanding the HVD requirements and their relationship to INSPIRE requirements, as well as figuring out the best way to implement the requirement as the HVD regulation does not specify a precise technical requirement, rather there's just the ""unofficial"" DCAT-AP recommendation"
P13;"Is there a governance structure in place that enables the participation and/or inclusion of various open data stakeholders? 

For Explanation:
*  If yes, please briefly describe the governance structure and its operating model ";new question;new question;Change;Yes;"The governance model is three-pronged, formed by the Information Management Board of Public Administration, the Ministry of Finance, and the sector-specific Ministries.

The Board is appointed by the government for a term of four years at a time, and is composed of members who have expertise in information management, the transparency requirements of public documents, IT systems, data pools, interoperability and statistical methods. The Ministry of Finance provides the secretariat of the Board. The Board's task is to promote best practices in applying the Act on Information Management in Public Administration and report on its application to the government biannually. The Board is also tasked with evaluating the application of the Open Data Directive's requirements nationally.

The Ministry of Finance is responsible for directing the interoperability of public administration datasets and information systems, and maintaining the Information Management Map of public administration, as well as creating general guidelines.

Sector-specific Ministries are responsible for keeping the Information Management Map up to date for their sector and providing sector-specific guidelines on interoperability.

"
P14;"How would you classify the model used for governing open data in your country? 

For Explanation:
*  Please briefly explain why this model was chosen/works best for your country";hybrid;"Open data governance in the public administration is arranged as a part of common information management governance. The Act on Information Management in Public Administration (906/2019, https://www.finlex.fi/fi/laki/kaannokset/2019/en20190906.pdf) creates a common governance model and instruments to steer, encourage and support public administration's information management including open data. A specific open data governance model is not included in the act. Thus, open data is considered to be an integrated part of any organisation’s or information management entity’s work flow or data resources. 

Governance of publishing data is out of the act’s scope and publishing processes are regulated, among other statutes, by the Openness of Government Activities Act (621/1999 with amendments, https://www.finlex.fi/en/laki/kaannokset/1999/en19990621). It provides for the general right to access any official document, including electronic records, in the public domain held by public authorities and private bodies that exercise public authority. Restrictions apply to non-official documents, documents relating to foreign affairs, criminal investigations, police matters, information concerning military intelligence and the armed forces, as well as confidential business activities.

The roles and tasks of self-governance takes place naturally on the various levels of public administration and public sector activities. When it comes to the municipalities, they enjoy wide autonomy secured by the law. One of the challenges of this approach is total 309 muncipalities with local governments, majority having a population of less than 20,000 inhabitants.

The national open data portal, Opendata.fi, focuses on guidance and assistance of data providers rather than trying to carry out or organise the various efforts to open data.";Complement;Hybrid;"Open data governance in the public administration is arranged as a part of common information management governance. The Act on Information Management in Public Administration (906/2019, https://www.finlex.fi/fi/laki/kaannokset/2019/en20190906.pdf) creates a common governance model and instruments to steer, encourage and support public administration's information management including open data. A specific open data governance model is not included in the act. Thus, open data is considered to be an integrated part of any organisation’s or information management entity’s work flow or data resources. 

Governance of publishing data is out of the act’s scope and publishing processes are regulated, among other statutes, by the Openness of Government Activities Act (621/1999 with amendments, https://www.finlex.fi/en/laki/kaannokset/1999/en19990621). It provides for the general right to access any official document, including electronic records, in the public domain held by public authorities and private bodies that exercise public authority. Restrictions apply to non-official documents, documents relating to foreign affairs, criminal investigations, police matters, information concerning military intelligence and the armed forces, as well as confidential business activities.

As a result of the constitutional order in Finland, an all-encompassing top down structure is not viable. The roles and tasks of governance takes place naturally on the various levels of public administration and public sector activities, as municipalities, welfare counties and central government authorities have independence and autonomy in applying and interpreting law. 

The national open data portal, Opendata.fi, focuses on guidance and assistance of data providers rather than trying to carry out or organise the various efforts to open data."
P15;"Does the governance structure ensure that the local and regional open data initiatives are facilitated and supported at national level?

For Explanation:
* If yes, please give an example of what kind of support.
* If not applicable, please explain why.";new question;new question;Change;No;
P16;"To what degree do local/regional public bodies conduct open data initiatives? 

For Explanation:
* If not applicable, please explain why.";few public bodies;The Statistic Finland organises the Datamenestyjät Competition (the Data Success Competition in English). The purpose of the competition is to promote the utilization of information and support the development of society, which is based on reliable information (more information about the competitin in Finnish https://www.stat.fi/tup/datamenestyjat/index.html and the 2021 competition https://www.stat.fi/datamenestyjat-2021). Helsinki Region Infoshare (hri.fi) is an open data service and portal owned by the cities of Helsinki, Espoo, Vantaa and Kauniainen.;Confirm;;
P17;"Is a document describing the responsibilities and governance structure of the national (and/or regional/local) open data team publicly available?

For Explanation:
* If yes, please provide the URL where this information is published. ";yes;At the local level, for example at the Helsinki region: https://hri.fi/en_gb/hri-service/what-is-hri/operational-areas/ and https://hri.fi/fi/hri-palvelu/mika-hri/ohjausryhma/;Confirm;;
P18;"Is there a regular exchange of knowledge or experiences between the national open data team and the team maintaining the national portal? 

For Explanation:
* If yes, please briefly describe how this exchange takes place and provide evidence supporting your answer (e.g. meeting agendas, URLs to news items).";yes;The steering group for developing the operating model for data sharing and the public administration API principles consists both the staff from the Ministry of Finance and the staff from the Digital and Population Data Services Agency working with the open data issues. The steering group has regular meetings five times a year. Screenshots of the calendar invitations are included.;Change;No;The meetings have been changed to be ad-hoc, since the implementation of the ODD or the HVD regulation no longer require regular meetings. Also given the small size of both teams (one part-time person on the open data team and three part-time people on the portal team), emails are often enough to resolve questions that arise and there is not enough time to allocate for regular meetings.
P19;"Does the governance model include the appointment of official roles in civil services that are dedicated to open data (e.g. open data officers)?

For Explanation:
* If yes, please describe how this task is fulfilled at public body level.";yes;The governance model of the national open data portal does not include regular appointments of official roles of civil service dedicated to the open data. The regular appointments, which can be dedicated to those civil servants as well, are organised in regional administrative level and with the largest cities dedicated civil servants. The cities of Helsinki Metropolitan Area have a joint service (Helsinki Region Infoshare HRI, hri.fi) and several other municipalities have their own dedicated open data officers that assist in and ensure that their respective cities open their data. These officers are also the primary contact points for Opendata.fi stakeholder collaboration. With governmental agencies’ chief data officers or open data officers there is not regularly appointment schedules.;Confirm;;
P20;"Is there a regular exchange of knowledge or experiences between the national open data team and the wider network of open data officers in your country? 

For Explanation:
* If yes, please briefly describe how this exchange takes place and provide evidence supporting your answer (e.g. meeting agendas, URLs to news items).";yes;We have regular (about 4-5 times a year) national open data meetings between national open data team, cities and other open data office. About the goals and frequency of regular meetings between national data team and different open data offices, see for exampe the annual working plan of the Helsinki Region Inforshare HRI for 2022 pages 21 and 22,  https://www.hel.fi/static/hel2/tietokeskus/data/dokumentit/HRI_toiminta_ja_taloussuunnitelma_2022.pdf, in Finnish only.;Confirm;;
P21;"Is there a regular exchange of knowledge or experiences between public sector bodies (i.e. the providers) and open data reusers (e.g. academia, citizens, businesses)?

For Explanation:
* If yes, please briefly describe how this exchange takes place and provide evidence supporting your answer (e.g. meeting agendas, URLs to news items).";yes;"The Digital and Population Data Services Agency with its open data team and national open data portal, opendata.fi, conducts active information exchange with the active players and data owners in the field. And on the regional level, there is different networks and groups sharing information and experiences: The Regional Council of Southwest Finland’s facilitated regional Open Data Network (Avoimen tiedon verkosto, https://varsinais-suomi.fi/kumppanuusfoorumi/kumppanuusfoorumi/ihmiset-ja-yhteisot/avointieto/; https://www.lounaistieto.fi/aluetietofoorumin-2023-teemana-paikkatieto-ja-terveys/; https://www.lounaistieto.fi/category/ajankohtaista/tapahtumat/, in Finnish only) as an example.

Helsinki Region Infoshare arranges regularly meetups / events with open data re-users (https://hri.fi/fi/ohjeet/datan-hyodyntajalle/kehittajayhteistyo/).";Confirm;;
P22;"Do data publication plans exist at public body level?

For Explanation:
* If yes, please provide the URL and briefly highlight the key aspects covered. ";yes;On the municipal level, the six largest cities all have their own roadmaps and data publication plans. These are shared and discussed in regular meeting between the 6 largest cities and Opendata.fi. The Helsinki Region Infoshare HRI roadmap covers the data publication plans of the Cities of Helsinki Metropolitan Area: https://hri.fi/en_gb/roadmap/ or in Finnish: https://hri.fi/fi/tyon-alla/, City of Tampere: https://data.tampere.fi/en_gb/roadmap/. In universities opening up research data is seen as a continuos process with guides, rule books  and supportive processes (for example University of Tampere https://research.tuni.fi/researchdata/news/sharing-research-data-supports-sustainable-development/ and guidance https://research.tuni.fi/researchdata/);Confirm;;
P23;"Are there processes to ensure that the open data policies/strategy previously mentioned are implemented (e.g. monitoring)?

For Explanation:
* If yes, please specify the process(es).";yes;"The data opening plans, quite often only high level plans, are shared and discussed between and among opendata.fi users. And in the municipal level in different regional networks such as between the six biggest cities in Finland (https://docs.google.com/document/d/1P-eCz0i-sOLqLjhVqG3QMUgJFbj5hTAVPfMvjZs-Bns/edit#). Within univesities the implementation is monitored by organisation themself or by The National Open Science and Research Coordination as a part of the Open Science Monitoring (for example https://avointiede.fi/fi/ajankohtaista/avott-seurannan-aineisto-julkaistu). 

RESPONSE TO THE REVIEW: In addition to the above, there is no more detailed process or mechanism to monitor the implementations of public sector organisations' data strategies at the government or agency level. Of course, the organisations may have their own monitoring processes as mentioned above. The link (Open Science Monitoring) has been corrected.";Confirm;;
P24;"Do you update your policy/strategy as appropriate to ensure its success, such as based on data collected for monitoring?

For explanation:
* If yes, please describe the process and any recent updates made to strategy/policy";new question;new question;Change;No;To answer the research team: new plans are drawn up and created as the ending of the present plan nears, but there is a no data collection per se. Generally the new plans do not build on pre-existing ones as much as come up with new initiatives as trends and interests change. One factor impacting this is that the civil servants responsible for drafting plans for one term often move on and are not present for the next, and the teams involved are small, so there is not much continuity.
P25;"Are there any processes in place to assess if public sector bodies are charging for data above marginal cost? (please see directive (EU) 2019/1024 on open data and the reuse of public sector information).

For Explanation:
* If yes, please specify the process(es).";yes;The criteria for charges payable to governmental public sector actors are confirmed by decree, and the criteria are revised annually.;Complement;Yes;When it comes to providing open government documents and data, the criteria for fees are defined by law and forbid charging above marginal cost. Documents that can be delivered by email in digital format must be available for free, and for others cases only charging up to marginal cost is allowed.
P26-a;"What are the top 3 challenges that your country is facing in the implementation of the mentioned open data policies/strategy?

For Explanation:
* Please briefly describe.";N/A;"Russia's invasion of Ukraine and the change in the global political situation have also been reflected in open data issues in Finland. Open data sets of Finnish municipalities, e.g. infrastructure related data, have been searched from Russia and its partner countries. These security concerns threaten to reduce the enthusiasm of municipalities and other actors to open up information. Situation also increases general expectations for influencing legislative drafting, especially revision of the Directive establishing an infrastructure for spatial information in the EU (INSPIRE).

At the moment, there is a really active phase going on in terms of EU legislation regarding digitization and data management. The amount of regulation and its difficult interpretation may cause challenges especially for small actors and possibly also affect the willingness and resources to open data.

A new government is currently being assembled in Finland after the April 2023 parliament elections. The role and possible priorities of open data in the new Government Programme are not yet clear.";Change;N/A;"Changes in the European security environment continue to pose a challenge in terms of making data as open and available as possible without endangering the integrity and safety of vital interests such as critical infrastructure.

The amount of new EU level regulation (esp. the Data Act, the DGA, and partly the Interoperable Europe Act) and its interpretation and application may stretch the resources of smaller public sector bodies thin, as most smaller public sector bodies only have a handful of dedicated data officers or similar staff.

The fiscal situation in the Finnish public sector has reduced the available resources for new projects or initiatives.
"
P26-b;"Are there activities in place to address these challenges in your country (e.g. with specific national/regional/local plans or initiatives)?

For Explanation:
* If yes, please briefly describe the measures that you have adopted or plan to adopt to address these challenges. 
* If no, please specifiy what is hampering finding a strategic approach to solve these challenges.";yes;Security concerns related to open data have been discussed by the Security Committee (https://turvallisuuskomitea.fi/en/security-committee/), which has assigned the Ministry of Finance and the Ministry of Transport and Communications to investigate the matter by the Committee's meeting in the end of May 2023. The matter will also be discussed as part of the implementation of the regulation on high-value datasets.;Complement;Yes;A working group steered by the Ministry of Finance is investigating the potential risks of opening geospatial data and how these risks may be mitigated.
P27;"Are there any activities in place to assist data holders with publishing their data as open data (i.e. to help them with the data opening process)?

For Explanation:
* If yes, please describe/provide examples of these activities.";new question;new question;Change;Yes;The Model for Opening Data (https://www.avoindata.fi/fi/toimintamalli) has been created in 2021-2022 and is maintained annually to assist data holders with publishing open data.
P28;"Is there a professional development or training plan for civil servants working with data in your country? 

For Explanation:
* If yes, please briefly describe these training activities.";yes;"There is several options and possibilities for professional development or training if you have a permanent job and are working with data. An employee has the right, based on a statute, to take study leave in one or more periods, full time or part time, for at most two years during a period of five years, if his or her full-time employment relationship with the same employer has lasted for at least one year in one or more periods. If the employment relationship has lasted for less than a year but at least three months, the employee is entitled to take study leave for a maximum of five days.

Several universities, open universities and colleges has included lectures and courses about open data and its applications in their curriculas to support and to create possibilities to learn and to gain information about open data (https://www.avoin.jyu.fi/opinto-opas/fi/opintojakso/itkp9102/; https://fitech.io/fi/opinnot/data-ja-vuorovaikutus/; https://research.tuni.fi/researchdata/trainings/ ; https://research.tuni.fi/datapalvelu/menneet-koulutukset-2022/; ). There is also e-learning modules with open data related content in the public administration's e-learning portal (eOppiva.fi). Part of the courses are available as science for all, open university or MOOC courses. For SME's there was the Growth from Data (Datasta kasvua) serie of webinars (https://www.youtube.com/playlist?list=PLFMs9Qmp5uLJHszrDcuCAricrk0tcQ33s). A specific curricula for open data studies does not exist.

Government agencies has purchased specific open data training and courses how to prepare for and to open data assets from different companies and associations. The Statistics Finland has also provided trainings. The 'Opening Up and Using Public Sector Data' project created an user-driven action model for public administration to identify, prioritize and open up information together with stakeholders (https://www.avoindata.fi/en/operating-model). The model will be enriched with available, useful material, for example from the European Data Portal. The project also created e-learning courses on the model but also on data interoperability and data quality. These courses are freely available on the public administration e-learning portal eOppiva (https://www.eoppiva.fi/kokoelmat/dealing-with-data-more-efficient-use-of-information/). Anyone interested can launch these e-learning materials at their convenience.

The cities of Helsinki Region Area (hri.fi) arrange training events about 8-10 times a year to the public servants of the cities in the capital region. For training materials, see https://hri.fi/fi/ohjeet/datan-avaajalle/koulutusmateriaalia/.

There are also plans to begin cooperation to produce open data training materials within the Digital and Population Data Services Agency, deployed by two of its services and teams, the National Open Data Portal, opendata.fi, and the Finnish Service Catalog, (https://www.suomi.fi/services/suomi-fi-finnish-service-catalogue-digital-and-population-data-services-agency/d93be162-07a2-45f2-84b3-f794da852b58), to get further assistance on creating materials.";Confirm;;
P29;"Are there annually held national, regional or local events (e.g. hackathons, courses, conferences, users meet-ups, summer/winter schools) to promote open data and open data literacy in your country beyond the target group of public servants? 
 
For Explanation:
* If yes, please provide examples (e.g. title, date, location of the event and URL).";yes, >9;The Regional Council of Southwest Finland organises Aluetietofoorumi –days (https://www.lounaistieto.fi/?s=aluetietofoorumi), and the HRI arranges several (online) meetups / events annually (https://hri.fi/fi/ohjeet/datan-hyodyntajalle/kehittajayhteistyo/), local events in the Turku region (https://www.facebook.com/groups/opendatatku/events). ;Confirm;;
PT1;"Is there a national portal in your country for that enables users to search for open datasets and find where to download open data? 

For Explanation:
* If yes, please provide the URL of the national portal.";yes;"https://www.avoindata.fi/en
";Confirm;;
PT2;"For Explanation:
* What is the technology stack of your portal (e.g. based on uData, CKAN, etc.)";new question;new question;Change;Yes;CKAN, Drupal for portal content + 30 CKAN add-ons
PT3;"Does the national portal offer to its users a way to programmatically query the metadata via an API?

For Explanation:
* If yes, please provide the direct-URL to this feature.";new question;new question;Change;Yes;The datasets that are available via APIs are listed here: https://www.avoindata.fi/data/en_GB/apiset
PT4;"Does the national portal offer to its users a way to programmatically query the metadata via a SPARQL access point?

For Explanation:
* If yes, please provide the direct-URL to this feature.";new question;new question;Change;Yes;https://www.avoindata.fi/data/sparql
PT5;"Does the national portal offer/link to documentation on the use of APIs?

For Explanation:
* If yes, please provide the direct-URL to this feature.  ";new question;new question;Change;Yes;"The documentation on retrieving datasets via APIs from the service is available (in Finnish only) at:
https://www.avoindata.fi/en/node/19
Documentation on the best practises and recommended principles on publishing of data/open data via APIs in the public sector is available at: 
https://www.avoindata.fi/en/api-principles"
PT6;"Does the national portal offer/link to documentation on the use of SPARQL? 

For Explanation:
* If yes, please provide the direct-URL to this feature.  ";new question;new question;Change;Yes;The page https://www.avoindata.fi/data/sparql contains also instructions on how to perform SPARQL queries - with examples from data.europa.eu.
PT7;"Does the national portal provide functionality for users to contribute datasets they have produced or enriched? 

For explanation:
* If yes, please (1) explain how  the portal facilitate the linking of documentation and supporting materials to these user-contributed datasets and (2) provide the direct-URL to this feature.";new question;new question;Change;Yes;"Overall instructions on adding/updating/enriching datasets in the portal: 
https://www.avoindata.fi/fi/kayttoohjeet/datan-yllapitaminen#datan-muokkaaminen
Example of continuously updating dataset: 
https://www.avoindata.fi/data/fi/dataset/yritykset"
PT8;"Does the national portal offer a mechanism for users to provide general feedback, such  a 'Contact us' or 'Feedback' button that is placed in a visible spot and would allows users to send a general comment concerning the portal?

For Explanation:
* If yes, please provide the direct-URL to this feature or describe how this functionality is provided.";yes;"For example: https://www.opendata.fi/en/contact 
";Complement;Yes;"In addition to the general contact form, the portal also collects systematic and quantifiable customer feedback on the quality of service via Suomi.fi Quality tools (see PT8). The feedback form for avoindata.fi is visible on the footer as ""Give feedback"". The direct link is: https://laatutyokalut.suomi.fi/feedback/121f99b8-ab0b-4da1-bd1c-6676e30b62f5"
PT9;"Does the national portal offer a mechanism for users to provide feedback on specific datasets, such as a 'feedback button' or a comment/discussion section under the dataset?

For Explanation:
* If yes, please provide the direct-URL to this feature or describe how this functionality is provided.";no;;Confirm;;
PT10;"Does the national portal provide a mechanism for users to rate datasets?

For Explanation:
* If yes, please provide the direct-URL to this feature or describe how this functionality is provided.";yes;"Users can rate datasets by liking them using the “like” button on the dataset page. The features shows the amount of likes the dataset has gotten. 
For example: https://www.avoindata.fi/data/fi/dataset/turun-ja-kaarinan-oppilaaksiottoalueet
";Confirm;;
PT11;"Does the national portal enable users to find information and news on relevant open data topics in the country?

For Explanation:
* If yes, please provide the direct-URL to this feature.  ";yes;"In our portal we have open data news page (with open data twitter feeds), as well as a calendar for open data related events in Finland. For example: https://www.avoindata.fi/en/articles
";Complement;Yes;The portal has both a News and Calendar feature. (The Twitter feed has been discontinued to comply with the Finnish Digital Agency cookie policy on its digital services.) Anyone in the open data community can ask us to add a news item or calendar event to be promoted in the service, or point us to one they'd like us to promote. These are little used features, though.
PT12;"Does the national portal offer the possibility for users to receive notifications when new datasets are available on the national portal (RSS, ATOM feeds, email notifications etc.)?

For Explanation:
* If yes, please provide the direct-URL to this feature.  ";no ;;Complement;No;We used to offer e.g. monthly email reminders to data publishers, but withdrew these features since a lot of the organizations found these as irritating and treated them as junk mail. The withdrawal was therefore done by popular demand. 
PT13;"Does the national portal enable users to request datasets, such as through a ""request data"" button? 

For Explanation:
* If yes, please provide the direct-URL to this feature or describe how this functionality is provided.";no;;Confirm;;
PT14;"Are requests for datasets and their progress status presented in a transparent manner on the national portal? 

For Explanation:
* If yes, please provide the direct-URL to this feature.  ";no;;Confirm;;
PT15;"Does the team monitor the extent to which requests (either via the portal or otherwise) result in the publication of the requested data?

For Explanation:
* If yes, please describe how this monitoring is conducted.";no;;Confirm;;
PT16;"Does the national portal offer a mechanism for users to exchange with others, such as a discussion forum?

For Explanation:
* If yes, please provide the direct-URL to this feature or describe how this functionality is provided.";no;"We have withdrawn the discussion board in the national portal for relatively low usage and security reasons. Due to all evaluated open-source solutions having the same vulnerabilities, we do not plan on re-introducing this feature. 

RESPONSE: The forum was flooded with fake accounts that feed the platform with different kind of advertisements. It requires a lot of manual moderation to remove fake accounts and deleting spam. Due to the EU Data Protection Regulation, we can no longer use for example https://disqus.com/, as it is headquartered in the US and does not comply with the EU Data Protection Regulation. In the past, DisQus helped us to moderate chat content, often automatically, by blocking spam and bots. Again, we have briefly evaluated a number of alternatives, and all evaluated open-source solutions seem to have the same vulnerabilities, which are against the security policies of the Finnish Digital Agency. For that reason, we do not plan on re-introducing this feature at least for the time being.
";Confirm;;
PT17;"Does the national portal showcase reuse cases, such as in a designated section of the portal?

For Explanation:
* If yes, please provide the direct-URL to this feature. ";yes;"https://www.opendata.fi/data/en_GB/showcase
";Confirm;;
PT18;"Does the national portal reference the datasets that the showcased reuse cases are based on (i.e. there is a link between the reuse case in the showcase and the underlying dataset on the portal)?

For Explanation:
* If yes, please provide the URL to this feature/to an example documenting this feature.";yes;"Showcase pages have field called ""Used datasets"", which points to the datasets used by the use case. For example: https://www.avoindata.fi/data/en_GB/showcase/perustoimeentulotukiuomessa
";Confirm;;
PT19;"Does the national portal provide the possibility for users to submit their own reuse cases?

For Explanation:
* If yes, please provide the direct-URL to this feature. ";yes;"https://www.opendata.fi/data/en_GB/submit-showcase 
";Confirm;;
PT20;"Does the national portal offer a preview function for tabular data?

For Explanation:
* If yes, please provide the URL to an example documenting this feature.";yes;https://www.avoindata.fi/data/fi/dataset/turku-energian-ymparistotaideteokset/resource/efa0aaf5-6aac-4510-9919-05c64a94becb;Confirm;;
PT21;"Does the national portal offer a preview function for geospatial data?

For Explanation:
* If yes, please provide the URL to an example documenting this feature.";yes;https://www.avoindata.fi/data/fi/dataset/turun-seudun-liikennemaaria/resource/220fb8f8-8de8-444c-8544-7dfb55418fe1;Complement;Yes;"Updated example dataset: 
https://www.avoindata.fi/data/fi/dataset/turun-asemakaavoituksen-vastuualueet/resource/ad05c60f-8b5f-42cf-9bf5-fb15603fe177"
PT22;"Do you promote high-value datastes on your national portal (e.g. use filtering features for reusers to easily find such datasets, use editorial features to promote the datasets, etc.))?

For Explanation:
* If yes, please specify how and highlight challenges if any. 
* If you are an EFTA or a candidate country to the EU, please select 'not applicable'.";new question;new question;Change;Yes;"The portal has the means to tag a high-value dataset as HVD, in which case the data publisher must also select one of the current HVD categories for the dataset. The portal UI will be augmented in the near future to also display a ""HVD"" tag to highlight high value datasets. A dedicated search/filtering option is recognized as a future development need. "
PT23;"Do you monitor the portal's traffic (e.g. in terms of number of unique visitors, visitor profiles, percentage of machine traffic, number of downloads according to the number of datasets etc.)? 

For Explanation:
* If yes, which tool(s) do you use?";yes;"Matomo analytics + CKAN report.
";Confirm;;
PT24;"Do you run analytics on API usage?

For Explanation:
* If yes, please briefly (1) describe your process and (2) how you use the insights to improve the portal";yes;N/A;Complement;;The Matomo analytics has been augmented to collect statistics also on the portal API usage, esp. retrieving of data sets via APIs. These statistics can be broken down to the level of individual publisher and individual dataset. These capabilities were first developed to cater for the needs of one major data publisher. 
PT25;"Besides monitoring portal traffic, do you perform any further activities to better understand the behaviour and needs of users of your portal (e.g. web analytics, surveys, or analysis of social media feeds)?

For Explanation:
* If yes, please (1) specify the activities and explain (2) how they help you understand user needs";yes;We currently have a Public Administration API Principles financed project ongoing to further develop the Operating model and the API principles published at the end of 2022. As part of that project, the open data team is conducting face-to-face interviews with data openers on the public sector. The focus is on both the government-level players and municipal sector players. These interviews will give us a comprehensive understanding on the motivation, extent of knowledge as well as needs of the said organizations regarding opening data.;Complement;;In addition to the portal usage statistics and API usage statistics, we also regularly monitor the customer feedback on portal usage, bug reports, feature requests, etc. that we receive via the Suomi.fi Quality Tools (https://palveluhallinta.suomi.fi/en/sivut/laatutyokalut/esittely) to populate and prioritize the portal maintenance and small-scale development backlog. Additionally, as part of the MoF financed project that was described in the 2023 answer, we gained a lot of insights and situational awareness in the overall issues and difficulties related to opening data in the public sector.
PT26;"Do you used the insights about portal usage and about the behaviour and needs of portal users to improve the portal accordingly?

For Explanation:
* If yes, please explain your process for improving the portal based on user insights and feedback
* If relevant, kindly highlight some improvements made in the past year";new question;new question;Change;Yes;"See answer for PT25. We currently review the customer feedback received via the Quality Tools once per month. As part of the review, we evaluate whether the feedback warrants a new development item in the backlog. 
Features developed during past year based on customer feedback include: 
- Dedicated fixes on portal pages and features that customers have reported as responding slowly,
- More detailed statistics on API usage,
- Multiple UI fixes including mobile responsive open data guides (readable also on mobile devices), improved usability for the open data statistics-pages"
PT27;"Do you undertake any activities to promote the portal and attract new users or new audiences?

For explanation:
* If yes, please (1) explain what activities your perform, and (2) mention if these activities are directed at any specific target audience (e.g. business, public sector, academia, etc.)";new question;new question;Change;Yes;"- The open data portal features regularly in the Finnish Digital Agency's bi-monthly newsletter on the Suomi.fi common digital services. Link to the most recent newsletter featuring the Open data service (Finnish only): https:E9//dvv.fi/uutiskirjeet#
- The roadmap and highlights on the portal development are communicated bi-annually in dedicated infos for Suomi.fi-services. The portal development roadmap is always available as part of the public roadmaps for Suomi.fi-services. See (in Finnish)  https://dvv.fi/documents/16079645/0/Suomi.fi+julkiset+tiekartat+03-2024.pdf/447d574c-e810-6050-865c-8259470c07ed/Suomi.fi+julkiset+tiekartat+03-2024.pdf?t=1711630744084
- A new customer testimonial story promoting the open data portal by two big public sector data publishers  was published (in English) during spring 2024: https://dvv.fi/-/avoindata.fi-palvelun-aktiivikayttajat-kela-ja-fintraffic-nakevat-tulevaisuudessa-paljon-mahdollisuuksia-vapaasti-kaytettavalle-tiedolle?languageId=en_US
- As described in PT25, a dedicated project on the further enhancements on the Public sector API Principles and Operating Model for Data Sharing was funded by the MoF for 2023. Open data was a continuous topic in the monthly network meetings. During the year, the project team met 20 organizations opening data to discuss the best practises, promote open data and the best practises guidance available, as well as gain insights on the current state of play in the field of opening data."
PT28;"Do you monitor what keywords are used to search for data and content on the portal?

For Explanation:
* If yes, please briefly (1) describe your process and (2) how you use the insights to improve the portal";new question;new question;Change;Yes;"The following public statistics is available:  https://www.avoindata.fi/data/en_GB/report/matomo-most-popular-search-terms
We periodically review the most used keywords and see if they evolve over time. In 2023, as part of a MoF financed project, we contracted a consulting company to conduct us a comprehensive search result analysis, based on which we prioritized the activities on a focused effort on SEO to increase the visibility of both the best practises content we have available and the portal itself. The statistics on the most used keywords was used as input in the SEO optimization."
PT29;"Do you monitor the most and least consulted pages?

For Explanation:
* If yes, please briefly (1) describe your process and (2) how you use the insights to improve the portal
* For informational purposes, kindly provide the URLs to the five most popular datasets on the portal";new question;new question;Change;Yes;"The following public statistics is available: https://www.avoindata.fi/data/en_GB/report/matomo-dataset
We periodically review both the short and long term statistics on the most and least used pages. While we do not use this information to develop the portal per se, it gives us an understanding on how the users' needs on open data evolve and/or do not evolve over time, and which domains of open data are in demand.  "
PT30;"Do you take measures to optimise the search and discoverability of content (data and editorial)? 

For Explanation:
*If yes, please briefly describe how your optimise the search";yes;"A dedicated search engine optimization subproject was budgeted for 2022, but will be carried out in fall 2023.
The project continues a wider project on opening up and using public data lead by the Ministry of Finance between 2020-2022.";Complement;Yes;"- In 2023, as part of the MoF funded project, the search engine visibility of both the portal itself as well as the best practises documentation we make available was improved in multiple ways to ensure that the portal and its content feature in top findings when searching for open data in Finland. 
-  As part of the MoF funded project, the portal's search engine was replaced with a newer version that has better support for Finnish and Swedish.
- The national DCAT-AP extension mandates a set of mandatory, optional and recommended attributes. Especially the optional and recommended attributes increase the data findability. 
- Based on testing, we have also identified ways to further improve the portal search, but these are not on the immediate roadmap."
PT31;"Is the metadata on your portal available in clear plain language to enable both humans and machines to read and understand it? 

For Explanation:
*If yes, please provide the URL to an example documenting this feature.";yes;;Complement;Yes;"- The page https://www.avoindata.fi/ns/ contains the metadata description/ national DCAT-AP extension. 
- The data model is also availabe as visualization on our Compatibility Tools platform: https://tietomallit.beta.yti.cloud.dvv.fi/model/fi-dcatap   
It is currently in draft stage while we add the HVD categories in the data model, after which we republish the data model. "
PT32;"To what degree do public sector data providers contribute data to the portal? 

For Explanation:
*Please describe what is the agreed approach.
* If less than the majority of data providers, please briefly explain why (e.g. technical incompatibilities, governance aspects, low awareness etc.).";the majority of public sector data providers;"Finnish legislation doesn't mandate the publishing of open data at national open data contact point (opendata.fi). Many public sector bodies maintain their own open data portals, while also publishing select parts or all of their open data also on the national portal. Lack of time and resources at publishers' end to focus on data publishing. - Lack of awareness of the national portal.

Most municipalities have yet to open their data, and only a few smaller municipalities provide open data in 2022.";Complement;The majority of public sector data providers;Especially the number of municipalities publishing open data is on the increase. We are also seeing a trend where smaller and medium size municipalities as well as select large cities publish their open data first and foremost via the national portal.
PT33;Do you identify the data providers that are not yet publishing data on the national portal?;yes, or all public sector data providers already publish data;N/A;Confirm;Yes, or all public sector data providers already publish data;N/A
PT34;"Were there concrete actions taken to assist these data providers with their publication process?

For Explanation:
* If yes, could you provide some examples of the actions taken in this regard.";yes, or all public sector data providers already publish data;As part of the wider project on opening up and using public data, which was lead by the Ministry of Finance, a step-by-step process model for information sharing was published in the portal in 2022. See: https://www.avoindata.fi/en/operating-model;Complement;Yes, or all public sector data providers already publish data; 
PT35;"Besides the national open data portal, are there other regional and local portals? 

For Explanation:
* If yes, please provide a complete list and the links to these portals.";yes;- https://hri.fi/en_gb/ - https://data.lounaistieto.fi/en_gb/ - https://data.tampere.fi/en_gb/ - https://data.ouka.fi/en_gb/;Complement;Yes;"https://hri.fi/en_gb/
https://data.tampere.fi/en_gb/
https://thl.fi/en/statistics-and-data/data-and-services/open-data
https://www.syke.fi/avointieto
https://www.ilmatieteenlaitos.fi/avoin-data
https://asiointi.maanmittauslaitos.fi/karttapaikka/tiedostopalvelu

The national portal harvests a number of these. Additionally some regional portals such as Lounaistieto (https://www.lounaistieto.fi/avoin-data/) nowadays publish their open data in the national portal and link to it on their pages. "
PT36;"Are regional and local portals listed above and their data sources discoverable via the national portal? 

For Explanation:
* If not applicable, please briefly explain why. ";yes;Hri.fi and data.ouka.fi are harvested to opendata.fi. Discussion for harvesting data.tampere.fi and data.lounaistieto.fi portals to opendata.fi are still underway due the cities been occupied elsewhere.;Complement;Yes;As a change to 2023, the regional portal Lounaistieto (https://www.lounaistieto.fi/avoin-data/) nowadays publishes their open data in the national portal and links directly to it.
PT37;"To what degree are  regional and local sources harvested automatically? 

For Explanation:
* If less than the majority of existing sources is harvested by the national portal, please briefly explain why.                        
* If not applicable, please briefly explain why. ";The majority of datasets;"There are multiple government- and state agency level data portals that are currently not harvested by opendata.fi simply due to lack of time and resources on both sides to match the data models and agree on the harvesting practicalities.

Additionally, there are at least more than 20 data portals on municipal level that are not being harvested. The same constraints for time and resources on both side to agree on the practicalities apply also on the municipal level.

RESPONSE: We agree with your suggestion to change the selection to ""the majority of datasets"".";Confirm;;
PT38;"Does the national portal include datasets that are real-time or dynamic?

For Explanation:
* If yes, please provide URLs to real-time and/or dynamic data featured via the national portal. ";yes;https://www.avoindata.fi/data/fi/dataset/turun-seudun-liikennemaaria/resource/a9cdffa3-a635-430a-85f1-95a618cd585b https://www.avoindata.fi/data/en_GB/dataset/digitraffic-rautatieliikenne;Confirm;;
PT39;"Does the national portal provide a way for non-official data (i.e. not stemming from official sources, such as community-sourced/citizen-generated data) to be published? 

For Explanation:
* If yes, please explain how non-official data is distiguished for offical data (e.g. using a different section of the portal or tags) 
* And please provide a URL to an example of a non-official dataset on the portal ";new question;new question;Change;Yes;"The list of data publishers (https://www.avoindata.fi/data/en_GB/organization) contains a dedicated section ""Citizens"" for private individuals to publish their data: https://www.avoindata.fi/data/en_GB/organization/yksityishenkilo
See for example: https://www.avoindata.fi/data/en_GB/dataset/sparse-vibrometer-data"
PT40;"Does the national portal allow users to see what data exists but cannot be made available as open data?

For Explanation:
* If yes, please (1) provide the URL to an example and (2) briefly describe the approach used to ensure this transparency.";yes;The information management map of public administration describes the way in which information management is organised in public administration. The map allows actors to plan and develop the interoperability of public administration information pools and information systems: https://www.exploreadministration.fi/information-management-map-of-public-administration/;Complement;Yes;The portal that desribes the data that cannot be made public (restricted data) as regulated in the Data Governance Act is a separate service (suojattudata.suomi.fi), but is directly linked with the open data service in multiple points and vice versa. 
PT41;"Does the national portal have a strategy to ensure its sustainability?

For Explanation:
* If yes, please (1) provide the URL to this document and (2) describe the main measures to keep the portal running in the long-term and continue to serve its audience";new question;new question;Change;No;The portal has no explicit sustainability strategy per se. The portal is identified in a MoF act as one of the public digital services that the Finnish Digital Agency develops and maintains, and the maintenance as well as small-scale development is funded from the agency development budget. The portal is nowadays part of the Suomi.fi- family of public digital services for citizens and organisations. We also communicate the development roadmap publicly in connection with the other Suomi.fi-services. 
PT42;"Is your national portal active on social media? 

For Explanation:
* If yes, please provide the URL(s) to your social media accounts. ";yes;"Facebook:
https://www.facebook.com/groups/fi.okfn 
Twitter:
https://twitter.com/avoindatafi
The Finnish Digital Agency social media channels:
https://www.facebook.com/DVVfi/
https://www.linkedin.com/company/digi-ja-vaestotietovirasto
https://twitter.com/DVVfi";Change;Yes;"The X- account twitter.com/avoindata.fi has been discontinued, and the news on open data in ""X""-service are published by the Finnish Digital Agency media team as part of the overall agency presence in social media. Apart from that change, the list is as in 2023."
PT43;"Are the portal’s source code and relevant documentation and artefacts made available to the public (e.g. on platforms such as GitHub or GitLab)?

For Explanation:
*If yes, please provide the (1) platform name and (2) the URL to the portal’s account on this platform.";yes;https://github.com/vrk-kpa/opendata;Confirm;;
PT44;"Do you monitor the characteristics of the data published on the portal, such as the distribution across categories, static vs. real-time data and how these change over time?

For Explanation:
* If yes, please provide the direct-URL to this feature";yes;We continue to do sporadic follow-up. The page Categories (https://www.avoindata.fi/data/en_GB/group/) lists the number of data sets per category. We do not currently follow the division between real-time and static data sets, or how the numbers develop over time, because a log of the open data APIs described in the portal were initially published as data sets. Neither the portal team, nor the data openers have conducted a systematic review to update the datasets to APIS where the categorization is now wrong, as the portal supports identifying APIs as their own data type. ;Complement;Yes;"In addition to answer in 2023, we do regular if sporadic manual analysis on the number of dynamic data /data sets identified as APIS versus other data sets. 
 We also follow the number of data sets divided between categories, and which categories get most of the published data. The current distribution of data across categories is available at https://www.avoindata.fi/data/en_GB/group/"
PT45;"Does this monitoring enable the portal team and/or data providers to take action to improve their performance on the national portal?

For Explanation:
* If yes, please (1) explain how and (2) if applicable provide the direct-URL to this feature.";yes;Yes. We also compare the accumulation of data sets per category to numbers of data sets in corresponding categories in the portals of other countries. If we see a clear difference in numbers, we try to identify providers that could open corresponding data sets in the same categories. This effort is more sporadic than systematic, though.;Change;Yes;"The data providers can combine the data from statistics listed below to understand and improve the demand for their open data:
- The Five star model: https://www.avoindata.fi/data/en_GB/report/openness
- Most and least accessed data sets per organization: https://www.avoindata.fi/data/en_GB/report/matomo-dataset
- Outdated data sets: https://www.avoindata.fi/data/en_GB/report/deprecated-datasets-report
- Number of downloads per data resource: https://www.avoindata.fi/data/en_GB/report/matomo-resource"
Q1;"Is there a pre-defined approach to ensure that metadata is kept up-to-date?

For Explanation:
* If yes, please briefly describe your approach.";yes;"o    The Opendata.fi Data Owner’s guide has a topic to suggest that organizations create generic data administrator accounts rather than individual accounts to ensure that multiple persons have administrator and editor rights to data and descriptions.
o   The portal used to send monthly reminders to data openers on broken links and approaching expiration dates. This practice has been discontinued in 2022 at the request of the organizations opening data. The reminders did not result in updating activities in smaller organizations, and the bigger organizations opening data already have processes and policies in place to ensure regular data updates.";Complement;Yes;The previous answer is otherwise valid, but we no longer send out the monthly reminders at the request of the data publishers.
Q2;"What percentage of the metadata on the national portal is obtained from the source automatically, rather than edited manually? 

For Explanation:
* Please describe (1) the workflows you have to automate the harvesting of metadata and (2) for which types of data these apply to";new question;new question;Change;70-89%;"- We agree with each harvested organization individually what data gets harvested, match the data models, agree on the cadence, and then follow-up on the pracitises approximately once per year.
- Types of data that gets harvested: data from the big cities, geospatial data from Paikkatietohakemisto, and environmental data from SYKE
- The list of portals that are harvested is available at: https://www.avoindata.fi/data/en_GB/harvest"
Q3;"What is the average delay from the moment the metadata describing a dataset is updated at the source, and the moment the change is visible on the portal?

For Explanation:
* Please explain the approach for updating metadata in a timely manner";new question;new question;Change;Within one day;When a dataset is added in the portal directly, or updated in the portal, the changes in the metadata are immediately available. All harvested portals are harvested with 24 hour cadence. The metadata changes are available immediately after harvesting.
Q4;"Do you undertake efforts to ensure that published data covers the full period from when it was first published until today, for example,the complete time series?

For Explanation:
* If yes, please explain the measures in place to ensure complete series of datasets";new question;new question;Change;No;This at the responsibility of the individual organizations publishing data. The national portal team offers an experimental complete listing of the Finnish Company Register (https://www.avoindata.fi/data/en_GB/dataset/yritykset). The portal team does its best to ensure that the data set is updated montly during the course of the experiment. 
Q5;"Have you implemented the DCAT-AP High Value Datasets (semiceu.github.io) tag to denote the High-Value Datasets in your (national) open data portal(s)?

For Explanation:
* If yes, please specify how and highlight challenges if any.
* If you are an EFTA or a candidate country to the EU, please select 'not applicable'.";new question;new question;Change;Yes;"- The portal has implemented the means to tag a HVD data set as HVD. Once we add the support for the initial HVD categories during 2024, we also make the HVD tag visible in the portal.
- For additional information, see also the answer below for Q6. 
- Additionally, we are currently (May 2024) in discussions with Paikkatietohakemisto (https://www.paikkatietohakemisto.fi/geonetwork/srv/eng/catalog.search#/home ; one of the geospatial data portals that are harvested in the national portal) on how to implement the HVD categories when we harvest their open data. Similar discussions need to be conducted with other harvested portals as well once we have implemented the support for the initial HVD categories."
Q6;"Besides the DCAT-AP tag mentioned above, have you implemented any other measures to ensure that high-value datasets ((EU) 2023/138) are interoperable with datasets of other country?

For Explanation:
* If yes, please specify how and highlight challenges if any.
* If you are an EFTA or a candidate country to the EU, please select 'not applicable'.";new question;new question;Change;No;In the near future during 2024, when a data publisher tags a dataset or an API, (or a harvested dataset) as a HVD dataset, the data publisher must select/communicate at least one matching HVD category as currently defined: Geospatial, Earth observation and environment, Meteorological, Statistics, Companies and Company ownership, or Mobility.
Q7;"Do you monitor the quality of the metadata available on your portal?

For Explanation:
* If yes, please briefly explain how this monitoring takes place. 
* If applicable, please provide the URL to this monitoring mechanism.";yes;"o    The portal uses the Berner’s-Lee Five-star rating on the quality of metadata to both analyse the metadata and communicate the quality of the metadata for each data set. 
o    https://www.avoindata.fi/data/en_GB/report/openness
o    Opendata.fi reacts to portal user’s feedback on issues with data sets, including e.g. incomplete descriptions and missing meta data that is considered necessary.
o    Opendata.fi monitors broken links and sends out monthly reminders.
o    https://www.avoindata.fi/data/en_GB/report/broken-links
o    The portal also monitors expired data and sends out multiple warnings in advance. 
o    The Opendata.fi administrators monitor the errors the portal harvesters report on the data and the metadata. The portal team assists data owners in fixing the errors that fall on the data owners’ responsibility.";Change;No;We do not monitor the quality of metadata per se, but the portal data model mandates a fairly comprehensive set of metadata in order for the dataset to be published, or harvested successfully.
Q8;"Do you publish information on the quality of the metadata available on the portal?

For Explanation:
* If yes, please provide the URL to this section. ";yes;"The following reports are available to portal users: 
o    https://www.avoindata.fi/data/en_GB/report/broken-links
o    https://www.avoindata.fi/data/en_GB/report/openness

A report against DCAT-AP compliance (mandatory, optional, and supported recommended fields) is planned, but not implemented at the time of answering.";Change;No;A focused report on DCAT-AP compliance is still in the backlog. We are investigating what already existing tools and implementations are available, but the feature will not make it in the 2024 backlog.
Q9;"Do you publish guidelines (e.g. written materials) and have tools in place, to assist publishers in publishing high-quality metadata? 

For Explanation:
* If yes, please (1) briefly describe this material and (2) provide the URLs to these materials and/or tools.";new question;new question;Change;Yes;"The following guidelines and step-by-step instructions are available: 
Guidelines :https://www.avoindata.fi/en/operating-model/6-publication
User instructions: https://www.avoindata.fi/fi/kayttoohjeet/datan-lisaaminen-0#lisaa-dataa"
Q10;"Do you set any standards on metadata quality that data providers must abide by (e.g. on the use of licence, minimum metadata describes, use of certain DCAT-AP properties, etc)

For Explanation:
* If yes, please describe the standards you have in place, i.e. what is minimum information the metadata should describe ";new question;new question;Change;Yes;"- The best practises guidance document ""Operating model for sharing data"" provides a section on various recommended metadata practises as part of the guidelines for data publishing. See https://www.avoindata.fi/en/operating-model/6-publication#step
- When a data publisher publishes data via the portal, the metadata must contain the DCAT-AP mandatory properties and those recommended properties that are needed for national compliance. This does not fully apply to datasets that are harvesed form other portals, although we do take steps to ensure the minimum coverage also from harvested portals. In practise we expect the DCAT-AP 2 mandatory properties and select recommended properties as minimum information to be compliant nationally as communicated in our national extension: https://www.avoindata.fi/ns/.
We also recommend the use of the CC0 and CC BY 4.0 licenses."
Q11;"Do your open data publication/licensing guidelines provide recommendations for the use of Creative Commons (CC) licences, specifically CC BY 4.0 and CC0?

For Explanation:
* If yes, is this mandatory (e.g. prescribed by law) or recommended?
* Please provide a URL link to the guidelines";new question;new question;Change;Yes;"- The best practises guidance document ""Operating model for sharing data"" recommends using the CC BY 4.0 and CC0 licenses. The recommendation is available in the section Planning and implementation - Defining access rights.  See 
https://www.avoindata.fi/en/operating-model/5-planning-and-implementation#access-rights
- The UI for publishing data on the portal mandates the selection of license and recommends CC0 for metadata and CC4 for the dataset itself."
Q12;What percentage of the open data available on the national portal is accompanied by licensing information? ;>90%;N/A;Confirm;;N/A
Q13;How many different licences are used on your portal?;5-10;N/A;Confirm;;N/A
Q14;"Besides providing guidelines, are there regular activities conducted or mechanisms in place to  assist publishers in supplying high-quality datasets (metadata quality and data quality)?

For Explanation:
* If yes, please explain the support you provide?";new question;new question;Change;No;"No regular activities are conducted. For data quality, we provide the following guidelines and best practises: for opening and sharing data ""Operating model for data sharing"": https://www.avoindata.fi/en/operating-model
and best practises for opening and sharing data via APIs in the public sector ""API principles"": https://www.avoindata.fi/en/api-principles
We also conduct one-to-one support sessions with data providers upon request, for example for the regional portal Lounaistieto when they migrated their data in the national portal. "
Q15;"Does the national portal follow the DCAT-AP framework or, if not, are standards in place to ensure interoperability with DCAT-AP?

For explanation:
* If the  portal follow the DCAT-AP framework, please describe how compliance with DCAT-AP is ensured
* If the portal does not follow the DCAT-AP framework, please describe how interoperability with DCAT-AP is ensured";new question;new question;Change;Yes;The portal is compliant with DCAT-AP v.2.11 with some extensions and changes to accommodate for established national practises specified in the national extension. The portal will introduce the DCAT-AP v.3 HVD categories during 2H2024. Fuller DCAT-AP v.3 support  with corresponding scaling down of the national extension is planned to take place when CKAN support for DCAT3 is available.
Q16;What is the percentage of metadata on your portal that is DCAT-AP compliant, in terms of mandatory classes? (agent, catalogue, dataset, literal, resource);>90%;;Confirm;;N/A
Q17;What is the percentage of metadata on your portal that uses DCAT-AP recommended classes? (category, category scheme, distribution, licence document);>90%;;Confirm;;N/A
Q18;What is the percentage of metadata on your portal that uses DCAT-AP optional classes? (catalogue record, checksum, document, frequency);>90%;;Confirm;;N/A
Q19;"Is there a national extension of the DCAT-AP standard developed for your country? 

For Explanation:
* If yes, please (1) briefly outline the reasons for this decision, and (2) what the main differences between the national variation and the EU standard are.
* If applicable, please provide the URL to the documentation of the national DCAT-AP extension.";yes;"Opendata.fi data model is compliant with DCAT-AP version 2.11. Our data model does, however, support only select fields within the optional classes. 
See the technical documentation for our extension for closer details. https://www.avoindata.fi/en/dcat-ap";Confirm;;
Q20;"Do you investigate the most common causes for the lack of DCAT-AP compliance?

For Explanation:
* If yes, what are the main causes for the lack of DCAT-AP compliance?";new question;new question;Change;Yes;"The reasons for incompatibility have been the same fora number of years: 
1 = Very old data sets that are published before DCAT-AP 1.1 are not necessarily compliant if they have not received any content or metadata updates. 
2 =  Some data owners provide minimum metadata descriptions only (although we recommend a comprehensive set of metadata). We do not mandate filling in the recommended or optional fields when submitting new data sets. 
3 =  For some harvested data sets (esp. geospatial data), the metadata available does not match the DCAT-AP metadata 100%, and we support only partial GeoDCAT-AP compliance for the time being.
4 = A large number of data sets (esp. geospatial data) carries additional metadata derived e.g. from Inspire and its national applications that is not explicitly identified in the DCAT-AP specification. The majority of this data can be mapped in the recommended fields, which we have done e.g. with Paikkatietohakemisto. 
- Any new materials either harvested or added in the portal directly are, however, compliant at least with the DCAT-AP 2 mandatory properties."
Q21;What is the percentage of datasets whose metadata provides a reference to where the data can be downloaded, or its API accessed (“download-URL” in the DCAT-AP specification)?;>90%;N/A;Confirm;;N/A
Q22;What is the percentage of datasets whose metadata provides a reference to a web page from where the data can be accessed (“access-URL in the DCAT-AP specification)?;>90%;N/A;Confirm;;N/A
Q23;"Do you use a model (such as the 5-Star Open Data or FAIR) to assess the quality of deployment of data in your country?

For Explanation:
* If yes, please briefly describe.";yes;"Opendata.fi assesses the quality of the data according to the 5-star model. Based on discussions with the data openers at the time of answering, both data publishers and open data re-users consider the model cumbersome and difficult and  thus a barrier for publication. A lot of typical open data re-users (e.g. regular citizens and reporters in media) use open data in very basic/proprietary formats, such as MS Excel. 

We are increasingly trying to apply the FAIR principles in assessing the data quality and related communications to the extent that is possible. Implementing the principles in the national portal is not clear cut, but we aim for higher adoption. 

Opendata.fi also considers it problematic that the data semantics in the 5-star model are not anchored with anything. The semantics do not, for example foster interoperability of data on national (Finnish) or European levels. The portal team’s experience has, however, shown that the best publishing approach is either three stars or five stars on the 5-Star model.";Confirm;;
Q24;"Do you conduct activities to promote and familiarise data providers with ways to ensure higher quality data?

For Explanation:
* If yes, please briefly describe.";yes;Opendata.fi communicates both the 5-star model and the FAIR principles in the portal’s technical framework and related documentation as well as  in the Data Owner’s guide. We have also taken up the model in the events and meetups with data providers systematically over the years.;Complement;;In addition to the previous answer, section 6. 'Publication' in the best practises guideline Operating model for sharing data (https://www.avoindata.fi/en/operating-model/6-publication#metadata) contains a motivation to publish also comprehensive metadata.
Q25;What percentage of datasets are made available under an open licence? ;>90%;N/A;Confirm;;N/A
Q26;What percentage of licences are provided in a structured data format?;>90%;N/A;Confirm;;N/A
Q27;What percentage of datasets are provided in an open and machine-readable format?;71-90%;N/A;Confirm;;N/A
Q28;What percentage of datasets consistely use Uniform Resource Identifiers?;>90%;N/A;Confirm;;N/A
Q29;What percentage of datasets link to other renowned sources to provide additional context for the users, e.g. in a linked data fashion?;<10%;N/A;Confirm;;N/A
I1;"Do you have a definition of open data reuse in your country?
 
For Explanation:
* If yes, please specify it.";no;;Confirm;;
I2;"Are there any processes in place to monitor the level of reuse of your country's open data?
 
For Explanation:
* If yes, please (1) briefly describe these processes and (2) provide the URLs to support the answer.";no;;Confirm;;
I3;"Are there any activities in place to encourage public bodies to monitor the reuse of their own published data (e.g. incentives or obligations in place for public bodies or civil servants of national government)?
 
For Explanation:
* If yes, please (1) briefly describe these activities/incentives and (2) provide the URLs to support the answer.";no ;;Change;Yes;The Operating Model for Sharing Data includes guidance and instructions for monitoring re-use in Chapter 8: https://www.avoindata.fi/en/operating-model/8-monitoring-data-use
I4;"Does your country have processes in place to monitor and measure the level of reuse of high-value datasets ((EU) 2023/138)?
 
For Explanation:
* If yes, please specify how and highlight challenges if any. 
* If you are an EFTA or a candidate country to the EU, please select 'not applicable'.";new question;new question;Change;No;
I5;"Has your government specified what 'impact of open data' means (e.g. in a strategy document)?
 
For Explanation:
* If yes, how do you define the impact of open data in your country? 
* If possible, please provide a URL to a public document describing it.";yes;"In the report ""Use and impacts of open data"" (published 2017 by the Prime Minister´s Office) researchers assessed the economic impacts of open data in Finland and proposed concrete means how to enhance the impact of open data in our society (https://tietokayttoon.fi/documents/10616/3866814/40_avoimen+datan+16032017.pdf/0444467d-5400-4f0c-8728-2447cef039ad/40_avoimen+datan+16032017.pdf?version=1.0&t=1489650786000). As an example form sector specific definition: The aims for opening non confidential social and health data have been defined. The aims are to support public welfare and to provide business opportunities.";Confirm;;
I6;"Do you have a methodology in place to measure the impact of open data in your country?
 
For Explanation:
* If yes, please briefly describe the key points of this methodology.";yes;Opendata.fi uses the STEEP analysis methodology to measure the social, technological, economic, environmental and political impact of open data.;Confirm;;
I7;"Is there collaboration between government and civil society or academia to create open data impact in your country?

For Explanation:
* If yes, please provide an example
* If possible, URLs to such projects and collaborations.";yes;"HRI Loves Developers meetups organized by the City of Helsinki: https://hri.fi/fi/ohjeet/datan-hyodyntajalle/kehittajayhteistyo/, 
HRI collaborates with the Universities and Universities of Applied Sciences in Helsinki Region: https://hri.fi/fi/hrin-vuosi-2020-verkkotapahtumia-ja-mielenkiintoisia-data-avauksia/ and https://hri.fi/fi/hrin-vuosi-2021-avoimen-datan-arkea-ja-juhlaa/. In addition Sitra IHAN https://www.sitra.fi/en/projects/ihan-business-programme/.";Confirm;;
I8;"Have any public bodies in your country launched or performed any activities in the past year to understand which and how (open) datasets are reused?

For Explanation:
* If yes, which of the following activities?
* Multiple answers are possible.";yes;N/A;Confirm;;N/A
I8-a;Automated feedback mechanisms tracking users´ access to datasets;new question;new question;Change;Yes;"Matomo web analytics regarding hri.fi open data portal (e.g. hri.fi/data/en_GB/statistics)

Opendata.fi portal has implemented tools for monitoring the re-use of datasets for dataset providers"
I8-b;Surveys;new question;new question;Change;Yes;Helsinki Region Infoshare’s annual user survey: https://hri.fi/fi/hrin-kayttajakysely-2024-hyva-etta-olette-olemassa/
I8-c;Interviews/workshops with reusers;new question;new question;Change;Yes;"Helsinki Region Infoshare’s regular open meetups https://hri.fi/fi/ohjeet/datan-hyodyntajalle/hri-loves-developers-tapahtumat/ 

"
I8-d;Other;new question;new question;Change;Yes;Open data from the Finnish Environment Institute Syke (https://www.syke.fi/en-US/Open_information) has been available for nature conservation, land use and urban planning 2008 onwards. Syke collects data on the amount of downloaded data packages and web map service queries in its Open data service. These numbers are not publicly available. Data is published in several repositories and services. When, for example the Zenodo repository is used, it provides open information on downloads of data:  https://zenodo.org/communities/syke/records?q=&l=list&p=1&s=10&sort=newest
I9;"Have any public bodies in your country launched or performed any activities in the past year to better understand reusers' needs in order to further stimulate the reuse of open data?

For Explanation:
* If yes, which of the following activities have been performed? Please describe how the activity has helped you better stimulate reuse.
* Multiple answers are possible.";Yes;N/A;Change;Yes;N/A
I9-a;Regular feedback sessions with portal users ;new question;new question;Change;No;
I9-b;Social media sentiment analysis ;new question;new question;Change;No;
I9-c;Other;new question;new question;Change;Yes;"Helsinki Region Infoshare’s annual user survey: https://hri.fi/fi/hrin-kayttajakysely-2024-hyva-etta-olette-olemassa/ 
Helsinki Region Infoshare’s survey for the employees of the City of Helsinki https://hri.fi/fi/helsingin-tyontekijoista-harva-tuntee-hrin-mutta-kokemukset-hyvia/; data: https://hri.fi/data/en_GB/dataset/helsinki-region-infoshare-palvelun-kayttoa-koskevan-kyselyn-vastaukset"
I10;"Have any public bodies in your country developed any systematic way of gathering reuse cases?

For Explanation:
* If yes, please provide a brief explanation of the process: How does the gathering happen? ";Yes;Helsinki Region Infoshare collects showcases (https://hri.fi/data/en_GB/showcase). Open data users can add their own showcases using a form.;Confirm;;
I11;"Are there any public bodies in your country that have developed a systematic ways of classifying the gathered reuse cases?

For Explanation:
* If yes, please provide a brief explanation of the process: According to which categories are reuse cases classified (e.g. by policy field)?";No;;Confirm;;
I12;"Is any data on the impact created by open data on governmental challenges (e.g. efficiency, effectiveness, transparency, decision-making capacity) available in your country such as from research studies, impact assessments, or other systematic investigations that quantify the results or broader effects of open data being reused?

For Explanation:
* If yes, please (1) specify what kind of data source proves this impact and (2) provide the URLs to this data.";Yes;"RESPONSE: Good point. In the evaluation of the state aid reform, the effects of the reform have been discussed from the point of view of transparency and utilization of information, but it is more of a qualitative assessment than a quantitative study. 

Example: ""From the point of view of citizens, the clear positive effect of the reform of state aid activities can be considered to be that increasing the openness and transparency of information about state aid promotes the realization of the openness of administration and the principle of publicity included in fundamental rights. In particular, increasing the transparency of information about state aid improves the possibilities of monitoring the use of public power and funds. Increasing transparency also improves citizens' participation rights.""

In this report, on the other hand, quantitative data on the effectiveness of open data has been collected, but the focus has been more on the business perspective: https://julkaisut.valtioneuvosto.fi/bitstream/handle/10024/160261/Avoimen_datan_hy%c3%b6dynt%c3%a4minen_ja_vaikuttavuus.pdf?sequence=1&isAllowed=y";Change;No;
I13;"Is the use of open data in your country having an impact on the efficiency and effectiveness of the government (at any level) in delivering public services? 

For Explanation:
* If yes, please provide an example of one reuse case. For this reuse case, please provide (1) a URL to the reuse case, (2) a URL to the open dataset used by the reuse case, and (3) a description of the reuse case and its impact in this sub-domain.";new question;new question;Change;Yes;The service for assessing the situation of blue-green algae has been produced through collaboration between several organizations and is based on openly available data. As a result, there is a service that even citizens can use to check whether it is safe to swim in a specific water body. It supports municipal actors in organizing swimming opportunities for citizens.  https://www.vesi.fi/sinilevatilanne/
I14;"Is the use of open data in your country having an impact on transparency and accountability of public administrations?

For Explanation:
* If yes, please provide an example of one reuse case. For this reuse case, please provide (1) a URL to the reuse case, (2) a URL to the open dataset used by the reuse case, and (3) a description of the reuse case and its impact in this sub-domain.";new question;new question;Change;Yes;"Syke website and open services provide up-to-date information on available data and various ways to access the data, as well as their terms of use. Additionally, we maintain a registry related to environmental monitoring. In addition to basic information, you can also find information, for example, on which directive the monitoring is related to. Syke website on Open information and data: https://www.syke.fi/en-US/Open_informationOpen spatial datasets: https://www.syke.fi/en-US/Open_information/Spatial_datasets/Downloadable_spatial_dataset Data sources for monitoring: https://www.syke.fi/fi-FI/Avoin_tieto/Seurantatiedot Register of monitoring data: https://ckan.ymparisto.fi/fi/

https://www.tutkihallintoa.fi/ Tutkihallintoa.fi website contains detailed open datasets on local government economy (municipalities and welfare counties). This data is used by journalists and researchers. Example of a consultant interviewed by a reporter, the consultant used open data from tutkihallintoa.fi to question and criticize cost-cutting measures made by welfare counties: https://yle.fi/a/74-20056092"
I15;"Is the use of open data in your country having an impact on policy-making processes (i.e. are public administrations making use of the data as evidence for the problem identification and policy formulation)? 

For Explanation:
* If yes, please provide an example of one reuse case. For this reuse case, please provide (1) a URL to the reuse case, (2) a URL to the open dataset used by the reuse case, and (3) a description of the reuse case and its impact in this sub-domain.";new question;new question;Change;Yes;Syke’s open environmental information systems one aim is to support governance management and policy formulation. For example, Liiteri is a service that includes land use planning and built environment data resources for policy planning: https://www.syke.fi/fi-FI/Avoin_tieto/Ymparistotietojarjestelmat
I16;"Is the use of open data in your country having an impact on decision-making processes (i.e. are public administrations making use of the data as evidence to be included in their daily operations)?

For Explanation:
* If yes, please provide an example of one reuse case. For this reuse case, please provide (1) a URL to the reuse case, (2) a URL to the open dataset used by the reuse case, and (3) a description of the reuse case and its impact in this sub-domain.";new question;new question;Change;Yes;Syke’s open Hertta environmental system provides information for administration to support public administration in their daily decisions, and planning, as well as implementation duties. The Hertta provides open data on, e.g., water resources, the state of surface waters, groundwater, species, and environmental pollution.  https://www.syke.fi/fi-FI/Avoin_tieto/Ymparistotietojarjestelmat
I17;"Is any data on the impact created by open data on social challenges (e.g. inequality, healthcare, education) available in your country such as from research studies, impact assessments, or other systematic investigations that quantify the results or broader effects of open data being reused?

For Explanation:
* If yes, please (1) specify what kind of data source proves this impact and (2) provide the URLs to this data.";no;;Change;Yes;"Assessing the evolution of educational accessibility with self-avoiding random walk: insights from Helsinki; research study https://appliednetsci.springeropen.com/articles/10.1007/s41109-023-00581-4; https://hri.fi/data/fi/showcase/assessing-the-evolution-of-educational-accessibility-with-self-avoiding-random-walk-insights 

Research article on the use of open data in education and its benefits for students: 
https://unlimited.hamk.fi/ammatillinen-osaaminen-ja-opetus/avoimen-datan-hyodyntaminen-opetuksessa-ja-tutkimuksessa/ ""On selvää, että avoin data tarjoaa selkeitä mahdollisuuksia ennen kaikkea IT-alan opiskelijoille. He pystyvät hyödyntämään avointa dataa rajapinta-, tietokanta-, sovelluskehitys- ja analytiikkaharjoituksissa ja projektitöissä sellaisenaan. On kuitenkin tärkeää ymmärtää, että avoin data ei tarjoa mahdollisuuksia ainoastaan heille, vaan myös lähes kaikkien alojen opiskelijoille."""
I18;"Is the use of open data in your country having an impact on society´s ability to reduce inequality and better include minorities, migrants, and/or refugees? 

For Explanation:
* If yes, please provide an example of one reuse case. For this reuse case, please provide (1) a URL to the reuse case, (2) a URL to the open dataset used by the reuse case, and (3) a description of the reuse case and its impact in this sub-domain.";new question;new question;Change;I don't know;
I19;"Is the use of open data in your country having an impact on issues about housing in urban areas? 

For Explanation:
* If yes, please provide an example of one reuse case. For this reuse case, please provide (1) a URL to the reuse case, (2) a URL to the open dataset used by the reuse case, and (3) a description of the reuse case and its impact in this sub-domain.";new question;new question;Change;No;
I20;"Is the use of open data in your country having an impact on the issues of health and wellbeing? 

For Explanation:
* If yes, please provide an example of one reuse case. For this reuse case, please provide (1) a URL to the reuse case, (2) a URL to the open dataset used by the reuse case, and (3) a description of the reuse case and its impact in this sub-domain.";new question;new question;Change;Yes;"Social welfare datasets by the National Welfare Administration are available at opendata.fi as well as tietotarjotin.fi. The National Welfare Administration has helped DigiFinland Oy (a government owned enteprise set up to help healthcare providers tackle various digitalization challenges) in creating different kinds of information views and specialized datasets to aid healthcare providers in their decision-making processes.

https://laakarihinta.fi/ Lääkärihinta.fi-service was released in 2015 with a goal to make health services more price transparent. With lääkärinhinta.fi you can compare the price of doctors, dentists, MRI scans and vets easily https://www.avoindata.fi/data/en_GB/showcase/laakarihinta-fi"
I21;"Is the use of open data in your country having an impact on the society´s level of education and skills (e.g. data literacy)?

For Explanation:
* If yes, please provide an example of one reuse case. For this reuse case, please provide (1) a URL to the reuse case, (2) a URL to the open dataset used by the reuse case, and (3) a description of the reuse case and its impact in this sub-domain.";new question;new question;Change;Yes;"1. Information literacy and evidence-informed decision-making (LITERACY) strategic reseach programme (https://www.aka.fi/en/strategic-research/strategic-research/strategic-research-in-a-nutshell/programmes-and-projects/literacy/) with its projects seeks solutions to how information can be used critically and constructively to support both individual and societal decision-making and actions. _x000D_
2. A case of open data's effects to a curricula, ""Open data challenges the curriculum"", was a sub-ject of academic interest as well (https://finna.fi/Record/theseus_laurea.10024_702839). _x000D_
3. Specific educational materials are available to support the use of open data in different levels of education: https://finna.fi/Record/aoe.1952"
I22;"Is any data on the impact created by open data on environmental challenges (e.g. climate change and environmental degradation, as highlighted in the Eurpean Green Deal) available in your country such as from research studies, impact assessments, or other systematic investigations that quantify the results or broader effects of open data being reused?

For Explanation:
* If yes, please specify (1)  what kind of data source proves this impact and (2) provide the URLs to this data.";yes;"The Finnish Meteorological Institute provides most of its datasets open, free of change, in WMS format and some in Amazon AWS S3 format through the FMI Open Data Services since 2013. More information on the FMI website: https://en.ilmatieteenlaitos.fi/open-data. 

An impact study focusing on data usage in 2018 and a user survey on the FMI Open Data Services was conducted in 2019 which proved the value of open data information for business, public sector, and citizens. According to the study, FMI open data has a significant impact on business. 14% of the private company respondents said that FMI open data have generated new business during last 3 years (N = 389; 14 % of 389 = 54 companies). 

User survey and impact study results

Use of open meteorological data through the FMI Open Data Services:
- Most users use interpolated timeseries
- Large datasets are disseminated via AWS and it’s important for heavy users
- Timeseries API is crucial
- Summer is the busiest time of the year (three times more data requests)
- Removing of API-key increased significantly data requests
- Guidelines and manuals were used by approx. 60% of the users
- 25% of respondents use FMI open data with other open data  
- Four top datasets cover over 3/4 of requests:
o Station specific weather observations
o Weather forecast model HIRLAM (production was terminated in late 2022)
o Lightning strikes
o Weather radar images

Users of the FMI Open Data Services:
- Over 60% of users couldn’t be recognized. However, 80% of recognized users were companies and only 6% from public sector. 
- The companies requested mostly weather forecasts and surface observations and public sector used a lot of road weather observations

FMI Open Data Services is used for example in:
- teaching students in the elementary and high school
- water supply and waste management services, especially for forecasting waste-water flow 
- displaying real-time and historical marine weather data as background information in our services for the users
- estimating solar power production

Access to FMI Open Data Services

Access to FMI open datasets through the web interfaces:
• Discovery Service (a.k.a. Catalog service) providing metadata about the available data sets and services, implemented using the OGC Catalog Service for Web (CSW),
• View Services giving a visual preview of the available data sets, implemented using OGC Web Map Service (WMS), and
• Download Services providing a continuous online access to the most up-to-date data, implemented using OGC Web Feature Service (WFS).

More technical guidance about the FMI Open Data Services: https://en.ilmatieteenlaitos.fi/open-data-manual. 

RESPONSE: We accept the transfer of this evidence to questions Q55 and Q51-54. Unfortunately, we found it difficult to find some other evidence to this question. There is a study on the utilisation of open data in circular economy business but we are not sure if it fits here. Link: https://storage.googleapis.com/turku-amk/2019/08/tuamk-kiertotalouden-avoimen-datan-ratkaisut-raportti.pdf";Confirm;;
I23;"Is the use of open data in your country having an impact on the level of protection of biodiversity (e.g. maintaining a good air and water quality)? 

For Explanation:
* If yes, please provide an example of one reuse case. For this reuse case, please provide (1) a URL to the reuse case, (2) a URL to the open dataset used by the reuse case, and (3) a description of the reuse case and its impact in this sub-domain.";new question;new question;Change;Yes;"https://helda.helsinki.fi/server/api/core/bitstreams/b28ede71-d3c5-42b9-889a-02f96ab51a7b/content Using openly available ALS data and National Land Survay of Finland’s (NLS’s) topographic database a forest trafficability map was developed (hereafter referred as to the static trafficability
map; more details in method section) for supporting wood procurement planning. The static trafficability map describes the season when the harvesting operations may take place without causing significant damage to soil using standard logging machinery (harvester, forwarder). Dataset: https://www.maanmittauslaitos.fi/en/maps-and-spatial-data/datasets-and-interfaces/product-descriptions/topographic-database"
I24;"Is the use of open data in your country having an impact on the achievement of more environment-friendly cities (e.g., environment-friendly transport systems, waste management etc.)? 

For Explanation:
* If yes, please provide an example of one reuse case. For this reuse case, please provide (1) a URL to the reuse case, (2) a URL to the open dataset used by the reuse case, and (3) a description of the reuse case and its impact in this sub-domain.";new question;new question;Change;Yes;"For Helsinki region: https://hri.fi/data/fi/dataset/helsingin-keskustan-rakennusten-sisaankaynnit-ja-portit & https://forumvirium.fi/tietorahti-pilotti-helsinki/ An automated transport pilot, Home-on-Demand, carried out at shopping centre REDI showed that transport modes such as this are close to achieving commercial potential. All 86 orders placed by K-Supermarket Redi’s customers made it safely to their destination in high-rise building Majakka, transported by a robot. In the long run this technology can save time and energy from using traditional delivery methods, e.g. cars.
Furthermore, the pilot created demand for other types of deliveries and work for a robot in this residential building and the shopping centre. Having multiple functions and larger volumes might soon make the use of a robot financially viable. The service used, among others, the Helsinki region open dataset on the entrances and gates of buildings. 

https://app.powerbi.com/view?r=eyJrIjoiMTJiYTViMjktMTk4Zi00ODkxLTgyZWUtYmQ4ZjQ1NTQ2ODIwIiwidCI6ImM4NTBmZTljLWI0NmMtNGIyZC1iODYzLTAxZmEyYTg5ODA2OCIsImMiOjh9&pageName=ReportSection Finland's waste management visualised: https://www.avoindata.fi/data/en_GB/showcase/suomen-alueelliset-jatehuollot-visualisoituna

https://fölläri.fi/ Fölläri - Turku city bike availablity on a map: https://www.avoindata.fi/data/en_GB/showcase/llriurunkaupunkipyriensaatavuuskartalla

https://junalahdot.fi/junalahdot/main Train Departures – Timetable service: https://www.avoindata.fi/data/en_GB/showcase/junalahdot-fi-aikataulupalvelu"
I25;"Is the use of open data in your country having an impact on the fight against climate change, for example by undertaking predictive monitoring, preventive actions, or a differentiated response to connected disasters?

For Explanation:
* If yes, please provide an example of one reuse case. For this reuse case, please provide (1) a URL to the reuse case, (2) a URL to the open dataset used by the reuse case, and (3) a description of the reuse case and its impact in this sub-domain.";new question;new question;Change;Yes;"Urban runoff and heat island modelling towards assessing the impacts of climate change https://www.youtube.com/watch?v=cMNkC0EU1N4 (presentation from 27:30)

Datasets used: https://www.hsy.fi/ymparistotieto/avoindata/avoin-data---sivut/hsyn-huleveden-viemarointialue/
https://www.maanmittauslaitos.fi/kartat-ja-paikkatieto/aineistot-ja-rajapinnat/tuotekuvaukset/maastotietokanta
https://gtkdata.gtk.fi/maankamara/
https://www.maanmittauslaitos.fi/kartat-ja-paikkatieto/aineistot-ja-rajapinnat/tuotekuvaukset/korkeusmalli-2-m

https://helda.helsinki.fi/server/api/core/bitstreams/b28ede71-d3c5-42b9-889a-02f96ab51a7b/content Using openly available ALS data and National Land Survay of Finland’s (NLS’s) topographic database a forest trafficability map was developed (hereafter referred as to the static trafficability
map; more details in method section) for supporting wood procurement planning. The static trafficability map describes the season when the harvesting operations may take place without causing significant damage to soil using standard logging machinery (harvester, forwarder). Dataset: https://www.maanmittauslaitos.fi/en/maps-and-spatial-data/datasets-and-interfaces/product-descriptions/topographic-database

http://energiavalinta.fi/index.html Energiavalinta – Save money and energy: https://www.avoindata.fi/data/en_GB/showcase/energiavalinta-saasta-rahaa-ja-energiaa
https://sahkoseuranta.fi/ Sähköseuranta – track electricity prices: https://www.avoindata.fi/data/en_GB/showcase/sahkoseuranta"
I26;"Is the use of open data in your country having an impact on the consumption of energy based on fuel and the switch to renewables? 

For Explanation:
* If yes, please provide an example of one reuse case. For this reuse case, please provide (1) a URL to the reuse case, (2) a URL to the open dataset used by the reuse case, and (3) a description of the reuse case and its impact in this sub-domain.";new question;new question;Change;Yes;"http://energiavalinta.fi/index.html Energiavalinta – Save money and energy: https://www.avoindata.fi/data/en_GB/showcase/energiavalinta-saasta-rahaa-ja-energiaa
https://sahkoseuranta.fi/ Sähköseuranta – track electricity prices: https://www.avoindata.fi/data/en_GB/showcase/sahkoseuranta"
I27;"Is any data on the economic impact (e.g. GDP, employment, productivity, innovation,  new businesses created etc.) of open data available in your country such as from research studies, impact assessments, or other systematic investigations that quantify the results or broader effects of open data being reused?

For Explanation:
* If yes, please specify what kind of data source proves this impact and provide the URLs to this data.

";I don't know;;Change;Yes;A government study in 2017 examined the different innovation capabilities and accomplishments of enterprises that use and enterprises that do not use open data (see chapter 3) https://julkaisut.valtioneuvosto.fi/bitstream/handle/10024/160261/Avoimen_datan_hy%c3%b6dynt%c3%a4minen_ja_vaikuttavuus.pdf?sequence=1&isAllowed=y
I28;"Is the use of open data in your country having an impact on the level of employment? 

For Explanation:
* If yes, please provide an example of one reuse case. For this reuse case, please provide (1) a URL to the reuse case, (2) a URL to the open dataset used by the reuse case, and (3) a description of the reuse case and its impact in this sub-domain.";new question;new question;Change;I don't know;
I29;"Is the use of open data in your country having an impact on the level of innovation and the adoption of new technologies? 

For Explanation:
* If yes, please provide an example of one reuse case. For this reuse case, please provide (1) a URL to the reuse case, (2) a URL to the open dataset used by the reuse case, and (3) a description of the reuse case and its impact in this sub-domain.";new question;new question;Change;Yes;A government study in 2017 examined the different innovation capabilities and accomplishments of enterprises that use and enterprises that do not use open data (see chapter 3) https://julkaisut.valtioneuvosto.fi/bitstream/handle/10024/160261/Avoimen_datan_hy%c3%b6dynt%c3%a4minen_ja_vaikuttavuus.pdf?sequence=1&isAllowed=y
I30;"Is the use of open data in your country having an impact on the level of entrepreneurship (especially of women and minorities) and business creation (especially with Small- and Medium-sized Enterprises)? 

For Explanation:
* If yes, please provide an example of one reuse case. For this reuse case, please provide (1) a URL to the reuse case, (2) a URL to the open dataset used by the reuse case, and (3) a description of the reuse case and its impact in this sub-domain.";new question;new question;Change;I don't know;
I31;"Is the use of open data in your country having an impact on the level of productivity? 

For Explanation:
* If yes, please provide an example of one reuse case. For this reuse case, please provide (1) a URL to the reuse case, (2) a URL to the open dataset used by the reuse case, and (3) a description of the reuse case and its impact in this sub-domain.";new question;new question;Change;I don't know;