ID;Question;Answer from 2023;Explanation from 2023;Confirm, change or complement answer/explanation from 2023;Provide updated answer (if applicable);Provide updated explanation (if applicable)
P1;"Is there a national open data policy in your country and, if your country is an EU Member State, does this include a national legislation for the transposition of the Open Data Directive?

For Explanation:
* If yes, please provide (1) the URL and (2) title of the policy document and (3) briefly describe.
* If ‘other’, please provide (1) a brief explanation to support your answer choice and (2) provide the URL and indicate the policy section which explicitly references open data.";yes;"The open data policy in France is called “Politique d’ouverture et de partage des données publiques”. The French government and the local authorities are strongly committed to opening government data and never ceases to reaffirm their desire to work toward.

Article 15 of the Declaration of the Rights of Man and the Citizen of 1789, which is part of the French constitution, states that Society has the right to hold any Public Official accountable for its administration. **This principle created very early a right to access the data and never stoped guided all the evolution in open data policy in France.**

The law of 17 July 1978 on freedom of access to administrative documents (”loi CADA”) establishes a framework on access to information, codified in the Code of relations between the public and the administration (Code des relations entre le public et l’administration).

The cornerstone of the French open data policy is the 2016’s Digital Republic Law [https://www.legifrance.gouv.fr/jorf/id/JORFTEXT000033202746](https://www.legifrance.gouv.fr/jorf/id/JORFTEXT000033202746), also transposed in the Code of relations between the public and the administration. **The Digital Republic Law** led to significant progress in terms of open data and national data policy including the “**Open Data by default**” principle and the Public Service Data.

**According to the french decree of october 25 2019, the Interministerial Digital directorate is in charge of the coordination and the promotion of the inventory, governance, production, circulation, use and opening of data. [https://www.legifrance.gouv.fr/loda/id/JORFTEXT000039281619](https://www.legifrance.gouv.fr/loda/id/JORFTEXT000039281619)**

**Recently edited by a modificative decree of April 22 2023, the french government confirmed the importance allocated to the open data policy in it’s governmental roadmap.**

[https://www.legifrance.gouv.fr/loda/id/JORFTEXT000047478124](https://www.legifrance.gouv.fr/loda/id/JORFTEXT000047478124?init=true&page=1&query=%222022%2F868%22&searchField=ALL&tab_selection=all)

In April 2021, Prime Minister Jean Castex, through a circular on the national data, algorithms and source code policy, reiterated the need for an ambitious open data policy, and called on the Government to make data a strategic priority: ""I would like the Government to have a renewed ambition in terms of the use, openness and circulation of public data, algorithms and source codes for the benefit of users, researchers, innovators and all our fellow citizens."" [https://www.legifrance.gouv.fr/circulaire/id/45162](https://www.legifrance.gouv.fr/circulaire/id/45162).

On top of the general framework, open data policy is also characterised by specific sectoral legislation. Here are few recent examples.

- The law on the orientation of mobility [https://www.ecologie.gouv.fr/loi-dorientation-des-mobilites](https://www.ecologie.gouv.fr/loi-dorientation-des-mobilites) with specific disposition on transport data including real-time data.
- The changes to the Research code [https://www.legifrance.gouv.fr/codes/texte_lc/LEGITEXT000006071190/](https://www.legifrance.gouv.fr/codes/texte_lc/LEGITEXT000006071190/) implemented by the Digital Republic Law regarding open research data

The Open Data Directive has already been transposed [https://eur-lex.europa.eu/legal-content/EN/NIM/?uri=uriserv:OJ.L_.2019.172.01.0056.01.ENG](https://eur-lex.europa.eu/legal-content/EN/NIM/?uri=uriserv:OJ.L_.2019.172.01.0056.01.ENG) and most provisions were already part of the French legal framework.

**In 2022, the french lawmaker once again get into high gear with the adoption of the “3DS” law (differentiation, decentralization, deconcentration and simplification) which stated for the acceleration of the sharing data processes between administrations, and especially between central administrations and local administrations.** [https://www.legifrance.gouv.fr/jorf/id/JORFSCTA000045197502](https://www.legifrance.gouv.fr/jorf/id/JORFSCTA000045197502)

**During the last Inter-ministerial Committee for Public Transformation (CITP), the Prime Minister announced that each ministry will adopt new ministerial roadmaps on data, algorithms and source code policy by the end of 2023. These new roadmaps, symbol of an invariably renewed ambition, present the ambitions and challenges of public policies related to data, algorithms and public source codes, the concrete priority actions to be launched and the governance set up to ensure their implementation.**

[https://www.gouvernement.fr/actualite/offrir-un-accompagnement-clair-et-des-solutions-rapides-au-francais](https://www.gouvernement.fr/actualite/offrir-un-accompagnement-clair-et-des-solutions-rapides-au-francais)";Complement;Yes;"Among the new developments in terms of policy, we can mention:

The roadmap of the DINUM, which places significant emphasis on valorizing and harnessing data as a lever for the effectiveness of public action.

https://www.numerique.gouv.fr/uploads/Feuille-de-route-DINUM.pdf
The Data and Territories report dedicated to enhancing access to public services and the deployment of digital technology in territories, which aims notably to establish governance to facilitate dialogue between the State and local authorities on data and to facilitate access to data for local authorities.

https://www.transformation.gouv.fr/files/ressource/Rapport_Mission_Data_Territoires.pdf.      The State and the territories have also co-constructed a technical and organizational strategy and developed a common action plan :  the ""Digital and Data"" Roadmap, created with more than 300 national and territorial public agents : https://www.info.gouv.fr/france-nation-verte/a-proposfeuille-de-route-numerique-donnees"
P2;"Is there a national open data strategy in your country?

For Explanation:
* If yes, please provide (1) the URL to the strategy and (2) describe the main highlights.  
* If 'not applicable', please provide (1) a brief explanation to support your answer choice and provide (2) the URL and indicate the policy section which explicitly references objectives, actions/measures, delivery timelines etc.";yes;"In April 2021, Prime Minister Jean Castex, in a circular, underlined that the national data policy must be a strategic priority for the State and its relations with local authorities and private actors : [https://www.legifrance.gouv.fr/circulaire/id/45162](https://www.legifrance.gouv.fr/circulaire/id/45162)

The Government made a commitment to open more high-impact key datasets, APIs and source codes in the near future. The list of such datasets and their publication schedule is available here [https://ouverture.data.gouv.fr/](https://ouverture.data.gouv.fr/)

Each ministry has defined its strategy in the field of data, algorithms and source codes, and has broken it down into a plan of action over a 2 to 3 year period. The Minister for Public Transformation and Civil Service unveiled these 15 roadmaps on Monday 27 September 2021. These roadmaps include actions for all central government organisations and agencies. **Most of these roadmaps are foreseeing actions until 2024.**

More information is available at the following page [https://www.etalab.gouv.fr/politique-de-la-donnee-des-algorithmes-et-des-codes-sources-15-strategies-ministerielles-et-500-actions-pour-accelerer/](https://www.etalab.gouv.fr/politique-de-la-donnee-des-algorithmes-et-des-codes-sources-15-strategies-ministerielles-et-500-actions-pour-accelerer/) 

The roadmaps are available here [https://www.data.gouv.fr/fr/datasets/feuilles-de-route-ministerielles-sur-la-politique-de-la-donnee-des-algorithmes-et-des-codes-sources/](https://www.data.gouv.fr/fr/datasets/feuilles-de-route-ministerielles-sur-la-politique-de-la-donnee-des-algorithmes-et-des-codes-sources/)

**At the same time, the the Interministerial direction of digital, and espacially it’s department Etalab - Prime Minister’s service is also in charge of the monitoring and the implementation of the open data strategy.**";Complement;Yes;See previous question. We can also mention the national portal roadmap : https://www.data.gouv.fr/fr/pages/roadmap/
P3;"Is there an open data policy/strategy at regional or local level?

For Explanation:
* If yes, please (1) provide the URL and (2) title of the document(s) and (3) briefly describe.";yes;"Subnational governments (regions for NUTS 1, departments for NUTS 3, and communes as local administrative units) remain independent in their own strategy and are not obliged to publish their data on the national portal data.gouv.fr. Nonetheless, the principle of open data by default enshrined in the law (Code des relations entre le public et l'administration) applies to all subnational governments with at least 3500 inhabitants.

Every year, more and more local actors are adopting strategies within this framework. According to the last local open data observatory provided by the french national association “Open Data France”, the number of local authorities involved in an open data strategy increased by 18% compared to 2021. Today, there are approximately 250 local open data portals in France.

(https://www.observatoire-opendata.fr/wp-content/uploads/2023/03/Copie-de-Observatoire_Open_Data_Territoires_Edition2022.pptx-1.pdf)

For example : 

- Lyon : https://data.grandlyon.com/demarche)
- Lille : https://opendata.lillemetropole.fr/page/demarche/
- Nantes’ metropolitan data charter https://metropole.nantes.fr/charte-donnee
- DataSud : https://www.datasud.fr/presentation-du-projet-datasud/

On top of that, the data, algorithms and source codes roadmap of the Ministry of Territorial Cohesion points out the strategy of the State on how to improve data sharing between national and local actors. 

(https://www.numerique.gouv.fr/uploads/feuillederoute_mctrct.pdf)

In a different way, the french government also allocated a “Digital transformation of local authorities (ITN7)"" fund, part of the France Relance plan, in order to grant various projects to help local authorities to adopt open data practices and draw their own strategies in this area. This fund contributed to the implementation of “Collec-Data”, a praised project on the occasion of “Digital and Territories day”, that has helped Breton local authorities to scale up their use of open data. The Collec-data platform now allows more than 1600 local authorities to automatically publish their data and will soon allows them to massify the publication of data and systematize the valorization.

(https://www.numerique.gouv.fr/actualites/retour-sur-la-journee-numerique-et-territoires/)

This movement is also promised to a strong acceleration thanks to the adoption of the 3DS law, previously mentioned, which is going to facilitate the coordination of data exchanges between the national and local levels. In addition, and to support this movement, the french minister of transformation and public service charged three politicians to identify the opportunities for the enhancement of data exploitation by local authorities with a strong impact-driving focus. This analysis should help local authorities in the construction of their own data policies and strategies at their own level and incentivise their initiatives in the open data field.

(https://www.transformation.gouv.fr/files/presse/cp_utilisation_donnee_collectivites_territoriales_mission.pdf)

Moreover, the national association Open Data France is also currently conducting a study on the whole french territory to identify all the local open data use cases, in close connection with many different public bodies such as the national portal data.gouv.fr.

(https://www.opendatafrance.net/2023/04/12/data-impact-identifions-ensemble-les-cas-dusages-territoriaux-de-donnees/)";Complement;Yes;See the Data and Territories report https://www.transformation.gouv.fr/files/ressource/Rapport_Mission_Data_Territoires.pdf
P4;"Does the national strategy/policy include an action plan with measures to be implemented in the open data field?

For Explanation:
If yes, please briefly describe the main measures described by the action plan.";yes;"In April 2021, the Prime Minister, in a circular, underlined that the national data policy must be a strategic priority for the State and its relations with local authorities and private actors. The circular mandates that:

- All ministries, as well as all regional State authorities (préfets) have to nominate a CDO in order to ensure a data opening governance at the highest hierarchical level;
- The Interministerial Director for Digital Affairs, acting as General Data Administrator, will coordinate the network of CDOs
- An ""ombudsman for general interest data"" will be nominated to negotiate with private actors that have data that is deemed to be of general interest;
- The Ministry of Research will set up a charter to speed up the processing of requests from researchers wishing to access data;
- Each Ministry will need to animate the ecosystems of data and source code reusers, in order to identify high value-added datasets, define possible standards and encourage sharing, with a focus on the Open Government Partnership forum as an arena for such exchanges;
- Each ministry will have to set up a roadmap for data, algorithms and source code strategy, with actions and deadlines. The roadmap will also list the skills in those fields within the personnel of the ministries.
- Open data will be referenced in the national portal data.gouv.fr

Moreover, the Government made a commitment to open more high-impact key datasets, APIs and source codes in the near future. Some of those engagements are marking out their action until 2025.** The list of such datasets and their publication schedule is available here (https://www.data.gouv.fr/fr/datasets/tableau-de-suivi-des-ouvertures-de-donnees-codes-sources-et-api-publics-avril-2021/)";Complement;;"Roadmap are still produced for each ministries. The latest are not available yet. The State and the territories have also co-constructed a technical and organizational strategy and developed a common action plan :  the ""Digital and Data"" Roadmap, created with more than 300 national and territorial public agents : https://www.info.gouv.fr/france-nation-verte/a-proposfeuille-de-route-numerique-donnees"
P5;"Does the national strategy/policy outline measures to incentivise the publication of and access to real-time or dynamic data?

For Explanation:
* If yes, please briefly describe the measures.";yes;"The 2015 law on growth, activity and equal economic opportunities (Loi Macron) had set obligations to publish data on real time transport schedules [https://www.legifrance.gouv.fr/loda/id/JORFTEXT000030978561/](https://www.legifrance.gouv.fr/loda/id/JORFTEXT000030978561/). The 2019 law on the orientation of mobilities [https://www.legifrance.gouv.fr/jorf/id/JORFTEXT000039666574/](https://www.legifrance.gouv.fr/jorf/id/JORFTEXT000039666574/) made a step further by not only transposing into national law the European Delegated Regulation 2017/1926 of 31 May 2017 [https://eur-lex.europa.eu/legal-content/EN/TXT/?uri=CELEX%3A32017R1926](https://eur-lex.europa.eu/legal-content/EN/TXT/?uri=CELEX%3A32017R1926), but also by including dynamic data. According to this law, static and dynamic travel and traffic data, as well as historical traffic data, shall be made accessible and reusable.

The Open Data parliamentary mission led by MP Éric Bothorel also points out the key role of real-time data, especially within the transport domain.

The transport.data.gouv.fr task force deploys special efforts to promote real-time data. This includes [documentation](https://doc.transport.data.gouv.fr/producteurs/operateurs-de-transport-regulier-de-personnes/temps-reel-des-transports-en-commun) on standardisation, an [inventory of real time](https://transport.data.gouv.fr/real_time) data yet to be standardised, and [discussion with stakeholders](https://doc.transport.data.gouv.fr/documentation/liste-des-rencontres-publiques/20-09-2018-transport-regulier-temps-reel).

The data, algorithms and source codes roadmap of the Ministry of Ecological Transition clearly underlines the need for systematic access to real-time data, especially related to environmental phenomena, to improve the impact of environmental policies. [https://www.data.gouv.fr/fr/datasets/r/25f0f375-df81-4cc5-8eae-c277a729923f](https://www.data.gouv.fr/fr/datasets/r/25f0f375-df81-4cc5-8eae-c277a729923f)";Complement;;"The enhancement of real-time information for public transport is one of the main actions of the previously mentioned roadmap.
Among the objectives are:

Achieving 100% real-time information for public transport
Providing a comprehensive real-time database of road and parking information


Improving the real-time availability of data on water withdrawals"
P6;"Does the national strategy/policy outline measures to incentivise the publication of and access to citizen-generated data?

For Explanation:
* If yes, please briefly describe the measures.";yes;"All the measures outlined in the roadmap of the Ministry of Civil Service and Public Transformation (Ministère de la transformation et de la fonction publiques) related to the national open data portal [data.gouv.fr](http://data.gouv.fr) aim also at incentivising the publication and the access to citizen-generated data. The portal allows everyone to publish data, with a badge to identify data from official sources (i.e. public sector organisations). But the guides, the publication process, and the tools are the same, whether the data provider is a ministry or a journalist, an activist, a student.

For example, the tools that help improve the quality of data, [schema.data.gouv.fr](http://schema.data.gouv.fr) and publier.etalab.studio, are both free and open to use.";Confirm;;
P7;"Does the national strategy/policy foster the discoverability of the aforementioned types of data from your country on data.europa.eu?

For Explanation:
* If yes, please briefly describe how.";yes;"The French open data policy makes it mandatory for central government and national public sector organisations to publish data on [data.gouv.fr](http://data.gouv.fr) (the obligation is stated both in the 2019 decree creating the DINUM [https://www.legifrance.gouv.fr/loda/id/JORFTEXT000039281619/](https://www.legifrance.gouv.fr/loda/id/JORFTEXT000039281619/) and in the 2021 Prime ministerial circular on data policy [https://www.legifrance.gouv.fr/circulaire/id/45162](https://www.legifrance.gouv.fr/circulaire/id/45162)). This centralisation is also done in order to foster the discoverability on data.europa.eu, as the data.gouv.fr catalogue is harvested by the European portal. To keep the discoverability standards at the highest level through the time, the data.gouv team has strategically chosen to frequently integrates the feedback of the plateform’s users. Thanks to this strategy, in 2022 the national portal benefited of several modifications enhancing the discoverability of all the data uploaded and harvested such as :

- A complete overhaul of the search engine and research experience to improve its efficiency;
- An overhaul of the previsualization system and the implementation of a data explorer tool.
- An overhaul and an update of the thematic inventory to spotlight some symbolic data.

In the roadmap of the Ministry of Civil Service and Public Transformation (Ministère de la transformation et de la fonction publiques), action A24 focuses on improving data quality and the creation of a data quality label on data.gouv.fr. This label will incentivise data producers to fill in all metadata, and as a consequence will improve discoverability both on data.gouv.fr and data.europa.eu.";Complement;;We invested a lot in DCAT lately to make sure we can display data from data.gouv.fr on data.europa.eu in the best possible maneur. Citizen generated data and data from other stakeholders such as medias are discoverable.
P8;"Does the national strategy/policy outline measures to support the reuse of open data by the public sector?

For Explanation:
* If yes, please briefly describe the measures.";yes;"**Plan de relance**

As previously mentioned, within the framework of the Next Generation EU recovery plan (France Relance), the Government set up [a grant for public administrations that want to develop the use of data in public decision-making and performance](https://france-relance.transformation.gouv.fr/96c0-developper-lutilisation-de-la-donnee-dans-vot). Such grants will fund projects focused on data-driven government (data visualisation and decision-making support tools), opening and circulation of data, improving data quality. Project leaders are encouraged to support the opening of data and the reuse of open data within the project.

**Prime Ministerial circular on data policy**

In his april 2021 circular (https://www.legifrance.gouv.fr/circulaire/id/45162), Prime Minister Jean Castex reiterated the need for public administrations to strive for open data circulation and re-use. One of the roles of the ministerial CDOs is to animate the ecosystem of re-users of their ministries’ data.

**Ministerial data roadmaps**

The aforementioned ministerial roadmaps on data, algorithms, and source codes (https://www.data.gouv.fr/fr/datasets/feuilles-de-route-ministerielles-sur-la-politique-de-la-donnee-des-algorithmes-et-des-codes-sources/) focus also on how to incentivise and support (open) data re-use within the respective ministries and agencies. For example, in the roadmap of the Ministry of Ecological Transition, a full section is dedicated on how to improve data quality to encourage reuse, and on how to use data for policy-making. The roadmap of the Ministry of Culture includes training measures for senior decision-makers on data-driven management.

**Raising awareness among public officials on the issue of data exploitation**

Chiefs Data Officers and Open Data Officers have been appointed in different ministries and operators. For these two categories of public servants, workshops are organised regularly (once or twice a quarter) to raise their awareness and train them on the question of data reuse (case studies, presentations of tools etc.). For example, a ""data driven policy"" workshop was organised during a seminar organised for the chief data officers. The objective of this workshop was to think collaboratively on how the chief data officer of each ministry could influence the development and implementation of public policies by reusing data. Examples are also given in the chief data officer report.

**At the local level**

The central government has also been fully committed to promote greater re-use of open government data by the public sector at the local level, through a partnership with [OpenDataFrance] (https://www.opendatafrance.net/), an association whose mission is to support local authorities on opening their data. OpenDataFrance has developed a service offer adapted to each territory (awareness, training, etc.) and provides resources to help local communities implement an open data strategy. The State subsidises OpenDataFrance’s actions and Etalab closely works with the association, namely on the promotion of open data re-use at a local level. Thus, their action encourages greater re-use of open government data by the local public sector.

**Etalab Inventory**
In the fall of 2021, the Etalab team inventoried projects based on the reuse of Public Data Service (PDS) reference data. This inventory highlights the large amount of open data reuse by public persons and encourages them to continue developing more projects based on open data reuse.
The dataset categorizes usage examples by issue, sector topic, type of impact, and type of public reuser.

(https://www.data.gouv.fr/fr/datasets/exemples-dexploitation-des-donnees-de-reference-du-service-public-de-la-donnee-spd/)

**The creation of Datalab**

Thanks to the solid foundation of public data in France, the Interministerial Digital Directorate has recently been provided with new resources to support the ambition of fostering the reuse of data in the public sector and encouraging the emergence of impactful projects. Within this directorate, the ""datalab"", an incubator for data-related projects within the DINUM, has been specially created to accelerate public sector projects based in part on the reuse of open data.

(https://www.numerique.gouv.fr/espace-presse/stanislas-guerini-guichet-10-millions-deuros-projets-exploiter-donnees-publiques/)

**The implementation of a data-dedicated funding window**

In the same way, the Interministerial Digital Directorate officially launched in January 2023 a data-dedicated funding window, amounting to 10 million of euros, to co-finance projects around data in the ministries in order to fully exploite public datas as a simplification lever.

(https://www.numerique.gouv.fr/services/guichet-financement-exploitation-valorisation-des-donnees/)";Complement;;"The circulation between administration is a strong focus of France Strategy including open and restricted data. It has an important place of the pre-cited roadmap : https://www.info.gouv.fr/france-nation-verte/a-proposfeuille-de-route-numerique-donnees. Also the Sharing of Private Data for Public Interest is becoming more important.

Implementing the mechanism for accessing private data of public interest

A first mention of the concept of ""private data of public interest"" was introduced in the Digital Republic Law. It has been little used due to a lack of specifics and constraints. However, the release of certain data held by private legal entities can sometimes serve the public interest.

For example, such data can enable more effective management of sectoral public policies, better inform citizens, or improve scientific research. This is particularly true for mobility data from navigation assistants, which are necessary for better understanding, monitoring, modeling, and forecasting mobility needs. This allows local authorities to finely improve road infrastructure or public transport lines.

European work on ""Business-to-Government data sharing"" allows for the consideration of an evolution in these mechanisms."
P9;"Does the national strategy/policy outline measures to support the reuse of open data by the private sector?

For Explanation:
* If yes, please briefly describe the measures.";yes;"France follows a “Government as a platform” approach in order to develop its digital services for both public and private actors. The overall (open) data policy and the subsequent strategy documents have been written by taking into account the needs of both the public and the private sector. This is why the law allows for commercial reuse of open data, and the Open Licence 2.0 adopted by the government reiterates this principle.

The ministerial roadmaps also look at how to promote data re-use by the private sector.

For example, the roadmap of the Ministry of Ecological Transition includes a section on “Sharing data through public-private cooperation”. Quoting the roadmap, “The use of data by the private sector is a vector of value for citizens or the community as a whole and improves the effectiveness of public action”. Five actions are put forward to support re-use by private actors.

The importance of open data re-use by private actors is underlined also in the final report of the Open Data Mission led by MP Éric Bothorel, with a specific focus on the national company registry (base SIRENE) and land value data (demandes de valeurs foncières, DVF).";Confirm;;
P10-a;"Does the national strategy/policy mandate carrying out and maintaining a data inventory by public bodies, whether at national or local level?

For Explanation:
* If yes, please briefly specify.";yes;"**Legal framework**

According to the code on relations between the public and the administration (Article L312-1-1) (https://www.legifrance.gouv.fr/codes/article_lc/LEGIARTI000033205512/), public actors (and private actors who carry out a public service mission) have to publish in open data the inventory of administrative documents that they produce as part of their public service missions. For example, the Ministry of the Economy has the ""Répertoire des Informations Publiques des Ministères Economiques et Financiers"", which consists of the official publications produced by the departments of the economic and financial ministries, including date that must be opened and data that must not. (https://www.economie.gouv.fr/cedef/repertoire-des-informations-publiques).

**Prime Ministerial circular on data policy**

In his april 2021 circular (https://www.legifrance.gouv.fr/circulaire/id/45162), Prime Minister Jean Castex ordered to each Ministry to develop a data strategy roadmap. Such roadmaps will list the objectives related to steering, opening, circulation, and sharing of data. The Prime Minister also asked ministries to reference open data on the national portal data.gouv.fr. Within this framework, Ministries are drafting data inventories in order to comply with the Government objectives.

**Tech.gouv strategy on inventories :**

[Tech.gouv](https://www.numerique.gouv.fr/publications/tech-gouv-strategie-et-feuille-de-route-2019-2021/), the interministerial programme for digital transformation, has created a new mission called “Data”. One of the objectives of this mission is to create a platform for data exchange between administrations. The first step of this project is to mandate ministries to conduct an inventory of the data produced. Data circulation cannot take place without a clear knowledge of the available datasets. An interdepartmental inventory is being developed to give administrations greater visibility on the data produced at a national level. This work is carried out in collaboration with the relevant contacts of each administration.

**Etalab’s work on inventories :**

- **Producers assistance:**

Etalab collaborates with chief data officers and open data officers of each ministry to help them carry out the inventory of the data within their scope. Workshops are organized to identify the key variables of the different inventories. Several ministries, such as the Ministry of Economy, Ministry of Culture, Ministry of Agriculture, Ministry of the Army, are starting to work on their respective data inventories. Ministerial staff from the Ministry of Ecological Transition and the Ministry of the Sea directly asked Etalab to assist them with the collaboration of other stakeholders in the technical development of the inventory.

- **Inventory pages**

For some subjects we gather all relevant datasets on a single page on the national portal : an example on elections data is available here (https://www.data.gouv.fr/fr/pages/donnees-des-elections/). We found that it fosters data discoverability and reuse since it is possible to give more context on the datasets and link between them.

- **The data.gouv.fr catalog**

**In April 2023, nearly 45 000 datasets are referenced on data.gouv.fr**. This figure may seem dizzying for re-users who wish to discover the public data offer of data.gouv.fr. In order to provide better visibility of the published data sets, the team has provided the [data catalog of data.gouv.fr](https://www.data.gouv.fr/en/datasets/catalogue-des-donnees-de-data-gouv-fr/) in open data since June 2019. This dataset provides information on the list of datasets, resources, reuse, organizations, tags, harvesters, and discussions published on data.gouv.fr.

- **Specific inventories**

In order to focus our efforts to make more data available in an open format, Etalab has realised some inventories for specific themes: health, labour, housing, key geo-spatial reference data, COVID-19, etc. (https://www.data.gouv.fr/fr/pages/thematiques-a-la-une/). These inventories, which are available in open data, list all open and closed data sources for the specific themes, for all actors involved in the field. The aim is to help us prioritise which data should be available as open data. **These specific inventories can also be used to highlight the importance of certain data according to current events. For example, in the face of a European and global energy crisis, the national portal (http://data.gouv.fr/) has undertaken to reference the main datasets related to the ""energy"" theme available.**

(https://www.data.gouv.fr/fr/pages/donnees-energie/)

- **Interministerial catalogation tool**

In order to help ministries and public sector organisation realise a data inventory, Etalab is currently developing a tool that will allow organisations to create an inventory, manage it, publish it in open data. (https://catalogue.data.gouv.fr/)
The source code is available on GitHub (https://github.com/etalab/catalogage-donnees).";Complement;;We plan to use data.gouv.fr as the data inventory for all public bodies (open and restricted data) starting this summer hopefully : https://www.data.gouv.fr/fr/pages/roadmap/
P10-b;"Do these data inventories include the data collected by public bodies that cannot be published as open data (e.g. in relation to the EU Data Governance Act (EU) 2022/868)? 

For Explanation:
* If yes, please briefly specify.";yes;"As pointed out in the previous answer, public actors (and private actors who carry out a public service mission) have to publish in open data the inventory of administrative documents that they produce as part of their public service missions. This includes data that cannot be published as open data.

Ministries are working on data inventories in order to list all data within their perimeter. These inventories are based on metadata, and will include data that cannot be published as open data. Inventories themselves will be published as open data.

The interministerial catalogation tool will allow users to flag whether each dataset is available as open data (providing a link to the dataset on data.gouv.fr), whether it can be opened but is not yet available, or whether it cannot be published as open data.

The French strategy for data belonging to public bodies that cannot be published as open data is to make them available via API to authorised organisations (“droit d’en connaître”). The catalogue [api.gouv.fr](https://api.gouv.fr/) showcase both open and closed APIs. The roadmap of the API portal is totally transparent [https://api.gouv.fr/feuille-de-route](https://api.gouv.fr/feuille-de-route). In order to facilitate the management of data access authorizations, Etalab developed a tool called DataPass [https://datapass.api.gouv.fr/](https://datapass.api.gouv.fr/).

**Following the adoption of the 3DS law previously mentioned, the role assumed by the [catalogue.data.gouv.fr](http://catalogue.data.gouv.fr) platform is inevitably going to grow. Indeed, this catalog will also serve as a valuable tool in the context of exchanges between administrations, now strongly encouraged through incentives to use APIs with this new law.**";Confirm;;
P11;"Is your country applying the implementing regulation (EU) 2023/138 on high-value datasets?

For Explanation:
* If yes, how is it progressing? 
* If you are an EFTA or a candidate country to the EU, please select 'not applicable'.
** In the table below, please indicate your progress with respect to a) organisation, b) legal aspects, c) technical aspects on a scale from 1 to 5. 1 = no progress; 2 = few progress; 3 = some progress; 4 = considerable progress; 5 = works are finalised.";new question;new question;Change;Yes;Yes, it is progressing well. All datasets won't be available on data.gouv.fr by the 9th of June but they are already open and available. Our main focus in now on harvesting different data plateforms. The HVD directive accelerated the process.
P12;"Have the public bodies in your country denoted relevant datasets as high-value datasets in their metadata following the publication of the implementing regulation (EU) 2023/138 on high-value datasets?

For Explanation:
*  If yes, please specify how and highlight challenges, if any. 
* If you are an EFTA or a candidate country to the EU, please select 'not applicable'.";new question;new question;Change;Yes;We added a tag on relevant datasets (all are not on the plateform yet due to harvesting challenges) https://www.data.gouv.fr/fr/datasets/?tag=hvd
P13;"Is there a governance structure in place that enables the participation and/or inclusion of various open data stakeholders? 

For Explanation:
*  If yes, please briefly describe the governance structure and its operating model ";new question;new question;Change;Yes;"The interaction between open data stakeholders and the networks is designed to be both structured and dynamic, fostering continuous engagement, feedback, and collaboration. Here’s how the process generally works:

Structured Interactions within Networks
State Network:
• General Data Administrator (GDA): The GDA plays a central role in coordinating the overall open data policy across ministries. This position is responsible for setting guidelines, monitoring compliance, and ensuring that data initiatives align with national objectives.
• Ministerial Data Administrators (MDAs): In each ministry, the MDA is responsible for implementing the open data strategy within their specific domain. They often work closely with an open data referent who focuses on the operational aspects of data publication and management. Both the General Data Administrator and the Ministerial Data Administrators are public-facing roles, serving as the primary points of contact for user inquiries.
You can view the list of these administrators here: List of Ministerial Data, Algorithms, and Source Code Administrators.
• Regular Meetings and Exchanges: The State Network maintains a regular schedule of meetings and exchanges, both formal (quarterly strategic meetings) and informal (e.g., working groups or workshops on specific topics). These interactions help ensure that the ministries are aligned in their approaches and can share best practices and challenges. However, it's important to note that exchanges between Ministerial Data Administrators in the Interministerial Data Administrators Committee (CIAD) are not public.

Territorial Network:
• Data Referents in Prefectures: These officials are responsible for ensuring that open data policies are implemented at the local level. They act as intermediaries between the central government and local authorities, helping to adapt national policies to local needs.
• National Agency for Territories: This agency provides support and resources to local authorities, helping them develop and implement their data strategies. The agency might offer training, technical assistance, and access to best practices.
• OpenDataFrance Association: This association serves as a hub for local authorities engaged in open data initiatives. It provides a platform for these authorities to collaborate, share resources, and advocate for their needs at the national level.
Community and Stakeholder Engagement
Events Organized by the National Platform or other data producers:
• Hackathons: These events bring together data producers, developers, and other stakeholders to collaboratively create solutions using open data. They serve as a practical way to explore the potential of open data, identify gaps, and foster innovation.
• Public Demonstrations and Workshops: Regularly organized public events. These events provide opportunities for direct interaction between data producers (e.g., government agencies) and data users (e.g., researchers, entrepreneurs).

Systematic Processes for Interaction
• Feedback Loops: Stakeholders are encouraged to provide feedback on the open data they use. This feedback is systematically collected through platforms like data.gouv.fr, where users can comment on datasets, request new data, or report issues.
• Consultation and Co-creation: When developing new policies or strategies, both the State and Territorial Networks may consult with stakeholders, including local authorities, private sector partners, and civil society. This process can involve surveys, public consultations, and pilot projects.

Challenges and Opportunities
While there is a structured framework for interaction, the open data ecosystem also relies heavily on the voluntary participation and collaboration of stakeholders. Continuous engagement, the willingness to share data, and the proactive identification of user needs are crucial for the system to function effectively. The systematic processes in place are designed to facilitate these interactions, but the success of the open data policy also depends on the commitment and responsiveness of all involved parties."
P14;"How would you classify the model used for governing open data in your country? 

For Explanation:
*  Please briefly explain why this model was chosen/works best for your country";top-down;"Etalab is piloting the open data strategy and is positioning itself as a facilitator for every stakeholder. Ministerial Chief Data Officers, as established by the Prime Minister Circular, are in charge of elaborating the data strategy in each ministry, of coordinating with the various stakeholders and to act as the main point of contact for data re-users. Such model is also replicated at local level with the data referents for each regional préfet.

This model is coherent with the French centralised administrative structure, and has proven to be the most effective. Nonetheless, there is a high degree of coordination with various stakeholders, including civil society, as mentioned in the previous question.";Change;Hybrid;The open data policy is no longer led by Etalab since the reorganisation of the DINUM. The open data policy is led by the data.gouv.fr team within the  The Interministerial Product Operator (OPI) that brings together enduring interministerial digital products, such as France Connect.
P15;"Does the governance structure ensure that the local and regional open data initiatives are facilitated and supported at national level?

For Explanation:
* If yes, please give an example of what kind of support.
* If not applicable, please explain why.";new question;new question;Change;Yes;"Local data initiatives are very important in France and are often encouraged. They often constitute interesting experiments that can be generalized.

In addition to the network previously mentioned, we can highlight:

- The Digital Transformation of Territories (TNT) program, a cooperation program between the State and local authorities in digital administration. https://www.numerique.gouv.fr/services/tnt/
- Data and Territories, a service of the National Agency for Territorial Cohesion aimed at agents, services, and local authorities. https://donnees.incubateur.anct.gouv.fr/
- The Territories Incubator, which supports territories in their digital transition, particularly concerning data. https://incubateur.anct.gouv.fr/
- The work of the National Council for Geolocated Information, which organizes coordination and supports the evolution of geolocated information in France. https://cnig.gouv.fr/
- The Public Action Transformation Fund, which includes a component dedicated to supporting decentralized administrations. https://www.modernisation.gouv.fr/transformer-laction-publique/fonds-pour-la-transformation-de-laction-publique"
P16;"To what degree do local/regional public bodies conduct open data initiatives? 

For Explanation:
* If not applicable, please explain why.";all public bodies;"By law, every local authority with more than 3 500 inhabitants and more than 50 employees falls under national open data obligations.

Local and regional public bodies in France who publish open data have their own open data portal and/or a designated account on the national portal data.gouv.fr with some data already published.

Many have their own open data platform (automatically harvested by the national one). Here are some examples:

Cities : Paris (https://opendata.paris.fr/explore/?sort=modified), Rennes (https://data.rennesmetropole.fr/page/home/), Lyon (https://data.grandlyon.com/), Lille (http://opendata.regionpaca.fr/), Nantes (http://data.nantes.fr/), Bordeaux (http://opendata.bordeaux.fr/), Grenoble (http://data.metropolegrenoble.fr/) ...

Regions : Provence-Alpes-Côtes-d’Azur (http://opendata.regionpaca.fr/), Loire Atlantique (http://data.loire-atlantique.fr/), Auvergne-Rhône-Alpes (http://opendata.auvergnerhonealpes.eu/)

Department : Hérault (https://www.herault-data.fr/pages/accueil/), Morbihan (https://www.opendata56.fr/pages/home/) ...

The association OpenDataFrance manages an observatory that aims at listing all local open data initiatives [https://www.observatoire-opendata.fr](https://www.observatoire-opendata.fr/). The list of the initiatives is available here [https://airtable.com/shrKrV6KY7BlhHDx7](https://airtable.com/shrKrV6KY7BlhHDx7).

The list identifies more than 250 local and regional open data portals for more than 1060 local actors, including 850 local authorities (regions, departments, cities, metropolitan areas, groups of cities, etc.). This observatory confirms a French trend marked by a regular increase of approximately 150 local authorities per year, i.e. an increase of 18%, underlining the vitality and attractiveness of the practices of opening and circulating data at all levels and in all French territories. Moreover, it is possible to consider that all the local authorities have already been brought to collaborate within the framework of the national strategy in terms of open data, and more especially the communes (local administrative units) notably on the occasion of the publication in open data of the data relative to the elections and accessible on the national portal. In the same way, all French local authorities must contribute to the gathering of addresses from municipalities to constitute the national address database open to the public.

[https://www.observatoire-opendata.fr/wp-content/uploads/2023/03/Copie-de-Observatoire_Open_Data_Territoires_Edition2022.pptx-1.pdf](https://www.observatoire-opendata.fr/wp-content/uploads/2023/03/Copie-de-Observatoire_Open_Data_Territoires_Edition2022.pptx-1.pdf)";Confirm;;
P17;"Is a document describing the responsibilities and governance structure of the national (and/or regional/local) open data team publicly available?

For Explanation:
* If yes, please provide the URL where this information is published. ";yes;"The responsibilities of the national open data team are determined by a decree (https://www.legifrance.gouv.fr/loda/id/JORFTEXT000039281619/), with further responsibilities defined in the Code of the relations between the Public and the Administration (https://www.legifrance.gouv.fr/codes/section_lc/LEGITEXT000031366350) (for example regarding Public Service Data).

The roles of Etalab members are described on [its website](https://www.etalab.gouv.fr/equipe/).";Complement;;The open data team : https://www.data.gouv.fr/fr/pages/team/
P18;"Is there a regular exchange of knowledge or experiences between the national open data team and the team maintaining the national portal? 

For Explanation:
* If yes, please briefly describe how this exchange takes place and provide evidence supporting your answer (e.g. meeting agendas, URLs to news items).";yes;The national open data team is the team maintaining the national portal data.gouv.fr. The team belongs to the data opening and data circulation unit of Etalab.;Change;Yes;The open data team IS the data.gouv.fr team https://www.data.gouv.fr/fr/pages/team/. It does not belong to Etalab anymore.
P19;"Does the governance model include the appointment of official roles in civil services that are dedicated to open data (e.g. open data officers)?

For Explanation:
* If yes, please describe how this task is fulfilled at public body level.";yes;"Three types of actors are appointed within ministries:

- **Chief data officers** are proactively appointed by ministries, as asked by the Prime Minister in his April 2021 circular. They are in charge of the data policy within their ministries. The CDO is under the responsibility of the ""General Data Administrator"", the state CDO. Etalab leads this network and supports each CDO in the implementation of its missions, including the opening and circulation of its data. The list of CDOs is available in open data (https://www.data.gouv.fr/fr/datasets/liste-des-administrateurs-ministeriels-des-donnees/)
- **Open data officers:** although the role is not mandatory, since open data is a prerogative of the CDO, some ministries and inter-ministerial services choose to appoint open data officers alongside the CDOs, with the specific role of managing the open data policy within their structure. The open data officer's missions are to prioritise which datasets to open, to act as an intermediary between Etalab and the divisions of his ministry and to report needs and feedback to the CDO.
- **Data stewards :** although their role is not mandatory, data stewards are appointed by some ministerial directions to reinforce the publication of public data by some public administrations and their re-use by services of the direction.

The DINUM also coordinates a network of API managers in different public bodies.

At the local level, the Prime Minister circular of April 2021 asks every regional representative of the national government (Préfet) to nominate a referent for data, algorithms and source codes, in order to support local state services.";Complement;Yes;"There is also a role of data referent within the prefectures. This role has been reaffirmed and strengthened since the ""Data and Territories"" report : https://www.transformation.gouv.fr/files/ressource/Rapport_Mission_Data_Territoires.pdf"
P20;"Is there a regular exchange of knowledge or experiences between the national open data team and the wider network of open data officers in your country? 

For Explanation:
* If yes, please briefly describe how this exchange takes place and provide evidence supporting your answer (e.g. meeting agendas, URLs to news items).";yes;"**The CDO network**

The aforementioned CDO network makes it possible to include all central government stakeholders in the open data awareness and training process. It also makes it possible to track needs (data needs, formation needs etc.) from the different ministries’ division to Etalab to trigger appropriate actions. The CDO network formally gathers at regular occasions (every trimester) in order to share about their progress, difficulties and good practices over data strategy in general. The issue of open data is of  course at the center of the discussions. Moreover, one-to-one exchanges between Etalab and the ministerial CDOs and open data officers take place regularly.

**Open Data France**

The association Open Data France aims at bringing together and supporting local authorities actively engaged in a process of opening up public data, and encouraging all the steps taken by these authorities with a view to promoting open data. Open Data France regularly organises meetings to exchange knowledge and experience with local actors in the field of open data. **For instance, in 2022, Etalab was frequently associated to many meetings and committees with Open Data France, especially on the question of the co-construction of the future of open data in territories.**

(https://www.dataregionsud.fr/agenda/rencontre-opendatafrance-2022-co-construire-le-futur-de-lopen-data-des-territoires/)";Confirm;;
P21;"Is there a regular exchange of knowledge or experiences between public sector bodies (i.e. the providers) and open data reusers (e.g. academia, citizens, businesses)?

For Explanation:
* If yes, please briefly describe how this exchange takes place and provide evidence supporting your answer (e.g. meeting agendas, URLs to news items).";yes;"The Ministerial roadmaps on data, algorithms and source codes policy overall include 19 commitments on the issue of community animation and exchange of knowledge with data re-users, citizens, civil society organisations, academia, journalists, businesses.

The central open data team within Etalab is also strongly committed to exchanging knowledge with other actors. Some examples include:

- Participating in the events of the French Information Industry Grouping (Groupement français de l'industrie de l'information) and their working group on open data (http://www.gfii.fr/fr/groupe/diffusion-des-donnees-publiques)
- Exchanging with data producers and re-users before the implementation of data schemas and their publishing on schema.data.gouv.fr. An example of discussion is available here (https://github.com/etalab/schema.data.gouv.fr/issues/214)
- Exchanging with users of the portal [data.gouv.fr](http://data.gouv.fr) and gathering feedback on the features and UX of the portal. A group of beta testers has also been set up.
- **Etalab also organizes some ""démonstrations publiques"" (public demonstrations) to present to the public, on the occasion of a state of the art, its latest progress, especially on the national portal [data.gouv.fr](http://data.gouv.fr/). These demonstrations are also an additional opportunity for public agents to collect feedback from data reusers and data providers.**";Complement;;Some recents events and meetups : https://www.data.gouv.fr/fr/posts/lancement-de-la-saison-2-de-lopen-data-university/   https://www.data.gouv.fr/fr/posts/hackathon-donnees-ouvertes-meteo-france-venez-valoriser-les-donnees-publiques-meteorologiques/. https://www.data.gouv.fr/fr/posts/demo-publique-de-data-gouv-fr-1/
P22;"Do data publication plans exist at public body level?

For Explanation:
* If yes, please provide the URL and briefly highlight the key aspects covered. ";yes;"At the central government level, the main planning tool is the list of key datasets to open that has been established during the 5th interministerial committee of public transformation in february 2021. The plan is available here (https://ouverture.data.gouv.fr/).

In the same way, a similar planning tool will soon include the various datasets targeted into the HVDs implementation regulation.

Besides this central planning tool, ministries have their own publication plans in their roadmaps for data, algorithms and source codes. The roadmaps can be consulted here (https://www.data.gouv.fr/fr/datasets/feuilles-de-route-ministerielles-sur-la-politique-de-la-donnee-des-algorithmes-et-des-codes-sources/) and a consolidated list of actions is available here (https://www.data.gouv.fr/fr/datasets/liste-des-actions-prises-par-les-ministeres-dans-le-cadre-des-feuilles-de-routes-ministerielles/).";Complement;Yes;See ouverture.data.gouv.fr to see the implementation of high value datasets. The latest Ministerials roadmap are not available yet. 
P23;"Are there processes to ensure that the open data policies/strategy previously mentioned are implemented (e.g. monitoring)?

For Explanation:
* If yes, please specify the process(es).";yes;"Data, algorithms and source codes policy is coordinated at the interministerial level by the Interministerial Directorate for Digital Affairs (Direction interministérielle du numérique, DINUM). The director of the DINUM is the Chief Data, Algorithms and Source Codes Officer (Administrateur général des données, algorithmes et codes sources, AGDAC). In order to coordinate this policy, a series of dedicated committees have been established and are led by the Etalab department :

- Interministerial councils of the chief data officers of each ministry (Comité interministériel des administrateurs des données, CIAD), every six months. These meetings have been institutionalised with the Prime Ministerial circular of 27 April 2021 on data, algorithms and source code policy.
- Quarterly steering committees.
- Regular bilateral exchanges with the ministries.

The agendas of these meetings includes an update on data policy (including open government data), a review of commitments made in the ministerial roadmaps, feedbacks from ministries, and general discussions. 

A series of seminars has been recently established by Etalab to encourage exchanges among ministerial CDOs, statistical services and Etalab members, to share practices and analyse challenges related to opening data. The first seminar took place in May 2022.

The platform [ouverture.data.gouv.fr](http://ouverture.data.gouv.fr/) also sets a public monitoring system to control the progress made in implementing the roadmaps on the open data component. It allows anyone to quickly and simply check which open data commitments have been made by the ministries and whether they have been fulfilled within the allotted time. It allows to strongly encourage ministries to fulfill their commitments under the threat of a public sanction of the ""name and shame"" type.";Confirm;;
P24;"Do you update your policy/strategy as appropriate to ensure its success, such as based on data collected for monitoring?

For explanation:
* If yes, please describe the process and any recent updates made to strategy/policy";new question;new question;Change;Yes;"The data.gouv.fr team aims to promote the reuse of public data, a mission that is reflected in various objectives:

- Improving the discoverability of open data;
- Promoting the quality of open data;
- Encouraging the reuse of open data;
- Facilitating access to information.

In response to these objectives and the needs reported by users, we are prioritizing various projects for 2024. These are broad orientations that guide us and may be adjusted based on feedback.

We have implemented impact indicators that allow us to track our objectives and adapt our strategy accordingly.

Objective 1: data.gouv.fr promotes the discoverability of open data

This aims to measure to what extent users find the data they need.

Indicator: percentage of users who responded positively to the question, ""Did you find what you were looking for?""

Objective 2: data.gouv.fr promotes the quality of open data

This aims to measure if data.gouv.fr makes it easy to publish and reference quality data.

Indicator: average quality score of the 100 most downloaded datasets on the platform.

Objective 3: data.gouv.fr promotes the reuse of open data

This aims to measure to what extent data.gouv.fr facilitates interactions between data producers and reusers.

Indicator: average time for a ""legitimate"" response to discussions related to datasets (legitimate: response by a member of the organization publishing the dataset or a member of the data.gouv.fr team).

Objective 4: data.gouv.fr facilitates access to information on the most important datasets

This aims to measure to what extent data.gouv.fr contributes to access to information.

Indicator: number of top 100 datasets associated with a ""quality reuse"" (quality reuses are an editorial choice by the data.gouv.fr team).

COMPLEMENT : 
Refer to question PT26, where we detailed how we collect user feedback and how the team takes it into account.

An important point: we believe that it is not desirable to separate public policy from the product, as the two are closely intertwined. The product, technical, and support teams work together without distinctions, such as between project ownership and project management. Strategic and policy decisions impact the product, and conversely, technical choices are not neutral and have an influence on policy.

Therefore, strategic and technical directions evolve together in an agile, transparent, and collaborative manner.

We place particular importance on the transparency of our developments and decisions (public demos, opening our code and backlog, etc.).

We continuously gather user feedback, but also on an ad hoc basis for particularly important issues.

We can provide further details if necessary."
P25;"Are there any processes in place to assess if public sector bodies are charging for data above marginal cost? (please see directive (EU) 2019/1024 on open data and the reuse of public sector information).

For Explanation:
* If yes, please specify the process(es).";yes;"French law states that the re-use of public information is free of charge by principle (see Article L. 324-1 of the Code of relations between the public and the administration (CRPA)).
As an exception, fees can only be charged in two cases:
- For administrations whose main activity consists of collecting, producing, making available or disseminating public information, when less than 75% of the costs related to this main activity are covered by tax revenues, endowments or subsidies (i.e. at least 25% by own revenues). For the State's administrations (including its public administrative establishments), a strict list of data likely to be subject to a re-use fee is published (D. 324-5-1 CRPA).
- For public libraries, including university libraries, museums and archives, only for information resulting from digitisation operations of their holdings and collections and, where applicable, the information associated with them, when the latter are jointly marketed (art. L. 324-2 CRPA). In short, royalties may only relate to the re-use of digitised image files and their metadata (if they are re-used jointly with them); royalties may not relate to natively digital documents.
All fees previously collected that do not comply with the legal framework now in force can no longer be claimed.
The amount of the fees shall be set according to objective, transparent, verifiable and non-discriminatory criteria. The amount shall be reviewed at least every five years. The details of its calculation shall be published in electronic form jointly on the website of the administration concerned and on data.gouv.fr.

Etalab is in charge of assessing whether the amount of the fees charged by State administrations is appropriate. The list of State bodies that can charge a fee is again published by decree, hence an eventual modification goes through a strict review process in which Etalab is involved.

In 2018, the Court of Audit (Cour des comptes) issued a summary report to Prime Minister Édouard Philippe pointing out the issues related to the economic models of three State operators charging for data and the consequences of opening such data. (https://www.ccomptes.fr/system/files/2019-03/20190311-refere-S2018-3287-valorisation-donnees-IGN-Meteo-France-Cerema.pdf).

Prime Minister Philippe replied in 2019 (https://www.ccomptes.fr/sites/default/files/2019-03/20190311-refere-S2018-3287-valorisation-donnees-IGN-Meteo-France-Cerema-rep-PM.pdf) deciding to generalising the opening of data produced by the national geographical institute IGN and Météo-France. Prime Minister Castex, in his April 2021 circular (https://www.legifrance.gouv.fr/circulaire/id/45162) reiterated the aim of extinguishing fees by 2023. The Naval Hydrographic and Oceanographic Service (SHOM) met the commitment and stopped charging fees.

Article D324-5-1 of the Code of the Relations between the Public and the Administration will be modified to reflect these changes.";Confirm;;
P26-a;"What are the top 3 challenges that your country is facing in the implementation of the mentioned open data policies/strategy?

For Explanation:
* Please briefly describe.";N/A;"As stated above, despite the overall high level of open data maturity of all public sector organisations at national and local level, there is room for improvement in some key areas:

- Data literacy of civil servants and training in open data skills. This has been pointed out by the Open Data Mission carried out by MP Éric Bothorel (https://www.vie-publique.fr/sites/default/files/rapport/pdf/277879.pdf). The need for skills and expertise in the field of data has also been the object of a specific mission carried out by the DINUM and the national statistical institute INSEE (https://www.etalab.gouv.fr/publication-du-rapport-dinum-insee-12-recommandations-pour-dynamiser-la-gestion-et-la-valorisation-des-competences-data/) which formulates 12 recommendations.
- Although the law states that all data must be open by default, the existence of this right is not widely known among the general population, civil servants that do not work directly on data are not always trained on how to respond to access-to-information requests, and there are no sanctions for the public bodies that do not comply. The aforementioned open data mission underlined the need to improve the right of access to data and the role of the independent authority that supervises this right, the Commission for Access to Administrative Documents (Commission d’accès aux documents administratifs, CADA).
- Fragmentation of efforts and discoverability of data. Public sector organisations at national and local level are rather independent in the implementation of their own open data strategy, and local authorities are not obliged to publish data on the national portal [data.gouv.fr](http://data.gouv.fr). The main advantage of this configuration is agility and the possibility to accommodate different degrees of competence and needs. The downside is the fragmentation of efforts and the difficulty to centralise data on the national portal. Having to develop harvesters from other open data portals to data.gouv.fr, setting up the harvesting pipeline, managing the content on both a ministerial/local portal and the national one is a challenge for both Etalab managing the national portal and the other actors.";Confirm;N/A;
P26-b;"Are there activities in place to address these challenges in your country (e.g. with specific national/regional/local plans or initiatives)?

For Explanation:
* If yes, please briefly describe the measures that you have adopted or plan to adopt to address these challenges. 
* If no, please specifiy what is hampering finding a strategic approach to solve these challenges.";yes;"- To address the challenges related to skills, both the Open Data Mission report and the DINUM/INSEE report point out several recommendations. Many activities proposed by these reports are already in place: the website [https://metiers.numerique.gouv.fr/](https://metiers.numerique.gouv.fr/) to centralise job offers in the digital field in the public sector, improved HR procedures, a stronger interministerial coordination between the DINUM and the ministerial statistical offices to share knowledge and best practices, the 10% programme [https://10pourcent.etalab.studio/](https://10pourcent.etalab.studio/).
- In 2022, DINUM, in collaboration with the Ministry of the Armed Forces, also organized the 3rd edition of the ""Vis mon job"" operation. During this event, volunteer digital professionals within the State services (central administration, operator, public establishment or decentralized service) have made discover their job and their daily life to students by becoming ambassadors of the State's digital jobs.
(https://www.numerique.gouv.fr/actualites/vis-mon-job-2022-agents-etat-faites-decouvrir-votre-metier-numerique-a-des-etudiants/)
- To improve data discoverability and the centralisation of data in the national portal, the Prime Minister reiterated the need to publish data on [data.gouv.fr](http://data.gouv.fr) in his circular of April 2021. Etalab continuously works to improve the harvesters (from CKAN https://github.com/opendatateam/udata-ckan), the proprietary solution opendatasoft (https://github.com/opendatateam/udata-ods), and DCAT catalogues (https://github.com/opendatateam/udata/tree/master/udata/harvest).
- To improve the access to administrative documents, the association Ma Dada (madada.fr) helps citizens send official access-to-information requests. The association got selected in the first promotion of the Citizen Initiative Accelerator (Accélérateur d’Initiatives Citoyennes, AIC), a programme led by Etalab and the Interministerial Directorate for Public Transformation (Direction interministérielle de la transformation publique, DITP) that helps initiatives from civil society to carry out projects of general interest. The accelerator will help Ma Dada coordinate their actions with the independent authority in charge of access-to-information (the CNIL) and other relevant actors.
- The association Open Data France proposes trainings for public actors at the local level, focusing on data opening and open data re-use (https://www.opendatafrance.net/formation/).";Complement;Yes;"As stated above, despite the overall high level of open data maturity of all public sector organizations at national and local levels, there is room for improvement in some key areas:
• Data literacy of civil servants and training in open data skills
DINUM has made it a priority to ""significantly strengthen digital skills within the State."" Data is important, but it's not the only focus.
To achieve this, DINUM launched the Campus for Public Digital Training, which brings together and enhances interministerial digital training offerings. The goal is to equip public sector employees, especially those in the digital field, with transformative knowledge and skills essential for invigorating public action and delivering high-quality digital services: Campus for Public Digital Training
• Ensure the open by default principle
Météo France data was opened in 2023. It was the last significant administration to open its data. It is essential to continue ensuring that the open data policy is understood and adopted by public actors, rather than being perceived as a legal obligation.
• Fragmentation of efforts and discoverability of data
The implementation of high-value data has been a considerable accelerator in ensuring that all data is properly reported on the national platform."
P27;"Are there any activities in place to assist data holders with publishing their data as open data (i.e. to help them with the data opening process)?

For Explanation:
* If yes, please describe/provide examples of these activities.";new question;new question;Change;Yes;Within the data.gouv.fr team 2 to 4 persons are in charge of assisting and autonomize data producers by providing legal, organisationnal and technical assistance. They also produces guides and foster the use of data standard for example.
P28;"Is there a professional development or training plan for civil servants working with data in your country? 

For Explanation:
* If yes, please briefly describe these training activities.";yes;" - OpenDataFrance, an association that promotes open data at subnational government and local communities level and is financed by the State, provides a training programme called OpenDataLocale (https://www.opendatafrance.net/projets/opendata-locale/). The programme, financed also through the French Recovery Plan “France Relance”, aims at proving a series of tools, sessions, documents related to open data literacy, with the aim of encouraging the sharing of best practices at the local level.
- Specific open data literacy programmes are being carried out at the ministerial level, as one can read in the different ministerial roadmaps (https://www.data.gouv.fr/fr/datasets/feuilles-de-route-ministerielles-sur-la-politique-de-la-donnee-des-algorithmes-et-des-codes-sources/)
- Etalab's legal team also regularly organises training sessions for ministerial CDOs on the legal framework governing (open) data.
- Pix, a public service to evaluate, develop, and certificate digital skills (pix.fr) provides a programme to train civil servants of local authorities in digital competences. See an example developed in partnership with Banque des Territoires, a public investment bank : (https://www.banquedesterritoires.fr/PixTerritoires)
The growing success of this certification led to plan the extension of such certification to all civil servants.
- A platform and trainings to foster datascience in ministries : (https://onyxia.lab.sspcloud.fr/home)
The Onyxia project is based on the observation of common difficulties encountered by data scientists in the public sector: agents who are often isolated, due to the relative scarcity of data skills in the administration; Inadequate infrastructures, both in terms of resources and technologies, which are an obstacle to innovation; Difficulty in moving from experimentation to production, due to multiple separations (physical separation, development language, working methods) between business departments and IT production. Faced with this situation, the SSPCloud Datalab was built to offer a platform for sharing on several levels.";Complement;Yes;"In addition to these initiatives, DINUM has made it a priority to ""significantly strengthen digital skills within the State."" Data is important, but it's not the only focus.

To achieve this, DINUM launched the Campus for Public Digital Training, which brings together and enhances interministerial digital training offerings. The goal is to equip public sector employees, especially those in the digital field, with transformative knowledge and skills essential for invigorating public action and delivering high-quality digital services : https://campus.numerique.gouv.fr/"
P29;"Are there annually held national, regional or local events (e.g. hackathons, courses, conferences, users meet-ups, summer/winter schools) to promote open data and open data literacy in your country beyond the target group of public servants? 
 
For Explanation:
* If yes, please provide examples (e.g. title, date, location of the event and URL).";yes, >9;"Within the framework of the “month of public innovation” (https://www.modernisation.gouv.fr/diffuser-linnovation-publique/mois-de-linnovation-publique) organised yearly by the interministerial department for public transformation (DITP)
    - “Accelerating the opening of data in subnational governments” (https://www.etalab.gouv.fr/mois-de-linnovation-publique-2020-retour-sur-les-evenements-detalab/)
    - Exchange of data between administrations via APIs (https://www.etalab.gouv.fr/mois-de-linnovation-publique-2020-retour-sur-les-evenements-detalab/)
    - Launch of the ""Informing public policies through data"" support programme: return on the publication of Covid-19 data and aid to businesses and on the development of a dashboard for visualising open data. (https://www.etalab.gouv.fr/mois-de-linnovation-publique-2020-retour-sur-les-evenements-detalab/)
    - Supporting territories in their approach to open data: what tools and what support (https://www.modernisation.gouv.fr/mois-de-linnovation-publique/open-data-accompagner-les-territoires-dans-leur-demarche-douverture)
- Event to promote open data among civil servants of subnational governments and local authorities:
    - National program “10%”, co-sponsored by Dinum and INSEE, is a unique collaboration between public data experts who devote part of their working time to projects of common interest. By joining the 10% community, digital-experienced state’s civil servants can exchange practices between peers, improving skills through training and sharing informal moments around common values. (https://www.10pourcent.etalab.gouv.fr/)
    - Forum des initiatives Nantes - ""Data management in a crisis” (https://nantesdigitalweek.com/evenement-2020/forum-des-initiatives/)
    - Datarama #6 - Open Data and visualisation (http://neoblogs.lecolededesign.com/datarama/)
    - Webinar IncubO #1 - What impact does digital technology have on the work of public servants? Risks and promises in the light of the Covid crisis (https://www.modernisation.gouv.fr/publications-des-communautes/webinaire-incubo-quels-impacts-du-numerique-sur-le-travail-des-agents)
- As part of the DINUM’s Tech.Gouv programme (https://www.numerique.gouv.fr/uploads/Plaquette_TechGouv_mi2021.PDF), the ""Informing public decisions through data"" initiative aims to raise awareness and train decision-makers in the challenges of opening up data. To this end, several information and training sessions have been held:
    - Two training sessions with decision-makers of the Agency for Ecological Transition (ADEME)
    - One training session with the Office for Biodiversity
- Other events include the participation of members of Etalab at seminars of the social security agencies URSSAF and Unédic, a workgroup of the Observatory of Local Finance and Public Management (OFGL), the national agency France Stratégie, among others.
- The Digital Transformation of Territories (TNT) program, launched on May 31, 2021 by the Minister of Public Transformation and Civil Service and the Minister of Territorial Cohesion and Relations with Local Authorities for a period of 3 years, is a program of cooperation between the State and local authorities in the field of digital administration. By seeking to strengthen the links between the State and the territories under the impulse of a strong political dynamic, the TNT program aims to accelerate the digital transformation of public action in all territories by promoting the implementation of concrete and visible digital solutions. (https://www.numerique.gouv.fr/services/tnt/)";Complement;Yes, >9;"They are a lot of events, here some examples : 
- Demo Day of l’Open Data University https://www.eventbrite.fr/e/demo-day-de-lopen-data-university-saison-2-tickets-885446443147
- Hackathon on meteorogical data : https://www.eventbrite.fr/e/billets-hackathon-donnees-ouvertes-meteo-france-836005554117
- Hackathon DSN : https://www.numerique.gouv.fr/actualites/hackathon-declaration-sociale-nominative-dsn/
- Open data for the olympic games https://www.opendatasoft.com/fr/evenements/la-data-au-coeur-de-la-preparation-des-jeux-2024/"
PT1;"Is there a national portal in your country for that enables users to search for open datasets and find where to download open data? 

For Explanation:
* If yes, please provide the URL of the national portal.";yes;The national portal is: https://www.data.gouv.fr/;Confirm;;
PT2;"For Explanation:
* What is the technology stack of your portal (e.g. based on uData, CKAN, etc.)";new question;new question;Change;uData;uData
PT3;"Does the national portal offer to its users a way to programmatically query the metadata via an API?

For Explanation:
* If yes, please provide the direct-URL to this feature.";new question;new question;Change;Yes;Yes trough the public API https://guides.data.gouv.fr/guide-data.gouv.fr/api/reference
PT4;"Does the national portal offer to its users a way to programmatically query the metadata via a SPARQL access point?

For Explanation:
* If yes, please provide the direct-URL to this feature.";new question;new question;Change;Yes;Yes trough the public API : https://guides.data.gouv.fr/guide-data.gouv.fr/api/reference
PT5;"Does the national portal offer/link to documentation on the use of APIs?

For Explanation:
* If yes, please provide the direct-URL to this feature.  ";new question;new question;Change;Yes;Yes trough the public API : https://guides.data.gouv.fr/guide-data.gouv.fr/api/reference
PT6;"Does the national portal offer/link to documentation on the use of SPARQL? 

For Explanation:
* If yes, please provide the direct-URL to this feature.  ";new question;new question;Change;Yes;Documentation can be found here : https://guides.data.gouv.fr/guide-data.gouv.fr/jeux-de-donnees/faire-une-recherche-sparql
PT7;"Does the national portal provide functionality for users to contribute datasets they have produced or enriched? 

For explanation:
* If yes, please (1) explain how  the portal facilitate the linking of documentation and supporting materials to these user-contributed datasets and (2) provide the direct-URL to this feature.";new question;new question;Change;Yes;"Firstly, on data.gouv.fr, anyone can publish data. It is an open and community-driven platform, allowing various stakeholders to contribute, including administrations, businesses, civil society, citizens, etc.

Secondly, users can add community resources to datasets. For each dataset published on the platform, it is possible to associate a community resource. This often allows users to share interesting data cross-references or data cleaning efforts.

See the documentation: Guide on community resources.

See an example: SIRENE database of companies and their establishments (SIREN, SIRET)."
PT8;"Does the national portal offer a mechanism for users to provide general feedback, such  a 'Contact us' or 'Feedback' button that is placed in a visible spot and would allows users to send a general comment concerning the portal?

For Explanation:
* If yes, please provide the direct-URL to this feature or describe how this functionality is provided.";yes;"We developed a new tool to receive demands. The latter stands between an FAQ and a form. The main aim is to give generic answers to frenquently asked questions and get more qualified demands : [https://support.data.gouv.fr/](https://support.data.gouv.fr/)

In addition, it is possible to engage in a discussion with the data.gouv.fr team on [the dedicated github](https://github.com/etalab/data.gouv.fr/). This github page gathers in particular to users' proposals and technical problems encountered. Contributions are opened to all users.";Complement;Yes;The github repo change for https://github.com/datagouv/data.gouv.fr
PT9;"Does the national portal offer a mechanism for users to provide feedback on specific datasets, such as a 'feedback button' or a comment/discussion section under the dataset?

For Explanation:
* If yes, please provide the direct-URL to this feature or describe how this functionality is provided.";yes;A commentary section on each dataset is available at the bottom of the webpage. The producers are in charge of the response. An example : https://www.data.gouv.fr/fr/datasets/base-sirene-des-entreprises-et-de-leurs-etablissements-siren-siret/#/discussions;Confirm;;
PT10;"Does the national portal provide a mechanism for users to rate datasets?

For Explanation:
* If yes, please provide the direct-URL to this feature or describe how this functionality is provided.";No;"A discussion module is available for users for each dataset. They can express their opinion on the published dataset, whether it is positive or negative. This discussion module also makes it possible to report anomalies or areas for improvement to the producer.

We believe that this evaluation mechanism provides more qualitative information than a simple five-star mechanism. Indeed, a five-star mechanism does not provide information on the improvement prospects.  See example : [https://www.data.gouv.fr/fr/datasets/base-sirene-des-entreprises-et-de-leurs-etablissements-siren-siret/#/discussions](https://www.data.gouv.fr/fr/datasets/base-sirene-des-entreprises-et-de-leurs-etablissements-siren-siret/#/discussions)

It is also possible to ""follow"" a dataset, which can be an indicator of popularity.";Change;No;We are studying a feature of upvote/downvote on datasets but nothing is available yet.
PT11;"Does the national portal enable users to find information and news on relevant open data topics in the country?

For Explanation:
* If yes, please provide the direct-URL to this feature.  ";yes;Yes, curated datasets on relevant topics can be found here https://www.data.gouv.fr/fr/pages/thematiques-a-la-une/ see for example (https://www.data.gouv.fr/fr/pages/donnees-geographiques/ or https://www.data.gouv.fr/fr/pages/donnees-des-elections/).;Confirm;;
PT12;"Does the national portal offer the possibility for users to receive notifications when new datasets are available on the national portal (RSS, ATOM feeds, email notifications etc.)?

For Explanation:
* If yes, please provide the direct-URL to this feature.  ";yes;"We offer [RSS feeds for datasets](https://www.data.gouv.fr/fr/datasets/recent.atom) and for [reuses](https://www.data.gouv.fr/fr/reuses/recent.atom).

We also make available a more targeted notification process:  when a user follows an organisation, he receives an email each time the organisation publishes or updates a dataset. This possibility to receive notifications in a targeted way helps to avoid spam from users. The challenge is to provide relevant information for the user according to his needs.";Confirm;;
PT13;"Does the national portal enable users to request datasets, such as through a ""request data"" button? 

For Explanation:
* If yes, please provide the direct-URL to this feature or describe how this functionality is provided.";yes;"Citizens can request data sets through two channels of communication :

- They can send a request at [ouverture@data.gouv.fr](mailto:ouverture@data.gouv.fr). Requests are handled by Etalab's team.
- They can send a request to the [CADA](https://www.cada.fr/) (commission of access to administrative documents). The commission is dedicated to receive open data requests in order to give administrative feedback.

Furthermore, we developed a tool to receive demands. The latter stands between an FAQ and a form. The main aim is to give generic answers to frenquently asked questions and get more qualified demands : [https://support.data.gouv.fr/](https://support.data.gouv.fr/)";Change;Yes;"We apologize for the lack of clarity in our previous response.

The link does not lead to a dataset but rather to an unsuccessful search, allowing you to see that a dedicated form appears when a search yields few or no results.

In this example: search for ""fefzefezfze"" which returns no results, you can see a banner that redirects to a specific questionnaire."
PT14;"Are requests for datasets and their progress status presented in a transparent manner on the national portal? 

For Explanation:
* If yes, please provide the direct-URL to this feature.  ";yes;"Recommendations given by the Commission for access to administrative documents (CADA) as well as its advice to administrations are [published on data.gouv.fr](https://www.data.gouv.fr/fr/datasets/avis-et-conseils-de-la-cada/).

Thanks to this dataset, Etalab developed the site [cada.data.gouv.fr](https://cada.data.gouv.fr/) which allows easy search and exploration of the opinions and advice issued by CADA since 1984.

A [search engine](https://www.cada.fr/rechercher-un-avis) is also made available by the Commission.

Besides, Etalab is currently working on enabling every stakeholder to have a transparent vision over the data requests and the process of publication : [https://ouverture.data.gouv.fr/](https://ouverture.data.gouv.fr/)";Complement;Yes;"https://forum.data.gouv.fr/ is accessible. See the dedicated category for open data demands : https://forum.data.gouv.fr/c/recherche-et-ouverture-de-donnees/8. 

Please note that we are launching the forum step by step with selected users to make sure it match their needs. We have not broadly communicated on the forum yet."
PT15;"Does the team monitor the extent to which requests (either via the portal or otherwise) result in the publication of the requested data?

For Explanation:
* If yes, please describe how this monitoring is conducted.";yes;"Every recommandations of the CADA are published (https://www.data.gouv.fr/fr/datasets/avis-et-conseils-de-la-cada/) on data.gouv.fr.

Moreover,  by analyzing the [CADA recommendation dataset](https://www.data.gouv.fr/fr/datasets/avis-et-conseils-de-la-cada/) Antoine Augusti, former engineer at Etalab, analysed the response rate of each administration to CADA. During the processing of a request, the CADA seeks to contact the structure receiving the initial request. This exchange allows the Commission to give an informed opinion and to understand the nature of the administrative documents covered by the request. The analysis is available [on the portal](https://www.data.gouv.fr/fr/datasets/taux-de-reponse-a-la-commission-dacces-aux-documents-administratifs/) .

Besides, the association Open Knowledge France developed the request to information platform [madada.fr](https://madada.fr/), among other features the platform enables to easily [browse demands and see their status](https://madada.fr/demandes/toutes?#results). This project is now followed and helped by Etalab through a specific program :  [https://citoyens.transformation.gouv.fr/laureats.html](https://citoyens.transformation.gouv.fr/laureats.html)";Confirm;;
PT16;"Does the national portal offer a mechanism for users to exchange with others, such as a discussion forum?

For Explanation:
* If yes, please provide the direct-URL to this feature or describe how this functionality is provided.";yes;For each data set, there is a discussion forum for users and producers to discuss the data set : https://www.data.gouv.fr/fr/datasets/repertoire-national-des-associations/#/discussions;Confirm;;
PT17;"Does the national portal showcase reuse cases, such as in a designated section of the portal?

For Explanation:
* If yes, please provide the direct-URL to this feature. ";yes;"All the use cases can be found at [this address](https://www.data.gouv.fr/fr/reuses/).

For each dataset, it is possible to submit a use case that is visible for everyone. Example : [https://www.data.gouv.fr/fr/datasets/donnees-hospitalieres-relatives-a-lepidemie-de-covid-19/#/community-reuses](https://www.data.gouv.fr/fr/datasets/donnees-hospitalieres-relatives-a-lepidemie-de-covid-19/#/community-reuses)";Confirm;;
PT18;"Does the national portal reference the datasets that the showcased reuse cases are based on (i.e. there is a link between the reuse case in the showcase and the underlying dataset on the portal)?

For Explanation:
* If yes, please provide the URL to this feature/to an example documenting this feature.";yes;"Every use case is linked to the data sets that it is based on.

Example : [https://www.data.gouv.fr/fr/datasets/donnees-hospitalieres-relatives-a-lepidemie-de-covid-19/#/community-reuses](https://www.data.gouv.fr/fr/datasets/donnees-hospitalieres-relatives-a-lepidemie-de-covid-19/#/community-reuses)";Confirm;;
PT19;"Does the national portal provide the possibility for users to submit their own reuse cases?

For Explanation:
* If yes, please provide the direct-URL to this feature. ";yes;For each dataset, it is possible to submit a use case that is visible for everyone. More info is available here https://doc.data.gouv.fr/reutilisations-et-discussions/associer-une-reutilisation-a-un-jeu-de-donnees/;Confirm;;
PT20;"Does the national portal offer a preview function for tabular data?

For Explanation:
* If yes, please provide the URL to an example documenting this feature.";yes;"The national portal offers a preview function for tabular data. Just click on the ""preview"" button : [see example] (https://www.data.gouv.fr/fr/datasets/donnees-hospitalieres-relatives-a-lepidemie-de-covid-19/).

We also developed [explore.data.gouv.fr](http://explore.data.gouv.fr) to further explore datasets.";Confirm;;
PT21;"Does the national portal offer a preview function for geospatial data?

For Explanation:
* If yes, please provide the URL to an example documenting this feature.";No;"For some dataset that have geographic data, the national portal offers a preview function. Just click on the ""explore"" button: see example.";Change;Yes;"I might be an issue with this particular example. 
You can check another example here : https://explore.data.gouv.fr/fr/datasets/points-darret-du-reseau-transports-en-commun-lyonnais/#/resources/3cc89499-cc8d-439e-8779-ef59a9b0666a"
PT22;"Do you promote high-value datastes on your national portal (e.g. use filtering features for reusers to easily find such datasets, use editorial features to promote the datasets, etc.))?

For Explanation:
* If yes, please specify how and highlight challenges if any. 
* If you are an EFTA or a candidate country to the EU, please select 'not applicable'.";new question;new question;Change;Yes;"We use several methods to promote high-value data:

- A dedicated thematic page that provides context for the data and associates it with reuses: https://www.data.gouv.fr/fr/pages/donnees-de-forte-valeur/
- A progress tracking dashboard: https://ouverture.data.gouv.fr/donnees_de_forte_valeur
- A tag: https://www.data.gouv.fr/fr/datasets/?tag=hvd

Other actions are planned, including on the homepage of data.gouv.fr, as well as an extensive communication series to present the datasets."
PT23;"Do you monitor the portal's traffic (e.g. in terms of number of unique visitors, visitor profiles, percentage of machine traffic, number of downloads according to the number of datasets etc.)? 

For Explanation:
* If yes, which tool(s) do you use?";yes;"Data.gouv.fr team uses Matomo to perform log analytics. We also develop tools on python to perform specific logs. Among the logs performed are:

- Dataset view / Dataset downloads / dataset reuse
- Classic SEO statistics: Visits / behaviors on the website / Bounce rate / number of clicks / acquisition / keywords

These statistics are available on [https://stats.data.gouv.fr](https://stats.data.gouv.fr/) and have been freely available for several years on [stats.data.gouv.fr](https://stats.data.gouv.fr/).";Complement;Yes;See https://www.data.gouv.fr/fr/dashboard/ for a simple public dashboard.
PT24;"Do you run analytics on API usage?

For Explanation:
* If yes, please briefly (1) describe your process and (2) how you use the insights to improve the portal";yes;N/A;Confirm;;
PT25;"Besides monitoring portal traffic, do you perform any further activities to better understand the behaviour and needs of users of your portal (e.g. web analytics, surveys, or analysis of social media feeds)?

For Explanation:
* If yes, please (1) specify the activities and explain (2) how they help you understand user needs";yes;"Data.gouv.fr team uses Matomo to perform log analytics. We also develop tools on python to perform specific logs. Among the logs performed are:

- Dataset view / Dataset downloads / dataset reuse
- Classic SEO statistics: Visits / behaviors on the website / Bounce rate / number of clicks / acquisition / keywords

These statistics are available on [https://stats.data.gouv.fr](https://stats.data.gouv.fr/) and have been freely available for several years on [stats.data.gouv.fr](https://stats.data.gouv.fr/).";Complement;Yes;We provide a public dashboard on every objects on the plateform (datasets, reuse, organisations) and a global dashboard : https://www.data.gouv.fr/fr/dashboard/ We also work on impact indicators that are more relevant to understand users and track our goals than traffic : https://www.data.gouv.fr/fr/datasets/indicateurs-dimpact-de-data-gouv-fr/
PT26;"Do you used the insights about portal usage and about the behaviour and needs of portal users to improve the portal accordingly?

For Explanation:
* If yes, please explain your process for improving the portal based on user insights and feedback
* If relevant, kindly highlight some improvements made in the past year";new question;new question;Change;Yes;"We apologize for the confusion.

Developments on data.gouv.fr are done in an agile manner and are primarily guided by:

1. User Feedback

The platform is primarily built based on user feedback, which comes from several sources:

- User tests and interviews
- Interviews serve to:
- Conduct forward-looking research and update the vision: maintaining a broad view of the users' context, their needs, sector evolution, and usage trends, rather than focusing solely on ongoing and planned work.
- Prepare for a future project that hasn't been tackled yet, to understand current usage, identify user problems, gather test data, and validate or invalidate proposed features.

- Tests serve to:
- Identify usability issues before coding, understand how the application is used, and detect its shortcomings.
- Test planned changes at a lower cost using more or less finished and interactive mockups before coding.
- Verify, once the changes are in production, whether they work ""as expected"".

Both approaches are essential for prioritizing upcoming work, limiting the influence of personal biases. Ideally, multiple elements or hypotheses are tested during a session with a user (as organizing it is time-consuming), and an ""interview"" part is included in the tests (with questions beyond what's on the screen).

- Support feedback
- Feedback received by the support team
The support team is in direct contact with users and regularly receives valuable feedback. However, it's important to note that this feedback mostly comes from data producers, who represent only a portion of our users and whose needs may sometimes conflict with those of data reusers.
- GitHub tickets
Some users, often advanced users or partners, propose improvements via GitHub.
- Feedback from social media and specialized platforms
Insights can often be gleaned from community discussions on platforms like teamopendata, Twitter, or LinkedIn. However, it's crucial to ensure the representativeness of this feedback compared to the rest of our users to avoid responding only to the loudest voices.

2. Usage Metrics

We monitor usage metrics, such as platform activity (views, downloads, data previews) and catalog evolution (data quality improvement, resource type evolution), to identify trends and ensure that our actions are heading in the right direction. However, we place greater importance on impact indicators (see below).

3. Team Feedback

The team is also a critical source for prioritization. While user feedback and usage should remain our guiding star, it's crucial to consider team feedback, especially for:

- Understanding the complexity and technical debt induced by developments
- Facilitating the work of the team (both the development team and the support team)
- Building a shared vision and ensuring team motivation

4. Other Types of Feedback

data.gouv.fr operates in a complex environment where feedback and directives can come from many sources (political mandates, ministries, management, European partners). This feedback must also be carefully considered and sometimes addressed strategically, even if it doesn't align perfectly with the product vision.

This working methodology does not prevent data.gouv.fr from having a roadmap.

The roadmap of data.gouv.fr serves as a guiding thread for the team and facilitates interactions with stakeholders. The team aims to be agile, so the roadmap is not set in stone and is not tied to specific dates or fixed deliverables.

Mission and Impact Objectives

Above all, the team pursues a mission and impact objectives.

Our mission is to promote the reuse of public data. This mission is broken down into objectives and impact indicators.

1. Improve the discoverability of open data
2. Promote the quality of open data
3. Encourage the reuse of open data

Rituals

In practice, it is the product owner's responsibility to synthesize needs and represent the user's voice within the team.
We work in two-week sprints, where we plan the tasks to be completed.

The goal is to assume deliberate prioritization by asking, what evolution of the application will bring the most value to the user at this moment? This also involves saying no regularly (or, at worst, ""later"") to protect the interests of both the user and the team, and ultimately to ensure that we remain aligned with the product vision.

We also strive to design features that are as ""small"" as possible.

The larger a feature or evolution is:

- the more likely we are to get stuck in an endless tunnel
- the more bugs we'll have to deal with
- the longer it will take to put into production, delaying value delivery to the user
- the longer it will take to get feedback on usage
- the higher the risk of having worked for nothing

We also aim to have the shortest feedback loop possible: changes are rolled out quickly because they are small and non-parallelized, tests are systematic, and usage and impact are measured. All of this helps us learn as quickly as possible whether the change effectively improves the product, and to gain more insight into user behavior, their expectations, etc., and ultimately to learn how to improve the product."
PT27;"Do you undertake any activities to promote the portal and attract new users or new audiences?

For explanation:
* If yes, please (1) explain what activities your perform, and (2) mention if these activities are directed at any specific target audience (e.g. business, public sector, academia, etc.)";new question;new question;Change;Yes;"We apologize for the confusion.

Among the activities undertaken to promote the platform, we can mention:

Our actions on social media, our blog, and our newsletter, which aim to promote activity on the platform and best practices in open data:

- Twitter (36k followers)
- LinkedIn (11k followers)
- Mastodon (2.2k followers)
- Our newsletter (+8,000 subscribers)

Our events, such as the public demo organized every six months, where we share progress and upcoming priorities (around 200 participants on average), or events related to open data (e.g., a hackathon on Météo-France data).

Our data literacy programs, like the Open Data University:

The Open Data University offers data training institutions the opportunity to engage their students in challenges that address social and environmental issues through the reuse of open data. Over 100 institutions are partners, and we hope to involve more than 3,000 students in the next season.

We also regularly give presentations on open data and the platform to public officials or within educational institutions (schools, universities, etc.)."
PT28;"Do you monitor what keywords are used to search for data and content on the portal?

For Explanation:
* If yes, please briefly (1) describe your process and (2) how you use the insights to improve the portal";new question;new question;Change;Yes;"We track the keywords searched using our traffic monitoring tool, Matomo.

However, this is not our main priority, as we have observed that the majority of users come from search engines like Google rather than our internal search engine. Tracking the most popular datasets is often more insightful for identifying trends.

On the other hand, we display a dedicated form when a search yields few or no results. This allows us to identify datasets that need to be opened or are poorly documented and therefore don't rank well in search results, based on user feedback.

We also occasionally monitor the use of filters.

Fun fact: one year, we identified the word ""goat"" as one of the most searched terms on the platform. After investigating, we discovered that a question in the national digital education program PIX, mandatory for middle school students, asked them to find the number of goats in a department using data.gouv.fr."
PT29;"Do you monitor the most and least consulted pages?

For Explanation:
* If yes, please briefly (1) describe your process and (2) how you use the insights to improve the portal
* For informational purposes, kindly provide the URLs to the five most popular datasets on the portal";new question;new question;Change;Yes;"We closely monitor the most viewed pages and the most popular new content. For example, a top 10 list is displayed daily on the team's communication tool.

This allows us to identify trending topics to develop further (e.g., writing a dedicated article or highlighting specific datasets).

It also helps us determine when data exploration is relevant. For instance, some datasets are very popular because users are often looking for information rather than raw data. This insight helps us decide which datasets to redirect users to or when to create a dedicated data exploration.

For example, on the dataset of deaths, we display an information banner to redirect users who are looking for a specific death record rather than the entire database. In 2024, 38% of users who visited this dataset clicked on the link to the dedicated data exploration, allowing them to conduct a more specific search.

The five datasets that regularly appear in the top are:

- Fichier des personnes décédées (File of deceased persons)
- Demandes de valeurs foncières (Requests for property values)
- Répertoire national des associations (National directory of associations)
- Base SIRENE des entreprises et de leurs établissements (SIREN, SIRET)
- Liste publique des organismes de formation (L. 6351-7-1 of the Labor Code)

It's worth noting that some datasets may generate a lot of traffic but are strongly tied to current events (e.g., datasets on elections, fuel prices, or COVID-19 data).

We also monitor traffic on data reuses for the same reasons."
PT30;"Do you take measures to optimise the search and discoverability of content (data and editorial)? 

For Explanation:
*If yes, please briefly describe how your optimise the search";yes;"We launch in 2021 a new search engine.
On top of that, the team is always working on the curation of the datasets on the portal and do their best to prevent inappropriate content (publicity mainly).

From the [platform's activity report](https://agarrone.github.io/public-files/moderation.pdf) which is sent to him every morning the data editor selects on a daily basis the most relevant datasets to highlight on the home page and on the different thematic pages. On top of that we work on the improvement of the search engine, for example:

- the tag system of the datasets makes it possible to optimize the search
- the ""highlight"" button for the platform administrator allows to bring up a data set in the ranking

We also carry out technical developments, which are based on log analysis:

[Keep track of udata search results performances](https://github.com/etalab/datagouv-search-indicator)

In order to highlight the key datasets published on the platform, we offer editorial content:

- We publish an [article every month](https://www.data.gouv.fr/fr/posts/suivi-des-sorties-mai-2020/) to showcase the most important publications (datasets or reuses) during the last month
- We offer the subscription to a [newsletter](https://infolettres.etalab.gouv.fr/subscribe/r1aq92xnj) .
- We publish articles on [Etalab's blog](https://www.etalab.gouv.fr/) in order to make some popular publications visible.
- Other articles about new data sets are posted [here](https://www.data.gouv.fr/fr/posts/)
- We highlight specific content on our [social network](https://twitter.com/datagouvfr)
- Users receive notifications when new data sets are available on the national portal (RSS, ATOM feeds, email notifications etc)";Confirm;;
PT31;"Is the metadata on your portal available in clear plain language to enable both humans and machines to read and understand it? 

For Explanation:
*If yes, please provide the URL to an example documenting this feature.";yes;Metadata are available online for each dataset. They are listed in the information section. See example;Confirm;;
PT32;"To what degree do public sector data providers contribute data to the portal? 

For Explanation:
*Please describe what is the agreed approach.
* If less than the majority of data providers, please briefly explain why (e.g. technical incompatibilities, governance aspects, low awareness etc.).";all public sector data providers;"All public sector providers contribute to the portal:

- The central administration: ministries and its operators
- The territorial administration: regions, department and cities

Examples:

- [Ministry](https://www.data.gouv.fr/fr/organizations/ministere-de-l-interieur/)
- [Operator](https://www.data.gouv.fr/fr/organizations/ademe/)
- [Region](https://www.data.gouv.fr/fr/organizations/region-ile-de-france/)
- [Department](https://www.data.gouv.fr/fr/organizations/departement-du-loiret/)
- [City](https://www.data.gouv.fr/fr/organizations/ville-d-issy-les-moulineaux/)****

Each public organization can contribute directly to the portal (by direct upload or by API) or publish their data on their own portal. When they do publish on their own portal, they have the possibility to be harvested by the national portal (data.gouv.fr). Each organization can ask support from the national portal team.";Confirm;;
PT33;Do you identify the data providers that are not yet publishing data on the national portal?;yes, or all public sector data providers already publish data;N/A;Confirm;;N/A
PT34;"Were there concrete actions taken to assist these data providers with their publication process?

For Explanation:
* If yes, could you provide some examples of the actions taken in this regard.";yes, or all public sector data providers already publish data;There is a team within Etalab that is fully dedicated to supporting data providers in setting up and implementing an open data strategy, including publication on the national portal data.gouv.fr. The team routinely provides support to data providers, and contributes to the documentation of the platform.;Confirm;;
PT35;"Besides the national open data portal, are there other regional and local portals? 

For Explanation:
* If yes, please provide a complete list and the links to these portals.";yes;"There are a lot of open data portal in France.
Relevant ressources : 

- https://open-collectivites.fr/plateformes-open-data-locales/
- https://airtable.com/shrWxHPi2XjLu9xtM/tblwklJPsyayeH5lX";Confirm;;
PT36;"Are regional and local portals listed above and their data sources discoverable via the national portal? 

For Explanation:
* If not applicable, please briefly explain why. ";yes;;Confirm;;
PT37;"To what degree are  regional and local sources harvested automatically? 

For Explanation:
* If less than the majority of existing sources is harvested by the national portal, please briefly explain why.                        
* If not applicable, please briefly explain why. ";all datasets;;Confirm;;
PT38;"Does the national portal include datasets that are real-time or dynamic?

For Explanation:
* If yes, please provide URLs to real-time and/or dynamic data featured via the national portal. ";yes;"A strong focus has been put on dynamic data lately in particular on data regarding the epidemic which are automaticaly published every day. 

The best achievements on real time data have been achieved on [transport data](https://transport.data.gouv.fr/datasets?filter=has_realtime&type=public-transit#datasets-results).

The transport.data.gouv.fr task force deploys special efforts to promote real-time data. This includes [documentation](https://doc.transport.data.gouv.fr/producteurs/operateurs-de-transport-regulier-de-personnes/temps-reel-des-transports-en-commun) on standardisation, an [inventory of real time](https://transport.data.gouv.fr/real_time) data yet to be standardized, and [discussion with stakeholders](https://doc.transport.data.gouv.fr/documentation/liste-des-rencontres-publiques/20-09-2018-transport-regulier-temps-reel)

There are other examples such as [data on air quality](https://www.data.gouv.fr/fr/datasets/donnees-temps-reel-de-mesure-des-concentrations-de-polluants-atmospheriques-reglementes-1/) or [biodiversity data](https://www.data.gouv.fr/fr/datasets/description-des-especes-de-faune-et-flore-du-parc-national-des-ecrins/) or [tourism data](https://www.data.gouv.fr/fr/datasets/datatourisme-la-base-nationale-des-donnees-du-tourisme-en-open-data/) for instance.";Confirm;;
PT39;"Does the national portal provide a way for non-official data (i.e. not stemming from official sources, such as community-sourced/citizen-generated data) to be published? 

For Explanation:
* If yes, please explain how non-official data is distiguished for offical data (e.g. using a different section of the portal or tags) 
* And please provide a URL to an example of a non-official dataset on the portal ";new question;new question;Change;Yes;"Everyone can publish data.gouv.fr. [Individuals] (https://www.data.gouv.fr/fr/users/christian-quest-2/datasets/)) can publish their own datasets on their own page. Also, anyone can publish reuses or offer a reprocced data set or other ressources on another dataset page. [Example] (https://www.data.gouv.fr/fr/datasets/donnees-hospitalieres-relatives-a-lepidemie-de-covid-19/) : see “[reuses] (https://www.data.gouv.fr/fr/reuses/covid-19-en-france-au-06-juillet-2020-surveillance-des-entrees-hospitalieres-et-des-tests-de-depistage/)”and “[ressources communautaires] (https://www.data.gouv.fr/fr/datasets/donnees-hospitalieres-relatives-a-lepidemie-de-covid-19/#resource-community-9cbf25d2-2ccf-4dd9-97ac-439fb8e58f6b)”)

Publishers are distinguished by a certification label."
PT40;"Does the national portal allow users to see what data exists but cannot be made available as open data?

For Explanation:
* If yes, please (1) provide the URL to an example and (2) briefly describe the approach used to ensure this transparency.";yes;Regarding open data, every stakeholder have a transparent vision over the data requests and the process of publication : ouverture.data.gouv.fr;Complement;Yes;We plan to use data.gouv.fr as the inventory for all public data : https://www.data.gouv.fr/fr/pages/roadmap/
PT41;"Does the national portal have a strategy to ensure its sustainability?

For Explanation:
* If yes, please (1) provide the URL to this document and (2) describe the main measures to keep the portal running in the long-term and continue to serve its audience";new question;new question;Change;Yes;"First and foremost [data.gouv.fr](http://data.gouv.fr) missions are stated in the law : [https://www.legifrance.gouv.fr/jorf/id/JORFTEXT000024072788](https://www.legifrance.gouv.fr/jorf/id/JORFTEXT000024072788)

[data.gouv.fr](http://data.gouv.fr) is developed with an agile methodology and therefore doesn’t have a strict roadmap with a timeline. 
However we have a general strategy with a clear vision on where we want to go. 
We also have a list of EPICS which are importants issues we want to tackle.

The main next improvements can be found here : https://www.data.gouv.fr/fr/pages/roadmap/"
PT42;"Is your national portal active on social media? 

For Explanation:
* If yes, please provide the URL(s) to your social media accounts. ";yes;"The portal, Etalab, and some verticals are present and active on social media :

- [Etalab on twitter](https://twitter.com/Etalab)
- [Data.gouv.fr on twitter](https://twitter.com/datagouvfr)
- [Data.gouv.fr on linkedin](https://www.linkedin.com/company/93866107/admin/)
- [DINUM on twitter](https://twitter.com/_DINUM)
- [Geo.data.gouv.fr on twitter](https://twitter.com/geodatagouv)
- [Transport.data.gouv.fr on twitter](https://twitter.com/transportdatafr)
- [Etalab on Linkedin](https://www.linkedin.com/company/etalab/)
- [Data.gouv.fr on Github](https://github.com/etalab/data.gouv.fr)
- [Etalab on Facebook](https://www.facebook.com/etalab/)
- [Etalab on Mastodon](https://mastodon.etalab.gouv.fr/@datagouvfr)";Change;Yes;"https://twitter.com/datagouvfr; https://fr.linkedin.com/company/data-gouv-fr; https://social.numerique.gouv.fr/@datagouvfr"
PT43;"Are the portal’s source code and relevant documentation and artefacts made available to the public (e.g. on platforms such as GitHub or GitLab)?

For Explanation:
*If yes, please provide the (1) platform name and (2) the URL to the portal’s account on this platform.";yes;" - [https://github.com/etalab](https://github.com/etalab/)
- [https://github.com/opendatateam/](https://github.com/opendatateam/)
- [https://github.com/opendatateam/udata/](https://github.com/opendatateam/udata/)
- [https://github.com/etalab/udata-gouvfr/](https://github.com/etalab/udata-gouvfr/)
- [https://doc.data.gouv.fr/](https://doc.data.gouv.fr/)
- [https://guides.etalab.gouv.fr/](https://guides.etalab.gouv.fr/)";Change;Yes;"https://github.com/datagouv ; https://github.com/opendatateam/udata"
PT44;"Do you monitor the characteristics of the data published on the portal, such as the distribution across categories, static vs. real-time data and how these change over time?

For Explanation:
* If yes, please provide the direct-URL to this feature";yes;"[Statistiques de Data.gouv.fr](https://stats.data.gouv.fr/): among the information you can find the number of visitors and how these changed over time

On top of that we :

- run statistics on the uses of the APIs
- Publish the [catalog of data.gouv.fr](https://www.data.gouv.fr/fr/datasets/catalogue-des-donnees-de-data-gouv-fr/) as a dataset. The latter provides information on the list of datasets, resources, reuses, organizations, tags and discussions published on the portal.";Complement;Yes;We also have a private internal dashboard to monitor a lot of KPI (evolution of metadata, reuses published, support tickets etc.) 
PT45;"Does this monitoring enable the portal team and/or data providers to take action to improve their performance on the national portal?

For Explanation:
* If yes, please (1) explain how and (2) if applicable provide the direct-URL to this feature.";yes;"Data publisher have several tools to monitor the main performance of their metadata or data features:

**Stats.data.gouv.fr**

Every publisher can monitor the number of visit of each dataset they have published [here](https://stats.data.gouv.fr/index.php?module=CoreHome&action=index&idSite=1&period=range&date=previous30#?idSite=1&period=range&date=previous30&category=General_Actions&subcategory=General_Pages)

**Quality of the metadata**

Any published dataset on the platform has a meta data quality checklist in their admin dashboard page. The questions are:

- Is the dataset described?
- Are keywords added?
- Is the format opened?
- Are discussions opened?
- Is the dataset up to date?
- Is the dataset available?

When a criterion is not met, a scheme indicates it to the producer.";Confirm;;
Q1;"Is there a pre-defined approach to ensure that metadata is kept up-to-date?

For Explanation:
* If yes, please briefly describe your approach.";yes;We automatically update the metadata by using our APIs and harvesting systems.;Confirm;;
Q2;"What percentage of the metadata on the national portal is obtained from the source automatically, rather than edited manually? 

For Explanation:
* Please describe (1) the workflows you have to automate the harvesting of metadata and (2) for which types of data these apply to";new question;new question;Change;100 %;"data.gouv.fr offers several methods of publication:

- Direct publication
- Publication via API
- Publication through harvesting

The platform supports the harvesting of several metadata formats, including DCAT, CKAN, and GeoNetwork.

Users can set up a harvester, which must then be validated by the data.gouv.fr team.

We establish a mapping of fields for essential metadata, and some additional properties are retained for traceability purposes.

When harvesters are properly configured, we are able to retrieve 100% of the essential metadata for the data.gouv.fr model.

Harvested data represents approximately 50% of the data.gouv.fr catalog."
Q3;"What is the average delay from the moment the metadata describing a dataset is updated at the source, and the moment the change is visible on the portal?

For Explanation:
* Please explain the approach for updating metadata in a timely manner";new question;new question;Change;Within one day;All the data published in an external open data portal (such as local portals), are harvested into the French Open Data platform data.gouv.fr within one day.
Q4;"Do you undertake efforts to ensure that published data covers the full period from when it was first published until today, for example,the complete time series?

For Explanation:
* If yes, please explain the measures in place to ensure complete series of datasets";new question;new question;Change;Yes;"When publishing a file on data.gouv.fr, several file type options are available:

- Main file
- Documentation
- Update
- API
- Code repository
- Other

When relevant, we encourage data producers to use the most up-to-date dataset as the ""Main file"" and to classify previous versions under the ""Update"" type.

On the dataset page, files are organized by type, making them easier to find when there are many files."
Q5;"Have you implemented the DCAT-AP High Value Datasets (semiceu.github.io) tag to denote the High-Value Datasets in your (national) open data portal(s)?

For Explanation:
* If yes, please specify how and highlight challenges if any.
* If you are an EFTA or a candidate country to the EU, please select 'not applicable'.";new question;new question;Change;Yes;"Yes, we have implemented it:

GitHub Link

Since we are the main contributors to udata, it was relatively simple.

Seamless integration of the European vocabulary and mapping to French keywords.

https://github.com/opendatateam/udata/pull/3050"
Q6;"Besides the DCAT-AP tag mentioned above, have you implemented any other measures to ensure that high-value datasets ((EU) 2023/138) are interoperable with datasets of other country?

For Explanation:
* If yes, please specify how and highlight challenges if any.
* If you are an EFTA or a candidate country to the EU, please select 'not applicable'.";new question;new question;Change;Yes;"We ensure that the metadata is properly filled out and that it is reported to data.europa. Data producers are more than us in direct contact with other data producers from others countries to ensure the coherence.
"
Q7;"Do you monitor the quality of the metadata available on your portal?

For Explanation:
* If yes, please briefly explain how this monitoring takes place. 
* If applicable, please provide the URL to this monitoring mechanism.";yes;"Any published dataset on the platform has a metadata quality checklist in their admin dashboard page. The questions are:

- Is the dataset described?
- Are key words added?
- Is the format opened?
- Are discussions opened?
- Is the dataset up to date?
- Is the dataset available?

When a criterion is not met, a scheme indicates it to the producer.

We are currently working on attributing a metadata quality score on every datasets inspired by the five star model.";Complement;Yes;A metadata quality score is visible on every dataset. See document : https://guides.data.gouv.fr/guides-open-data/guide-qualite/ameliorer-la-qualite-dun-jeu-de-donnees-en-continu/ameliorer-le-score-de-qualite-des-metadonnees
Q8;"Do you publish information on the quality of the metadata available on the portal?

For Explanation:
* If yes, please provide the URL to this section. ";yes;"We publish the [catalogue of data of data.gouv.fr](https://www.data.gouv.fr/fr/datasets/catalogue-des-donnees-de-data-gouv-fr/).

In this dataset, you can find the list of published datasets, the list of files published, the list of reused published, the list of organization created, the list of tags created, and the list of discussion opened.

For each list, metadata have been associated: title, url, update, spatial granularity, creation date, last modification date.

Thanks to this information, we can monitor the quality of data sets. Example:

- Number of metadata missing
- Number of metadata inaccurate
- Number of datasets that haven’t be updated
- Etc.

We are currently working on attributing a metadata quality score on every datasets inspired by the five star model. This score will be visible by everyone.";Complement;Yes;We also developed an internal dashboard to check the progression of quality on every metadata. It is not yet available to the public.
Q9;"Do you publish guidelines (e.g. written materials) and have tools in place, to assist publishers in publishing high-quality metadata? 

For Explanation:
* If yes, please (1) briefly describe this material and (2) provide the URLs to these materials and/or tools.";new question;new question;Change;Yes;Metadata quality is very important to us and various actions are taken on the issue : a metadata quality score is available on each dataset. We also provide lots of documentation on the issue (see for example https://guides.data.gouv.fr/guides-open-data/guide-qualite/ameliorer-la-qualite-dun-jeu-de-donnees-en-continu/ameliorer-le-score-de-qualite-des-metadonnees). We are currently working on a new path for data publisher to help them fill the right metadata (see demo : https://demo.data.gouv.fr/fr/datasets/publishing-form/)
Q10;"Do you set any standards on metadata quality that data providers must abide by (e.g. on the use of licence, minimum metadata describes, use of certain DCAT-AP properties, etc)

For Explanation:
* If yes, please describe the standards you have in place, i.e. what is minimum information the metadata should describe ";new question;new question;Change;Yes;See the score mentionned earlier.
Q11;"Do your open data publication/licensing guidelines provide recommendations for the use of Creative Commons (CC) licences, specifically CC BY 4.0 and CC0?

For Explanation:
* If yes, is this mandatory (e.g. prescribed by law) or recommended?
* Please provide a URL link to the guidelines";new question;new question;Change;Yes;"We recommend the open licence LOV2. 
Public body are required to choose between LOV2 or ODBL. 
See Policy."
Q12;What percentage of the open data available on the national portal is accompanied by licensing information? ;>90%;N/A;Confirm;;N/A
Q13;How many different licences are used on your portal?;1-4;N/A;Confirm;;N/A
Q14;"Besides providing guidelines, are there regular activities conducted or mechanisms in place to  assist publishers in supplying high-quality datasets (metadata quality and data quality)?

For Explanation:
* If yes, please explain the support you provide?";new question;new question;Change;Yes;Metadata quality is very important to us and various actions are taken on the issue : a metadata quality score is available on each dataset. We also provide lots of documentation on the issue (see for example https://guides.data.gouv.fr/guides-open-data/guide-qualite/ameliorer-la-qualite-dun-jeu-de-donnees-en-continu/ameliorer-le-score-de-qualite-des-metadonnees). We are currently working on a new path for data publisher to help them fill the right metadata (see demo : https://demo.data.gouv.fr/fr/datasets/publishing-form/). We also provide tools and assistance of data quality itself through the promotion of data schema for example (see schema.data.gouv.fr). 
Q15;"Does the national portal follow the DCAT-AP framework or, if not, are standards in place to ensure interoperability with DCAT-AP?

For explanation:
* If the  portal follow the DCAT-AP framework, please describe how compliance with DCAT-AP is ensured
* If the portal does not follow the DCAT-AP framework, please describe how interoperability with DCAT-AP is ensured";new question;new question;Change;Yes;"Yes. 
Find the specifications here : https://guides.data.gouv.fr/guide-data.gouv.fr/moissonnage/les-differents-types-de-moissonneurs#dcat-1"
Q16;What is the percentage of metadata on your portal that is DCAT-AP compliant, in terms of mandatory classes? (agent, catalogue, dataset, literal, resource);>90%;;Confirm;;N/A
Q17;What is the percentage of metadata on your portal that uses DCAT-AP recommended classes? (category, category scheme, distribution, licence document);>90%;;Confirm;;N/A
Q18;What is the percentage of metadata on your portal that uses DCAT-AP optional classes? (catalogue record, checksum, document, frequency);>90%;;Confirm;;N/A
Q19;"Is there a national extension of the DCAT-AP standard developed for your country? 

For Explanation:
* If yes, please (1) briefly outline the reasons for this decision, and (2) what the main differences between the national variation and the EU standard are.
* If applicable, please provide the URL to the documentation of the national DCAT-AP extension.";yes;"France has built a specification of the data model for catalog of datasets published in open data by local authorities. 
The opendata catalog of a community gathers the metadata description of the datasets it publishes. It can be generated automatically by the platform that hosts or harvests them. Several standards allow the standardization of the metadata of a catalog (INSPIRE for geographic data, DCAT and its variations for all types of open data), but local catalogs, when they exist, whether they are exposed via an API or extracted in the form of files, often depend on the technical capacity of the solution used and its configuration (different formats, more or less rich or extensive, depending on the platform, unique catalog and not for each producer when the platform is shared, distinction or not between datasets and resources, etc). Not to mention that many local authorities use simple websites to make their data available.

The specification of a simplified data model should make it possible to harmonize these local catalogs in a format accessible to all local authorities and facilitate their consolidation in a national inventory, the ""catalog of open local data catalogs"".

[https://schema.data.gouv.fr/scdl/catalogue/0.1.2/](https://schema.data.gouv.fr/scdl/catalogue/0.1.2/)";Change;No;No, we studied the question and to date, the DCAT-AP specifications seem sufficient to us and we believe it to be a good practice.
Q20;"Do you investigate the most common causes for the lack of DCAT-AP compliance?

For Explanation:
* If yes, what are the main causes for the lack of DCAT-AP compliance?";new question;new question;Change;Yes;"To ensure the proper reporting of French data to data.europa, we have undertaken to promote the DCAT-AP standard, which was previously underutilized in France.

We have carried out joint work with the main platform publishers, notably Open Data Soft and Geonetwork, to ensure they offer DCAT-AP exposure. The data from these platforms are now harvested in this way."
Q21;What is the percentage of datasets whose metadata provides a reference to where the data can be downloaded, or its API accessed (“download-URL” in the DCAT-AP specification)?;>90%;N/A;Confirm;;N/A
Q22;What is the percentage of datasets whose metadata provides a reference to a web page from where the data can be accessed (“access-URL in the DCAT-AP specification)?;>90%;N/A;Confirm;;N/A
Q23;"Do you use a model (such as the 5-Star Open Data or FAIR) to assess the quality of deployment of data in your country?

For Explanation:
* If yes, please briefly describe.";yes;"A discussion module is available for users for each dataset. They can express their opinion on the published dataset, whether it is positive or negative. This discussion module also makes it possible to report anomalies or areas for improvement to the producer. This evaluation mechanism thus provides more qualitative information than a simple five-star mechanism. Indeed, a five-star mechanism does not provide information on the improvement prospects.

[See example](https://www.data.gouv.fr/fr/datasets/base-sirene-des-entreprises-et-de-leurs-etablissements-siren-siret/)

However it is very usefull for both data producers et data reusers to be able to attest quickly a dataset’s quality. To this end we developed a metadata quality score for dataset : [https://www.data.gouv.fr/fr/posts/un-nouveau-score-de-qualite-des-metadonnees-sur-les-jeux-de-donnees/](https://www.data.gouv.fr/fr/posts/un-nouveau-score-de-qualite-des-metadonnees-sur-les-jeux-de-donnees/)";Complement;Yes;"We have implemented a metadata quality score, strongly inspired by the 5-Star model. Learn more: https://www.data.gouv.fr/fr/posts/un-nouveau-score-de-qualite-des-metadonnees-sur-les-jeux-de-donnees/

This score is integrated into our impact indicators : https://www.data.gouv.fr/fr/datasets/indicateurs-dimpact-de-data-gouv-fr/"
Q24;"Do you conduct activities to promote and familiarise data providers with ways to ensure higher quality data?

For Explanation:
* If yes, please briefly describe.";yes;"We developed a strategy on dataset quality inspired from the 5-star model :

**Licence** :

We developed our [own licence](https://www.etalab.gouv.fr/wp-content/uploads/2017/04/ETALAB-Licence-Ouverte-v2.0.pdf) and provide [guidelines](https://www.data.gouv.fr/fr/licences) and guides on how to choose a licence and why (see previous questions).

**Reusability** :

With our focus on data literacy and the organisation of events, we foster the reusability of data by insisting notably on [quality of documentation](https://guides.etalab.gouv.fr/qualite/documenter-les-donnees/) of data, [description of metadata](https://guides.etalab.gouv.fr/qualite/documenter-les-donnees/#description-des-metadonnees) and how [reuses are important](https://guides.etalab.gouv.fr/juridique/reutilisation/#qu-est-ce-qu-une-reutilisation) for example (see dimension 1 for more insight).

Reuses are highlighted in the same way as data [on the portal](https://www.data.gouv.fr/fr/reuses/covid-19-en-france-au-06-juillet-2020-surveillance-des-entrees-hospitalieres-et-des-tests-de-depistage/) and through our [communication](https://www.data.gouv.fr/fr/posts/).

**Machine readability and openness** :

A documentation is available to support producers on how to publish data sets in machine readable format: [here](https://guides.etalab.gouv.fr/data.gouv.fr/) and [here](https://doc.data.gouv.fr/a-propos/que-publier-et-comment-le-publier/).

On top of advocacy programs and [editorial content](https://www.data.gouv.fr/fr/posts/) we develop tools to help producers to provide high quality data. For instance,

- The Etalab team launched in 2019 [www.schema.data.gouv.fr](http://www.schema.data.gouv.fr/) a referencing, validation and support service for the creation of public data schemas for France. From schema.data.gouv.fr and the tools attached to it, it is possible to consult the referenced data schema, to validate that a data set conforms to a schema, to generate documentation and sample data sets automatically or suggest standardized entry forms. Any actor is also free to propose the referencing of diagrams on schema.data.gouv.fr.
- Etalab has also developed a tool, [CSV-GG](https://csv-gg.etalab.studio/), that helps you create a CSV file that conforms to an existing data schema. The tool guides you through several steps to obtain a complete, valid and structured file.

**Open identifier**

Discoverability of data.gouv.fr catalog is one of our top priorities. With this in mind a lot of effort are put in the  improvement of the search engine, for example:

- the tag system of the datasets makes it possible to optimize the search
- the ""highlight"" button for the platform administrator allows to bring up a data set in the ranking

**Linked-data**

We wrote a [quality guide](https://guides.etalab.gouv.fr/qualite/preparer-le-jeu-de-donnees/#la-structure-du-jeu-de-donnees) to help administration in the open data strategy. This guide underlines the necessity to include “linked data” (données pivot) that facilitates the crossover between datasets. Ex. Identification number of a company, geolocalisation etc.

We are also working on a tool enabling the enrichment of resources with additional third party data available on the portal

The platform data.gouv.fr allows users to link a specific resource to a common standard / schema shared by the community. This feature allow users to access easily to all the resources depending of this specific schema.";Complement;Yes;"Among the actions:

- Metadata quality score
- Production and promotion of data schemas
- Tooling
- Writing guides and training content dedicated to data quality
- Legal, technical, and organizational support for data producers

An example: we have completely redesigned the data publication process on the platform to assist data producers in correctly filling out metadata and making the right choices.

Beta version: https://demo.data.gouv.fr/fr/datasets/publishing-form/#/step-2"
Q25;What percentage of datasets are made available under an open licence? ;>90%;N/A;Confirm;;N/A
Q26;What percentage of licences are provided in a structured data format?;>90%;N/A;Confirm;;N/A
Q27;What percentage of datasets are provided in an open and machine-readable format?;>90%;N/A;Confirm;;N/A
Q28;What percentage of datasets consistely use Uniform Resource Identifiers?;>90%;N/A;Confirm;;N/A
Q29;What percentage of datasets link to other renowned sources to provide additional context for the users, e.g. in a linked data fashion?;>90%;N/A;Confirm;;N/A
I1;"Do you have a definition of open data reuse in your country?
 
For Explanation:
* If yes, please specify it.";yes;"In France, according to a broad definition that is commonly accepted, “reuse” refers to the use of public data by third parties for purposes other than the public service mission for which the data was produced or received (this definition has been recalled here : (https://www.data.gouv.fr/fr/posts/nos-reflexions-sur-les-reutilisations-des-donnees-ouvertes/).

This definition stems from the Code of Relations between the Public and the Administration : “Public information contained in documents communicated or published by the administrations mentioned in the first paragraph of article L. 300-2 may be used by any person who wishes to do so for purposes other than those of the public service mission for which the documents were produced or received.” (https://www.legifrance.gouv.fr/codes/article_lc/LEGIARTI000033219044). This definition is similar to the PSI Directive definition : “Public sector bodies collect, produce, reproduce and disseminate documents in order to fulfil their public service mission. The use of these documents for other purposes constitutes re-use.”

The complexity and the need to clarify the definition of reuse has been emphasised in the literature, particularly with respect to research data, a key issue being the distinction between use and reuse.

Besides that definition, more restrictive approaches have also emerged : some consider that only perennial uses of data are reuses while others consider any use of data as reuse.

In our day to day operations, any exploitation of data in order to obtain information is considered as reuse, whether this exploitation is freely accessible or not : following that definition, a use of private data or a data journalist’s work to prepare for an investigation will be considered as reuse.";Confirm;;
I2;"Are there any processes in place to monitor the level of reuse of your country's open data?
 
For Explanation:
* If yes, please (1) briefly describe these processes and (2) provide the URLs to support the answer.";yes;"In France, quantitative and qualitative processes have been implemented to grasp the level of open data re-use :

- The monitoring of datasets metrics through the national open data portal [data.gouv.fr](http://data.gouv.fr/) : datasets visit and download metrics as well as the metrics on reuses published are tracked to understand which datasets are the most popular and to follow popularity dynamics (https://stats.data.gouv.fr/). We are currently working on a new interface to showcase those metrics but also trends and dynamics : [http://activites-datagouv.app.etalab.studio/](http://activites-datagouv.app.etalab.studio/)
- The monitoring of reuses referenced on the national open data portal [data.gouv.fr](http://data.gouv.fr/) ([https://www.data.gouv.fr/fr/reuses/)](https://www.data.gouv.fr/fr/reuses/)) : reusers are encouraged to publish their reuse work linked to a dataset, and their publications are monitored by the [data.gouv.fr](http://data.gouv.fr/) team on a daily basis and also allow data producers to have visibility on the reuses developed from their open data. To this day, more than 3 000 reuses have been shared on the [data.gouv.fr](http://data.gouv.fr/) portal and we are working on engaging more reusers to publish their work in order to track them better, for example with a custom user flow : [https://www.data.gouv.fr/fr/pages/onboarding/reutilisateurs/](https://www.data.gouv.fr/fr/pages/onboarding/reutilisateurs/)
- Interviews with data producers and data reusers : the [data.gouv.fr](http://data.gouv.fr/) team regularly interviews data producers and data reusers to identify emblematic reuses on important datasets and gather information about them. Part of the learnings gathered from those interviews can be found here : [https://www.data.gouv.fr/fr/posts/comment-ladministration-utilise-les-donnees-publiques-lexemple-des-startups-detat/](https://www.data.gouv.fr/fr/posts/comment-ladministration-utilise-les-donnees-publiques-lexemple-des-startups-detat/) ; [https://www.data.gouv.fr/fr/posts/comment-les-donnees-de-transport-contribuent-a-ameliorer-la-mobilite-et-laction-publique/](https://www.data.gouv.fr/fr/posts/comment-les-donnees-de-transport-contribuent-a-ameliorer-la-mobilite-et-laction-publique/) ; [https://www.data.gouv.fr/fr/posts/comment-lopen-data-devient-un-outil-de-formation-essentiel-dans-lenseignement-superieur](https://www.data.gouv.fr/fr/posts/comment-lopen-data-devient-un-outil-de-formation-essentiel-dans-lenseignement-superieur) and more detailed here : [https://www.data.gouv.fr/fr/datasets/r/a61e1fcc-cd61-46bd-a6c5-af94cb9f8459](https://www.data.gouv.fr/fr/datasets/r/a61e1fcc-cd61-46bd-a6c5-af94cb9f8459)
- Surveys to gather reuse information from reusers : numerous data producers conduct those type of surveys, namely the Ministry of Culture who has carried out a public consultation on the reuse of cultural public data : [https://www.culture.gouv.fr/Thematiques/Innovation-numerique/Actualites/Open-data-decouvrez-les-resultats-de-la-consultation](https://www.culture.gouv.fr/Thematiques/Innovation-numerique/Actualites/Open-data-decouvrez-les-resultats-de-la-consultation)
- The animation of communities, that can be done at the level of an administration or with an interdepartmental scope.";Confirm;;
I3;"Are there any activities in place to encourage public bodies to monitor the reuse of their own published data (e.g. incentives or obligations in place for public bodies or civil servants of national government)?
 
For Explanation:
* If yes, please (1) briefly describe these activities/incentives and (2) provide the URLs to support the answer.";yes;"Public bodies are highly encouraged to monitor the re-use of their own published data.

First, while helping data producers in opening their data, Etalab strongly advocates for the monitoring of one’s published data, emphasising the benefits of doing so. Parts of our arguments are available here : (https://www.data.gouv.fr/fr/posts/quel-suivi-des-usages-des-donnees-ouvertes/).

Etalab’s strategy for the monitoring of reuses is one where we aim to empower data producers in doing so. Therefore, our efforts are dedicated to providing them with the help to measure reuse, thus incentivising them :

- We provide them with tools, namely metrics and notifications on new reuses published (https://www.data.gouv.fr/en/datasets/catalogue-des-donnees-de-data-gouv-fr/), and we are today working on making them even more accessible to them : https://www.linkedin.com/posts/antonin-garrone-8272bb154_nous-sommes-en-train-de-travailler-sur-la-activity-7043991572467601409-LvWL/?utm_source=share&utm_medium=member_desktop.
- We provide them with methodological guidelines on how to measure reuse : https://etalab-2.gitbook.io/guides/publier-des-donnees/guide-qualite/ameliorer-la-qualite-dun-jeu-de-donnees/connaitre-et-suivre-les-usages-dun-jeu-de-donnees

To deepen this approach, we interviewed data producers to understand how we can better help them follow their open data reuses. Insights are in this study : https://www.data.gouv.fr/fr/datasets/r/a61e1fcc-cd61-46bd-a6c5-af94cb9f8459.

We also have programs that promote the measurement of reused data.

Etalab supports administrations in measuring data that is reused on a daily basis. In addition, specific programs for transforming public administration through data enable the importance of open data to be introduced and the need to measure reuse :

- The program “[Entrepreneurs d’intérêt général](https://entrepreneur-interet-general.etalab.gouv.fr/)” creates new opportunities to hire civil servants with high level digital skills within the administration, to improve public service mission and to transmit new skills in public organisation. The proposed challenges are often based on the use of data to better implement public policies. Many challenges have an open data component. In this perspective, the EIG programme emphasises the need to monitor the reuse of open data.
- The “Lab IA” program assists administrations in the use of their data thanks to data sciences and artificial intelligence. Some of the projects have an open data component. In this perspective, the programme emphasises the need to monitor the reuse of open data.";Complement;;Yes. - First, public statistics that are available on the portal: Public Statistics Guide - Second, our strategy is to empower data producers in measuring usage. We produce recommendations and guides to this end: Improving Data Quality Continuously
I4;"Does your country have processes in place to monitor and measure the level of reuse of high-value datasets ((EU) 2023/138)?
 
For Explanation:
* If yes, please specify how and highlight challenges if any. 
* If you are an EFTA or a candidate country to the EU, please select 'not applicable'.";new question;new question;Change;Yes;We monitor the usage of high-value data by relying on statistics and reuses. We plan to conduct surveys by data theme, as we have done for the Public Data Service.
I5;"Has your government specified what 'impact of open data' means (e.g. in a strategy document)?
 
For Explanation:
* If yes, how do you define the impact of open data in your country? 
* If possible, please provide a URL to a public document describing it.";yes;"The Open Data Mission led by MP Eric Bothorel defines four impact areas for open data : scientific as a vector of knowledge, economical as a driver of innovation, democratic to improve public service and political to restore people’s confidence in public action (https://www.gouvernement.fr/upload/media/default/0001/01/2020_12_rapport_-_pour_une_politique_publique_de_la_donnee_-_23.12.2020_.pdf) : p.22-23). This view is in line with the ministerial strategy on open data, which is focused on openness i.e. more public open data to foster innovation and transparency, to enhance the external evaluation of governmental policy and the democratic debate. In this regard, the final report of the Open Data Mission recommends to assess the economical, social and scientific impact of the opening and sharing of data and source codes (https://www.gouvernement.fr/upload/media/default/0001/01/2020_12_rapport_-_pour_une_politique_publique_de_la_donnee_-_23.12.2020_.pdf) : p.13).

The vision previously detailed is embraced within Etalab, as we consider that open data impact is manifold and can be measured through different ways.

The four impact areas can be translated in three kind of audiences :

- Administrations that improve the delivery of public services
- Citizens who benefit from greater transpaency
- Companies, NGOs, researchers, etc. who use data to gain knowledge and create new innovative products and services.

As a final remark, the impact of open data can be measured both qualitatively and quantitatively, in a complementary way : we thus carry out both an analysis of quantitative metrics on our national open data portal data.gouv.fr and of qualitative impact by interviewing portal users, data producers and reusers.

In the official interministerial data administration framework (https://static.data.gouv.fr/resources/politique-publique-de-la-donnee-des-algorithmes-et-des-codes-sources-15-feuilles-de-route-ministerielles/20210927-160143/cadre-interministeriel-donnee.pdf), the interministerial director for digital affairs outlines the vision and challenges of data-driven public action. Data is said to be « the strategic asset of the digital revolution », and its impact on public action is broken down into five areas : transparency, production of better public services, efficacy, supportiveness, creation of economic value.

At the request of the Prime Minister, an unprecedented mobilisation has taken place in all ministries about data, algorithms and source codes : together, within a shared interministerial framework, each ministry has defined its strategy in this area and has broken it down into a plan of concrete actions to be implemented over a period of 2 to 3 years. The 15 ministerial roadmaps on data, algorithms and source codes are available here (https://www.data.gouv.fr/fr/datasets/politique-publique-de-la-donnee-des-algorithmes-et-des-codes-sources-15-feuilles-de-route-ministerielles/) and the list of actions decided by the ministries in the framework of the ministerial roadmaps is available in open data here (https://www.data.gouv.fr/fr/datasets/liste-des-actions-prises-par-les-ministeres-dans-le-cadre-des-feuilles-de-routes-ministerielles/). Each ministerial roadmap specifies the impact of open data in their respective field : for example, the Ministry of Justice has defined a list of impact indicators, the Ministry of Ecological Transition has outlined the specific impact of open data on the environment, etc.";Complement;Yes;We have implemented specific impact indicators to measure the impact of data.gouv.fr, which is an indirect way of measuring the impact of open data.
I6;"Do you have a methodology in place to measure the impact of open data in your country?
 
For Explanation:
* If yes, please briefly describe the key points of this methodology.";yes;"Etalab has developed a systematic impact assessment methodology. This methodology proposes to estimate the impact of open data by examining four different levels or layers :

- First level : raw data itself : number of datasets published, downloaded, etc. For this first level, we analyse visits to dataset pages, datasets downloads, etc. by using data.gouv.fr metrics available on [stats.data.gouv.fr](http://www.stats.data.gouv.fr/). We are then able identify datasets with the highest impact and the ones that are highly demanded. The [data.gouv.fr dataset catalogue](https://www.data.gouv.fr/fr/datasets/catalogue-des-donnees-de-data-gouv-fr/) also provides visibility on published datasets with their associated metadata and metrics. This provides a more global knowledge on user behavior on the national platform.
- Second level : direct uses of the data : number of reuses on datasets. For this second level, we examine how many reuses are known for each dataset and their nature.
- Third level : indirect uses of raw data : usages of the reuses developed from open data. For this third level, we investigate how much open data reuses are themselves used (this is sometimes impossible to know).
- Fourth level : externalities : societal and economic impacts of open data. For this fourth level, we document the impacts on the datasets for which we have observed high impact in a structured assessment report : general description, reuser, value proposition, datasets used, partners involved, results, next steps and learnings, etc.

This methodology is presented and detailed in a working paper exploring how to measure open data impact : https://www.data.gouv.fr/fr/datasets/r/a61e1fcc-cd61-46bd-a6c5-af94cb9f8459

We are continuously trying to improve this impact assessment methodology by integrating other countries’ best practices. We have participated in several working groups on this topic and have already presented our approach on numerous occasions, namely [data.europa academy webinar ´Measuring open data Impact in Europe](https://www.youtube.com/watch?v=Cp7-qSNLR1U)";Complement;Yes;"In addition to the platform's impact indicators, we now rely on the outputs, outcomes, and impacts methodology, which is quite similar to our level-based evaluation.

We then break it down by theme."
I7;"Is there collaboration between government and civil society or academia to create open data impact in your country?

For Explanation:
* If yes, please provide an example
* If possible, URLs to such projects and collaborations.";yes;"We are very lucky to have a strong and active civil society in France on open data.

The COVID-19 crisis has been a catalyst for collaboration between government and civil society. Open data made it possible for impactful tools to be built, for example ViteMaDose [https://vitemadose.covidtracker.fr/](https://vitemadose.covidtracker.fr/) that checks for available slots in vaccination centres and is based on the list of said centres, pharmacists and GPs that administer vaccines. The development of the COVID-19 dashboard on the Government website was also a coordinated effort from different actors to create impact : [https://www.etalab.gouv.fr/comment-les-administrations-ont-collabore-a-louverture-des-donnees-du-coronavirus-le-cas-francais](https://www.etalab.gouv.fr/comment-les-administrations-ont-collabore-a-louverture-des-donnees-du-coronavirus-le-cas-francais).

Within the framework of the Open Government Partnership [https://www.modernisation.gouv.fr/nos-actions/gouvernement-ouvert/ouvrir-laction-publique-construisons-ensemble-le-plan-daction-gouvernement-ouvert-2021-2023-de-la-france](https://www.modernisation.gouv.fr/nos-actions/gouvernement-ouvert/ouvrir-laction-publique-construisons-ensemble-le-plan-daction-gouvernement-ouvert-2021-2023-de-la-france), the next French Action Plan is being developed together with governmental actors such as the DITP, Etalab, and cada.fr, civil society associations such as madada.fr and ouvre-boite.org, and journalists. This action plan aims to create impact on important themes for French people : transparency of public action results, environmental issues, local public action, users at the heart of public action, citizen participation, digital inclusion, etc.

In 2022, Etalab has collaborated with Latitudes, a non-profit promoting « Tech for good », to design an « Open Data University » : [https://www.data.gouv.fr/fr/pages/odu/home/](https://www.data.gouv.fr/fr/pages/odu/home/). This program, that aims at teaching higher education students how to reuse open data, provides teachers with high impact open data projects for their students to work on and create impact. This year, 5 projects on high value added datasets have been designed and led to impactful reuses :

- Cycling infrastructures : Students are being asked to find out where to build cycling infrastructures to reduce cycling accidents and improve road safety [https://www.data.gouv.fr/fr/pages/odu/defi_infrastructures-cyclables/](https://www.data.gouv.fr/fr/pages/odu/defi_infrastructures-cyclables/)
- Energy issues in France : Students are being asked to analyse and make predictions to better understand the possible impacts of the Ukrainian crisis on energy in France : [https://www.data.gouv.fr/fr/pages/odu/defi_energie/](https://www.data.gouv.fr/fr/pages/odu/defi_energie/)
- Middle school sectors : Students are being asked to design a tool to make it easier for parents to know which middle school to enroll their child in : [https://www.data.gouv.fr/fr/pages/odu/defi_carte-scolaire/](https://www.data.gouv.fr/fr/pages/odu/defi_carte-scolaire/)
- French recovery plan after the COVID-19 crisis : Students are being asked to assess the extent to which the aid distributed by the State as part of the recovery plan has had an impact on economic activity and/or ecological transition in France : [https://www.data.gouv.fr/fr/pages/odu/defi_france-relance/](https://www.data.gouv.fr/fr/pages/odu/defi_france-relance/)
- Electric vehicles : Students are being asked to find out whether the distribution of charging infrastructures on the territory correspond to a logic of population distribution and/or road traffic : [https://www.data.gouv.fr/fr/pages/odu/defi_vehicules-electriques/](https://www.data.gouv.fr/fr/pages/odu/defi_vehicules-electriques/)

Through the Accelerator of citizen initiatives [https://citoyens.transformation.gouv.fr/](https://citoyens.transformation.gouv.fr/), Etalab has collaborated with Infoclimat to create impact with weather data and make them more accessible to all : [https://www.infoclimat.fr/](https://www.infoclimat.fr/)";Complement;Yes;"Among projects in France, we can mention:

OpenStreetMap
OpenFoodFact
The Open Data University project"
I8;"Have any public bodies in your country launched or performed any activities in the past year to understand which and how (open) datasets are reused?

For Explanation:
* If yes, which of the following activities?
* Multiple answers are possible.";yes;N/A;Change;Yes;N/A
I8-a;Automated feedback mechanisms tracking users´ access to datasets;new question;new question;Change;Yes;"In 2023, the data.gouv.fr team conducted an extensive survey on the impact of open data.

This survey is based on the French methodology for impact measurement and is inspired by European work, particularly the ""Indicators for an Open Data Impact Assessment.""

The study outlines the outputs, outcomes, and impacts for the four dimensions of impact (governmental, environmental, social, economic).

Regarding the outputs, a selection of indicators among those identified by the Commission were selected, including:
- Number of datasets on the theme
- Number of new datasets on the theme in 2023
- Number of views on these datasets in 2023
- Downloads of these datasets in 2023
- Number of discussions
- Number of reuses on the theme
- Number of new reuses on the theme in 2023
- Reuses by type
- Number of views on the reuses in 2023
- Discussions on the reuses

Regarding the outcomes and impacts, the use cases examined were selected from three main sources:
- The reuse catalog of the data.gouv.fr platform;
- The catalog of digital public services developed within beta.gouv.fr;
- The catalog of research publications on scanr.

And according to three criteria:
- High potential impact;
- Availability of resources and information;
- A balanced distribution in the four impact categories defined by the Open Data Maturity Report.

For each use case, a literature search was conducted and interviews were sometimes conducted with their designers to document the services, the data used, and the impacts created.

The results of this study will be published in 2024 in the form of six articles on data.gouv.fr and consolidated into a more comprehensive paper.

This is not the only study; we can notably mention the work of OpenDataFrance (DataImpact: new edition of the study on the reuse cases of environmental data - Open data france https://opendatafrance.fr/dataimpact-publication/) as well as the book by Dr. in Sociology Samuel Goëta “Les données de la démocratie: open data, pouvoirs et contre-pouvoirs” (https://cfeditions.com/donnees-democratie/) which provides a critical assessment of the impact of open data."
I8-b;Surveys;new question;new question;Change;Yes;See previous answer
I8-c;Interviews/workshops with reusers;new question;new question;Change;Yes;See previous answer
I8-d;Other;new question;new question;Change;Yes;See previous answer
I9;"Have any public bodies in your country launched or performed any activities in the past year to better understand reusers' needs in order to further stimulate the reuse of open data?

For Explanation:
* If yes, which of the following activities have been performed? Please describe how the activity has helped you better stimulate reuse.
* Multiple answers are possible.";yes;N/A;Change;Yes;N/A
I9-a;Regular feedback sessions with portal users ;new question;new question;Change;Yes;We have a pool of beta testers, carry out regular test and interview and organize public meetup every 3-6 month
I9-b;Social media sentiment analysis ;new question;new question;Change;Yes;Social media (Twitter, Linkedin, Mastodon) are in center of our editorial strategy we track engagements and reactions and establish KPI
I9-c;Other;new question;new question;Change;Yes;We developed our own impact indicators acording to our goals : https://www.data.gouv.fr/fr/datasets/indicateurs-dimpact-de-data-gouv-fr/
I10;"Have any public bodies in your country developed any systematic way of gathering reuse cases?

For Explanation:
* If yes, please provide a brief explanation of the process: How does the gathering happen? ";yes;"The national open data portal data.gouv.fr allows anyone to publish reuses linked to datasets on the portal ([https://www.data.gouv.fr/fr/pages/onboarding/reutilisateurs/#referencer)](https://www.data.gouv.fr/fr/pages/onboarding/reutilisateurs/#referencer)) and the team behind the platform does its best to give incentives for them to do so, as a way to systematically gather re-use cases in one consolidated catalogue. To this day, more than 3000 reuses have been published on the portal and we are working on engaging more reusers to publish their projects, for example with a custom user flow : [https://www.data.gouv.fr/fr/pages/onboarding/reutilisateurs/](https://www.data.gouv.fr/fr/pages/onboarding/reutilisateurs/)

On some thematics, there are more restrictive licence where we track reuse more systematically (i.e. mobility data  : [https://doc.transport.data.gouv.fr/reutilisateurs/utilisation-par-les-reutilisateurs-de-donnees](https://doc.transport.data.gouv.fr/reutilisateurs/utilisation-par-les-reutilisateurs-de-donnees))

From April 18th 2023 to May 15th 2023, OpenDataFrance has launched a national survey to identify open data reuses deployed by local authorities : [https://www.opendatafrance.net/2023/04/12/data-impact-identifions-ensemble-les-cas-dusages-territoriaux-de-donnees/](https://www.opendatafrance.net/2023/04/12/data-impact-identifions-ensemble-les-cas-dusages-territoriaux-de-donnees/).";Confirm;;
I11;"Are there any public bodies in your country that have developed a systematic ways of classifying the gathered reuse cases?

For Explanation:
* If yes, please provide a brief explanation of the process: According to which categories are reuse cases classified (e.g. by policy field)?";yes;"The catalogue of +3000 reuses available on the open data portal data.gouv.fr has been and is now classified according to a taxonomy inspired by other national open data portals’ classifications and by Wikipedia ([https://www.data.gouv.fr/fr/reuses/)](https://www.data.gouv.fr/fr/reuses/))  :

- Health
- Mobility and transportation
- Urban planning and housing
- Food and agriculture
- Culture and leisure
- Economy and businesses
- Environment and energy
- Employment and training
- Politics and public life
- Security
- Education and research
- Society and demography
- Law and justice
- Open data tools";Confirm;;
I12;"Is any data on the impact created by open data on governmental challenges (e.g. efficiency, effectiveness, transparency, decision-making capacity) available in your country such as from research studies, impact assessments, or other systematic investigations that quantify the results or broader effects of open data being reused?

For Explanation:
* If yes, please (1) specify what kind of data source proves this impact and (2) provide the URLs to this data.";yes;"In 2022, Etalab has conducted a thorough study to measure the impact of open data in France. In this study, we carried out the methodology described in question 34 of this questionnaire : we combined quantitative and qualitative approaches by both analysing data.gouv.fr metrics and interviewing with data producers and reusers. Impactful use cases on different impact areas have been identified, reviewed and researched, among which governmental impact. Data on the impact created by open data on governmental challenges is available in this working paper (p.29-30 ; p.40) : : [https://www.data.gouv.fr/fr/datasets/r/a61e1fcc-cd61-46bd-a6c5-af94cb9f8459](https://www.data.gouv.fr/fr/datasets/r/a61e1fcc-cd61-46bd-a6c5-af94cb9f8459).

The FING has also led an impact study on open data. Impact created by open data on governmental challenges is analysed here (from p.18 to p.25) : [https://fing.org/wp-content/uploads/2020/02/Open-Data-impact-bilan-2010-2018-de-l-open-data.pdf#page=18](https://fing.org/wp-content/uploads/2020/02/Open-Data-impact-bilan-2010-2018-de-l-open-data.pdf#page=18).";Complement;Yes;"In 2023, the data.gouv.fr team conducted an extensive survey on the impact of open data.

This survey is based on the French methodology for impact measurement and is inspired by European work, particularly the ""Indicators for an Open Data Impact Assessment.""

The study outlines the outputs, outcomes, and impacts for the four dimensions of impact (governmental, environmental, social, economic).

Regarding the outputs, a selection of indicators among those identified by the Commission were selected, including:
- Number of datasets on the theme
- Number of new datasets on the theme in 2023
- Number of views on these datasets in 2023
- Downloads of these datasets in 2023
- Number of discussions
- Number of reuses on the theme
- Number of new reuses on the theme in 2023
- Reuses by type
- Number of views on the reuses in 2023
- Discussions on the reuses

Regarding the outcomes and impacts, the use cases examined were selected from three main sources:
- The reuse catalog of the data.gouv.fr platform;
- The catalog of digital public services developed within beta.gouv.fr;
- The catalog of research publications on scanr.

And according to three criteria:
- High potential impact;
- Availability of resources and information;
- A balanced distribution in the four impact categories defined by the Open Data Maturity Report.

For each use case, a literature search was conducted and interviews were sometimes conducted with their designers to document the services, the data used, and the impacts created.

The results of this study will be published in 2024 in the form of six articles on data.gouv.fr and consolidated into a more comprehensive paper.

This is not the only study; we can notably mention the work of OpenDataFrance (DataImpact: new edition of the study on the reuse cases of environmental data - Open data france https://opendatafrance.fr/dataimpact-publication/) as well as the book by Dr. in Sociology Samuel Goëta “Les données de la démocratie: open data, pouvoirs et contre-pouvoirs” (https://cfeditions.com/donnees-democratie/) which provides a critical assessment of the impact of open data."
I13;"Is the use of open data in your country having an impact on the efficiency and effectiveness of the government (at any level) in delivering public services? 

For Explanation:
* If yes, please provide an example of one reuse case. For this reuse case, please provide (1) a URL to the reuse case, (2) a URL to the open dataset used by the reuse case, and (3) a description of the reuse case and its impact in this sub-domain.";new question;new question;Change;Yes;"We focused on two applications that converge towards more effective and efficient public action:

Zero Vacant Housing

Developed by the Ministry of Ecological Transition, Zero Vacant Housing (ZLV) is a tool that helps local authorities identify vacant housing in their territories and then mobilize owners to put these properties back on the market. It was built using the National Buildings Database and the National Condominium Registration Registry. Since its launch, ZLV has facilitated the return of vacant housing to the market with:

- 7,605 housing units that are in the process of being vacated or have already been reoccupied;
- 7,570 municipalities using the solution, with 27,655 updates to files already carried out.

This return to the market helps create an affordable housing supply, boosts local economic activity related to the construction industry, and reduces the need for new construction.

Go Rénove Bailleurs

Go Rénove Bailleurs is a public service that assists with the energy renovation of buildings for social landlords. It provides them with:

- An overview of their building portfolio and its energy performance;
- Indicators to assess the opportunity and impact of renovations.

The solution relies heavily on the National Buildings Database. It promotes more renovations, a key public policy priority of the Government (Climate Resilience Law).

Link to the report : https://www.data.gouv.fr/fr/datasets/r/b647386b-b143-4fa3-891e-1ad9d31a19ab"
I14;"Is the use of open data in your country having an impact on transparency and accountability of public administrations?

For Explanation:
* If yes, please provide an example of one reuse case. For this reuse case, please provide (1) a URL to the reuse case, (2) a URL to the open dataset used by the reuse case, and (3) a description of the reuse case and its impact in this sub-domain.";new question;new question;Change;Yes;"On the transparency and accountability of public administrations, we focused on three uses:

Barometer of the Application of Laws

The Barometer of the Application of Laws, designed within the National Assembly, formats open data such as ""Laws and Decrees of the Official Journal"" to make them more accessible. This service promotes greater transparency regarding the application of laws by allowing measurement of the proportion and timeliness with which the decrees required by a law are published. In 2024, the service recorded:

- 145,538 views of the application rate of a law from its legislative file;
- 4,188 unique visits to the list of laws.

Camerci

For Camerci, the ""Video Surveillance – Camera Placement"" data was used by a citizen to create a map that allows individuals to request a copy of the surveillance footage in which they appear. This use facilitates the exercise of one's rights and awareness of current legislative provisions.

Responsible Public Procurement and Local Purchasing: Lessons from French Open Data

In this research work, open data from public procurement was utilized to analyze local public purchasing. The results suggest that local purchasing may have protectionist foundations and may not necessarily be the result of environmental concerns. Such analyses align with the issue of citizen oversight of administrative actions enabled by open data.

Link to the report : https://www.data.gouv.fr/fr/datasets/r/b647386b-b143-4fa3-891e-1ad9d31a19ab"
I15;"Is the use of open data in your country having an impact on policy-making processes (i.e. are public administrations making use of the data as evidence for the problem identification and policy formulation)? 

For Explanation:
* If yes, please provide an example of one reuse case. For this reuse case, please provide (1) a URL to the reuse case, (2) a URL to the open dataset used by the reuse case, and (3) a description of the reuse case and its impact in this sub-domain.";new question;new question;Change;Yes;"Examples abound regarding the use of open data in the development of public policies. We have selected three to be examined:

Cartofriches

Developed by Cerema, Cartofriches helps local authorities and other project leaders locate and characterize brownfield sites for reuse. Its features include:

- Visualization of brownfield sites in the territory;
- Detailed information about each site.

Cerema uses BASIAS and BASOL data to pre-identify brownfield sites. The tool facilitates the reuse of brownfields and thus contributes to reducing land artificialization, with 10,385 brownfields identified.

Banning Cars to Promote Bikes? A Study on the City of Tours

This research article on mobility in the city of Tours uses daily bicycle counter data and climate data to study the effect of closing a bridge to cars on bicycle traffic. The result provides a diagnosis that the local government can use to adapt its mobility policies: the closure is associated with a 7.23% increase in bicycle traffic.

A History of Political Conflict – Elections and Inequalities in France (1789-2022)

The work of two economists (Thomas Piketty and Julia Cagé) combines data on election results (legislative, presidential elections, and referendums for the 36,000 French communes from 1789 to 2022) with socio-demographic indicators to propose an analysis of the social structure of the electorates of different political currents. The reflections developed have greatly contributed to public debate: who votes for whom and why? What are the consequences for democracy?

Link to the report : https://www.data.gouv.fr/fr/datasets/r/b647386b-b143-4fa3-891e-1ad9d31a19ab"
I16;"Is the use of open data in your country having an impact on decision-making processes (i.e. are public administrations making use of the data as evidence to be included in their daily operations)?

For Explanation:
* If yes, please provide an example of one reuse case. For this reuse case, please provide (1) a URL to the reuse case, (2) a URL to the open dataset used by the reuse case, and (3) a description of the reuse case and its impact in this sub-domain.";new question;new question;Change;Yes;"They are many examples, for instance : 

Bilan de mon territoireThrough Bilan de mon territoire, Enedis offers local authorities the ability to create a report on the production and consumption of energy in their territory (by sector of activity and production channel). The service is built from its open data. It serves as an interesting decision-making tool, allowing local authorities to adapt their energy transition policies (for example, by targeting buildings for renovation).

Link to the report : https://www.data.gouv.fr/fr/datasets/r/b647386b-b143-4fa3-891e-1ad9d31a19ab"
I17;"Is any data on the impact created by open data on social challenges (e.g. inequality, healthcare, education) available in your country such as from research studies, impact assessments, or other systematic investigations that quantify the results or broader effects of open data being reused?

For Explanation:
* If yes, please (1) specify what kind of data source proves this impact and (2) provide the URLs to this data.";yes;"In 2022, Etalab has conducted a thorough study to measure the impact of open data in France. In this study, we carried out the methodology described in question 34 of this questionnaire : we combined quantitative and qualitative approaches by both analysing data.gouv.fr metrics and interviewing with data producers and reusers. Impactful use cases on different impact areas have been identified, reviewed and researched, among which social impact. Data on the impact created by open data on social challenges are available in this working paper (i.e. p.30-33 ; p.44) : https://www.data.gouv.fr/fr/datasets/r/a61e1fcc-cd61-46bd-a6c5-af94cb9f8459.";Complement;Yes;"In 2023, the data.gouv.fr team conducted an extensive survey on the impact of open data.

This survey is based on the French methodology for impact measurement and is inspired by European work, particularly the ""Indicators for an Open Data Impact Assessment.""

The study outlines the outputs, outcomes, and impacts for the four dimensions of impact (governmental, environmental, social, economic).

Regarding the outputs, a selection of indicators among those identified by the Commission were selected, including:
- Number of datasets on the theme
- Number of new datasets on the theme in 2023
- Number of views on these datasets in 2023
- Downloads of these datasets in 2023
- Number of discussions
- Number of reuses on the theme
- Number of new reuses on the theme in 2023
- Reuses by type
- Number of views on the reuses in 2023
- Discussions on the reuses

Regarding the outcomes and impacts, the use cases examined were selected from three main sources:
- The reuse catalog of the data.gouv.fr platform;
- The catalog of digital public services developed within beta.gouv.fr;
- The catalog of research publications on scanr.

And according to three criteria:
- High potential impact;
- Availability of resources and information;
- A balanced distribution in the four impact categories defined by the Open Data Maturity Report.

For each use case, a literature search was conducted and interviews were sometimes conducted with their designers to document the services, the data used, and the impacts created.

The results of this study will be published in 2024 in the form of six articles on data.gouv.fr and consolidated into a more comprehensive paper.

This is not the only study; we can notably mention the work of OpenDataFrance (DataImpact: new edition of the study on the reuse cases of environmental data - Open data france https://opendatafrance.fr/dataimpact-publication/) as well as the book by Dr. in Sociology Samuel Goëta “Les données de la démocratie: open data, pouvoirs et contre-pouvoirs” (https://cfeditions.com/donnees-democratie/) which provides a critical assessment of the impact of open data."
I18;"Is the use of open data in your country having an impact on society´s ability to reduce inequality and better include minorities, migrants, and/or refugees? 

For Explanation:
* If yes, please provide an example of one reuse case. For this reuse case, please provide (1) a URL to the reuse case, (2) a URL to the open dataset used by the reuse case, and (3) a description of the reuse case and its impact in this sub-domain.";new question;new question;Change;Yes;"Atlas Culture des territoires

Offered by the Ministry of Culture, the Atlas Culture des territoires helps understand cultural dynamics. It utilizes public data related to cultural offerings, cultural expenditures, employment and cultural enterprises, as well as socio-economic indicators, to provide:

- An interactive map for visualization;
- Portrait sheets describing each region.

The mapping of territorial dynamics contributes to identifying localized cultural inequalities and adapting cultural development strategies. The Atlas also enables the general public to understand issues related to cultural policies and participate in public debate.

National Celebrations and Commemorations in France since 1970

This analysis of open data related to celebrations and commemorations, conducted by an archivist, allows visualization of the historical periods involved, the themes commemorated, etc., but most notably reveals numerous representation inequalities: since 1970, only 103 women have been celebrated out of 1,358 individuals (7.5%).

Link to the report : https://www.data.gouv.fr/fr/datasets/r/b647386b-b143-4fa3-891e-1ad9d31a19ab"
I19;"Is the use of open data in your country having an impact on issues about housing in urban areas? 

For Explanation:
* If yes, please provide an example of one reuse case. For this reuse case, please provide (1) a URL to the reuse case, (2) a URL to the open dataset used by the reuse case, and (3) a description of the reuse case and its impact in this sub-domain.";new question;new question;Change;Yes;"Two use cases illustrate how open data can be mobilized to address urban housing issues:

Résorption bidonvilles

Résorption bidonvilles is a digital public service that enables state services, local authorities, and others to identify, share information, and take action to eliminate slums. It allows users to:

- Consult the list and characteristics of all sites in a territory;
- Learn about the actions taken;
- Assist each other with a directory of all users and a forum;
- Visualize platform data.

Through simplified operational monitoring for public officials and better coordination among stakeholders, the tool accelerates the eradication of slums and improves support for affected populations. Since the platform's launch in 2019, more than 4,000 people have been rehoused (17 sites eliminated in 2022, 28 in 2021, 16 in 2020) and in 2022:

- 3,566 minors were enrolled in school through the school mediation program;
- 5,461 people received health support in 2022;
- Over 1,000 people gained employment.

Aux Alentours by MAIF

Aux Alentours by MAIF is a tool developed by the mutual insurance company. It aggregates and maps numerous open data sources (risks, facilities, transport stops, noise exposure, etc.) to enable individuals to better understand the risks associated with their environment and take preventive measures with appropriate advice.

Link to the report : https://www.data.gouv.fr/fr/datasets/r/b647386b-b143-4fa3-891e-1ad9d31a19ab"
I20;"Is the use of open data in your country having an impact on the issues of health and wellbeing? 

For Explanation:
* If yes, please provide an example of one reuse case. For this reuse case, please provide (1) a URL to the reuse case, (2) a URL to the open dataset used by the reuse case, and (3) a description of the reuse case and its impact in this sub-domain.";new question;new question;Change;Yes;"Regarding health and well-being, we focused on two uses: Euros for Docs The association Euros for Docs aims to simplify access to the Transparence Santé database, where industry stakeholders declare all their interests, by cleaning the data and providing a simplified interface. The uses are numerous: - For patients: to learn about their doctor's interests; - For citizens: to understand the industry's lobbying on the health system; - For health professionals: to become aware and participate in the independence of medicine; - For public administrations: to control the independence of health experts; - For journalists and researchers: to conduct investigations and research more easily. Real-time Bathing Water Quality Forecasting Platform Reporting data from the bathing season and public meteorological data are used to feed a machine learning model that estimates the risk of fecal bacterial contamination (up to 5 days in advance, with 4 alert levels). The tool allows local authorities to better manage their bathing sites and enables the public to exercise precaution.

Link to the report : https://www.data.gouv.fr/fr/datasets/r/b647386b-b143-4fa3-891e-1ad9d31a19ab"
I21;"Is the use of open data in your country having an impact on the society´s level of education and skills (e.g. data literacy)?

For Explanation:
* If yes, please provide an example of one reuse case. For this reuse case, please provide (1) a URL to the reuse case, (2) a URL to the open dataset used by the reuse case, and (3) a description of the reuse case and its impact in this sub-domain.";new question;new question;Change;Yes;"Examples abound regarding the use of open data in the field of education and skills. We have selected four for examination:

DiagOriente

DiagOriente is a digital public service that helps young people formalize their skills and professional interests, discover corresponding professions, and find training and/or employment more easily. It relies on data such as job operational requirements, labor market data, and job offers. The service currently has 432,000 users, among whom:
- 85% realized they had many skills;
- 75% discovered professions they would like to pursue;
- 65% completed the process with an engaged professional project.

SupTracker

A personal project by two citizens, SupTracker formats open data related to Parcoursup to allow users to:

- Get information on a training program: applications and admissions, profile of admitted candidates, selectivity indicators, etc.;
- Compare training programs;
- Analyze orientation by high school specialties;
- Explore the distribution of candidates based on their profile: honors in the baccalaureate, scholarship status, etc.

Thanks to the application, students can better inform themselves about the training programs they consider joining (recruitment and selectivity) to formulate coherent orientation projects.

- Analyses based on the social position indices of schools, colleges, and high schools

The social position index of an institution is an indicator summarizing the socio-economic and cultural conditions of the families of the students it welcomes. The associated data, published in 2022 by the Ministry of National Education, have rekindled and enriched the debate on the lack of social mixing in schools. For example:

The newspaper Le Monde wrote an article highlighting socio-economic disparities between public and private middle schools, as well as some neighboring public middle schools;
The Department of Prospective, Evaluation, and Performance of the Ministry of National Education conducted a study on social disparities between middle schools, in light of the objective of social diversity.

Open Data University Challenges
As part of the Open Data University, open data becomes a training tool for developing skills and civic engagement among young people. The Open Data University is a program that offers higher education institutions the opportunity to have their students work on open data challenges addressing social and environmental issues. The program is run by the association Latitudes, which collaborates with 100 higher education institutions to integrate social and environmental dimensions into their curricula. In 2023-2024, more than 650 students from 16 institutions were trained by working on open data challenges related to elections, culture, and energy.

Link to the report : https://www.data.gouv.fr/fr/datasets/r/b647386b-b143-4fa3-891e-1ad9d31a19ab"
I22;"Is any data on the impact created by open data on environmental challenges (e.g. climate change and environmental degradation, as highlighted in the Eurpean Green Deal) available in your country such as from research studies, impact assessments, or other systematic investigations that quantify the results or broader effects of open data being reused?

For Explanation:
* If yes, please specify (1)  what kind of data source proves this impact and (2) provide the URLs to this data.";yes;"In 2022, Etalab has conducted a thorough study to measure the impact of open data in France. In this study, we carried out the methodology described in question 34 of this questionnaire : we combined quantitative and qualitative approaches by both analysing data.gouv.fr metrics and interviewing with data producers and reusers. Impactful use cases on different impact areas have been identified, reviewed and researched, among which environmental impact. Data on the impact created by open data on environmental challenges are available in this working paper (p.30-31 ; p.38-39 ; p.41-42 ; p.45) : https://www.data.gouv.fr/fr/datasets/r/a61e1fcc-cd61-46bd-a6c5-af94cb9f8459.";Complement;Yes;"In 2023, the data.gouv.fr team conducted an extensive survey on the impact of open data.

This survey is based on the French methodology for impact measurement and is inspired by European work, particularly the ""Indicators for an Open Data Impact Assessment.""

The study outlines the outputs, outcomes, and impacts for the four dimensions of impact (governmental, environmental, social, economic).

Regarding the outputs, a selection of indicators among those identified by the Commission were selected, including:
- Number of datasets on the theme
- Number of new datasets on the theme in 2023
- Number of views on these datasets in 2023
- Downloads of these datasets in 2023
- Number of discussions
- Number of reuses on the theme
- Number of new reuses on the theme in 2023
- Reuses by type
- Number of views on the reuses in 2023
- Discussions on the reuses

Regarding the outcomes and impacts, the use cases examined were selected from three main sources:
- The reuse catalog of the data.gouv.fr platform;
- The catalog of digital public services developed within beta.gouv.fr;
- The catalog of research publications on scanr.

And according to three criteria:
- High potential impact;
- Availability of resources and information;
- A balanced distribution in the four impact categories defined by the Open Data Maturity Report.

For each use case, a literature search was conducted and interviews were sometimes conducted with their designers to document the services, the data used, and the impacts created.

The results of this study will be published in 2024 in the form of six articles on data.gouv.fr and consolidated into a more comprehensive paper.

This is not the only study; we can notably mention the work of OpenDataFrance (DataImpact: new edition of the study on the reuse cases of environmental data - Open data france https://opendatafrance.fr/dataimpact-publication/) as well as the book by Dr. in Sociology Samuel Goëta “Les données de la démocratie: open data, pouvoirs et contre-pouvoirs” (https://cfeditions.com/donnees-democratie/) which provides a critical assessment of the impact of open data."
I23;"Is the use of open data in your country having an impact on the level of protection of biodiversity (e.g. maintaining a good air and water quality)? 

For Explanation:
* If yes, please provide an example of one reuse case. For this reuse case, please provide (1) a URL to the reuse case, (2) a URL to the open dataset used by the reuse case, and (3) a description of the reuse case and its impact in this sub-domain.";new question;new question;Change;Yes;"One example of use case : 

Mon Diagnostic Artificialisation

Mon Diagnostic Artificialisation is a digital public service that helps land-use planners monitor the consumption of natural, agricultural, and forest areas and the artificialization of soils in their territory. It offers, through visualizations and calculations based on OCS GE data and ""Consumption of Natural, Agricultural, and Forest Areas"" data:

- Analysis of land consumption over the past 10 years;
- Estimation of potential trajectories up to 2031.

The tool aims to promote the management of land consumption and the reduction of artificial surfaces, which are essential for biodiversity preservation. To date, 60,559 diagnostics have been consulted and 7,513 downloaded by local authorities, state services, land-use planners, and citizens.

Link to the report : https://www.data.gouv.fr/fr/datasets/r/b647386b-b143-4fa3-891e-1ad9d31a19ab"
I24;"Is the use of open data in your country having an impact on the achievement of more environment-friendly cities (e.g., environment-friendly transport systems, waste management etc.)? 

For Explanation:
* If yes, please provide an example of one reuse case. For this reuse case, please provide (1) a URL to the reuse case, (2) a URL to the open dataset used by the reuse case, and (3) a description of the reuse case and its impact in this sub-domain.";new question;new question;Change;Yes;"Regarding ecological cities, we focused on two use cases: Registre de preuve de covoiturage Designed by the Ministry of Ecological Transition, the Registre de preuve de covoiturage (RPC) helps regions encourage short-distance carpooling. By using a registry that aggregates completed carpooling trips (open) and their certification, it facilitates the distribution of incentives to promote this practice. The service supports the implementation of public policies to develop daily carpooling, addressing several issues: - Environmental issues: each kilometer carpooled per passenger avoids the emission of 195g of CO2 equivalent (Ademe); - Economic and social issues: carpooling provides a solution for the 13 million French people facing ""mobility poverty."" Since 2019: - 20,303,882 trips have been recorded; - 7.4 million incentivized trips were generated from campaigns configured on the RPC; - With an average of 2.21 people per vehicle. Analysis and Prediction of Pedestrian Flows in a Multimodal Transport Hub Using Multi-Source Data This research leveraged open mobility data to understand the dynamics of pedestrian flows in the transport spaces of the La Défense district and forecast short-term crowding. These forecasts could enhance passenger information for public transport users or enable ""on-demand"" regulation of transport services, guiding their usage effectively.

Link to the report : https://www.data.gouv.fr/fr/datasets/r/b647386b-b143-4fa3-891e-1ad9d31a19ab"
I25;"Is the use of open data in your country having an impact on the fight against climate change, for example by undertaking predictive monitoring, preventive actions, or a differentiated response to connected disasters?

For Explanation:
* If yes, please provide an example of one reuse case. For this reuse case, please provide (1) a URL to the reuse case, (2) a URL to the open dataset used by the reuse case, and (3) a description of the reuse case and its impact in this sub-domain.";new question;new question;Change;Yes;"Examples abound regarding the use of open data in adaptation to climate change and related disasters. We have selected three for examination:

Pyronear

Pyronear is an association that aims to democratize open solutions for combating forest fires. It is developing a forest fire risk score using various open data sources such as meteorological data, soil moisture index, and forest fire databases in France. This risk score aims to enable early detection of fires, allowing for faster and more effective intervention by fire and rescue services.

VigiFrance

VigiFrance is a personal project by a citizen. The tool centralizes and synthesizes a set of open data related to natural, technological, and health risks to provide clear and localized information quickly. It includes data on air quality from Atmo France, the National Address Database, and weather alerts from Météo-France. Citizens can thus monitor risk evolution near their location, stay informed during a disaster, and adopt appropriate behaviors.

Projects conducted during the Météo-France Open Data Hackathon
The data.gouv.fr team, in conjunction with Météo-France, organized a hackathon on public meteorological data in April 2024. During this event, numerous projects related to climate change were developed:

- OpenGustMap: Estimation of observed wind speed at any place and time in the past to help insured individuals assert their rights under storm guarantees;
- Franceinfo: Comparison of current weather with historical temperatures over the past decades in Overseas France;
- ClimateViz: Public platform for creating customizable indicators based on historical weather data and climate forecasts;
- SafeCoast: Alerts and analyses of extreme events at observation stations for better protection of French coasts against climate risks;
- Voyageurs du climat: An exploration tool that allows observing the evolution of weather phenomena in France and comparing certain indicators over time. 

Link to the report : https://www.data.gouv.fr/fr/datasets/r/b647386b-b143-4fa3-891e-1ad9d31a19ab"
I26;"Is the use of open data in your country having an impact on the consumption of energy based on fuel and the switch to renewables? 

For Explanation:
* If yes, please provide an example of one reuse case. For this reuse case, please provide (1) a URL to the reuse case, (2) a URL to the open dataset used by the reuse case, and (3) a description of the reuse case and its impact in this sub-domain.";new question;new question;Change;Yes;"On the theme of ""energy consumption and transition to renewable energies,"" we focused on one application in particular:

Nos Gestes Climat
Nos Gestes Climat, designed by ADEME, allows every citizen to understand their carbon footprint from consumption. Its features, developed using data from the carbon database, include:

- Calculating an individual's carbon footprint by major consumption categories (food, transport, housing, etc.);
- Presenting concrete actions to reduce it, personalized to their usage.

The service encourages action towards reducing greenhouse gas-emitting activities. It has already recorded 5,994,067 visits and 1,729,393 completed simulations.

Link to the report : https://www.data.gouv.fr/fr/datasets/r/b647386b-b143-4fa3-891e-1ad9d31a19ab"
I27;"Is any data on the economic impact (e.g. GDP, employment, productivity, innovation,  new businesses created etc.) of open data available in your country such as from research studies, impact assessments, or other systematic investigations that quantify the results or broader effects of open data being reused?

For Explanation:
* If yes, please specify what kind of data source proves this impact and provide the URLs to this data.

";yes;"In 2022, Etalab has conducted a thorough study to measure the impact of open data in France. In this study, we carried out the methodology described in question 34 of this questionnaire : we combined quantitative and qualitative approaches by both analysing data.gouv.fr metrics and interviewing with data producers and reusers. Impactful use cases on different impact areas have been identified, reviewed and researched, among which economic impact. Data on the economic impact of open data are available in this working paper (i.e. p.43 ; p.46-47) : [https://www.data.gouv.fr/fr/datasets/r/a61e1fcc-cd61-46bd-a6c5-af94cb9f8459](https://www.data.gouv.fr/fr/datasets/r/a61e1fcc-cd61-46bd-a6c5-af94cb9f8459).

The FING has also led an impact study on open data. Impact created by open data on the economy are analysed here (from p.13 to p.18) : [https://fing.org/wp-content/uploads/2020/02/Open-Data-impact-bilan-2010-2018-de-l-open-data.pdf#page=13](https://fing.org/wp-content/uploads/2020/02/Open-Data-impact-bilan-2010-2018-de-l-open-data.pdf#page=13).";Complement;Yes;"In 2023, the data.gouv.fr team conducted an extensive survey on the impact of open data.

This survey is based on the French methodology for impact measurement and is inspired by European work, particularly the ""Indicators for an Open Data Impact Assessment.""

The study outlines the outputs, outcomes, and impacts for the four dimensions of impact (governmental, environmental, social, economic).

Regarding the outputs, a selection of indicators among those identified by the Commission were selected, including:
- Number of datasets on the theme
- Number of new datasets on the theme in 2023
- Number of views on these datasets in 2023
- Downloads of these datasets in 2023
- Number of discussions
- Number of reuses on the theme
- Number of new reuses on the theme in 2023
- Reuses by type
- Number of views on the reuses in 2023
- Discussions on the reuses

Regarding the outcomes and impacts, the use cases examined were selected from three main sources:
- The reuse catalog of the data.gouv.fr platform;
- The catalog of digital public services developed within beta.gouv.fr;
- The catalog of research publications on scanr.

And according to three criteria:
- High potential impact;
- Availability of resources and information;
- A balanced distribution in the four impact categories defined by the Open Data Maturity Report.

For each use case, a literature search was conducted and interviews were sometimes conducted with their designers to document the services, the data used, and the impacts created.

The results of this study will be published in 2024 in the form of six articles on data.gouv.fr and consolidated into a more comprehensive paper.

This is not the only study; we can notably mention the work of OpenDataFrance (DataImpact: new edition of the study on the reuse cases of environmental data - Open data france https://opendatafrance.fr/dataimpact-publication/) as well as the book by Dr. in Sociology Samuel Goëta “Les données de la démocratie: open data, pouvoirs et contre-pouvoirs” (https://cfeditions.com/donnees-democratie/) which provides a critical assessment of the impact of open data."
I28;"Is the use of open data in your country having an impact on the level of employment? 

For Explanation:
* If yes, please provide an example of one reuse case. For this reuse case, please provide (1) a URL to the reuse case, (2) a URL to the open dataset used by the reuse case, and (3) a description of the reuse case and its impact in this sub-domain.";new question;new question;Change;Yes;"We focused on two services that converge towards job creation and access:

La Bonne Alternance

La Bonne Alternance is a digital public service that facilitates the connection between young people, apprenticeship training centers (CFA), and companies. Its features include:
- A service for posting job offers accessible to small and medium-sized enterprises (SMEs) and CFAs;
- A service for connecting young people with CFAs;
- A service for sending applications;
- Modules for supporting contact with a CFA, searching for a host company, etc.

The tool relies on data from apprenticeship training offers and job offers. Since the beginning of 2024:

- 12,171 job offers have been posted;
- 538,745 applications have been sent;
- 48,942 contacts with CFAs have been made.

Emplois de l’inclusion

Developed by the GIP de l’inclusion, ""Les emplois de l’inclusion"" is a service that utilizes open employment data and connects job seekers with social enterprises. It enables the most vulnerable individuals to gain access to employment and training, facilitating their integration into society through work. Through this service:

- 1,150,687 candidates have been hired;
- 5,386 social enterprises have recruited.

Link to the report : https://www.data.gouv.fr/fr/datasets/r/b647386b-b143-4fa3-891e-1ad9d31a19ab"
I29;"Is the use of open data in your country having an impact on the level of innovation and the adoption of new technologies? 

For Explanation:
* If yes, please provide an example of one reuse case. For this reuse case, please provide (1) a URL to the reuse case, (2) a URL to the open dataset used by the reuse case, and (3) a description of the reuse case and its impact in this sub-domain.";new question;new question;Change;Yes;"On the theme of ""innovation and adoption of new technologies,"" we focused on two use cases:

FireCaster

FireCaster is a research project, notably supported by CNRS, aiming to create a virtual reality fire simulation tool. It includes:

- An hourly weather fire index for forest fire risk prediction;
- A fire simulation based on a fire propagation model;
- A collaborative virtual reality platform.

These various layers have utilized public meteorological data (AROME data), as well as data on humidity and soil. The tool allows firefighters and decision-makers to better understand fire crises and manage them more effectively in real life.

L’indemnisation des dommages corporels confrontée au développement de l’IA et de l’open data

This research studied the application of open data from court decisions to the issue of bodily injury compensation. It establishes that the algorithmic analysis of these data, combined with human interpretation, presents an opportunity for more transparent and fair compensation for victims.

Link to the report : https://www.data.gouv.fr/fr/datasets/r/b647386b-b143-4fa3-891e-1ad9d31a19ab"
I30;"Is the use of open data in your country having an impact on the level of entrepreneurship (especially of women and minorities) and business creation (especially with Small- and Medium-sized Enterprises)? 

For Explanation:
* If yes, please provide an example of one reuse case. For this reuse case, please provide (1) a URL to the reuse case, (2) a URL to the open dataset used by the reuse case, and (3) a description of the reuse case and its impact in this sub-domain.";new question;new question;Change;Yes;"Conseillers entreprises
Conseillers-entreprises is a digital public service that connects small and medium-sized enterprises (SMEs) with the right advisors. It offers personalized and local advice on a wide range of topics: recruitment, training, investment, financial difficulties, etc. The tool's features have been developed using open data related to businesses, such as the Base Sirene of companies and their establishments. The service enhances the support and development of SMEs. Since its launch:

- 25,992 needs have been submitted by companies;
- 78% of the needs have been transmitted to an advisor;
- 80% of the transmitted needs resulted in an exchange with an advisor;
- 77% of the transmitted needs were closed with proposed assistance.

Mon entreprise
Designed by URSSAF using open data related to businesses, Mon entreprise offers simulators and assistants to support business creators. It helps them make decisions regarding the management of their business (legal, fiscal, social issues, etc.) and allows them to focus more on developing their economic activity. In 2023, the service recorded:
- 8.7 million visits;
- 4.8 million questions answered.


Link to the report : https://www.data.gouv.fr/fr/datasets/r/b647386b-b143-4fa3-891e-1ad9d31a19ab"
I31;"Is the use of open data in your country having an impact on the level of productivity? 

For Explanation:
* If yes, please provide an example of one reuse case. For this reuse case, please provide (1) a URL to the reuse case, (2) a URL to the open dataset used by the reuse case, and (3) a description of the reuse case and its impact in this sub-domain.";new question;new question;Change;Yes;"Annuaire des entreprises
Developed by the Interministerial Directorate for Digital Affairs, the Annuaire des entreprises is a tool that centralizes all open data related to legal entities (companies, associations, administrations, entrepreneurs, etc.) to easily retrieve information about businesses. By using the Annuaire des entreprises:
- Public agents who support businesses can work more efficiently;
- Entrepreneurs can complete their administrative procedures more easily by quickly retrieving their information (SIREN/SIRET, NAF/APE code, VAT number, etc.).

In May 2024, the service recorded:

- 3,677,895 users;
- 1,116,629 copy-paste actions, often performed by entrepreneurs completing their administrative procedures.

Link to the report : https://www.data.gouv.fr/fr/datasets/r/b647386b-b143-4fa3-891e-1ad9d31a19ab"