ID;Question;Answer from 2023;Explanation from 2023;Confirm, change or complement answer/explanation from 2023;Provide updated answer (if applicable);Provide updated explanation (if applicable)
P1;"Is there a national open data policy in your country and, if your country is an EU Member State, does this include a national legislation for the transposition of the Open Data Directive?

For Explanation:
* If yes, please provide (1) the URL and (2) title of the policy document and (3) briefly describe.
* If ‘other’, please provide (1) a brief explanation to support your answer choice and (2) provide the URL and indicate the policy section which explicitly references open data.";yes;"Open Data Policy
https://rdd.gov.hr/UserDocsImages//SDURDD-dokumenti//POLITIKA%20OTVORENIH%20PODATAKA.pdf 
The Right of Access to Information Act (RAIA) (Official Gazette 25/13, 85/15 and 69/22)
http://digarhiv.gov.hr/arhiva/1912/162307/FOI_Act-ENG_Version.pdf
In order to comply with requirements of the Directive (EU) 2019/1024 of the European Parliament and of the Council of 20 June 2019 on open data and the re-use of public sector information (OD Directive), the Croatian Parliament had adopted the Amendments to the RAIA (“Official Gazette”, No. 69/22), which entered into force in June 2022.
https://sredisnjikatalogrh.gov.hr/cadial/searchdoc.php?action=search&lang=hr&query=%22zakon+o+pravu+na+pristup+informacijama%22&searchText=on&searchTitle=on&resultdetails=basic&annotate=on&bid=F4NtHfvX0ieov0dK%2fqFcuw%3d%3d
We started activities drafting new Open Data Policy and the associated Action Plan.
The Croatian Parliament had adopted the Digital Croatia Strategy for the period  until 2032 (NN 002/2023).  The importance of open data is highlighted in the Strategy.
https://rdd.gov.hr/UserDocsImages//SDURDD-dokumenti//Strategija_Digitalne_Hrvatske_final_v1_EN.pdf";Complement;;Working Group (experts from the relevant public authorities) has drafted the text of the new Open Data Policy and the Action Plan for the Policy implementation (for year 2024 and 2025). The process of adoption and entry into force is under way. Expected adoption time: September 2024.
P2;"Is there a national open data strategy in your country?

For Explanation:
* If yes, please provide (1) the URL to the strategy and (2) describe the main highlights.  
* If 'not applicable', please provide (1) a brief explanation to support your answer choice and provide (2) the URL and indicate the policy section which explicitly references objectives, actions/measures, delivery timelines etc.";not applicable;There is no specific strategy in place, but the existing policy refers to the objectives, actions/measures to be implemented, delivery timelines, responsible etc.;Complement;;Working Group (experts from the relevant public authorities) has drafted the text of the new Open Data Policy and the Action Plan for the Policy implementation (for year 2024 and 2025). The process of adoption and entry into force is under way. Expected adoption time: September 2024. It is important to mention that the National Development Strategy of the Republic of Croatia until 2030 (https://hrvatska2030.hr/wp-content/uploads/2021/02/Nacionalna-razvojna-strategija-RH-do-2030.-godine.pdf) and The Digital Croatia Strategy for the period until 2032 ( https://rdd.gov.hr/UserDocsImages//SDURDD-dokumenti//Strategija_Digitalne_Hrvatske_final_v1_EN.pdf ), as an umbrella strategic document and the most important strategic document for digitization, addresses open data.
P3;"Is there an open data policy/strategy at regional or local level?

For Explanation:
* If yes, please (1) provide the URL and (2) title of the document(s) and (3) briefly describe.";no;;Confirm;;
P4;"Does the national strategy/policy include an action plan with measures to be implemented in the open data field?

For Explanation:
If yes, please briefly describe the main measures described by the action plan.";no ;Response to reviewer: Action plan for implementing Open Data policy was never formalized, so the measures were not implemented;Complement;;Working Group (experts from the relevant public authorities) has drafted the text of the new Open Data Policy and the Action Plan for the Policy implementation (for year 2024 and 2025). The process of adoption and entry into force is under way. Expected adoption time: September 2024.
P5;"Does the national strategy/policy outline measures to incentivise the publication of and access to real-time or dynamic data?

For Explanation:
* If yes, please briefly describe the measures.";No;"Measures implemented in open data policy promote publishing using the scoring system and the use of real-time data / dynamic data sets. 
Response to reviewer: please chanege our answer to NO";Complement;;Working Group (experts from the relevant public authorities) has drafted the text of the new Open Data Policy and the Action Plan for the Policy implementation (for year 2024 and 2025). The process of adoption and entry into force is under way. Expected adoption time: September 2024.
P6;"Does the national strategy/policy outline measures to incentivise the publication of and access to citizen-generated data?

For Explanation:
* If yes, please briefly describe the measures.";no;;Confirm;;
P7;"Does the national strategy/policy foster the discoverability of the aforementioned types of data from your country on data.europa.eu?

For Explanation:
* If yes, please briefly describe how.";no;;Confirm;;
P8;"Does the national strategy/policy outline measures to support the reuse of open data by the public sector?

For Explanation:
* If yes, please briefly describe the measures.";yes;"Organizing public events that promote the re-use of open data for different target groups.
Providing online education (webinar) about re-use of open data.
Edukacija Povjerenika
Response to reviewer: Education for state, public and local servants within the State School of Public Administration
https://dsju.hr/workshop-details/3169
https://dsju.hr/workshop-details/2880
https://dsju.hr/workshop-details/2807
https://dsju.hr/workshop-details/2761";Complement;;https://www.dsju.hr/en/programi-i-usluge/raspored/program/?webid=330  The purpose of education is to professionally train and train officials in public authorities for the application of the provisions of the Act on the Right of Access to Information in the part that prescribes the obligation to proactively publish information on the website in an easily searchable manner and in machine-readable form, as well as in the identification and publication of datasets in order to make available information for re-use and provide information at the request of users.
P9;"Does the national strategy/policy outline measures to support the reuse of open data by the private sector?

For Explanation:
* If yes, please briefly describe the measures.";No;"Organizing public events that promote the re-use of open data for different target groups.
Providing online education (webinar) about re-use of open data. 
Response to reviewer: please chanege our answer to NO";Complement;;Through Action Plan, Measure 3, it is necessary to provide support in raising awareness of public authorities, citizens and entrepreneurs about the social and economic benefits of open data, and to encourage innovative ways and promote best practices of the use of open data, as well as to ensure continuity of dialogue between competent state administration bodies, local and regional self-government units, the private sector, civil society organizations and academia regarding open floor management.
P10-a;"Does the national strategy/policy mandate carrying out and maintaining a data inventory by public bodies, whether at national or local level?

For Explanation:
* If yes, please briefly specify.";yes;"Such obligation is not explicitly stated in the Open Data Policy, but there is legal obligation stipulated by the Right to Access to Information Act – according to Art 10. Para 1. Pt. 5. all the public authority bodies (including local and regional self-government units) are obliged to publicise registers and databases from their domain, or the information on the registers and databases they possess, as well as publicising the conditions to access and re-use of the data. In addition, Art 28. Para 1. of the RAIA imposes the obligation of all the public bodies to publish the data for re-use, which should be easily searchable, described by metadata, available in machine-readable and open format, aligned to open standards.

In addition, publication of the metadata is necessary also within the open licence that we have protected some register (open licence is necessary). It is regulated by the Rulebook on the types and contents of permits that determines the conditions of reuse of information, Art 4. Para.5: Metadata is always published with an open license, regardless of what permission the publisher publishes a set of data to which the metadata relates.";Confirm;;
P10-b;"Do these data inventories include the data collected by public bodies that cannot be published as open data (e.g. in relation to the EU Data Governance Act (EU) 2022/868)? 

For Explanation:
* If yes, please briefly specify.";yes;"According to the Art 10. Para 1, pt. 5. of the RAIA, the public bodies are obliged to proactively publicise all the registers and databases within their scope of work, including the information on inventories containing data which can not be published as open data.   
For example, The State Geodetic Office maintains data inventory (link: https://dgu.gov.hr/UserDocsImages//dokumenti/Pristup%20informacijama/Zakoni%20i%20ostali%20propisi/Ostalo//Katalog_podataka_DGU_2018_v11.pdf), which also includes geospatial data that could not be published in open format  - however, the data is available upon request and charged in accordance with the Decree on Costs of Re-Use of Information (""""Official Gazette"""", No 87/18.).";Confirm;;
P11;"Is your country applying the implementing regulation (EU) 2023/138 on high-value datasets?

For Explanation:
* If yes, how is it progressing? 
* If you are an EFTA or a candidate country to the EU, please select 'not applicable'.
** In the table below, please indicate your progress with respect to a) organisation, b) legal aspects, c) technical aspects on a scale from 1 to 5. 1 = no progress; 2 = few progress; 3 = some progress; 4 = considerable progress; 5 = works are finalised.";new question;new question;Change;Yes;"Through the Action Plan for the implementation of open data policy, work is being done to encourage the opening of datasets that are identified as high-value sets for state administration bodies and on establishing a list of high-value datasets and competent public authorities. The action plan defines concrete measures and activities for the opening of high-value gatherings in accordance with 6 areas in the implementing regulation. Some company and mobility datasets are marked ""N/A"" because certain institutions did not provide us with data for these topics."
P12;"Have the public bodies in your country denoted relevant datasets as high-value datasets in their metadata following the publication of the implementing regulation (EU) 2023/138 on high-value datasets?

For Explanation:
*  If yes, please specify how and highlight challenges, if any. 
* If you are an EFTA or a candidate country to the EU, please select 'not applicable'.";new question;new question;Change;Yes;"https://dgu.gov.hr/otvoreni-podaci/6116 Above the data sets, DGU has put the title high-value data sets. For others, it is determined that such datasets are of high value. https://mingor.gov.hr/otvoreni-podaci/8611      https://mup.gov.hr/otvoreni-podaci/287522    https://poljoprivreda.gov.hr/otvoreni-podaci/5139   
Public sector organizations make HVDs available free of charge, in a machine-readable format, via an application programming interface (API) and, where appropriate, as a bulk download."
P13;"Is there a governance structure in place that enables the participation and/or inclusion of various open data stakeholders? 

For Explanation:
*  If yes, please briefly describe the governance structure and its operating model ";new question;new question;Change;No;"Working Group (experts from the relevant public authorities) has drafted the text of the new Open Data Policy and the Action Plan for the Policy implementation (for year 2024 and 2025). The process of adoption and entry into force is under way. Expected adoption time: September 2024. 
The text of the Open Data Policy envisages Coordination made up of relevant bodies. https://rdd.gov.hr/politika-otvorenih-podataka/281?lang=en                     Recognizing the potential of open data for the overall development of the Republic of Croatia, the Government of the Republic of Croatia adopted the Open Data Policy at its 107th session on July 19, 2018, which represents the strategic direction of further development of the policy of openness and transparency of public administration, the implementation of which aims to create and develop a stimulating environment for opening the data of public authorities and their reuse in order to create new social and economic value."
P14;"How would you classify the model used for governing open data in your country? 

For Explanation:
*  Please briefly explain why this model was chosen/works best for your country";hybrid;"Local/regional bodies have autonomy in open data publishing. We are coordinated at multiple level (both national and regional). 
Response to reviewer: OK";Confirm;;
P15;"Does the governance structure ensure that the local and regional open data initiatives are facilitated and supported at national level?

For Explanation:
* If yes, please give an example of what kind of support.
* If not applicable, please explain why.";new question;new question;Change;Yes;"The open data portal of the Republic of Croatia is a data node that serves to collect, categorize and distribute open data of the public sector. Also, one of the activities of the Action Plan of the Partnership for Open Government is the establishment of a minimum of 5 city portals of open data, all within the measure ENCOURAGEMENT OF THE IMPLEMENTATION OF THE INITIATIVE PARTNERSHIP FOR OPEN GOVERNMENT AT LOCAL LEVELS.

The goal of the open data portalis is to improve the dissemination of public and open data through a single and central place and enable the creation of innovative non-commercial and commercial applications that would use this data. 
If necessary, meetings are held with city associations on specific topics related to digitization, and open data is one of the topics at the meetings.          For example, the Open Data Portal of the City of Zagreb

The open data portal of the City of Zagreb is a central place that serves to collect, categorize and distribute open data of the City of Zagreb and companies owned or managed by the City. Open data is published in a form that is computer-readable and open, which means that a machine or computer can independently read and interpret it independently of the platform used.

Open data, by its very definition, means that anyone can use it freely, it is free and public, it can be used for reuse and distribution, provided that the source of the data is indicated and sharing is possible under similar conditions, and it is intended for reuse in commercial or non-commercial purposes other than the purpose for which they were originally created or collected. Their essential feature is that they do not contain personal data or other data protected by law.

Legislative framework: http://www.pristupinfo.hr/pravni-okvir/

Open permit: http://data.gov.hr/otvorena-dozvola

Publications: https://www.pristupinfo.hr/dokumenti-i-publikacije/prirucnici/

Exercising the right to access information: https://www.zagreb.hr/ostvarivanje-prava-na-pristup-informacijam/850"
P16;"To what degree do local/regional public bodies conduct open data initiatives? 

For Explanation:
* If not applicable, please explain why.";the majority of public bodies;;Confirm;;
P17;"Is a document describing the responsibilities and governance structure of the national (and/or regional/local) open data team publicly available?

For Explanation:
* If yes, please provide the URL where this information is published. ";no;;Change;No;Working Group (experts from the relevant public authorities) has drafted the text of the new Open Data Policy and the Action Plan for the Policy implementation (for year 2024 and 2025). The process of adoption and entry into force is under way. Expected adoption time: September 2024. The text of the Open Data Policy envisages Coordination made up of relevant bodies and the document will soon be publicly available.        https://rdd.gov.hr/politika-otvorenih-podataka/281?lang=en                     Recognizing the potential of open data for the overall development of the Republic of Croatia, the Government of the Republic of Croatia adopted the Open Data Policy at its 107th session on July 19, 2018, which represents the strategic direction of further development of the policy of openness and transparency of public administration, the implementation of which aims to create and develop a stimulating environment for opening the data of public authorities and their reuse in order to create new social and economic value.
P18;"Is there a regular exchange of knowledge or experiences between the national open data team and the team maintaining the national portal? 

For Explanation:
* If yes, please briefly describe how this exchange takes place and provide evidence supporting your answer (e.g. meeting agendas, URLs to news items).";yes;"The regular exchange of knowledge and experience between the national open data team and the team maintaining the national portal exists through the development of a new open data policy that is currently underway.

A team of people working on the open data Portal and the open data team participating in the project of upgrading the open data Portal participate in the coordination. https://pristupinfo.hr/ponovna-uporaba-podataka-i-otvoreni-podaci/  ";Complement;Yes;Regular exchange of knowledge and experience, coordination made up of relevant bodies for open data and the work team that maintains the open data portal is the basis for the new Open Data Policy, which is in the process of being adopted, together with the Action Plan, which defines concrete measures and activities for the opening of high-value sets in accordance with 6 areas in the implementing regulation.     Even now, before the new Open Data Policy and associated Action Plan will be adopted, there is a regular exchange of knowledge and experience, the relevant authorities for open data are in contact via e-mail with the work team that maintains the open data portal. There are instructions and knowledge exchange on the portal https://prod-data.gov.hr/hr/standardi-i-prirucnici
P19;"Does the governance model include the appointment of official roles in civil services that are dedicated to open data (e.g. open data officers)?

For Explanation:
* If yes, please describe how this task is fulfilled at public body level.";yes;The Article 13. of the Right to Access to Information Act stipulates the obligation of the public authorities (i.e. public sector bodies) to appoint the information officer. Information officers are in charge for regular publication of data and handling individual requests for information and request for re-use, as well as for improvement of the processes regarding management, classification, protection and publication of data related to the work of public authorities;Confirm;;
P20;"Is there a regular exchange of knowledge or experiences between the national open data team and the wider network of open data officers in your country? 

For Explanation:
* If yes, please briefly describe how this exchange takes place and provide evidence supporting your answer (e.g. meeting agendas, URLs to news items).";No;"There are professional educations for information officers which are held several times a year.
https://dsju.hr/workshop-details/3429
Response to reviewer: please change our answer to NO";Change;Yes;"At the national level, a Working Group for the Coordination of State Information Infrastructure Projects and Digital Transformation was established, which meets as needed and where representatives of the Working Group who are in charge of digitalization in other bodies are informed about new developments, the activities being carried out and the planned work. At the last meeting held in February, they were also informed about the creation of the new Policy, Action Plan and activities on the opening of high-value data sets.
https://rdd.gov.hr/vijesti/sredisnji-drzavni-ured-za-razvoj-digitalnog-drustva-organizirao-je-sesti-sastanak-radne-skupine-za-koordinaciju-projekata-drzavne-informacijske-infrastructure- i-digital-transformations/2105
As part of the project ""Development of specific training program for senior public officials in Croatia"" (20HR13) - LEADERSHIP PROJECT organized by DŠJU, which is aimed at strengthening the competencies of officials and managers, the participants were given a lecture on open data and the further importance of opening data.
https://rdd.gov.hr/vijesti/u-sklopu-projekta-leadership-strucnjaci-sredisnjj-drzavnoj-ureda-za-razvoj-digitalnog-drustva-odrzali-predavanje-i-radionice-na-temu-digitalizacije/ 2067"
P21;"Is there a regular exchange of knowledge or experiences between public sector bodies (i.e. the providers) and open data reusers (e.g. academia, citizens, businesses)?

For Explanation:
* If yes, please briefly describe how this exchange takes place and provide evidence supporting your answer (e.g. meeting agendas, URLs to news items).";yes;"There are professional educations for information officers which are held several times a year.
https://dsju.hr/workshop-details/3429";Complement;Yes;Cooperation between public sector bodies and open data reusers (academia) is best seen in the example of cooperation with the University of Zagreb, Faculty of Electrical Engineering and Computing and commenting on datasets by students. Students presented comments and suggested what could be upgraded on the portal itself as an improvement in terms of functionality.    https://rdd.gov.hr/vijesti/sklopljen-sporazum-o-suradnji-izmedju-sredisnjeg-drzavnog-ureda-za-razvoj-digitalnog-drustva-i-fakulteta-elektrotehnike-i-racunarstva-sveucilista-u-zagrebu/239?lang=en
P22;"Do data publication plans exist at public body level?

For Explanation:
* If yes, please provide the URL and briefly highlight the key aspects covered. ";yes;"Data disclosure plans exist at the level of all public authorities.

Regardless of the nature of the dataset, or even if there are legal restrictions, the authorities are obliged to publish a list of registers and databases under their jurisdiction (asset list), together with metadata and information on how to access or reuse them. (e.g. open data, partially open, accessible only to a specific circle of delegates, etc.). https://pristupinfo.hr/djelokrug/otvoreni-podaci-povjerenika-za-informiranje/";Confirm;;
P23;"Are there processes to ensure that the open data policies/strategy previously mentioned are implemented (e.g. monitoring)?

For Explanation:
* If yes, please specify the process(es).";yes;"Public authorities' obligation to provide the information shall, however, also include the obligation to disclose a specific set and type of information and to own initiative, without any request being made by the beneficiary. That obligation is laid down in Article 10. Of the Act on the right of access to information (NN 25/13, 85/10, 69/22; hereinafter: the Act), but also numerous other laws and by-laws or good practices in respect of particular species information, namely documents (e.g. in relation to budget, public procurement, environmental protection, spatial planning, economy, etc.). In other words, the right of access to information is exercised on reactive (by applying to a public authority) and proactive, so that public authorities provide citizens with continuous, targeted and timely access to their information
publication on official websites and portals, in an easily searchable and machine-readable manner readable form. https://www.pristupinfo.hr/wp-content/uploads/2018/10/Uputa-za-proaktivnu-objavu-informacija-Povjerenika-za-informiranje-2-1.pdf?x57830 
Response to reviewer: In accordance with the provisions of the Law on the Right to Access to Information, the Information Commissioner submits to the Croatian Parliament every year a Report on the Implementation of the Act on the Right to Access to Information. The report includes the status and activities related to the obligation to publish open data by public authorities";Confirm;;
P24;"Do you update your policy/strategy as appropriate to ensure its success, such as based on data collected for monitoring?

For explanation:
* If yes, please describe the process and any recent updates made to strategy/policy";new question;new question;Change;Yes;"The Open Data Policy from 2019 has just been updated, the adoption of the Policy and Action Plan is pending.
Working Group (experts from the relevant public authorities) has drafted the text of the new Open Data Policy and the Action Plan for the Policy implementation (for year 2024 and 2025). The process of adoption and entry into force is under way. Expected adoption time: September 2024.     The revision of the policy was made now because it will ensure better cooperation and communication between the relevant institutions, especially in the context of high-value data sets. An action plan has been drawn up to achieve better results. The open data policy applies to a period of five years from the moment of its adoption.
After this period, a new Open Data Policy will be revised and adopted, harmonized in regulatory, technological and other necessary aspects. Coordination for the implementation of the Open Data Policy may, if necessary, propose an update or revision of the Open Data Policy even before the expiration of the specified period. With the adoption of this Open Data Policy, the Open Data Policy adopted on July 19, 2018 ceases to be valid."
P25;"Are there any processes in place to assess if public sector bodies are charging for data above marginal cost? (please see directive (EU) 2019/1024 on open data and the reuse of public sector information).

For Explanation:
* If yes, please specify the process(es).";yes;"The Croatian Government has brought the Decree on the costs of re-use of information (Official Gazette 87/18 - link https://sredisnjikatalogrh.gov.hr/cadial/searchdoc.php?action=search&lang=hr&query=UREDBU++O+TRO%C5%A0KOVIMA+PONOVNE+UPORABE+INFORMACIJA&searchText=on&searchTitle=on&resultdetails=basic&bid=3kuVVALodpdMZo6opqAe9Q%3d%3d&annotate=on), which establishes the manner and criteria for calculating the reimbursement of re-use costs, eligible costs to be taken into account in determining the price list and calculation of reimbursement, and conducting an annual audit of the method of calculating reimbursement. The assessment of the charging the data is conducted though the  annual reports on the implementation of the RAIA, which public authorities are submitting to Information Commissioner, as sipulated by Art. 60. Para. 2 of RAIA.
Response to reviewer: https://sredisnjikatalogrh.gov.hr/cadial/searchdoc.php?action=search&lang=hr&query=UREDBU++O+TRO%C5%A0KOVIMA+PONOVNE+UPORABE+INFORMACIJA&searchText=on&searchTitle=on&resultdetails=basic&bid=3kuVVALodpdMZo6opqAe9Q%3d%3d&annotate=on
http://digarhiv.gov.hr/arhiva/263/186382/narodne-novine.nn.hr/clanci/sluzbeni/full/2018_09_87_1706.html
https://narodne-novine.nn.hr/clanci/sluzbeni/2018_09_87_1706.html";Confirm;;
P26-a;"What are the top 3 challenges that your country is facing in the implementation of the mentioned open data policies/strategy?

For Explanation:
* Please briefly describe.";N/A;"1. The large number of public authorities still do not fully recognize the necessity of proactive publication of data for re-use and are generally hesitant to opening of the data they produce (""data hugging"") 
2. The general public is  not fully aware of the potentials of public sector data and consequently rarely submit re-use requests to public authorities when data is not published
3. The general public doesn't fully understand the concept of open data and benefits it can bring";Confirm;N/A;
P26-b;"Are there activities in place to address these challenges in your country (e.g. with specific national/regional/local plans or initiatives)?

For Explanation:
* If yes, please briefly describe the measures that you have adopted or plan to adopt to address these challenges. 
* If no, please specifiy what is hampering finding a strategic approach to solve these challenges.";yes;We have started the activities of creating a new Open Data Policy with the corresponding Action Plan. Special emphasis in the creation of the action plan should be placed on public authorities that have high-value data sets. A new education is being prepared at the State School for Public Administration, which will be intended for public servants, and which will focus on the legal obligation of bodies to publish open data on the Open Data Portal and the technical part related to the publication on the Portal.;Complement;Yes;"As part of the study course Open Computing (https://www.fer.unizg.hr/predmet/or ), a large part of attention is paid to open data every year.  
Data sets on the Open Data Portal of the Republic of Croatia were selected, analyzed according to different criteria, and a short report was prepared for each (proposal for correction or improvement of the data set).  
Student reports were published on the Open Data Portal. After that, they were forwarded to all the institutions whose datasets they referred to, to be corrected and improved.
"
P27;"Are there any activities in place to assist data holders with publishing their data as open data (i.e. to help them with the data opening process)?

For Explanation:
* If yes, please describe/provide examples of these activities.";new question;new question;Change;Yes;That there are activities to help data holders to publish their data as open data, especially now high-value data sets. A webinar was held for institutions that have high-value datasets, which explained to technical experts how the datasets will be published on the portal.
P28;"Is there a professional development or training plan for civil servants working with data in your country? 

For Explanation:
* If yes, please briefly describe these training activities.";yes;"Open data education for civil servant is organized by Information Commissioner in State School for Public Administration.
https://dsju.hr/workshop-details/3410
Also, there is an e-learning course on the Open data portal https://mo-data.gov.hr/.
Response to reviewer: the answr is the same as the year before. In 2022, educations were held in 4 sessions during the year.";Complement;Yes;"
A new e-course has been prepared at DŠJU ( https://www.dsju.hr/ ) Portal of open data with an emphasis on identifying high-value data sets and training them for independent publication on the portal on behalf of their institution."
P29;"Are there annually held national, regional or local events (e.g. hackathons, courses, conferences, users meet-ups, summer/winter schools) to promote open data and open data literacy in your country beyond the target group of public servants? 
 
For Explanation:
* If yes, please provide examples (e.g. title, date, location of the event and URL).";yes, >9;"https://rdd.gov.hr/vijesti/pobjednici-datathona-napravili-it-rjesenja-za-promociju-otvorenih-podataka-i-osvojili-vrijedne-nagrade/2048 The aim of the event was to create an almost IT solution or develop an IT idea for an information-based solution that will enable better promotion and visualisation of open data. The proposed solutions developed under the Datathon must promote the use of open public sector data, in particular those published on national/regional open data portals, and present a potential contribution to one of the four thematic areas: socially, politically, environmentally or economically. Student teams presented the proposed solutions using open data and open source software and technologies such as artificial intelligence, Internet of things (Internet of things), augmented reality (Augmented reality), big data (big data), blockchain (blockchain) or similar. Colleagues (OpenNovations, The Netherlands ) who participated write that they are hoping and are locating forward to hopefully turning this into a recurring collaboration.
Response to reviewer: 
Hackathon organized by the Faculty of Organization and Informatics
https://cpsrk.foi.hr/novosti/aktivnosti/foi-i-24-sata-organiziraju-hackathon/
https://hackathon.24sata.hr/
Hackathon organized by riteh web team, Faculty of Engineering, University of Rijeka
https://www.inf.uniri.hr/znanstveni-i-strucni-rad/predavanja-i-radionice/student-class/1029-student-class-rihack-hackathon-u-organizaciji-riteh-web-teama";Complement;;"From May 15 to 19, 2024, the DORS/CLUC conference was held, with the full name Days of Open Computer Systems / Croatian Linux Users' Conference. 
The conference was organized by two associations (HrOpen and HULK), with the support and partnership of FER, and is dedicated to developer and system - administrator topics, with a focus on free and open technologies, open code, open norms and open operating systems.
For the first time, it will also include State of the Map Croatia - the first official OpenStreetMap event in Croatia.
The conference ended on May 18 and 19, 2024 with the Zagreb Unikraft Hackathon.   
Keynote speakers were: 
Laura Durieux, multiple award-winning developer; 
Ievgen Pyrogov, devops engineer with more than 15 years of experience; 
Ivan Voras, doctor of computer science, was one of the main developers of the FreeBSD operating system, entrepreneur and experienced CTO, who has been promoting open technologies for over 25 years;
Davor Virag, doctor of medicine and scientist who uses open technologies in his research."
PT1;"Is there a national portal in your country for that enables users to search for open datasets and find where to download open data? 

For Explanation:
* If yes, please provide the URL of the national portal.";yes;https://data.gov.hr/ ;Confirm;;
PT2;"For Explanation:
* What is the technology stack of your portal (e.g. based on uData, CKAN, etc.)";new question;new question;Change;Yes;CKAN
PT3;"Does the national portal offer to its users a way to programmatically query the metadata via an API?

For Explanation:
* If yes, please provide the direct-URL to this feature.";new question;new question;Change;Yes;https://data.gov.hr/ckan/api/3/action/datastore_search?resource_id=e07caba5-4e80-48dd-93be-8b07c0806908&limit=5
PT4;"Does the national portal offer to its users a way to programmatically query the metadata via a SPARQL access point?

For Explanation:
* If yes, please provide the direct-URL to this feature.";new question;new question;Change;Yes;https://data.gov.hr/trazilica-page-sparql/
PT5;"Does the national portal offer/link to documentation on the use of APIs?

For Explanation:
* If yes, please provide the direct-URL to this feature.  ";new question;new question;Change;Yes;https://data.gov.hr/moodle/course/view.php?id=11#
PT6;"Does the national portal offer/link to documentation on the use of SPARQL? 

For Explanation:
* If yes, please provide the direct-URL to this feature.  ";new question;new question;Change;Yes;https://data.gov.hr/trazilica-page-sparql/
PT7;"Does the national portal provide functionality for users to contribute datasets they have produced or enriched? 

For explanation:
* If yes, please (1) explain how  the portal facilitate the linking of documentation and supporting materials to these user-contributed datasets and (2) provide the direct-URL to this feature.";new question;new question;Change;No;
PT8;"Does the national portal offer a mechanism for users to provide general feedback, such  a 'Contact us' or 'Feedback' button that is placed in a visible spot and would allows users to send a general comment concerning the portal?

For Explanation:
* If yes, please provide the direct-URL to this feature or describe how this functionality is provided.";yes;https://data.gov.hr/hr/upiti-i-komentari;Change;Yes;"https://data.gov.hr/upiti-i-komentari

https://data.gov.hr/suggestionsfix"
PT9;"Does the national portal offer a mechanism for users to provide feedback on specific datasets, such as a 'feedback button' or a comment/discussion section under the dataset?

For Explanation:
* If yes, please provide the direct-URL to this feature or describe how this functionality is provided.";No;Response to reviewer: we change the answer to NO;Change;Yes;"Users can provide feedback on:
improving specific datasets:
https://data.gov.hr/suggestionsedit
fixing specific datasets:
https://data.gov.hr/suggestionsfix
adding new datasets:
https://data.gov.hr/suggestions
Every single one of those forms send e-mail notifications to the helpdesk/administrator who then triages them and contacts the owner of the dataset"
PT10;"Does the national portal provide a mechanism for users to rate datasets?

For Explanation:
* If yes, please provide the direct-URL to this feature or describe how this functionality is provided.";No;"The option to like the data set is currently active on the portal when user select particular dana set. It is available in the upper right corner as red button with red button ""thumb up"". There is also an option to comment the dataset below. It is available for the users who have logged in to the system with their credentials.
Response to reviewer: we change the answer to NO";Confirm;;
PT11;"Does the national portal enable users to find information and news on relevant open data topics in the country?

For Explanation:
* If yes, please provide the direct-URL to this feature.  ";yes;https://data.gov.hr/hr/novosti;Confirm;;
PT12;"Does the national portal offer the possibility for users to receive notifications when new datasets are available on the national portal (RSS, ATOM feeds, email notifications etc.)?

For Explanation:
* If yes, please provide the direct-URL to this feature.  ";yes;"Portal users who have logged in to the system with their credentials can follow particular data set or publisher. They receive notifications in the section My request when there is a change made for particular dataset or activity of publisher:
https://data.gov.hr/hr/user/380/moji-prijedlozi";Confirm;;
PT13;"Does the national portal enable users to request datasets, such as through a ""request data"" button? 

For Explanation:
* If yes, please provide the direct-URL to this feature or describe how this functionality is provided.";yes;"All portal users can request datasets via email support:
https://data.gov.hr/hr/upiti-i-komentari

Portal users who have logged in to the system with their credentials request data sets via online form:
https://data.gov.hr/node/add/prijedlog_za_objavu_skupa_podata";Complement;;The last URL from 2023 needs to be changed to https://data.gov.hr/suggestions  (instead of /node/add/...)
PT14;"Are requests for datasets and their progress status presented in a transparent manner on the national portal? 

For Explanation:
* If yes, please provide the direct-URL to this feature.  ";yes;https://data.gov.hr/hr/upiti-i-komentari;Change;Yes;https://data.gov.hr/allsuggestions
PT15;"Does the team monitor the extent to which requests (either via the portal or otherwise) result in the publication of the requested data?

For Explanation:
* If yes, please describe how this monitoring is conducted.";yes;Portal team is checking regularly if there is any improvement by contacting public sector bodies. ;Confirm;;
PT16;"Does the national portal offer a mechanism for users to exchange with others, such as a discussion forum?

For Explanation:
* If yes, please provide the direct-URL to this feature or describe how this functionality is provided.";no;;Confirm;;
PT17;"Does the national portal showcase reuse cases, such as in a designated section of the portal?

For Explanation:
* If yes, please provide the direct-URL to this feature. ";yes;"https://data.gov.hr/primjeri_uporabe_podataka_ckan/84c1ca4b-7a59-41b0-a6a6-49c89086af30
Response to reviewer: The portal has a column for displaying such data, but the column is currently empty";Change;Yes;"https://data.gov.hr/primjeri-dobre-prakse
and
https://data.gov.hr/aplikacije?dataUsage=APPLICATION"
PT18;"Does the national portal reference the datasets that the showcased reuse cases are based on (i.e. there is a link between the reuse case in the showcase and the underlying dataset on the portal)?

For Explanation:
* If yes, please provide the URL to this feature/to an example documenting this feature.";No;"https://data.gov.hr/primjeri_uporabe_podataka_ckan/84c1ca4b-7a59-41b0-a6a6-49c89086af30
Response to reviewer: we change the answer to NO";Confirm;No;
PT19;"Does the national portal provide the possibility for users to submit their own reuse cases?

For Explanation:
* If yes, please provide the direct-URL to this feature. ";yes;"Portal users who have logged in to the system with their credentials have the possibility to submit their own use case:
https://data.gov.hr/node/add/prijedlog_za_objavu_primjera_upo
";Complement;;"Change URL to: 
https://data.gov.hr/suggestions"
PT20;"Does the national portal offer a preview function for tabular data?

For Explanation:
* If yes, please provide the URL to an example documenting this feature.";yes;https://data.gov.hr/ckan/dataset/pozicije-autobusa/resource/12562427-cc2a-47e9-ac5e-2cbb2b64107e;Complement;;"Change URL to:
https://data.gov.hr/ckan/dataset/djecji-vrtici/resource/7e7c26cd-6ad4-4cdd-b0cb-42b0ad2a933c"
PT21;"Does the national portal offer a preview function for geospatial data?

For Explanation:
* If yes, please provide the URL to an example documenting this feature.";no;;Change;Yes;https://data.gov.hr/ckan/dataset/geoportal-zdravstvene-ustanove/resource/91bdeb33-5962-4de2-a32e-19dbd70eea0f
PT22;"Do you promote high-value datastes on your national portal (e.g. use filtering features for reusers to easily find such datasets, use editorial features to promote the datasets, etc.))?

For Explanation:
* If yes, please specify how and highlight challenges if any. 
* If you are an EFTA or a candidate country to the EU, please select 'not applicable'.";new question;new question;Change;Yes;"We have implemented ""high value"" data as a parameter on our datasets. It's visible as a filter at the bottom left and can be searched like this:
https://data.gov.hr/ckan/dataset/?high_value_data=high_value
After you open the dataset you can see the 2nd field called ""Visokovrijedni podaci"" which means ""High value data"". 
Visokovrijedan = High value"
PT23;"Do you monitor the portal's traffic (e.g. in terms of number of unique visitors, visitor profiles, percentage of machine traffic, number of downloads according to the number of datasets etc.)? 

For Explanation:
* If yes, which tool(s) do you use?";yes;Google Analytics.;Confirm;;
PT24;"Do you run analytics on API usage?

For Explanation:
* If yes, please briefly (1) describe your process and (2) how you use the insights to improve the portal";yes;N/A;Confirm;;
PT25;"Besides monitoring portal traffic, do you perform any further activities to better understand the behaviour and needs of users of your portal (e.g. web analytics, surveys, or analysis of social media feeds)?

For Explanation:
* If yes, please (1) specify the activities and explain (2) how they help you understand user needs";no;;Confirm;;
PT26;"Do you used the insights about portal usage and about the behaviour and needs of portal users to improve the portal accordingly?

For Explanation:
* If yes, please explain your process for improving the portal based on user insights and feedback
* If relevant, kindly highlight some improvements made in the past year";new question;new question;Change;Yes;"We upgraded our Portal at the end of last year. We promote it through media and have a class of students analyze and give suggestions how to improve the portal.

Last year, we improved the Portal with a new version of CKAN, improved receiving comments from users, implemented a new version of Moodle, added a new CMS and renewed the overall design."
PT27;"Do you undertake any activities to promote the portal and attract new users or new audiences?

For explanation:
* If yes, please (1) explain what activities your perform, and (2) mention if these activities are directed at any specific target audience (e.g. business, public sector, academia, etc.)";new question;new question;Change;Yes;We undertook activities to promote the portal and attract new users through the education of experts in institutions. Through the Open Data project, we educated 450 people about the importance and significance of open data. The Datathon winners created IT solutions to promote open data and won valuable awards. Organised by the Central State Office for the Development of Digital Society, Datathon was held within the framework of the project adaptation of information systems of public sector bodies to the open data Portal (open data). https://rdd.gov.hr/vijesti/pobjednici-datathona-napravili-it-rjesenja-za-promociju-otvorenih-podataka-i-osvojili-vrijedne-nagrade/2048?lang=en
PT28;"Do you monitor what keywords are used to search for data and content on the portal?

For Explanation:
* If yes, please briefly (1) describe your process and (2) how you use the insights to improve the portal";new question;new question;Change;Yes;"We monitor them via Google Analytics.
The provided insight is used to update the most searched and donwloaded datasets. We contacts the owner of the dataset and try to keep it as updated and correct as possible."
PT29;"Do you monitor the most and least consulted pages?

For Explanation:
* If yes, please briefly (1) describe your process and (2) how you use the insights to improve the portal
* For informational purposes, kindly provide the URLs to the five most popular datasets on the portal";new question;new question;Change;Yes;"We monitor it through Google Analytics. We use it for our analytics and to consult the owners of those datasets.

https://data.gov.hr/ckan/dataset/djecji-vrtici
https://data.gov.hr/ckan/dataset/e-gradjani-statistika
https://data.gov.hr/ckan/dataset/popis-agencija-za-privremeno-zaposljavanje
https://data.gov.hr/ckan/dataset/gradski-vrtovi-grada-zagreba
https://data.gov.hr/ckan/dataset/ustanove-iz-sustava-znanosti"
PT30;"Do you take measures to optimise the search and discoverability of content (data and editorial)? 

For Explanation:
*If yes, please briefly describe how your optimise the search";no;;Change;Yes;We use tags as parameters and have set filters on our CKAN Dataset page on the left side (including high value data, restricted data etc.)
PT31;"Is the metadata on your portal available in clear plain language to enable both humans and machines to read and understand it? 

For Explanation:
*If yes, please provide the URL to an example documenting this feature.";yes;;Change;Yes;"Metadata of datasets provided in JSON, XML and CSV:
https://data.gov.hr/ckan/dataset/ustanove-iz-sustava-znanosti
after you open the JSON file you get redirected here:
https://data.gov.hr/ckan/dataset/e3a1370b-685a-47a1-a914-88c88baa0793/resource/ustanove-iz-sustava-znanosti/download/data.json"
PT32;"To what degree do public sector data providers contribute data to the portal? 

For Explanation:
*Please describe what is the agreed approach.
* If less than the majority of data providers, please briefly explain why (e.g. technical incompatibilities, governance aspects, low awareness etc.).";the majority of public sector data providers;There are no limitation for publishing open data sets, and our national portal data.gov.hr is harvesting other local and regional open data portals in our country.;Confirm;;
PT33;Do you identify the data providers that are not yet publishing data on the national portal?;yes, or all public sector data providers already publish data;N/A;Confirm;;
PT34;"Were there concrete actions taken to assist these data providers with their publication process?

For Explanation:
* If yes, could you provide some examples of the actions taken in this regard.";yes, or all public sector data providers already publish data;"Central State Office for the Development of Digital Society and Information Commissioner as government bodies are in charge of promoting and assisting the data publication process at national and/or regional and local levels (where applicable) providing:
- online education (webinar) about open data
- guidelines on the reuse of open data
-e-mail and telephone communication with public authorities about their legal obligation to publish open data on the Open Data Portal and assistance in data publishing 

";Confirm;;
PT35;"Besides the national open data portal, are there other regional and local portals? 

For Explanation:
* If yes, please provide a complete list and the links to these portals.";yes;"http://data.rijeka.hr/
http://data.zagreb.hr/
https://data.grad-krk.hr/ 
http://otvoreni.varazdin.hr/ 
https://geoportal.zagreb.hr/Novost.aspx?id=1
https://www.opencity.hr/
https://otvoreni.groznjan-grisignana.hr/";Confirm;;
PT36;"Are regional and local portals listed above and their data sources discoverable via the national portal? 

For Explanation:
* If not applicable, please briefly explain why. ";yes;;Confirm;;
PT37;"To what degree are  regional and local sources harvested automatically? 

For Explanation:
* If less than the majority of existing sources is harvested by the national portal, please briefly explain why.                        
* If not applicable, please briefly explain why. ";few datasets;Of the currently seven regional and local portals identified, all data from the following portals are synchronized: http://data.rijeka.hr/ http://data.zagreb.hr/ http://otvoreni.varazdin.hr/. While with the other portals, unfortunately, the harvesting system has not been established. Portals for which a harvesting system has not been established do not have much published data;Confirm;;
PT38;"Does the national portal include datasets that are real-time or dynamic?

For Explanation:
* If yes, please provide URLs to real-time and/or dynamic data featured via the national portal. ";yes;https://data.gov.hr/ckan/dataset/slobodna-parkirna-mjesta-trenutni-uvid1/resource/735a38a1-4a27-4290-80a9-673863fd811b;Confirm;;
PT39;"Does the national portal provide a way for non-official data (i.e. not stemming from official sources, such as community-sourced/citizen-generated data) to be published? 

For Explanation:
* If yes, please explain how non-official data is distiguished for offical data (e.g. using a different section of the portal or tags) 
* And please provide a URL to an example of a non-official dataset on the portal ";new question;new question;Change;Yes;"Any user can apply to publish data through the national portal through the provided form:
https://data.gov.hr/suggestions

There have been no requests yet so there was nothing published."
PT40;"Does the national portal allow users to see what data exists but cannot be made available as open data?

For Explanation:
* If yes, please (1) provide the URL to an example and (2) briefly describe the approach used to ensure this transparency.";No;https://data.gov.hr/ckan/organization;Change;Yes;"We have implemented Restricted data recently. 
There is only 1 dataset available for the EU portal to be harvested (it's a test dataset):
https://data.gov.hr/ckan/dataset/djecjivrtici_zasticeni/resource/1d4127be-8a01-4c33-b1d3-7c5f8adfdf8d"
PT41;"Does the national portal have a strategy to ensure its sustainability?

For Explanation:
* If yes, please (1) provide the URL to this document and (2) describe the main measures to keep the portal running in the long-term and continue to serve its audience";new question;new question;Change;Yes;"The national portal is sustainable. The company that also upgraded the portal through the Open Data project is in charge of maintaining the portal and adding new functionalities. The number of publishers and published data sets is constantly increasing. High-value data sets can also be reached by filtering. The implementation of the project ""Adaptation of information systems of public sector bodies to the Open Data Portal"" technologically and visually improved the Open Data Portal (data.gov.hr). 
As necessary, new projects will be launched to improve the open data portal."
PT42;"Is your national portal active on social media? 

For Explanation:
* If yes, please provide the URL(s) to your social media accounts. ";yes;"https://www.facebook.com/rddgovhr 
https://twitter.com/rddgovhr";Complement;Yes;Change Twitter link to: https://x.com/rddgovhr
PT43;"Are the portal’s source code and relevant documentation and artefacts made available to the public (e.g. on platforms such as GitHub or GitLab)?

For Explanation:
*If yes, please provide the (1) platform name and (2) the URL to the portal’s account on this platform.";no;;Confirm;;
PT44;"Do you monitor the characteristics of the data published on the portal, such as the distribution across categories, static vs. real-time data and how these change over time?

For Explanation:
* If yes, please provide the direct-URL to this feature";yes;Croatian national open data portal monitors and presents following data to the public: the number of datasets published, distribution of datasets across the categories, number of datasets per institution and number of datasets per Tim Berners Lee 5-star model of openness. However, number of visitors and how this number changed over time, as well as what datasets was most accessed is monitored via Google Analytics and its available only to the administrators of the portal.;Confirm;;
PT45;"Does this monitoring enable the portal team and/or data providers to take action to improve their performance on the national portal?

For Explanation:
* If yes, please (1) explain how and (2) if applicable provide the direct-URL to this feature.";yes;"https://data.gov.hr/mqa-service/hr
https://data.gov.hr/hr/ga-statistics-report
In the last upgrade of national portal, we implemented Metadata Qualita Asurance tool that shows statistics about every publisher, and every publisher can see their general performace and can compare with their peer or any other institution.
";Confirm;;
Q1;"Is there a pre-defined approach to ensure that metadata is kept up-to-date?

For Explanation:
* If yes, please briefly describe your approach.";yes;The current quality analysis is based on three criteria: the availability of distributions, their machine readability, and their compliance with the DCAT-AP specification. For each catalog, all data sets and their corresponding distributions are checked.;Confirm;;
Q2;"What percentage of the metadata on the national portal is obtained from the source automatically, rather than edited manually? 

For Explanation:
* Please describe (1) the workflows you have to automate the harvesting of metadata and (2) for which types of data these apply to";new question;new question;Change;<30%;0,26
Q3;"What is the average delay from the moment the metadata describing a dataset is updated at the source, and the moment the change is visible on the portal?

For Explanation:
* Please explain the approach for updating metadata in a timely manner";new question;new question;Change;Within one month;Between 1 and 2 weeks
Q4;"Do you undertake efforts to ensure that published data covers the full period from when it was first published until today, for example,the complete time series?

For Explanation:
* If yes, please explain the measures in place to ensure complete series of datasets";new question;new question;Change;Yes;We provide guidance and support to ensure that the data we receive is of acceptable quality via the support email. We consult by email and phone with publishers who publish data sets in order to draw their attention to what is important when publishing.
Q5;"Have you implemented the DCAT-AP High Value Datasets (semiceu.github.io) tag to denote the High-Value Datasets in your (national) open data portal(s)?

For Explanation:
* If yes, please specify how and highlight challenges if any.
* If you are an EFTA or a candidate country to the EU, please select 'not applicable'.";new question;new question;Change;Yes;"We have implemented the High Value Dataset tag in our open data portal this year. It's called ""Visokovrijedni podaci"" and is flaged in CKAN as ""high_value_data"""
Q6;"Besides the DCAT-AP tag mentioned above, have you implemented any other measures to ensure that high-value datasets ((EU) 2023/138) are interoperable with datasets of other country?

For Explanation:
* If yes, please specify how and highlight challenges if any.
* If you are an EFTA or a candidate country to the EU, please select 'not applicable'.";new question;new question;Change;No;
Q7;"Do you monitor the quality of the metadata available on your portal?

For Explanation:
* If yes, please briefly explain how this monitoring takes place. 
* If applicable, please provide the URL to this monitoring mechanism.";yes;"https://data.gov.hr/mqa-service/hr; The current quality analysis is based on three criteria: the availability of distributions, their machine readability, and their compliance with the DCAT-AP specification. For each catalog, all datasets and their respective distributions are checked";Confirm;;
Q8;"Do you publish information on the quality of the metadata available on the portal?

For Explanation:
* If yes, please provide the URL to this section. ";yes;https://mo-data.gov.hr/course/view.php?id=19;Confirm;;
Q9;"Do you publish guidelines (e.g. written materials) and have tools in place, to assist publishers in publishing high-quality metadata? 

For Explanation:
* If yes, please (1) briefly describe this material and (2) provide the URLs to these materials and/or tools.";new question;new question;Change;No;
Q10;"Do you set any standards on metadata quality that data providers must abide by (e.g. on the use of licence, minimum metadata describes, use of certain DCAT-AP properties, etc)

For Explanation:
* If yes, please describe the standards you have in place, i.e. what is minimum information the metadata should describe ";new question;new question;Change;Yes;We have conducted meetings with a lot of meta data providers about the metadata quality and standards used while uploading the data. We are at the moment writing new guidelines and will upload them on our portal's Moodle
Q11;"Do your open data publication/licensing guidelines provide recommendations for the use of Creative Commons (CC) licences, specifically CC BY 4.0 and CC0?

For Explanation:
* If yes, is this mandatory (e.g. prescribed by law) or recommended?
* Please provide a URL link to the guidelines";new question;new question;Change;Yes;"While uploading a dataset on our portal, the data provider has to choose his license as a mandatory field. From the dropdown he can choose a variety of options which include ""Creative Common CCZero, Attribution, Attribution Share-Alike, Non-Commercial, Attribution License etc.)"
Q12;What percentage of the open data available on the national portal is accompanied by licensing information? ;71-90%;N/A;Confirm;;N/A
Q13;How many different licences are used on your portal?;1-4;N/A;Confirm;;N/A
Q14;"Besides providing guidelines, are there regular activities conducted or mechanisms in place to  assist publishers in supplying high-quality datasets (metadata quality and data quality)?

For Explanation:
* If yes, please explain the support you provide?";new question;new question;Change;Yes;We have conducted meetings with a lot of meta data providers about the metadata quality and standards used while uploading the data and we'll be holding more meetings about it during this year. After we finish with our plan, we plan on doing an annual update as a learning material on our portals Moodle
Q15;"Does the national portal follow the DCAT-AP framework or, if not, are standards in place to ensure interoperability with DCAT-AP?

For explanation:
* If the  portal follow the DCAT-AP framework, please describe how compliance with DCAT-AP is ensured
* If the portal does not follow the DCAT-AP framework, please describe how interoperability with DCAT-AP is ensured";new question;new question;Change;Yes;Compliance is ensured using CKAN's plugin for DCAT-AP
Q16;What is the percentage of metadata on your portal that is DCAT-AP compliant, in terms of mandatory classes? (agent, catalogue, dataset, literal, resource);>90%;;Confirm;;N/A
Q17;What is the percentage of metadata on your portal that uses DCAT-AP recommended classes? (category, category scheme, distribution, licence document);>90%;;Confirm;;N/A
Q18;What is the percentage of metadata on your portal that uses DCAT-AP optional classes? (catalogue record, checksum, document, frequency);>90%;;Confirm;;N/A
Q19;"Is there a national extension of the DCAT-AP standard developed for your country? 

For Explanation:
* If yes, please (1) briefly outline the reasons for this decision, and (2) what the main differences between the national variation and the EU standard are.
* If applicable, please provide the URL to the documentation of the national DCAT-AP extension.";no ;;Confirm;;
Q20;"Do you investigate the most common causes for the lack of DCAT-AP compliance?

For Explanation:
* If yes, what are the main causes for the lack of DCAT-AP compliance?";new question;new question;Change;No;
Q21;What is the percentage of datasets whose metadata provides a reference to where the data can be downloaded, or its API accessed (“download-URL” in the DCAT-AP specification)?;10-30%;N/A;Confirm;;N/A
Q22;What is the percentage of datasets whose metadata provides a reference to a web page from where the data can be accessed (“access-URL in the DCAT-AP specification)?;10-30%;N/A;Confirm;;N/A
Q23;"Do you use a model (such as the 5-Star Open Data or FAIR) to assess the quality of deployment of data in your country?

For Explanation:
* If yes, please briefly describe.";yes;Star Model;Confirm;;
Q24;"Do you conduct activities to promote and familiarise data providers with ways to ensure higher quality data?

For Explanation:
* If yes, please briefly describe.";yes;The workshops of the Information Commissioner on re-use of data and open data contain the module on 5 star quality model.;Confirm;;
Q25;What percentage of datasets are made available under an open licence? ;>90%;N/A;Confirm;;N/A
Q26;What percentage of licences are provided in a structured data format?;>90%;N/A;Confirm;;N/A
Q27;What percentage of datasets are provided in an open and machine-readable format?;>90%;N/A;Confirm;;N/A
Q28;What percentage of datasets consistely use Uniform Resource Identifiers?;<10%;N/A;Confirm;;N/A
Q29;What percentage of datasets link to other renowned sources to provide additional context for the users, e.g. in a linked data fashion?;<10%;N/A;Confirm;;N/A
I1;"Do you have a definition of open data reuse in your country?
 
For Explanation:
* If yes, please specify it.";yes;"Right of Access to Information Act (NN 25/13, 85/15, 69/22) defines re-use as the use of the public authority information by natural persons or legal entities, for commercial or non-commercial purposes different from the original purpose
within the public purpose for which this information was created, and which is realised within the frame of the law or other scope prescribed by the regulations, or business that is generally considered a public affair. The exchange of information among public authorities in order to perform tasks within their scope is not considered re-use.
http://digarhiv.gov.hr/arhiva/1912/162307/FOI_Act-ENG_Version.pdf";Complement;Yes;"https://sredisnjikatalogrh.gov.hr/srce-arhiva/1608/134237/ZPPI-2022-procisceni-tekst.pdf                                                                       Right of Access to Information Act (NN 25/13, 85/15, 69/22) defines re-use as the use of the public authority information by natural persons or legal entities, for commercial or non-commercial purposes different from the original purpose
within the public purpose for which this information was created, and which is realised within the frame of the law or other scope prescribed by the regulations, or business that is generally considered a public affair. The exchange of information among public authorities in order to perform tasks within their scope is not considered re-use."
I2;"Are there any processes in place to monitor the level of reuse of your country's open data?
 
For Explanation:
* If yes, please (1) briefly describe these processes and (2) provide the URLs to support the answer.";No;"Google Analytics on national open data portal data.gov.hr
Response to reviewer: we change the answer to NO";Confirm;;
I3;"Are there any activities in place to encourage public bodies to monitor the reuse of their own published data (e.g. incentives or obligations in place for public bodies or civil servants of national government)?
 
For Explanation:
* If yes, please (1) briefly describe these activities/incentives and (2) provide the URLs to support the answer.";no ;;Confirm;;
I4;"Does your country have processes in place to monitor and measure the level of reuse of high-value datasets ((EU) 2023/138)?
 
For Explanation:
* If yes, please specify how and highlight challenges if any. 
* If you are an EFTA or a candidate country to the EU, please select 'not applicable'.";new question;new question;Change;No;After the adpoption of the action plan (the process of adoption and entry into force is under way), Croatia will, thorugh the plan, establish procedures for monitoring and measuring the level of reuse of high-value datasets ((EU) 2023/138).   With the action plan, Croatia will establish procedures for monitoring and measuring the level of reuse of high-value datasets ((EU) 2023/138). The action plan identified and recognized all institutions that have high-value data sets. Through these Measures, the necessary will be ensured, for example Measure 1 Encouraging the opening of data sets that have been identified as high-value sets for state administration bodies, Determination of the list of high-value data sets and competent public authorities, Publication of high-value sets, Publication and updating of available high-value data sets, Preparation technical prerequisites for the publication of high-value data sets from the scope of work, all in accordance with the Implementing Regulation of the Commission (EU)
I5;"Has your government specified what 'impact of open data' means (e.g. in a strategy document)?
 
For Explanation:
* If yes, how do you define the impact of open data in your country? 
* If possible, please provide a URL to a public document describing it.";yes;"Central State Office for the Development of Digital Society implemented project “Adjustment of Information Systems of Public Sector Bodies to Open Data Portal” in the frame of The European Social Fund and there is a methodology in place that defines the impact of the public bodies open data:
https://rdd.gov.hr/eu-projekti/prilagodba-informacijskih-sustava-tijela-javnog-sektora-portalu-otvorenih-podataka-open-data/provedba-projekta/1445";Confirm;;
I6;"Do you have a methodology in place to measure the impact of open data in your country?
 
For Explanation:
* If yes, please briefly describe the key points of this methodology.";yes;"The ex-post index of the influence of the set of open data is a measure of the realized influence of the set of open data in solving the problem area. Due to its complexity and all the variables involved, the construction of the impact index of the open data set is built according to four categories:
- Economic impact,
- Social impact,
- Political influence,
- Environmental impact.
At the same time, it is important to emphasize that the construction of the ex-post index of influence of the set of open data additionally includes a fifth category - the index of use. Usage index - which is constructed based on the download rate, referencing rate, rating of the usefulness of the data set by the user and the up-to-dateness of the data set.

1) Total impact index value of open data set (A)
2) Economic Impact Index (B)
3) Social Impact Index (C)
4) Political Influence Index (D)
5) Environmental Impact Index (E)
6) Usage Index (F) - Ex-post
Where A = B + C + D + E + F

B) The economic impact index is constructed based on scores on questions divided into three categories:
1. Macroeconomic impact,
2. Microeconomic and sectoral impact, and
3. Impact on the public sector.
C) The social impact index is constructed based on three categories:
1. housing,
2. inclusion of marginalized social groups, i
3. reduction of social inequalities.
D) The political influence index of the open data set is constructed based on the following categories:
1. transparency and responsibility,
2. effectiveness,
3. efficiency, i
4. decision making.
E) The environmental impact index is constructed based on the four selected most important environmental impact categories
1. Water and/or air quality,
2. Management/management of waste,
3. Environmentally friendly transport, and
4. Noise level
F) The usage index is used exclusively in the construction of the ex-post index of the influence of the set of open data after a minimum of one year has passed since the publication of the data set.
The usage index consists of:
1. download rates,
2. referencing rates,
3. evaluations of the usefulness of the data set by users i
4. assessments of the up-to-dateness of the data set based on the up-to-date report,";Confirm;;
I7;"Is there collaboration between government and civil society or academia to create open data impact in your country?

For Explanation:
* If yes, please provide an example
* If possible, URLs to such projects and collaborations.";yes;"https://www.dorscluc.org/  At the Faculty of Electrical Engineering and computing in Zagreb, organized by the Central State Office for the Development of Digital Society, as part of the project “adaptation of information systems of public sector bodies to open data Portal (open data)”, a Datathon was held in which eight student teams participated with nine conceptual solutions from the social, political, environmental and economic field. Innovative IT solutions presented on datathon enable better promotion and visualization of open data. 
https://rdd.gov.hr/vijesti/pobjednici-datathona-napravili-it-rjesenja-za-promociju-otvorenih-podataka-i-osvojili-vrijedne-nagrade/2048 Thus, the academic community, civil society and the Government's Central Office for the Development of Digital Society participated.";Confirm;;
I8;"Have any public bodies in your country launched or performed any activities in the past year to understand which and how (open) datasets are reused?

For Explanation:
* If yes, which of the following activities?
* Multiple answers are possible.";I don't know;N/A;Change;Yes;https://dgu.gov.hr/otvoreni-podaci/6116
I8-a;Automated feedback mechanisms tracking users´ access to datasets;new question;new question;Change;No;
I8-b;Surveys;new question;new question;Change;No;
I8-c;Interviews/workshops with reusers;new question;new question;Change;Yes;"As part of the fourth element of the project ""Adaptation of Information Systems of Public Sector Bodies to the Open Data Portal"" the following was done:
 
Activity 1
Creation of a training program that includes the preparation and publication of a set of data in open formats on the Open Data Portal
Activity 2
Study, analysis and preparation of materials from the field of open data
Activity 3
Creation of educational content for officials of public bodies on processes and an improved system of open data
Activity 4
Organization and training of public authority officials through 18 online workshops."
I8-d;Other;new question;new question;Change;Yes;"At the Faculty of Electrical Engineering and computing in Zagreb, organized by the Central State Office for the Development of Digital Society, as part of the project “adaptation of information systems of public sector bodies to open data Portal (open data)”, a Datathon was held in which eight student teams participated with nine conceptual solutions from the social, political, environmental and economic field. Innovative IT solutions presented on datathon enable better promotion and visualization of open data.


The aim of the event was to create an almost IT solution or develop an IT idea for an information-based solution that will enable better promotion and visualisation of open data. The proposed solutions developed under the Datathon must promote the use of open public sector data, in particular those published on national/regional open data portals, and present a potential contribution to one of the four thematic areas: socially, politically, environmentally or economically. Student teams presented the proposed solutions using open data and open source software, as well as technologies such as artificial intelligence, device connectivity via the Internet (“the”Internet of things), augmented reality (“the”augmented reality), big data (“the”big data), blockchain”blockchain or similar The first prize was won by team DogCityZg with the solution and for developing solutions by using open data that address certain societal challenges such as: better access to information on cultural life, information on the housing district, its contents and characteristics, solving complex public problems especially in crisis situations, encouraging wider involvement of experts in the process of solving public problems, inclusion of marginalised social groups, etc.: “DogCityZg - hub for dog owners in Zagreb” from the Faculty of Agriculture of the University of Zagreb (mentor Filip Varga). The team has created a web platform that provides dog owners with valuable information in one place through an interactive map where the locations of dog parks and green areas for dogs can be found, contacts of veterinarians, dog groomers, dog hotels, pet shows, etc."
I9;"Have any public bodies in your country launched or performed any activities in the past year to better understand reusers' needs in order to further stimulate the reuse of open data?

For Explanation:
* If yes, which of the following activities have been performed? Please describe how the activity has helped you better stimulate reuse.
* Multiple answers are possible.";I don't know;N/A;Confirm;;N/A
I9-a;Regular feedback sessions with portal users ;new question;new question;Change;No;
I9-b;Social media sentiment analysis ;new question;new question;Change;No;
I9-c;Other;new question;new question;Change;No;
I10;"Have any public bodies in your country developed any systematic way of gathering reuse cases?

For Explanation:
* If yes, please provide a brief explanation of the process: How does the gathering happen? ";I don't know;;Confirm;;
I11;"Are there any public bodies in your country that have developed a systematic ways of classifying the gathered reuse cases?

For Explanation:
* If yes, please provide a brief explanation of the process: According to which categories are reuse cases classified (e.g. by policy field)?";I don't know;;Confirm;;
I12;"Is any data on the impact created by open data on governmental challenges (e.g. efficiency, effectiveness, transparency, decision-making capacity) available in your country such as from research studies, impact assessments, or other systematic investigations that quantify the results or broader effects of open data being reused?

For Explanation:
* If yes, please (1) specify what kind of data source proves this impact and (2) provide the URLs to this data.";I don't know;;Change;No;"https://app.powerbi.com/view?r=eyJrIjoiMjc4MGJhNjQtYjg2ZC00MTdlLWJjMjAtZGVlMWU5YjIxOGJmIiwidCI6IjUyMzM3NTUxLTA3MWMtNDljNC1hNmQ2LTc0MjU0NGNmNmIyZiIsImMiOjl9
Gong is a civil society organization aimed at improving democratic processes and institutions and democratic political culture, as well as encouraging active and responsible participation of citizens in political processes, especially decision-making processes related to the good management of public and common goods, the protection and promotion of the rule of law and human rights and solidarity. Searchable database of final financial reports for the campaigns of all parties and coalitions that participated in the parliamentary elections.  
The database contains data from political parties that have been submitted to the State election commission. We do not have analytical information."
I13;"Is the use of open data in your country having an impact on the efficiency and effectiveness of the government (at any level) in delivering public services? 

For Explanation:
* If yes, please provide an example of one reuse case. For this reuse case, please provide (1) a URL to the reuse case, (2) a URL to the open dataset used by the reuse case, and (3) a description of the reuse case and its impact in this sub-domain.";new question;new question;Change;Yes;Gong organized the Open Data Days, which have been promoting open data as an important mechanism for citizen oversight and information for more than a decade. A series of discussions, presentations and workshops were held on March 7 and 8, 2024.  https://imamopravoznati.org/   https://parlametar.hr/      https://popravi.to/ Digital solutions that help citizens exercise their right to access information, monitor the work of key political institutions and actively participate in solving problems in the community.
I14;"Is the use of open data in your country having an impact on transparency and accountability of public administrations?

For Explanation:
* If yes, please provide an example of one reuse case. For this reuse case, please provide (1) a URL to the reuse case, (2) a URL to the open dataset used by the reuse case, and (3) a description of the reuse case and its impact in this sub-domain.";new question;new question;Change;Yes;Gong organized the Open Data Days, which have been promoting open data as an important mechanism for citizen oversight and information for more than a decade. A series of discussions, presentations and workshops were held on March 7 and 8, 2024.  https://imamopravoznati.org/   https://parlametar.hr/      https://popravi.to/ Digital solutions that help citizens exercise their right to access information, monitor the work of key political institutions and actively participate in solving problems in the community.
I15;"Is the use of open data in your country having an impact on policy-making processes (i.e. are public administrations making use of the data as evidence for the problem identification and policy formulation)? 

For Explanation:
* If yes, please provide an example of one reuse case. For this reuse case, please provide (1) a URL to the reuse case, (2) a URL to the open dataset used by the reuse case, and (3) a description of the reuse case and its impact in this sub-domain.";new question;new question;Change;Yes;Gong organized the Open Data Days, which have been promoting open data as an important mechanism for citizen oversight and information for more than a decade. A series of discussions, presentations and workshops were held on March 7 and 8, 2024.  https://imamopravoznati.org/   https://parlametar.hr/      https://popravi.to/ Digital solutions that help citizens exercise their right to access information, monitor the work of key political institutions and actively participate in solving problems in the community.
I16;"Is the use of open data in your country having an impact on decision-making processes (i.e. are public administrations making use of the data as evidence to be included in their daily operations)?

For Explanation:
* If yes, please provide an example of one reuse case. For this reuse case, please provide (1) a URL to the reuse case, (2) a URL to the open dataset used by the reuse case, and (3) a description of the reuse case and its impact in this sub-domain.";new question;new question;Change;Yes;Gong organized the Open Data Days, which have been promoting open data as an important mechanism for citizen oversight and information for more than a decade. A series of discussions, presentations and workshops were held on March 7 and 8, 2024.  https://imamopravoznati.org/   https://parlametar.hr/      https://popravi.to/ Digital solutions that help citizens exercise their right to access information, monitor the work of key political institutions and actively participate in solving problems in the community.
I17;"Is any data on the impact created by open data on social challenges (e.g. inequality, healthcare, education) available in your country such as from research studies, impact assessments, or other systematic investigations that quantify the results or broader effects of open data being reused?

For Explanation:
* If yes, please (1) specify what kind of data source proves this impact and (2) provide the URLs to this data.";No;Response to reviewer: we change the answer to NO;Change;No;1. https://popravi.to/  Digital solutions that help citizens exercise their right to access information, monitor the work of key political institutions and actively participate in solving problems in the community.   2. On Open Data Days organized by Gong, in March 2024 Sara Sinčić from the House of Human Rights to present the new digital Human Rights Guide, which offers educational tools and resources on human rights and serves as a cooperation network for public sector organizations and institutions in the field of human rights education.    We do not have analytical information.
I18;"Is the use of open data in your country having an impact on society´s ability to reduce inequality and better include minorities, migrants, and/or refugees? 

For Explanation:
* If yes, please provide an example of one reuse case. For this reuse case, please provide (1) a URL to the reuse case, (2) a URL to the open dataset used by the reuse case, and (3) a description of the reuse case and its impact in this sub-domain.";new question;new question;Change;No;On Open Data Days organized by Gong, in March 2024 Sara Sinčić from the House of Human Rights to present the new digital Human Rights Guide, which offers educational tools and resources on human rights and serves as a cooperation network for public sector organizations and institutions in the field of human rights education.   https://www.kucaljudskihprava.hr/en/   We cannot provide the URL to the reuse case, the URL to the open dataset used by the reuse case, and a description of the reuse case and its impact on this subdomain.
I19;"Is the use of open data in your country having an impact on issues about housing in urban areas? 

For Explanation:
* If yes, please provide an example of one reuse case. For this reuse case, please provide (1) a URL to the reuse case, (2) a URL to the open dataset used by the reuse case, and (3) a description of the reuse case and its impact in this sub-domain.";new question;new question;Change;Yes;1. https://popravi.to/  Digital solutions that help citizens exercise their right to access information, monitor the work of key political institutions and actively participate in solving problems in the community.     Popravi.to is a free tool, created in cooperation with Code for Croatia and Gong, which facilitates the reporting of problems and damage to public areas and infrastructure in every neighborhood, city, municipality and other parts of Croatia. It was created as an idea to make it easier for citizens to report problems they have encountered so that they don't have to research who to send a report about a hole in the road or sidewalk, a street light that doesn't work, a damaged bench or an illegal waste dump.    We cannot provide the URL to the reuse case, the URL to the open dataset used by the reuse case, and a description of the reuse case and its impact on this subdomain.
I20;"Is the use of open data in your country having an impact on the issues of health and wellbeing? 

For Explanation:
* If yes, please provide an example of one reuse case. For this reuse case, please provide (1) a URL to the reuse case, (2) a URL to the open dataset used by the reuse case, and (3) a description of the reuse case and its impact in this sub-domain.";new question;new question;Change;No;"https://data.gov.hr/ckan/dataset/koronavirus
The open (machine-readable) data on the website koronavirus.hr, which is collected and provided by the Croatian Institute of Public Health and the Ministry of Health of the Republic of Croatia with the aim of informing the public about the new coronavirus epidemic in the Republic of Croatia, does not match the data that is presented daily at press conferences at 2 p.m., the National Headquarters of the Civil Protection of the Republic of Croatia reports. The data is refreshed once a day and brings data for processing to the time period of one day, i.e. from 00:00 to 23:59 for the previous day (DoD). In other words, open (machine) readable data is published with a 24-hour delay.                             We cannot provide the URL to the reuse case, the URL to the open dataset used by the reuse case, and a description of the reuse case and its impact on this subdomain."
I21;"Is the use of open data in your country having an impact on the society´s level of education and skills (e.g. data literacy)?

For Explanation:
* If yes, please provide an example of one reuse case. For this reuse case, please provide (1) a URL to the reuse case, (2) a URL to the open dataset used by the reuse case, and (3) a description of the reuse case and its impact in this sub-domain.";new question;new question;Change;Yes;"https://mzom.gov.hr/ser-skolski-e-rudnik-3419/3419   
It shows the address book of school institutions, the geographical distribution of schools and students, various statistical data on schools, students and educational programs, as well as demographic trends by school years.

It shows statistical data on the general success of students, their grades, justified and unjustified absences, pedagogical measures and trends by school year.

It shows the results of students at the state matriculation exam, their grades in the final grades of primary and secondary schools, trends by school year and admissions to higher education institutions.

It shows statistical data on applications and enrollments in high schools, geographic distribution of enrolled students, student interests in schools and programs, data on points and general success, and trends by school year.                                                                          We cannot provide the URL to the reuse case, the URL to the open dataset used by the reuse case, and a description of the reuse case and its impact on this subdomain."
I22;"Is any data on the impact created by open data on environmental challenges (e.g. climate change and environmental degradation, as highlighted in the Eurpean Green Deal) available in your country such as from research studies, impact assessments, or other systematic investigations that quantify the results or broader effects of open data being reused?

For Explanation:
* If yes, please specify (1)  what kind of data source proves this impact and (2) provide the URLs to this data.";no;;Confirm;No;"On the DHMZ website, it is possible to view basic meteorological data for the last 24 hours and download data in .xml format. 
It is also possible to view the map display of all types of meteorological stations along with basic information about the stations.
Archive data in machine-readable format can be obtained upon request.  https://meteo.hr/podaci.php?section=podaci_vrijeme&prikaz=abc
https://meteo.hr/podaci.php?section=podaci_vrijeme&param=amp
https://meteo.hr/proizvodi.php?section=podaci&param=xml_korisnici
https://meteo.hr/infrastruktura.php?section=mreze_postaja&param=pmm
https://meteo.hr/proizvodi.php?section=katalog_zahtjevi&param=zahtjev_podaci_usluge
Climate model data created as part of the Climate Change Adaptation Strategy are available in a publicly accessible repository. The database of climate simulation results is maintained in cooperation with the University Computing Center of the University of Zagreb. Additional data and climate model data processing are available upon request.   https://repozitorij.meteo.hr/regcm4-simulacije
https://meteo.hr/proizvodi.php?section=katalog_zahtjevi&param=zahtjev_podaci_usluge
Digital climatological maps of meteorological elements made on the basis of multi-year data sets for the periods 1961-1990 and 1971-2000, as well as maps of extremely rare events - minimum and maximum temperatures and wind speeds that appear once in 50 years - are available on the DHMZ website - And. Additional data and data processing used to create climate maps are available on request.  https://meteo.hr/klima.php?section=klima_hrvatska&param=k1_5
https://meteo.hr/klima.php?section=klima_hrvatska&param=k1_6
https://meteo.hr/klima.php?section=klima_hrvatska&param=k1_7
https://meteo.hr/klima.php?section=klima_hrvatska&param=k1_9&el=ext
https://meteo.hr/proizvodi.php?section=katalog_zahtjevi&param=zahtjev_podaci_usluge         We do not have analytical information."
I23;"Is the use of open data in your country having an impact on the level of protection of biodiversity (e.g. maintaining a good air and water quality)? 

For Explanation:
* If yes, please provide an example of one reuse case. For this reuse case, please provide (1) a URL to the reuse case, (2) a URL to the open dataset used by the reuse case, and (3) a description of the reuse case and its impact in this sub-domain.";new question;new question;Change;Yes;"https://iszz.azo.hr/iskzl/    The ""Air Quality in the Republic of Croatia"" portal contains measured concentrations of pollutants in the air from the national network for permanent monitoring of air quality (the work of the network is managed by the State Hydrometeorological Institute, under the expert supervision of the Ministry of Economy and Sustainable Development) and from local networks (under the jurisdiction of counties, cities Zagreb, cities and municipalities). The owner of the air quality monitoring station continuously transmits original data on the concentrations of pollutants in the air in real time via a computer network. For ease of understanding, the data is presented as an air quality index. The portal also contains validated data on air pollutant concentrations from state and local networks, as well as annual reports on air quality monitoring. Air quality data is sent from the exchange network to the EEA/EC e-reporting system. Users have access to statistical browsers, exceedances of limit and target values, and trends. The data is presented in tabular and graphical form, and can also be downloaded (services)."
I24;"Is the use of open data in your country having an impact on the achievement of more environment-friendly cities (e.g., environment-friendly transport systems, waste management etc.)? 

For Explanation:
* If yes, please provide an example of one reuse case. For this reuse case, please provide (1) a URL to the reuse case, (2) a URL to the open dataset used by the reuse case, and (3) a description of the reuse case and its impact in this sub-domain.";new question;new question;Change;Yes;"https://mingo.gov.hr/print.aspx?id=8611&url=print   https://roo.azo.hr/katOtpada/   https://eloo.haop.hr/public/otpad/prijava   https://eloo.haop.hr/public/otpad/pregled  
The ELOO system was created and is managed by the Ministry of Economy and Sustainable Development. Citizens can also report the locations where discarded waste is located, but the final data visible in the system and on the map were entered and confirmed by municipal wardens."
I25;"Is the use of open data in your country having an impact on the fight against climate change, for example by undertaking predictive monitoring, preventive actions, or a differentiated response to connected disasters?

For Explanation:
* If yes, please provide an example of one reuse case. For this reuse case, please provide (1) a URL to the reuse case, (2) a URL to the open dataset used by the reuse case, and (3) a description of the reuse case and its impact in this sub-domain.";new question;new question;Change;No;https://envi.azo.hr/?topic=6   The ENVI portal is a web geoportal of the environmental protection information system that provides public access through a web GIS browser, as well as the administration of all spatial information and data of the Environmental Protection Information Systems (ESI) and transparently presents and shares them through standardized WMS and WFS services for viewing and downloading data. https://vrtlac.izor.hr/ords/bazapokpub/bindex          We cannot provide the URL to the reuse case, the URL to the open dataset used by the reuse case, and a description of the reuse case and its impact on this subdomain.
I26;"Is the use of open data in your country having an impact on the consumption of energy based on fuel and the switch to renewables? 

For Explanation:
* If yes, please provide an example of one reuse case. For this reuse case, please provide (1) a URL to the reuse case, (2) a URL to the open dataset used by the reuse case, and (3) a description of the reuse case and its impact in this sub-domain.";new question;new question;Change;Yes;https://einstalaterioie.mgipu.hr/login.html   Through the address https://einstalaterioie.mgipu.hr, all interested citizens can see a list of all certified installers of renewable energy sources, as well as holders of training programs authorized by the Ministry.                                                                          We cannot provide the URL to the reuse case, the URL to the open dataset used by the reuse case, and a description of the reuse case and its impact on this subdomain.
I27;"Is any data on the economic impact (e.g. GDP, employment, productivity, innovation,  new businesses created etc.) of open data available in your country such as from research studies, impact assessments, or other systematic investigations that quantify the results or broader effects of open data being reused?

For Explanation:
* If yes, please specify what kind of data source proves this impact and provide the URLs to this data.

";I don't know;;Change;No;"Organized by the Central State Office for the Development of the Digital Society, a Datathon was held as part of the project Adaptation of information systems of public sector bodies to the Open Data Portal. The competition consisted of four challenges and each was organized as a separate competition of equal importance. One of the challenges was the economic area. The development of solutions through the application of open data has been demonstrated, which enables the increase or decrease of costs associated with the use of open data, and will result in the development of new goods and services, the improvement of existing goods and services, the lowering of operating costs, the increase of productivity in the economy and the reduction of time and cost of access to information and fig.,
The first prize was won by the AnimCRO team with the solution: ""Concept solution for the Naše blago open portal"" from the Faculty of Agriculture, University of Zagreb (mentor Dragica Šalamon). The solution is unique in the Croatian agricultural ecosystem of open data, with great potential to increase the value of the agricultural economy and the prosperity of rural areas in the Republic of Croatia by providing geolocation (business address) and market data (prices) in a non-aggregated and machine-readable format.                                       We do not have analytical information."
I28;"Is the use of open data in your country having an impact on the level of employment? 

For Explanation:
* If yes, please provide an example of one reuse case. For this reuse case, please provide (1) a URL to the reuse case, (2) a URL to the open dataset used by the reuse case, and (3) a description of the reuse case and its impact in this sub-domain.";new question;new question;Change;Yes;"Organized by the Central State Office for the Development of the Digital Society, a Datathon was held as part of the project Adaptation of information systems of public sector bodies to the Open Data Portal. The competition consisted of four challenges and each was organized as a separate competition of equal importance. One of the challenges was the economic area. The development of solutions through the application of open data has been demonstrated, which enables the increase or decrease of costs associated with the use of open data, and will result in the development of new goods and services, the improvement of existing goods and services, the lowering of operating costs, the increase of productivity in the economy and the reduction of time and cost of access to information and fig.,
The first prize was won by the AnimCRO team with the solution: ""Concept solution for the Naše blago open portal"" from the Faculty of Agriculture, University of Zagreb (mentor Dragica Šalamon). The solution is unique in the Croatian agricultural ecosystem of open data, with great potential to increase the value of the agricultural economy and the prosperity of rural areas in the Republic of Croatia by providing geolocation (business address) and market data (prices) in a non-aggregated and machine-readable format.                                       We cannot provide the URL to the reuse case, the URL to the open dataset used by the reuse case, and a description of the reuse case and its impact on this subdomain."
I29;"Is the use of open data in your country having an impact on the level of innovation and the adoption of new technologies? 

For Explanation:
* If yes, please provide an example of one reuse case. For this reuse case, please provide (1) a URL to the reuse case, (2) a URL to the open dataset used by the reuse case, and (3) a description of the reuse case and its impact in this sub-domain.";new question;new question;Change;Yes;"Organized by the Central State Office for the Development of the Digital Society, a Datathon was held as part of the project Adaptation of information systems of public sector bodies to the Open Data Portal. The competition consisted of four challenges and each was organized as a separate competition of equal importance.   
It was shown through a competition related to the social field development of solutions using open data that solve certain social challenges such as: better access to information about cultural life, informing about the residential district, its content and characteristics, solving complex public problems, especially in crisis situations, encouraging wider involvement of experts in the solution process public problems, inclusion of marginalized social groups, etc.,
The first prize was won by the DogCityZg team with the solution: ""DogCityZg - hub for dog owners in Zagreb"" from the Faculty of Agriculture, University of Zagreb (mentor Filip Varga). The team created a web platform that provides dog owners with valuable information in one place through an interactive map where you can find the locations of dog parks and green areas for dogs, contacts of veterinarians, dog groomers, dog hotels, pet shops, etc.        We cannot provide the URL to the reuse case, the URL to the open dataset used by the reuse case, and a description of the reuse case and its impact on this subdomain."
I30;"Is the use of open data in your country having an impact on the level of entrepreneurship (especially of women and minorities) and business creation (especially with Small- and Medium-sized Enterprises)? 

For Explanation:
* If yes, please provide an example of one reuse case. For this reuse case, please provide (1) a URL to the reuse case, (2) a URL to the open dataset used by the reuse case, and (3) a description of the reuse case and its impact in this sub-domain.";new question;new question;Change;No;
I31;"Is the use of open data in your country having an impact on the level of productivity? 

For Explanation:
* If yes, please provide an example of one reuse case. For this reuse case, please provide (1) a URL to the reuse case, (2) a URL to the open dataset used by the reuse case, and (3) a description of the reuse case and its impact in this sub-domain.";new question;new question;Change;I don't know;