ID;Question;Answer from 2023;Explanation from 2023;Confirm, change or complement answer/explanation from 2023;Provide updated answer (if applicable);Provide updated explanation (if applicable)
P1;"Is there a national open data policy in your country and, if your country is an EU Member State, does this include a national legislation for the transposition of the Open Data Directive?

For Explanation:
* If yes, please provide (1) the URL and (2) title of the policy document and (3) briefly describe.
* If ‘other’, please provide (1) a brief explanation to support your answer choice and (2) provide the URL and indicate the policy section which explicitly references open data.";yes;"Government Decree No. 1310/2015 (V. 21.) on the necessary measures for the widespread of the re-use of public data which requires the government to prepare a White Paper, including a model quantifying the socio-economic benefits, taking into account practical experience and good practices abroad, to establish a coherent government data policy to promote the re-use of public data, and to make it available for academic and public debate.

https://www.magyary.hu/wp-content/uploads/2019/07/AdatpolitikaiStrate%CC%81giaiJavaslat.20190627.Magyary.pdf

https://www.magyary.hu/wp-content/uploads/2019/09/Adatpolitikai_feher_konyv_201608.pdf

The White Paper on National Data-policy was published in 2016. The policy’s main focus is on the PSI re-use. In addition, the Government Decision 1573/2020 (IX. 9.) on Hungary's Artificial Intelligence Strategy (hereinafter: AI Strategy) and certain measures necessary for its implementation have a dedicated open data leg - since the availability of open data (and PSI) is a key factor in the success of any AI initiative. Within the framework of the AI Strategy, the National Data Asset Management Agency has been established. The National Data Asset Management Agency is responsible for establishing the legal framework for open data policy in Hungary.

https://ai-hungary.com/files/e8/dd/e8dd79bd380a40c9890dd2fb01dd771b.pdf

The government's commitment to the development of the data economy and the reuse of public data was embodied when the Government adopted Act No. XCI of 2021 on the National Data Asset, which was follow up by the Government Decree No. 607/2021 (XI. 5.) on certain detailed rules related to the utilisation of national data assets. The Decree regulates in detail the tasks of the National Data Assets Management Agency and states that the Agency shall be responsible for the implementation of the provisions of the Decree. It specifies the tasks of the Agency which, according to the Act, may participate in the re-use of public data under Act No. LXIII on Public Data, thus contributing to a more efficient channeling of available public data sets into the domestic economy. The Agency operates the National Public Data Portal in accordance with Article 34(5) of the Act No. XCI of 2021 on the National Data Asset.
https://net.jogtar.hu/jogszabaly?docid=a1200063.tv
https://net.jogtar.hu/jogszabaly?docid=a2100091.tv
https://net.jogtar.hu/jogszabaly?docid=A2100607.KOR
Also there is a new strategy called National Digitalization Strategy (2022-2030). This is an official open data policy.
Link: https://kormany.hu/dokumentumtar/nemzeti-digitalizacios-strategia-2022-2030";Complement;;"Government Decree No. 1310/2015 (V. 21.) on the necessary measures for the widespread of the re-use of public data which requires the government to prepare a White Paper, including a model quantifying the socio-economic benefits, taking into account practical experience and good practices abroad, to establish a coherent government data policy to promote the re-use of public data, and to make it available for academic and public debate.

https://www.magyary.hu/wp-content/uploads/2019/07/AdatpolitikaiStrate%CC%81giaiJavaslat.20190627.Magyary.pdf

https://www.magyary.hu/wp-content/uploads/2019/09/Adatpolitikai_feher_konyv_201608.pdf

The White Paper on National Data-policy was published in 2016. The policy’s main focus is on the PSI re-use. In addition, the Government Decision 1573/2020 (IX. 9.) on Hungary's Artificial Intelligence Strategy (hereinafter: AI Strategy) and certain measures necessary for its implementation have a dedicated open data leg - since the availability of open data (and PSI) is a key factor in the success of any AI initiative. Within the framework of the AI Strategy, the National Data Asset Management Agency has been established.

https://digitalisjoletprogram.hu/publications/mi_strategy_en/#page=1

The government's commitment to the development of the data economy and the reuse of public data was embodied when the Government adopted Act No. XCI of 2021 on the National Data Asset, followed by the Government Decree No. 607/2021 (XI. 5.) on certain detailed rules related to the utilisation of national data assets.  On 13 December 2023, the Hungarian Parliament adopted a new law, Act CI of 2023 on the System for the Utilisation of National Data Assets and Certain Services, which incorporated the previous regulations, including the provisions of Act LXIII of 2012 on the Re-use of Public Data. The new law regulates the tasks of the National Data Asset Management Agency and states that the Agency shall be responsible for implementing the provisions of the Decree. It defines the tasks of the Agency, which will be involved in the re-use of public data by providing a single information point and contact service, thereby contributing to a more efficient integration of available public data sets into the domestic economy.
The Agency operates the National Open Data Portal in accordance with Article 11(2) of the Act CI of 2023 on the System of Utilisation of National Data Assets and Certain Services.
https://njt.hu/jogszabaly/2023-101-00-00.0#PR

Also there is a new strategy called National Digitalization Strategy (2022-2030). This is an official open data policy.
Link: https://kormany.hu/dokumentumtar/nemzeti-digitalizacios-strategia-2022-2030"
P2;"Is there a national open data strategy in your country?

For Explanation:
* If yes, please provide (1) the URL to the strategy and (2) describe the main highlights.  
* If 'not applicable', please provide (1) a brief explanation to support your answer choice and provide (2) the URL and indicate the policy section which explicitly references objectives, actions/measures, delivery timelines etc.";yes;"There is a new strategy called National Digitalization Strategy (2022-2030). This is an official open data policy.
Link: https://kormany.hu/dokumentumtar/nemzeti-digitalizacios-strategia-2022-2030
The Strategy main highlights must be the folowing: It wishes to contribute to Hungary recognizing the necessity of digital transformation and putting digital infrastructure, economy, education and digital public services at the center of its competitiveness and modernization efforts. It focuses on improving every aspect of digitalization such as digital infrastructure, digital skills and competencies, digital economy and last but not least digital state.

Within the framework of the chapter 4.1.1 “Mathematical foundations of AI” of Hungary’s Artificial Intelligence Strategy Hungary's open data policy goals have been formulated. Such as, making data collection and re-use conscious,regulated and responsible data asset management in the public and private sectors. The English version of the Hungary's Artificial Intelligence Strategy is available here: https://ai-hungary.com/files/e8/dd/e8dd79bd380a40c9890dd2fb01dd771b.pdf";Complement;;"There is a new strategy called National Digitalization Strategy (2022-2030). This is an official open data policy.
Link: https://kormany.hu/dokumentumtar/nemzeti-digitalizacios-strategia-2022-2030
The Strategy's main highlights must be the folowing: It wishes to contribute to Hungary recognizing the necessity of digital transformation and putting digital infrastructure, economy, education and digital public services at the center of its competitiveness and modernization efforts. It focuses on improving every aspect of digitalization such as digital infrastructure, digital skills and competencies, digital economy and last but not least digital state.

Within the framework of the chapter 4.1.1 “Mathematical foundations of AI” of Hungary’s Artificial Intelligence Strategy Hungary's open data policy goals have been formulated. Such as, making data collection and re-use conscious,regulated and responsible data asset management in the public and private sectors. The English version of the Hungary's Artificial Intelligence Strategy is available here: https://digitalisjoletprogram.hu/publications/mi_strategy_en/#page=1"
P3;"Is there an open data policy/strategy at regional or local level?

For Explanation:
* If yes, please (1) provide the URL and (2) title of the document(s) and (3) briefly describe.";yes;"Yes, the commitment to open data policies is also reflected at the local level in the smart city strategies of some Hungarian cities. Among the larger cities, Budapest, Debrecen, Zalaegerszeg and Szeged have already developed their own Smart City strategies. 
The Government has shown its commitment by adopting a government decree on the establishment and operation of the so-called ""smart city central platform service"". This decree names Monor as the municipality selected to test the services to be developed. The regional dimension does not apply to Hungary due to the size of the country.

https://otthonbudapesten.hu/sites/default/files/attachment/2021/ITS_2027_III_STRATEGIA_20210306.pdf
http://smartcity.debrecen.hu/en/strategy/ 
https://zalaegerszeg.hu/dokumentum/35747/Zalaegerszeg__Smart_city_koncepcio_es_strategia__roviditett.pdf 
https://docplayer.hu/17702150-Szeged-megyei-jogu-varos-smart-city-jovokep-es-koncepcio.html 
https://old.jozsefvaros.hu/tu_dokumentumok/6058_20181129_jegyzokonyv_mellek.pdf 
https://www.budapest13.hu/wp-content/uploads/2019/03/smart_city_koncepcio.pdf 

Also there is a new strategy called National Digital Citizenship Program, which aims to create a unified and excellent user experience online system for Hungarian citizens and the Hungarian public administration, which radically simplifies communication between the citizens and the various bodies of the government. https://www.dmu.gov.hu/documents/prod/DMU_nemzeti_digitalis_allampolgarsag_program_2022.pdf";Complement;;"Yes, the commitment to open data policies is also reflected at the local level in the smart city strategies of some Hungarian cities. Among the larger cities, Budapest, Debrecen, Zalaegerszeg and Szeged have already developed their own Smart City strategies. 
The Government has shown its commitment by adopting a government decree on the establishment and operation of the so-called ""smart city central platform service"". This decree names Monor as the municipality selected to test the services to be developed. The regional dimension does not apply to Hungary due to the size of the country.

https://otthonbudapesten.hu/sites/default/files/attachment/2021/ITS_2027_III_STRATEGIA_20210306.pdf
http://smartcity.debrecen.hu/en/strategy/ 
https://zalaegerszeg.hu/dokumentum/35747/Zalaegerszeg__Smart_city_koncepcio_es_strategia__roviditett.pdf 
https://docplayer.hu/17702150-Szeged-megyei-jogu-varos-smart-city-jovokep-es-koncepcio.html 
https://old.jozsefvaros.hu/tu_dokumentumok/6058_20181129_jegyzokonyv_mellek.pdf 
https://www.budapest13.hu/wp-content/uploads/2019/03/smart_city_koncepcio.pdf 

The Lechner Knowledge Center publishes recommendations, guidelines and rules based on local needs and EU guidance to enable the systemic implementation of efficient development models for smart settlements.
http://okosvaros.lechnerkozpont.hu/sites/default/files/2018-10/smart_city_development_model_methodological_basis.pdf
http://okosvaros.lechnerkozpont.hu/sites/default/files/2018-10/smart-city-tudasplatform-metodikai-javaslat.pdf
Furthermore, it has created an online database to demonstrate how diverse and complex the Smart City concept is in practice, and that it does not merely involve technology-based solutions. A smart city continuously measures and monitors the effects of its improvements. The settlement evaluation and monitoring system developed by the Lechner Knowledge Centre examines cities along six sub-systems in accordance with international practice - government, economy, environment, mobility, living, conditions, people. The projects in the database are classified according to which sub-system is most affected by a development. 
http://okosvaros.lechnerkozpont.hu/en/projects"
P4;"Does the national strategy/policy include an action plan with measures to be implemented in the open data field?

For Explanation:
If yes, please briefly describe the main measures described by the action plan.";yes;"The National Digitalization Strategy outlines action pln eith measures to be implemented in the open data field, it can be found on page 22. Chapter 1., 1.4. Designation and justification of pillars. Also on page 88. Chapter 4. Vision and target system.
Link: https://kormany.hu/dokumentumtar/nemzeti-digitalizacios-strategia-2022-2030

More than 30 actions were proposed in the White Paper on national data policy. The government will decide which of these will be applied. Decision making in this is in progress. The adopted AI strategy has dedicated actions of data policy and data economy (see Chapter 5 of the AI strategy)
https://ai-hungary.com/files/e8/dd/e8dd79bd380a40c9890dd2fb01dd771b.pdf

Chapter V of the Data Strategy Proposal document deals in detail with the high-value data sets.
http://alfa-kozadat.ddns.net/uploads/page_images/2022-06-13-104746.691012AdatpolitikaiStrategiaiJavaslat.20190627.Magyary.pdf";Complement;;"The National Digitalization Strategy outlines action pln eith measures to be implemented in the open data field, it can be found on page 22. Chapter 1., 1.4. Designation and justification of pillars. Also on page 88. Chapter 4. Vision and target system.
Link: https://kormany.hu/dokumentumtar/nemzeti-digitalizacios-strategia-2022-2030

More than 30 actions were proposed in the White Paper on national data policy. The government will decide which of these will be applied. Decision making in this is in progress. The adopted AI strategy has dedicated actions of data policy and data economy (see Chapter 5 of the AI strategy)
https://digitalisjoletprogram.hu/publications/mi_strategy_en/#page=1

ChapterI V.4 of the Data Strategy Proposal document deals in detail with the high-value data sets.
https://www.magyary.hu/wp-content/uploads/2019/07/AdatpolitikaiStrate%CC%81giaiJavaslat.20190627.Magyary.pdf"
P5;"Does the national strategy/policy outline measures to incentivise the publication of and access to real-time or dynamic data?

For Explanation:
* If yes, please briefly describe the measures.";yes;"In Chapter 2. of the National Digitalization Strategy it is emphasized separately for certain data types that it is necessary to provide access to real-time / dynamic data in order of the overall improvement.
Link: https://kormany.hu/dokumentumtar/nemzeti-digitalizacios-strategia-2022-2030

More than 30 actions were proposed in the White Paper on national data policy. The government will decide which of these will be applied. Decision making in this is in progress. The adopted AI strategy has dedicated actions of data policy and data economy (see Chapter 5 of the AI strategy)
https://ai-hungary.com/files/e8/dd/e8dd79bd380a40c9890dd2fb01dd771b.pdf";Complement;;"In Chapter 2. of the National Digitalization Strategy it is emphasized separately for certain data types that it is necessary to provide access to real-time / dynamic data in order of the overall improvement.
Link: https://kormany.hu/dokumentumtar/nemzeti-digitalizacios-strategia-2022-2030

More than 30 actions were proposed in the White Paper on national data policy. The government will decide which of these will be applied. Decision making in this is in progress. The adopted AI strategy has dedicated actions of data policy and data economy (see Chapter 5 of the AI strategy)
https://digitalisjoletprogram.hu/publications/mi_strategy_en/#page=1"
P6;"Does the national strategy/policy outline measures to incentivise the publication of and access to citizen-generated data?

For Explanation:
* If yes, please briefly describe the measures.";yes;"National Digitalization Strategy: On page 8. you can see section called Goals:  Digital economy is one of the goals, it is emphasized there, that the priority goal of the state is to gather citizen-generated data in various fields and extend the national data asset by them. 
Link: https://kormany.hu/dokumentumtar/nemzeti-digitalizacios-strategia-2022-2030";Confirm;;
P7;"Does the national strategy/policy foster the discoverability of the aforementioned types of data from your country on data.europa.eu?

For Explanation:
* If yes, please briefly describe how.";yes;"Yes, the Chapter VI. of the Data Strategy Proposal document initiates this goal.
https://www.magyary.hu/wp-content/uploads/2019/07/AdatpolitikaiStrate%CC%81giaiJavaslat.20190627.Magyary.pdf";Confirm;;
P8;"Does the national strategy/policy outline measures to support the reuse of open data by the public sector?

For Explanation:
* If yes, please briefly describe the measures.";yes;The Hungary's Artificial Intelligence Strategy outlines the development and establishment of Hungary's National Open Data Portal and initiates the Data Wallet which aims to support the re-use of open data by the private sector. The National Data Asset Management Agency will open public data bases in an organized way which can help businesses to develop high added-value products, such as apps, to make citizens' daily lives easier and simpler.;Complement;;"The Hungary's Artificial Intelligence Strategy outlines the development and establishment of Hungary's National Open Data Portal and initiates the Data Wallet which aims to support the re-use of open data by the private sector. The National Data Asset Management Agency will open public data bases in an organized way which can help businesses to develop high added-value products, such as apps, to make citizens' daily lives easier and simpler.

On 13 December 2023, the Hungarian Parliament adopted a new law, Act CI of 2023 on the System for the Utilisation of National Data Assets and Certain Services, which incorporated the previous regulations, including the provisions of Act LXIII of 2012 on the Re-use of Public Data.
Under the new law, the National Data Asset Management Agency provides a single information point and contact service. As part of this service, the Agency publishes information on re-use for all public bodies on the National Public Data Portal. Additionally, the Agency offers a centralised publication service, through which it publishes open data sets."
P9;"Does the national strategy/policy outline measures to support the reuse of open data by the private sector?

For Explanation:
* If yes, please briefly describe the measures.";yes;Yes, the National Data Asset Act  and the Government Decree No. 607/2021. (XI. 5.) on certain detailed rules relating to the use of national data assets defines the rules regarding the National Open Data Portal which is the core element of the re-use of public -data.;Complement;;"Yes, the Act XCI on National Data Assets and the Government Decree No. 607/2021. (XI. 5.) on certain detailed rules related to the utilisation of national data assets defines the rules regarding the National Open Data Portal which is the core element of the re-use of public data.
On 13 December 2023, the Hungarian Parliament adopted a new law, Act CI of 2023 on the System for the Utilisation of National Data Assets and Certain Services, which incorporated the previous regulations, including the provisions of Act LXIII of 2012 on the Re-use of Public Data.
The new law expands the functions of the National Open Data Portal."
P10-a;"Does the national strategy/policy mandate carrying out and maintaining a data inventory by public bodies, whether at national or local level?

For Explanation:
* If yes, please briefly specify.";yes;Yes, the Government Decree No. 607/2021. (XI. 5.) on certain detailed rules relating to the use of national data assets set forth to prepare the National Data Asset Inventory containing a list of registers with personal data, public data and data of public interest by the National Data Asset Management Agency in cooperation with all the national public body.;Complement;;"Yes, the Government Decree No. 607/2021. (XI. 5.) on certain detailed rules related to the utilisation of national data assets sets forth to prepare the National Data Asset Inventory containing a list of registers with personal data, public data and data of public interest by the National Data Asset Management Agency in cooperation with all the national public body.
The new, Act CI of 2023 on the System for the Utilisation of National Data Assets and Certain Services establishes a system of Chief Data Officers (CDOs), who will be responsible for mapping the data assets belonging to public bodies and for uploading and updating their registries and catalogues in the National Data Asset Inventory."
P10-b;"Do these data inventories include the data collected by public bodies that cannot be published as open data (e.g. in relation to the EU Data Governance Act (EU) 2022/868)? 

For Explanation:
* If yes, please briefly specify.";yes;Yes, the National Data Asset Inventory includes registries containing personal data. The inventory will not be published.;Complement;;"The National Data Asset Inventory also included the metadata of registries containing public data and personal data under the previous Act XCI of 2021 on National Data Assets. 
On 13 December 2023, the Hungarian Parliament passed a new law, Act CI of 2023 on the System for the Utilisation of National Data Assets and Certain Services, which expands the National Data Asset Inventory with the metadata of all registries that are part of the national data asset, some of which can be accessed by anyone through the National Open Data Portal."
P11;"Is your country applying the implementing regulation (EU) 2023/138 on high-value datasets?

For Explanation:
* If yes, how is it progressing? 
* If you are an EFTA or a candidate country to the EU, please select 'not applicable'.
** In the table below, please indicate your progress with respect to a) organisation, b) legal aspects, c) technical aspects on a scale from 1 to 5. 1 = no progress; 2 = few progress; 3 = some progress; 4 = considerable progress; 5 = works are finalised.";new question;new question;Change;Yes;"Yes, it has been previously identified which organisations have high-value data sets, but as can be seen from the table below, the application of implementing regulation is currently ongoing.

The National Data Asset Management Agency has contacted those organisations that have previously been identified as having high-value data sets. The responses received from the organisations via self-declaration were aggregated to produce the final scores in the table. "
P12;"Have the public bodies in your country denoted relevant datasets as high-value datasets in their metadata following the publication of the implementing regulation (EU) 2023/138 on high-value datasets?

For Explanation:
*  If yes, please specify how and highlight challenges, if any. 
* If you are an EFTA or a candidate country to the EU, please select 'not applicable'.";new question;new question;Change;Yes;High-value data sets are recorded in the National Data Asset Inventory. It is possible to filter specifically for these in the search criteria on the National Open Data Portal.
P13;"Is there a governance structure in place that enables the participation and/or inclusion of various open data stakeholders? 

For Explanation:
*  If yes, please briefly describe the governance structure and its operating model ";new question;new question;Change;Yes;"On 13 December 2023, the Hungarian Parliament adopted a new law, Act CI of 2023 on the System for the Utilisation of National Data Assets and Certain Services, which incorporated the previous regulations, including the provisions of Act LXIII of 2012 on the Re-use of Public Data.
Under the new law, the National Data Asset Management Agency provides a single information point and contact service. As part of this service, the Agency publishes information on re-use for all public bodies on the National Open Data Portal. Additionally, the Agency offers a centralised publication service, through which it publishes open data sets. 

Based on the new law, the Agency is the central public body responsible for supporting and coordinating the utilisation of the national data assets. The Agency operates the National Open Data Portal, which is currently undergoing further development."
P14;"How would you classify the model used for governing open data in your country? 

For Explanation:
*  Please briefly explain why this model was chosen/works best for your country";hybrid;"The Cabinet Office of the Prime Minister – as a central state administration body – has a dominant role in the governing of open data in Hungary. The hybrid model can contribute to the reducing process of administration burden of central public administration actors. Cabinet Office of the Prime Minister governs the ICT sector (including the data ecosystem) through the Digital Hungary Agency.

The National Data Asset Management Agency serving its duty to fulfill the different information services (general governmental information services, governmental information services and market information services) as a public service obligation.

The  Data Asset Management Agency is in communication with various representatives of both local governments and the central government to enhance the use of open data in the country.

The Digital Hungary Agency follows a top-down approach and proposes government policies, development directions and resources related to the national data assets.";Complement;Hybrid;"The Cabinet Office of the Prime Minister – as a central state administration body – has a dominant role in the governing of open data in Hungary. The hybrid model can contribute to the reducing process of administrative burden of central public administration actors. The Cabinet Office of the Prime Minister governs the ICT sector (including the data ecosystem) through the Digital Hungary Agency.

The National Data Asset Management Agency provides various information services, including general governmental information services, governmental information services and market information services as public duty.
The Agency is in communication with various representatives of the central government to enhance the use of open data in the country.
On 13 December 2023, the Hungarian Parliament adopted a new law, Act CI of 2023 on the System for the Utilisation of National Data Assets and on Certain Services, which adopted the previous rules, including the provisions of Act LXIII of 2012 on the Re-use of Public Data. The new law strengthens the coordinating role of the National Data Asset Management Agency."
P15;"Does the governance structure ensure that the local and regional open data initiatives are facilitated and supported at national level?

For Explanation:
* If yes, please give an example of what kind of support.
* If not applicable, please explain why.";new question;new question;Change;Yes;"The Act CI of 2023 on the System for the Utilisation of National Data Assets and on Certain Services stipulates that all public bodies with at least 250 employees must have a chief data officer (CDO), and smaller bodies must have a data transfer contact person, who are provided with professional coordination and methodological support by the National Data Asset Management Agency. This is the main way in which the government can facilitate and support the open data initiatives of local and regional public bodies (See: Act CI of 2023, Article 15, subsection (4))
(Link to the Act: https://njt.hu/jogszabaly/2023-101-00-00)"
P16;"To what degree do local/regional public bodies conduct open data initiatives? 

For Explanation:
* If not applicable, please explain why.";all public bodies;"The Act CXII of 2011 (""Privacy Act"") obliges all public bodies - central, regional and local level - to publish certain information on themselves on their websites in a certain structure.

The National Data Asset Management Agency provides the structured institutional framework of government tasks related to the development of the digital ecosystem of Hungary. The Agency's tasks is to cover the entire national data estate, including local and regional data. The most important task of the Agency is to make public databases available in a regulated framework; therefore, the public administration – both at regional and local level – can be more effective. Beside this, the Hungarian Ministry of Interior already launched a smart city pilot project for the city of Monor. The main objective of this project is to make the life of citizens and institutions living and operating in the city easier, more comfortable, and predictable through advanced technological achievements such as. Other independent smart city projects are ongoing in the cities of Budapest and Debrecen. Debrecen also runs an open data portal for the publication of public data of the city.

https://belugyiszemle.hu/en/node/66

https://budapest.hu/Documents/V%C3%A1ros%C3%A9p%C3%ADt%C3%A9si%20F%C5%91oszt%C3%A1ly/Smart%20Budapest%20Keretstrat%C3%A9gia%202019.pdf

http://smartcity.debrecen.hu/en

https://opendata.debrecen.hu/";Complement;;"The Act CXII of 2011 (""Privacy Act"") obliges all public bodies - central, regional and local level - to publish certain information on themselves on their websites in a certain structure.

The National Data Asset Management Agency provides the structured institutional framework of government tasks related to the development of the digital ecosystem of Hungary. The Agency's tasks is to cover the entire national data estate, including local and regional data. The most important task of the Agency is to make public databases available in a regulated framework; therefore, the public administration – both at regional and local level – can be more effective. 

Smart city projects are ongoing in the cities of Budapest and Debrecen. Debrecen also runs an open data portal for the publication of public data of the city.
http://smartcity.debrecen.hu/en
https://opendata.debrecen.hu/

In Hungary, registers on urban development and urban policies are managed by the Lechner Knowledge Centre and places particular emphasis on green transition and digitalisation. To this end, it makes available various methodologies and research data, e.g. on smart city developments in Hungary, with a lot of environmental data. E.g.:
https://lechnerkozpont.hu/cikk/mar-1000-jo-gyakorlat-kozott-lehet-bongeszni-az-okos-varos-peldatarban
https://lechnerkozpont.hu/cikk/europai-varosfejlesztesi-jo-gyakorlatok-sikeres-adaptacioja"
P17;"Is a document describing the responsibilities and governance structure of the national (and/or regional/local) open data team publicly available?

For Explanation:
* If yes, please provide the URL where this information is published. ";yes;"Yes, the following legal documents apply: 
•	Act No. XCI. of 2021 on the National Data Asset and its 
•	Government Decree No. 607/2021. (XI. 5.) on certain detailed rules relating to the use of national data assets and
•	Government Decree No. 182/2022 (V. 24.) on the duties and powers of the members of the government.";Complement;Yes;"Yes, the following legal documents apply: 
• Government Decree No. 607/2021. (XI. 5.) on certain detailed rules related to the use of national data assets,
• Act CI of 2023 on the System for the Utilization of National Data Assets and Certain Services and
• Government Decree No. 182/2022 (V. 24.) on the duties and powers of the members of the government."
P18;"Is there a regular exchange of knowledge or experiences between the national open data team and the team maintaining the national portal? 

For Explanation:
* If yes, please briefly describe how this exchange takes place and provide evidence supporting your answer (e.g. meeting agendas, URLs to news items).";yes;Yes, within the National Data Asset Management Agency both the national open data team and the team maintaining the national open data portal regularly cooperate and exchange knowledge in the operation and maintenance of the national open data portal. It is a continuous work herby we cannot attach an axact meeting agenda.;Confirm;;
P19;"Does the governance model include the appointment of official roles in civil services that are dedicated to open data (e.g. open data officers)?

For Explanation:
* If yes, please describe how this task is fulfilled at public body level.";yes;"Yes, various public service bodies regularly cooperate and exchange knowledge in the operation and maintenance of the national open data portal. There are overlaps in the teams; therefore, it is a facile process. These teams include: the National Data Asset Management Agency, the Digital Success Programme, the Hungarian AI Coalition, the Digital Hungary Agency.
The new addition tho the list is the Digital Hungary Agency, which operates sincs August 2022 and it is responsible for the entire governmental IT. The Agency performs state tasks related to e-public administration, IT, the unification of e-public administration and IT developments, electronic communication activities for government purposes, and ensuring the infrastructural feasibility of public administration IT.

Response to Reviewer 2: 

Civil servants employed within national organizations have been mobilized to focus on open data. Within this framework, civil servants are appointed to monitor EU legislation relevant to open data, contribute to the development and maintenance of the National Open Data Portal, support the reuse of open data by contacting public bodies and collecting information and data bases.";Complement;;"Yes, various public service bodies regularly cooperate and exchange knowledge in the operation and maintenance of the national open data portal. There are overlaps in the teams; therefore, it is a facile process. These teams include: the National Data Asset Management Agency, the Digital Success Programme, the Hungarian AI Coalition, the Digital Hungary Agency and the Digital Hungary Agency, which operates since August 2022 and it is responsible for the entire governmental IT. The Agency performs state tasks related to e-public administration, IT, the unification of e-public administration and IT developments, electronic communication activities for government purposes, and ensuring the infrastructural feasibility of public administration IT.

Civil servants employed within national organizations have been mobilized to focus on open data. Within this framework, civil servants are appointed to monitor EU legislation relevant to open data, contribute to the development and maintenance of the National Open Data Portal, support the reuse of open data by contacting public bodies and collecting information and data bases."
P20;"Is there a regular exchange of knowledge or experiences between the national open data team and the wider network of open data officers in your country? 

For Explanation:
* If yes, please briefly describe how this exchange takes place and provide evidence supporting your answer (e.g. meeting agendas, URLs to news items).";yes;The National Data Asset Management Agency as the responsible of the national data portal regularly exchanges knowledge and experiences with various public bodies dealing and managing public data. In light of this, the Agency has several Cooperation Agreements with significant Hungarian Organisations, e.g. Hungarian Central Statistical Office, Educational Authority, Hungarian State Treasury, etc. ;Confirm;;
P21;"Is there a regular exchange of knowledge or experiences between public sector bodies (i.e. the providers) and open data reusers (e.g. academia, citizens, businesses)?

For Explanation:
* If yes, please briefly describe how this exchange takes place and provide evidence supporting your answer (e.g. meeting agendas, URLs to news items).";yes;"The operational team of the Open Data Portal will work with both public authorities and data users, and this will encourage the exchange of knowledge and experience, as well as assistance with specific requests.

The Infotér Association organises professional events and preparatory work, events and workshops for SMEs. 
https://infoter.hu/

The mission of the Hungarian AI Coalition is for the state to play its part in the development of the sub-ecosystem through the thoughtful use of national data assets and as a user of AI solutions.
https://ai-hungary.com/en/content/ai-coalition

There are several workshops and knowledge exchange occasions at the academic level too. For example the Hungarian universities regularly hold events, seminars and workshops in the open data re-use topic.
https://www.uni-corvinus.hu/post/event/workshop-a-nyilt-tudomany-mozgatorugoirol-lepeseirol-akadalyairol/
https://www.omikk.bme.hu/hirek/20221006/workshop_a_nyilt_tudomany_mozgatorugoirol_lepeseirol_akadalyairol";Complement;;"The operational team of the Open Data Portal will work with both public authorities and data users, and this will encourage the exchange of knowledge and experience, as well as assistance with specific requests.

The Infotér Association organises professional events and preparatory work, events and workshops for SMEs. 
https://infoter.eu/

The mission of the Hungarian AI Coalition is for the state to play its part in the development of the sub-ecosystem through the thoughtful use of national data assets and as a user of AI solutions.
https://digitalisjoletprogram.hu/en/content/artificial-intelligence-coalition

The first Data Day was held on March 21, 2024 at Pázmány Péter Catholic University. The aim of the conference and forum is to provide a framework for an informal professional discussion about the domestic implications of the EU's latest data strategy regulations. The conference aims to invite and encourage dialogue and joint thinking among stakeholders in the EU, state, non-state, and academic spheres involved in data governance, telecommunications, and digital services. The conference is planned to be held every year.
https://jak.ppke.hu/a-dat-nap-1-0

The HUN-REN Data Repository Platform (HUN-REN ARP) also organises events related to open data. https://researchdata.hu/esemenyek"
P22;"Do data publication plans exist at public body level?

For Explanation:
* If yes, please provide the URL and briefly highlight the key aspects covered. ";yes;"The Act CXII of 2011 (""Privacy Act"") obliges public bodies to publish certain information on themselves on their websites in a certain structure. The National Data Asset Act defines the rules regarding the National Open Data Portal as the core element of Hungary's data publication process. The main actor of this process is the National Data Asset Management Agency as the maintainer of the national portal.";Complement;;"The Act CXII of 2011 (""Privacy Act"") obliges public bodies to publish certain information on themselves on their websites in a certain structure. The Act XCI of 2021 on the National Data Asset effective until March 31, 2024, defines the rules regarding the National Open Data Portal as an information platform. The main actor of this process is the National Data Asset Management Agency as the maintainer of the national portal.
On 13 December 2023, the Hungarian Parliament adopted a new law, Act CI of 2023 on the System for the Utilisation of the National Data Asset and on Certain Services, which adopted the previous rules, including the provisions of Act LXIII of 2012 on the Re-use of Public Data. The new law, effective from 2024, also includes provisions specifically for the re-use and publication of open data. In addition, information on re-use will also have to be published on the website of the National Data Asset Management Agency."
P23;"Are there processes to ensure that the open data policies/strategy previously mentioned are implemented (e.g. monitoring)?

For Explanation:
* If yes, please specify the process(es).";yes;The Implementing Regulation of the National Data Asset Act designates the National Data Asset Council, whose annual reports guide the implementation of open data policy. With the establishment of the National Data Asset Management Agency, the institutional framework for the implementation of open data policy is in place.;Complement;;The Implementing Regulation of the Act XCI of 2021 on the National Data Asset designated the National Data Asset Council who supports the implementation of open data policy. With the establishment of the National Data Asset Management Agency, the institutional framework for the implementation of open data policy is in place. On 13 December 2023, the Hungarian Parliament adopted a new Act, Act CI of 2023 on the System for the Utilisation of the National Data Asset and on Certain Services, which adopted the previous rules, including the provisions of Act LXIII of 2012 on the Re-use of Public Data. The new law strengthens the role of the National Data Assets Council from 2024 and will also introduce a system of sanctions from 2026.
P24;"Do you update your policy/strategy as appropriate to ensure its success, such as based on data collected for monitoring?

For explanation:
* If yes, please describe the process and any recent updates made to strategy/policy";new question;new question;Change;No;Article 8 of Act CI of 2023 provides for the authority of the Minister responsible for the implementation of the national data asset management to decide on strategic issues related to the implementation of the national data asset management. Pursuant to Section 9 of the mentioned Act, the National Data Assets Council prepares decisions and makes proposals. Although not regulated by law, the National Data Assets Board obviously monitors the development of the implementation of the strategic objectives and collects data for the preparation of decisions. This process is not yet in place, as the drafting provisions of the National Data Protection Act have not yet entered into force in their entirety and the National Data Protection Board has not yet started its work.
P25;"Are there any processes in place to assess if public sector bodies are charging for data above marginal cost? (please see directive (EU) 2019/1024 on open data and the reuse of public sector information).

For Explanation:
* If yes, please specify the process(es).";yes;The National Data Asset Inventory is currently being set up. In the process, contacts have been made with a number of public sector organisations. Their work with the National Data Asset Management Agency will also include the mapping of data which are charged for a fee. A full picture of this is not yet available.;Change;No;"The National Data Asset Inventory is being set up. In this process, a number of public sector organisations have been contacted.
On 13 December 2023, the Hungarian Parliament adopted a new law, Act CI of 2023 on the System of the Utilisation of National Data Assets and on Certain Services, which took over the previous rules, including the provisions of Act LXIII of 2012 on the Reutilisation of Public Data. Under the new law, public bodies are obliged to notify the National Data Asset Management Agency if they charge fees in excess of the marginal cost. The National Data Asset Management Agency will aggregate these notifications and publish a list of notifications on the National Open Data Portal.

The National Data Asset Inventory and its role in assessing whether public sector bodies are charging data above marginal cost is currently not in place."
P26-a;"What are the top 3 challenges that your country is facing in the implementation of the mentioned open data policies/strategy?

For Explanation:
* Please briefly describe.";N/A;"The National Open Data Portal has been launched and datasets are also published on the site. However, the following challenges remain real:
1. New and immature regulatory environment
2. Lack of open data publishing, lack of open data mindset, lack of data interoperability (like lack of DCAT-AP compliance)
3. Public sector bodies charge for data, however those data should be openly avalaible. The problem is that some public sector bodies need that kind of income.";Confirm;N/A;
P26-b;"Are there activities in place to address these challenges in your country (e.g. with specific national/regional/local plans or initiatives)?

For Explanation:
* If yes, please briefly describe the measures that you have adopted or plan to adopt to address these challenges. 
* If no, please specifiy what is hampering finding a strategic approach to solve these challenges.";yes;With the adoption of Act No. XCI. of 2021 on the National Data Asset, the National Data Asset Management Agency was established in its new form to set up and operate the National Open Data Portal to support the publication of open data. The National Data Asset Council's annual reports are expected to encourage less active players to join the open data sharing ecosystem.;Complement;;"On 13 December 2023, the Hungarian Parliament adopted a new law, Act CI of 2023 on the System for the Utilisation of National Data Assets and on Certain Services, which adopted the previous rules, including the provisions of Act LXIII of 2012 on the Reutilisation of Public Data.
From 2024, the new law will expand the functions of the National Open Data Portal and  introduce a harmonized complex regulation."
P27;"Are there any activities in place to assist data holders with publishing their data as open data (i.e. to help them with the data opening process)?

For Explanation:
* If yes, please describe/provide examples of these activities.";new question;new question;Change;Yes;"On 13 December 2023, the Hungarian Parliament adopted a new law, Act CI of 2023 on the System for the Utilisation of National Data Assets and Certain Services, which incorporated the previous regulations, including the provisions of Act LXIII of 2012 on the Re-use of Public Data.
Under the new law, the National Data Asset Management Agency provides a single information point and contact service. As part of this service, the Agency publishes information on re-use for all public bodies on the National Public Data Portal. Additionally, the Agency offers a centralised publication service, through which it publishes open data sets."
P28;"Is there a professional development or training plan for civil servants working with data in your country? 

For Explanation:
* If yes, please briefly describe these training activities.";yes;"The National University of Public Service provides education and trainging programmes for civil servants in data science.
There is a Data Science major at the Faculty of Informatics of the University of Debrecen. https://inf.unideb.hu/en/data-science-msc-0
There is a Data Science major at the Technical Informatics Faculty of Pannon University. https://mik.uni-pannon.hu/en/

Response to Reviewer 2:

Yes, the mentioned tranining programmes are also available to civil servants who can earn certification. As a result of the training, civil servants graduate from the university with such background knowledge.
Besides, as part of the Recovery and Resilience Facility) (RRF) project, e-learning and curriculum-based training are being developed for civil servants. This initiative aims to facilitate data-driven decision-making, including data visualizations and data analyses, in collaboration with the National University of Public Service.";Complement;;"The National University of Public Service provides education and trainging programmes for civil servants in data science.
There is a Data Science major at the Faculty of Informatics of the University of Debrecen. https://inf.unideb.hu/en/data-science-msc-0
There is a Data Science major at the Technical Informatics Faculty of Pannon University. https://mik.uni-pannon.hu/en/
University of Pécs offers an online training on the legal framework for public data re-use.
https://projects.pte.hu/en/node/344
There is a Data Science in Health master's program at the Health Services Management Training Centre of Semmelweis University. 
https://semmelweis.hu/emk/oktatas/mesterkepzes/egeszsegugyi-adattudomany-msc/

The mentioned tranining programmes are also available to civil servants who can earn certification. As a result of the training, civil servants graduate from the university with such background knowledge.
Besides, as part of the Recovery and Resilience Facility) (RRF) project, e-learning and curriculum-based training are being developed for civil servants. This initiative aims to facilitate data-driven decision-making, including data visualizations and data analyses, in collaboration with the National University of Public Service.

The new law,  Act CI of 2023 on the System for the Utilisation of National Data Assets and Certain Services introduces a system of Chief Data Officers (CDOs), who will be responsible for mapping the data assets belonging to public bodies and for uploading and updating their registries and catalogues in the National Data Asset Inventory. Training courses will be organized in the framework of the CDO system."
P29;"Are there annually held national, regional or local events (e.g. hackathons, courses, conferences, users meet-ups, summer/winter schools) to promote open data and open data literacy in your country beyond the target group of public servants? 
 
For Explanation:
* If yes, please provide examples (e.g. title, date, location of the event and URL).";yes, >9;"The Digital Success Programme holds several events anually in the digitalization subject, they are promoting open data in way.
https://digitalisjoletprogram.hu/hu/rendezvenyek
One of them is the Digital Public Administration Summit (DPAS). 
https://digitalisjoletprogram.hu/hu/hirek/digital-public-administration-summit-a-digitalizacio-nem-valasztas-kerdese

The Infotér Association organises professional events regularly to promote open data and the government's infocommunication policy plays a key role in these conferences. The last Infoparlament conference took place on the 9th June 2022 where the last round-table discussion was dedicated to data centric topics: https://infoparlament.infoter.eu/?page=program

https://infoter.hu/rendezvenyek
https://infoparlament.infoter.eu/

Almost all of the universities concerned hold regular hackathons, courses, conferences meet-ups to promote open data and open data literacy. 
University of Technology and Economics of Budapest https://www.bme.hu/esemenyek and https://www.bme.hu/hirek/20230428/Milyen_jovo_var_rank_a_ChatGPT_es_a_chatbotok_vilagban
Semmelweis University https://semmelweis.hu/emk/2023/04/13/ime-adatvezerelt-egeszseg-es-kiberbiztonsag-konferencia/
Eötvös Loránd University Faculty of Informatics https://www.elte.hu/content/manufactoring-konferencia-az-elte-n.t.27096";Complement;;"The Digital Success Programme holds several events anually in the digitalization subject, they are promoting open data in way.
https://digitalisjoletprogram.hu/hu/rendezvenyek
One of them is the Digital Public Administration Summit (DPAS). 
https://digitalisjoletprogram.hu/hu/hirek/digital-public-administration-summit-a-digitalizacio-nem-valasztas-kerdese

The Infotér Association organises professional events regularly to promote open data and the government's infocommunication policy plays a key role in these conferences. The last Infotér conference took place in June October 2023.The last Infoparlament conference took place on the 9th June 2023 where the last round-table discussion was dedicated to data centric topics: 
https://konferencia.infoter.eu/en/
https://infoter.hu/rendezvenyek
https://infoparlament.infoter.eu/

Almost all of the universities concerned hold regular hackathons, courses, conferences meet-ups to promote open data and open data literacy. 
University of Technology and Economics of Budapest https://www.bme.hu/esemenyek and https://www.bme.hu/hirek/20230428/Milyen_jovo_var_rank_a_ChatGPT_es_a_chatbotok_vilagban
Semmelweis University https://semmelweis.hu/emk/2023/04/13/ime-adatvezerelt-egeszseg-es-kiberbiztonsag-konferencia/
Eötvös Loránd University Faculty of Informatics https://www.elte.hu/content/manufactoring-konferencia-az-elte-n.t.27096

The first Data Day was held on March 21, 2024, at Pázmány Péter Catholic University. The aim of the conference and forum is to provide a framework for an informal professional discussion about the domestic implications of the EU's latest data strategy regulations. The conference aims to invite and encourage dialogue and joint thinking among stakeholders in the EU, state, non-state, and academic spheres involved in data governance, telecommunications, and digital services. The conference was particularly timely because the Act CI of 2023 on the system for the utilization of national data assets and certain services came into effect on April 1, 2024."
PT1;"Is there a national portal in your country for that enables users to search for open datasets and find where to download open data? 

For Explanation:
* If yes, please provide the URL of the national portal.";yes;https://kozadatportal.hu/;Confirm;;
PT2;"For Explanation:
* What is the technology stack of your portal (e.g. based on uData, CKAN, etc.)";new question;new question;Change;;The technology stack of our national portal is based on CKAN.
PT3;"Does the national portal offer to its users a way to programmatically query the metadata via an API?

For Explanation:
* If yes, please provide the direct-URL to this feature.";new question;new question;Change;Yes;"On the national portal it is possible to find on the left hand side, under API there are RDF, JSON TTL for example. 
https://kozadatportal.hu/dataset/dff5a066-c68c-4135-87ec-b915bd5d4ce9
The following link is an example to JSON: https://kozadatportal.hu/dataset/dff5a066-c68c-4135-87ec-b915bd5d4ce9.jsonld"
PT4;"Does the national portal offer to its users a way to programmatically query the metadata via a SPARQL access point?

For Explanation:
* If yes, please provide the direct-URL to this feature.";new question;new question;Change;No;"On the national portal you can find it on the left hand side, under API there are RDF, JSON TTL for example. 
https://kozadatportal.hu/dataset/dff5a066-c68c-4135-87ec-b915bd5d4ce9
This link is an example to RDF: 
https://kozadatportal.hu/dataset/dff5a066-c68c-4135-87ec-b915bd5d4ce9.rdf

No, we do not have a SPARQL access point."
PT5;"Does the national portal offer/link to documentation on the use of APIs?

For Explanation:
* If yes, please provide the direct-URL to this feature.  ";new question;new question;Change;Yes;"Yes, the national portal offers documentation on the use of APIs, which can be accessed on the following link: https://kozadatportal.hu/dataset/
Once the link is open, it shows the datasets. After scrolling down the page a hyperlink to API documentation in English may be found which leads to the following link: https://docs.ckan.org/en/2.9/api/"
PT6;"Does the national portal offer/link to documentation on the use of SPARQL? 

For Explanation:
* If yes, please provide the direct-URL to this feature.  ";new question;new question;Change;No;
PT7;"Does the national portal provide functionality for users to contribute datasets they have produced or enriched? 

For explanation:
* If yes, please (1) explain how  the portal facilitate the linking of documentation and supporting materials to these user-contributed datasets and (2) provide the direct-URL to this feature.";new question;new question;Change;No;The national portal does not provide functionality for users to contribute datasets they have produced or enriched. We believe that public data authoroties should be the sole providers of data to ensure its quality and reliability.
PT8;"Does the national portal offer a mechanism for users to provide general feedback, such  a 'Contact us' or 'Feedback' button that is placed in a visible spot and would allows users to send a general comment concerning the portal?

For Explanation:
* If yes, please provide the direct-URL to this feature or describe how this functionality is provided.";yes;"Everybody can send a general comment concerning the portal via the contact page.
https://kozadatportal.hu/contact";Confirm;;
PT9;"Does the national portal offer a mechanism for users to provide feedback on specific datasets, such as a 'feedback button' or a comment/discussion section under the dataset?

For Explanation:
* If yes, please provide the direct-URL to this feature or describe how this functionality is provided.";No;"Users can provide a feedback by contacting us or using the five-star level rating, which can be found at the bottom of the page. 
https://kozadatportal.hu/dataset/dff5a066-c68c-4135-87ec-b915bd5d4ce9
https://kozadatportal.hu/contact";Confirm;;
PT10;"Does the national portal provide a mechanism for users to rate datasets?

For Explanation:
* If yes, please provide the direct-URL to this feature or describe how this functionality is provided.";yes;Users can rate the datasets using the five-star level rating at the bottom of the page. https://kozadatportal.hu/dataset/dff5a066-c68c-4135-87ec-b915bd5d4ce9;Confirm;;
PT11;"Does the national portal enable users to find information and news on relevant open data topics in the country?

For Explanation:
* If yes, please provide the direct-URL to this feature.  ";yes;Visitors of the portal can find news related to the portal and open data topics here: https://kozadatportal.hu/news;Confirm;;
PT12;"Does the national portal offer the possibility for users to receive notifications when new datasets are available on the national portal (RSS, ATOM feeds, email notifications etc.)?

For Explanation:
* If yes, please provide the direct-URL to this feature.  ";yes;"Here you can find the RRS which sends you notification aboout new datasets uploaded to the portal.
https://kozadatportal.hu/dataset/
https://kozadatportal.hu/feeds/dataset.atom";Confirm;;
PT13;"Does the national portal enable users to request datasets, such as through a ""request data"" button? 

For Explanation:
* If yes, please provide the direct-URL to this feature or describe how this functionality is provided.";No;"All users have the option to request datasets by mail, which must be sent to the e-mail address found in the contact information.
https://kozadatportal.hu/contact";Confirm;;
PT14;"Are requests for datasets and their progress status presented in a transparent manner on the national portal? 

For Explanation:
* If yes, please provide the direct-URL to this feature.  ";no;;Confirm;;
PT15;"Does the team monitor the extent to which requests (either via the portal or otherwise) result in the publication of the requested data?

For Explanation:
* If yes, please describe how this monitoring is conducted.";no;;Confirm;;
PT16;"Does the national portal offer a mechanism for users to exchange with others, such as a discussion forum?

For Explanation:
* If yes, please provide the direct-URL to this feature or describe how this functionality is provided.";no;;Confirm;;
PT17;"Does the national portal showcase reuse cases, such as in a designated section of the portal?

For Explanation:
* If yes, please provide the direct-URL to this feature. ";yes;https://kozadatportal.hu/showcase/;Confirm;;
PT18;"Does the national portal reference the datasets that the showcased reuse cases are based on (i.e. there is a link between the reuse case in the showcase and the underlying dataset on the portal)?

For Explanation:
* If yes, please provide the URL to this feature/to an example documenting this feature.";yes;"If you check a selected showcase, scroll down and you can see the used datasets, these datasets also can be found on the portal. 
https://kozadatportal.hu/showcase/ 
https://kozadatportal.hu/showcase/16aa43d2-b8b5-4d22-8aa8-5196888f4b9c";Confirm;;
PT19;"Does the national portal provide the possibility for users to submit their own reuse cases?

For Explanation:
* If yes, please provide the direct-URL to this feature. ";no;;Confirm;;
PT20;"Does the national portal offer a preview function for tabular data?

For Explanation:
* If yes, please provide the URL to an example documenting this feature.";no;;Confirm;;
PT21;"Does the national portal offer a preview function for geospatial data?

For Explanation:
* If yes, please provide the URL to an example documenting this feature.";no;;Confirm;;
PT22;"Do you promote high-value datastes on your national portal (e.g. use filtering features for reusers to easily find such datasets, use editorial features to promote the datasets, etc.))?

For Explanation:
* If yes, please specify how and highlight challenges if any. 
* If you are an EFTA or a candidate country to the EU, please select 'not applicable'.";new question;new question;Change;Yes;Users have the option to filter by the six subcategories of high-value datasets in the type field before searching on the https://kozadatportal.hu/publicdata site (e.g. geospatial, Earth observation and environment, meteorological, statistics, companies and company ownership, and mobility).
PT23;"Do you monitor the portal's traffic (e.g. in terms of number of unique visitors, visitor profiles, percentage of machine traffic, number of downloads according to the number of datasets etc.)? 

For Explanation:
* If yes, which tool(s) do you use?";yes;We currently use the analytics features of Piwik PRO to monitor the volume of unique and returning visitors to the Portal, the devices from which they access the site and the number of downloads of datasets.;Confirm;;
PT24;"Do you run analytics on API usage?

For Explanation:
* If yes, please briefly (1) describe your process and (2) how you use the insights to improve the portal";no ;N/A;Confirm;;
PT25;"Besides monitoring portal traffic, do you perform any further activities to better understand the behaviour and needs of users of your portal (e.g. web analytics, surveys, or analysis of social media feeds)?

For Explanation:
* If yes, please (1) specify the activities and explain (2) how they help you understand user needs";yes;With Piwik PRO we can gain insight into statistical data about our users. After the launch of the Portal, we also plan to use qualitative methods (user interviews, usability tests) to assess our visitors' impressions and missing content/functional needs regarding our portal. ;Change;Yes;With Piwik PRO we can gain insight into statistical data about our users.
PT26;"Do you used the insights about portal usage and about the behaviour and needs of portal users to improve the portal accordingly?

For Explanation:
* If yes, please explain your process for improving the portal based on user insights and feedback
* If relevant, kindly highlight some improvements made in the past year";new question;new question;Change;Yes;With the PiwikPro, we monitor the most visited pages, internal searches and downloads which allows us to better understand users' behaviour and needs. With such a knowledge, we can assure the longterm update of the portal.
PT27;"Do you undertake any activities to promote the portal and attract new users or new audiences?

For explanation:
* If yes, please (1) explain what activities your perform, and (2) mention if these activities are directed at any specific target audience (e.g. business, public sector, academia, etc.)";new question;new question;Change;Yes;Within the framework of the Cooperation Agreements, regular sessions are held for data providers.
PT28;"Do you monitor what keywords are used to search for data and content on the portal?

For Explanation:
* If yes, please briefly (1) describe your process and (2) how you use the insights to improve the portal";new question;new question;Change;Yes;The most searched keywords are the following: local government, MÁV (Hungarian State Railways), land transport, railway transport, ministry.
PT29;"Do you monitor the most and least consulted pages?

For Explanation:
* If yes, please briefly (1) describe your process and (2) how you use the insights to improve the portal
* For informational purposes, kindly provide the URLs to the five most popular datasets on the portal";new question;new question;Change;Yes;"With the PiwikPro, we can monitor the most and least consulted pages.
Most consulted 5 pages:
1= https://kozadatportal.hu/
2= https://kozadatportal.hu/publicdata
3= https://kozadatportal.hu/dataset
4= https://opendata.gov.hu/
5= https://kozadatportal.hu/about

Least consulted 5 pages:
1= https://kozadatportal.hu/pages/jogok-es-kotelezettsegek/
2= https://kozadatportal.hu/organization/
3= https://kozadatportal.hu/knowledgebase
4= https://opendata.gov.hu/news
5= https://kozadatportal.hu/showcase"
PT30;"Do you take measures to optimise the search and discoverability of content (data and editorial)? 

For Explanation:
*If yes, please briefly describe how your optimise the search";yes;"The metadata of our datasets are DCAT-AP compliant and therefore we have supported the search interfaces of our portal with search options and filtering criteria that allow our users to find datasets more easily along the descriptors of a DCAT-AP.

Response to Reviewer 2: 

Regarding the portal, there is a search and filtering function based on the main metadata provided for narrowing down the search results, such as: organization, topic, tags, format, etc. The search results can be further refined through free-text search as desired. These functionalities are currently satisfactory in line with national requirements. The metadata of datasets can be exported in bulk from the interface in both .xlsx and .rdf formats for any user.";Confirm;;
PT31;"Is the metadata on your portal available in clear plain language to enable both humans and machines to read and understand it? 

For Explanation:
*If yes, please provide the URL to an example documenting this feature.";yes;;Change;Yes;"The national portal has a general page that disclaims each metadata type: https://kozadatportal.hu/dcatdocs
Here is an example record where the aforementioned general metadata types are filled out.: https://kozadatportal.hu/publicdata/show?id=15789934-000004"
PT32;"To what degree do public sector data providers contribute data to the portal? 

For Explanation:
*Please describe what is the agreed approach.
* If less than the majority of data providers, please briefly explain why (e.g. technical incompatibilities, governance aspects, low awareness etc.).";approximately half of the public sector data providers;In our case it is less than majority of data providers because of certain governance aspects and also low awareness.;Confirm;;
PT33;Do you identify the data providers that are not yet publishing data on the national portal?;yes, or all public sector data providers already publish data;N/A;Confirm;;N/A
PT34;"Were there concrete actions taken to assist these data providers with their publication process?

For Explanation:
* If yes, could you provide some examples of the actions taken in this regard.";yes, or all public sector data providers already publish data;The concrete actions are that the national open data portal  was mde public in December of 2022, furthermore according to the Act No. XCI of 2021 on the National Data Asset, which was follow up by the Government Decree No. 607/2021 (XI. 5.) on certain detailed rules related to the utilisation of national data assets- the National Data Asset Management Agency can actually contact any of the public data management body and ask for data provision.;Complement;;"Yes, the Act XCI on National Data Asset and the Government Decree No. 607/2021. (XI. 5.) on certain detailed rules related to the utilisation of national data assets defines the rules regarding the National Open Data Portal which is the core element of the re-use of public data. The National Data Portal was made public in December 2022.
On 13 December 2023, the Hungarian Parliament adopted a new law, Act CI of 2023 on the System for the Utilisation of National Data Assets and Certain Services, which incorporated the previous regulations, including the provisions of Act LXIII of 2012 on the Re-use of Public Data. In accordance with the new law, the National Data Asset Management Agency, as the operator of the National Data Portal, may contact any body performing public functions and ask for data provision.
In addition, the new law expands the functions of the National Open Data Portal."
PT35;"Besides the national open data portal, are there other regional and local portals? 

For Explanation:
* If yes, please provide a complete list and the links to these portals.";yes;Open data portal of city of Debrecen - https://opendata.debrecen.hu/;Confirm;;
PT36;"Are regional and local portals listed above and their data sources discoverable via the national portal? 

For Explanation:
* If not applicable, please briefly explain why. ";no;;Confirm;;
PT37;"To what degree are  regional and local sources harvested automatically? 

For Explanation:
* If less than the majority of existing sources is harvested by the national portal, please briefly explain why.                        
* If not applicable, please briefly explain why. ";;;Change;None of the datasets;The previously developed portal did not allow for automatic data loading. Additionally, the systems of the data providers do not enable data harvesting of sufficient quality and cleanliness. As a result, we currently only check the metadata of the uploaded data that is suitable for machine verification (e.g., data access URL). As part of the planned future portal development, we will explore the possibilities of data harvesting.
PT38;"Does the national portal include datasets that are real-time or dynamic?

For Explanation:
* If yes, please provide URLs to real-time and/or dynamic data featured via the national portal. ";no;;Confirm;;
PT39;"Does the national portal provide a way for non-official data (i.e. not stemming from official sources, such as community-sourced/citizen-generated data) to be published? 

For Explanation:
* If yes, please explain how non-official data is distiguished for offical data (e.g. using a different section of the portal or tags) 
* And please provide a URL to an example of a non-official dataset on the portal ";new question;new question;Change;No;
PT40;"Does the national portal allow users to see what data exists but cannot be made available as open data?

For Explanation:
* If yes, please (1) provide the URL to an example and (2) briefly describe the approach used to ensure this transparency.";yes;The users can overview what data exist but cannot be made available as open data int the dedicated subpage: https://kozadatportal.hu/publicdata;Confirm;;
PT41;"Does the national portal have a strategy to ensure its sustainability?

For Explanation:
* If yes, please (1) provide the URL to this document and (2) describe the main measures to keep the portal running in the long-term and continue to serve its audience";new question;new question;Change;Yes;"Yes, the Act XCI of 2021 on the National Data Asset which was in effect until 31 March 2024, defines the rules regarding the National Open Data Portal as an information platform. The main actor of this process is the National Data Asset Management Agency as the maintainer of the national portal.
On 13 December 2023, the Hungarian Parliament adopted a new Act, Act CI of 2023 on the System for the Utilisation of the National Data Asset and on Certain Services, which adopted the previous rules, including the provisions of Act LXIII of 2012 on the Re-use of Public Data.
https://njt.hu/jogszabaly/2023-101-00-00.0#FEI
Hungary’s Artificial Intelligence Strategy also ensure its sustainability. https://digitalisjoletprogram.hu/publications/mi_strategy_en/#page=1"
PT42;"Is your national portal active on social media? 

For Explanation:
* If yes, please provide the URL(s) to your social media accounts. ";no;;Confirm;;
PT43;"Are the portal’s source code and relevant documentation and artefacts made available to the public (e.g. on platforms such as GitHub or GitLab)?

For Explanation:
*If yes, please provide the (1) platform name and (2) the URL to the portal’s account on this platform.";yes;It can be found on GitHub: https://github.com/NAVU-Kft/nationalopendataportal;Confirm;;
PT44;"Do you monitor the characteristics of the data published on the portal, such as the distribution across categories, static vs. real-time data and how these change over time?

For Explanation:
* If yes, please provide the direct-URL to this feature";no;;Confirm;;
PT45;"Does this monitoring enable the portal team and/or data providers to take action to improve their performance on the national portal?

For Explanation:
* If yes, please (1) explain how and (2) if applicable provide the direct-URL to this feature.";no;;Confirm;;
Q1;"Is there a pre-defined approach to ensure that metadata is kept up-to-date?

For Explanation:
* If yes, please briefly describe your approach.";yes;We use the UIPath RPA tool to monitor the up-to-date status of our datasets on the Portal. We correct the metadat with the help of data managers if they are no longer up-to-date.;Confirm;;
Q2;"What percentage of the metadata on the national portal is obtained from the source automatically, rather than edited manually? 

For Explanation:
* Please describe (1) the workflows you have to automate the harvesting of metadata and (2) for which types of data these apply to";new question;new question;Change;<30%;None of the data is automatically harvested.
Q3;"What is the average delay from the moment the metadata describing a dataset is updated at the source, and the moment the change is visible on the portal?

For Explanation:
* Please explain the approach for updating metadata in a timely manner";new question;new question;Change;Within one day;The changes are sent to us by the organizations, which are immediately checked and updated by a dedicated specialist. After saving and publishing the modifications, they appear immediately on the portal as they are directly updated in the database or in the JSON files used by the portal.
Q4;"Do you undertake efforts to ensure that published data covers the full period from when it was first published until today, for example,the complete time series?

For Explanation:
* If yes, please explain the measures in place to ensure complete series of datasets";new question;new question;Change;Yes;We check for changes in the data published on the portal, including temporal coverage. In case of any gaps, we contact the data provider organization.
Q5;"Have you implemented the DCAT-AP High Value Datasets (semiceu.github.io) tag to denote the High-Value Datasets in your (national) open data portal(s)?

For Explanation:
* If yes, please specify how and highlight challenges if any.
* If you are an EFTA or a candidate country to the EU, please select 'not applicable'.";new question;new question;Change;No;
Q6;"Besides the DCAT-AP tag mentioned above, have you implemented any other measures to ensure that high-value datasets ((EU) 2023/138) are interoperable with datasets of other country?

For Explanation:
* If yes, please specify how and highlight challenges if any.
* If you are an EFTA or a candidate country to the EU, please select 'not applicable'.";new question;new question;Change;Yes;The metadata filters indicating high-value datasets, as well as the metadata themselves, are displayed on the portal.
Q7;"Do you monitor the quality of the metadata available on your portal?

For Explanation:
* If yes, please briefly explain how this monitoring takes place. 
* If applicable, please provide the URL to this monitoring mechanism.";yes;"Yes, we use the Metadata Quality Assurance methotology to monitor the quality of the metadata and publish the result via the National Open Data Portal. 
https://data.europa.eu/mqa/methodology?locale=en ";Confirm;;
Q8;"Do you publish information on the quality of the metadata available on the portal?

For Explanation:
* If yes, please provide the URL to this section. ";yes;"We use the Metadata Quality Assessment (MQA) methodology to assess the quality of the metadata available on the portal. 
The result is published on the portal: https://kozadatportal.hu/news/a-nemzeti-kozadatportal-metaadatainak-minosegertekelese 
The metadata can be downloaded from the page of datasets: https://kozadatportal.hu/dataset/ ";Confirm;;
Q9;"Do you publish guidelines (e.g. written materials) and have tools in place, to assist publishers in publishing high-quality metadata? 

For Explanation:
* If yes, please (1) briefly describe this material and (2) provide the URLs to these materials and/or tools.";new question;new question;Change;Yes;"The portal provides E-learning materials in order to educate users and help them to use the portal for their needs. The E-learning: Module 4 is about the need of licence. On the following link you can find the Knowledge base site and the E-learning site.
Knowledge base: https://kozadatportal.hu/knowledgebase"
Q10;"Do you set any standards on metadata quality that data providers must abide by (e.g. on the use of licence, minimum metadata describes, use of certain DCAT-AP properties, etc)

For Explanation:
* If yes, please describe the standards you have in place, i.e. what is minimum information the metadata should describe ";new question;new question;Change;Yes;"The mandatory metadata to be filled out can be found in the documentation on the following page:
https://kozadatportal.hu/dcatdocs"
Q11;"Do your open data publication/licensing guidelines provide recommendations for the use of Creative Commons (CC) licences, specifically CC BY 4.0 and CC0?

For Explanation:
* If yes, is this mandatory (e.g. prescribed by law) or recommended?
* Please provide a URL link to the guidelines";new question;new question;Change;No;
Q12;What percentage of the open data available on the national portal is accompanied by licensing information? ;>90%;N/A;Confirm;;N/A
Q13;How many different licences are used on your portal?;1-4;N/A;Confirm;;N/A
Q14;"Besides providing guidelines, are there regular activities conducted or mechanisms in place to  assist publishers in supplying high-quality datasets (metadata quality and data quality)?

For Explanation:
* If yes, please explain the support you provide?";new question;new question;Change;No;"Pursuant to Act CI of 2023 on the System for the Utilisation of the National Data Asset and on Certain Services data providers are obliged to provide  datasets in machine-readable formats (xlsx, csv) to the Open Data Portal instead of making cooperation agreements.

Data providers can contact the colleagues of the National Data Asset Management Agency via email with any problems or questions, and the thex will do their best to respond promptly and accurately. Additionally, the National Open Data Portal provides detailed guidance on the correct and high-quality uploading of Datasets, Data Services, and Catalogue Records."
Q15;"Does the national portal follow the DCAT-AP framework or, if not, are standards in place to ensure interoperability with DCAT-AP?

For explanation:
* If the  portal follow the DCAT-AP framework, please describe how compliance with DCAT-AP is ensured
* If the portal does not follow the DCAT-AP framework, please describe how interoperability with DCAT-AP is ensured";new question;new question;Change;Yes;"The portal uses the DCAT-AP framework. Data providers can submit data in this format, and the related descriptions can be found on the following page:

https://kozadatportal.hu/dcatdocs

Additionally, the portal references the DCAT-AP documentation at the above link. The National Data Asset Management Agency is in continuous contact with the data holders through cooperation agreement."
Q16;What is the percentage of metadata on your portal that is DCAT-AP compliant, in terms of mandatory classes? (agent, catalogue, dataset, literal, resource);>90%;;Confirm;;N/A
Q17;What is the percentage of metadata on your portal that uses DCAT-AP recommended classes? (category, category scheme, distribution, licence document);>90%;;Confirm;;N/A
Q18;What is the percentage of metadata on your portal that uses DCAT-AP optional classes? (catalogue record, checksum, document, frequency);>90%;;Confirm;;N/A
Q19;"Is there a national extension of the DCAT-AP standard developed for your country? 

For Explanation:
* If yes, please (1) briefly outline the reasons for this decision, and (2) what the main differences between the national variation and the EU standard are.
* If applicable, please provide the URL to the documentation of the national DCAT-AP extension.";yes;"The National Data Asset Management Agency has created the strucutre of the National Data Asset Inventory based on DCAT-AP to fulfil its statutory responsibilities, and has added additional attributes to ensure that it can successfully perform its tasks. Such added attributes include: legal obligations, fields supporting data analysis.
The National Data Asset Inventory is explained in the No. 607/2021 (XI. 5.) Government Decree on certain detailed rules relating to the use of national data at 12.§.";Confirm;;
Q20;"Do you investigate the most common causes for the lack of DCAT-AP compliance?

For Explanation:
* If yes, what are the main causes for the lack of DCAT-AP compliance?";new question;new question;Change;Yes;"These are the main causes for the lack of DCAT-AP compliance:
1. New and immature regulatory environment
2. Lack of open data publishing, lack of open data mindset, lack of data interoperability (like lack of DCAT-AP compliance)
3. Public sector bodies charge for data, however those data should be openly avalaible. The problem is that some public sector bodies need that kind of income."
Q21;What is the percentage of datasets whose metadata provides a reference to where the data can be downloaded, or its API accessed (“download-URL” in the DCAT-AP specification)?;>90%;N/A;Confirm;;N/A
Q22;What is the percentage of datasets whose metadata provides a reference to a web page from where the data can be accessed (“access-URL in the DCAT-AP specification)?;>90%;N/A;Confirm;;N/A
Q23;"Do you use a model (such as the 5-Star Open Data or FAIR) to assess the quality of deployment of data in your country?

For Explanation:
* If yes, please briefly describe.";no ;;Confirm;;
Q24;"Do you conduct activities to promote and familiarise data providers with ways to ensure higher quality data?

For Explanation:
* If yes, please briefly describe.";yes;The National Data Asset Management Agency has developed the National Data Asset Inventory structure shared with collaborating agencies to ensure a consistent high quality of data is shared on the Portal.;Confirm;;
Q25;What percentage of datasets are made available under an open licence? ;<10%;N/A;Confirm;;N/A
Q26;What percentage of licences are provided in a structured data format?;<10%;N/A;Confirm;;N/A
Q27;What percentage of datasets are provided in an open and machine-readable format?;>90%;N/A;Confirm;;N/A
Q28;What percentage of datasets consistely use Uniform Resource Identifiers?;>90%;N/A;Confirm;;N/A
Q29;What percentage of datasets link to other renowned sources to provide additional context for the users, e.g. in a linked data fashion?;10-30%;N/A;Change;<10%;N/A
I1;"Do you have a definition of open data reuse in your country?
 
For Explanation:
* If yes, please specify it.";yes;"The definition of open dat re-use can be found in Act No. LXIII. of 2012 on the re-use of public data 4.§ points 8-9. It is also included in the National Open Data Portal's disclaimer, it containes the list of glossary: https://kozadatportal.hu/disclaimers 

Response to Reviewer 2: 

Translated definition of open data reuse: 
8. reuse: the use of public data or public cultural data for a commercial or non-commercial purpose that is outside the original goal for which the data were produced, as defined by the law imposing the performance of the public task within the framework of the performance of the public task;
9. making available for reuse purposes: providing access to the requester for public data or cultural public data that allows the requested data to be reused by the requester, including, in particular, the one-time or periodic transfer of data on data carriers or electronically, providing direct access to the database containing the data, and any other access method that does not conflict with any other legislation, as agreed upon by the public sector body and the requester in the reuse agreement;";Complement;;"The definition of open data re-use can be found in Artile 2, point 35 of the Act CI of 2023 on the System for Utilisatioln of National Data Assets and Certain Services. 
The translated definition of open data re-use is the following:
35. re-use: related to national data asset
 (a) in case of protected data, re-use as defined in point 2 of Article 2 of the Data Governance Act,
b) the use of public data or cultural public data for commercial or non-commercial purposes that fall outside the original objective arising from the legislation prescribing the performance of the public task within which the data was produced;
https://njt.hu/jogszabaly/2023-101-00-00.0#PR"
I2;"Are there any processes in place to monitor the level of reuse of your country's open data?
 
For Explanation:
* If yes, please (1) briefly describe these processes and (2) provide the URLs to support the answer.";yes;"After the National Data Asset Management Agency has been established, one of the main purposes of the Agency is to promote and facilitate the re-use of open data. In doing so, the Agency leads the development of Hungary's National Open Data Portal, where the number of views and downloads on the portal and analytics data shows the level of re-use of the country's open data.
The XCI Act of 2021 on National Data Asset (National Data Asset Act) and its implementing decree, the Government Decree 607/2021 (XI. 5.) on certain detailed rules related to the use of national data assets define the data analysis, data provision and information service tasks of the National Data Asset Management Agency. To perform these tasks, the National Data Asset Management Agency Limited Liability Company was established, which is responsible for the development and implementation of the general principles of national data asset management, the operation of the National Public Data Portal, the creation and maintenance of the public data register and the inventory of national data asset, while contributing to the fulfilment of the requirements under Act LXII of 2012 on the re-use of public data (Public Data Act).
URL: https://net.jogtar.hu/jogszabaly?docid=a2100091.tv
https://net.jogtar.hu/jogszabaly?docid=A2100607.KOR
https://net.jogtar.hu/jogszabaly?docid=a1200063.tv
https://kozadatportal.hu/dataset/";Complement;;"Following the creation of the National Data Asset Management Agency, one of the main objectives of the Agency is to promote and facilitate the re-use of open data. In doing so, the Agency is leading the development of Hungary's National Open Data Portal, where the number of views and downloads on the portal and analytics data shows the level of re-use of the country's open data.
From 1 July 2021, the data analysis, data provision and information provision tasks of the Agency were defined by Act XCI of 2021 on National Data Assets (National Data Assets Act) and its implementing decree, Government Decree 607/2021 (XI. 5.) on certain detailed rules related to the use of national data assets. However, this regulation was substantially amended in 2023 due to the entry into force of the European Union Data Governance Regulation (Regulation (EU) 2022/868). At the end of last year, the Hungarian Parliament adopted the Act CI of 2023 on the System for Utilisation of National Data Assets and Certain Services. The law designated the Agency as the Single Information Point and Competent Body.
The CI Act of 2023 will enter into force gradually, but already on 1 January 2023 it incorporated the Hungarian Act LXIII of 2012 on the re-use of public data, which transposed the previous EU PSI Directive (now the Open Data Directive). The new Act partly strengthened the tasks of the Agency and partly gave it new tasks, while it remains responsible for the development and implementation of the general principles of national data management, the operation of the National Open Data Portal, the establishment and maintenance of the Public Data Register and the National Data Asset Inventory, and contributes to the fulfilment of the corresponding requirements.
https://njt.hu/jogszabaly/2023-101-00-00.0#PR
https://kozadatportal.hu/dataset/"
I3;"Are there any activities in place to encourage public bodies to monitor the reuse of their own published data (e.g. incentives or obligations in place for public bodies or civil servants of national government)?
 
For Explanation:
* If yes, please (1) briefly describe these activities/incentives and (2) provide the URLs to support the answer.";yes;"The partners of National Data Asset Management Agency with a cooperation agreement are obliged to do so. Futhermore based on the Act No. XCI. of 2021 on the National Data Asset along with the National Open Data Portal we are planning to develop data management awareness, and after that there will be more detailed directions for it.
URL: https://net.jogtar.hu/jogszabaly?docid=a2100091.tv
https://kozadatportal.hu/";Complement;;"Partners of the National Data Asset Management Agency with a cooperation agreement are obliged to do so. In addition, under the Act CI of 2023 on the System of Utilisation of National Data Assets and Certain Services, we plan to work with the National Open Data Portal to develop data management awareness, and more detailed guidance will follow.
It is worth noting that Article 15 of the CI Act 2023 requires all public bodies with 250 or more employees to have a Chief Data Officer (CDO) from 1 July 2024. While for smaller bodies, the appointment of officers who must provide, inter alia, professional coordination and methodological support to the Agency. It is in the framework of this coordination and methodological activity that the Agency can support public bodies to monitor the further use of their data. 
https://njt.hu/jogszabaly/2023-101-00-00.0#PR
https://kozadatportal.hu/"
I4;"Does your country have processes in place to monitor and measure the level of reuse of high-value datasets ((EU) 2023/138)?
 
For Explanation:
* If yes, please specify how and highlight challenges if any. 
* If you are an EFTA or a candidate country to the EU, please select 'not applicable'.";new question;new question;Change;Yes;"Governmental bodies can monitor the availability of further use of high-value datasets primarily through the National Open Data Portal, for which the provision of metadata is made mandatory for all public bodies by Act CI of 2023. The National Data Asset Management Agency also provides a single information point and contact service on the National Open Data Portal, where requests for the re-use of high-value data sets can be submitted. From 2026 onwards, the Agency will also be able to provide its own high value datasets of public sector bodies through the National Data Platform service. Finally, the Agenxy may provide a number of data use support services, as defined in the new law, which require the re-use of some or all of the high-value data sets. All these services allow the level of actual re-use to be measured. (See  Article 68 of the CI Act 2023.)
https://njt.hu/jogszabaly/2023-101-00-00.0#PR"
I5;"Has your government specified what 'impact of open data' means (e.g. in a strategy document)?
 
For Explanation:
* If yes, how do you define the impact of open data in your country? 
* If possible, please provide a URL to a public document describing it.";yes;"The Chapter 3.1.2 of the White Paper on the National Data Policy of Hungary summerizes the social and economical advantage, impact and importance of open data. 
URL: https://www.magyary.hu/wp-content/uploads/2019/09/Adatpolitikai_feher_konyv_201608-1_EN_20161121.pdf
There is no exact definition of the impact of open data, but the document contains a list and examples about the impact, such as: 

""The accessibility to public sector data and the services re-using public sector data have a significant impact of improving competitiveness, attracting capital as well as leverage leading to increasing employment and tax income.""

""Removing the barriers of re-use gives a boost to a new sector - the data sector - that increases employment and produces tax income.""

""Re-use services satisfy important social needs what increases social welfare""";Confirm;;
I6;"Do you have a methodology in place to measure the impact of open data in your country?
 
For Explanation:
* If yes, please briefly describe the key points of this methodology.";no;;Change;Yes;In the framework of an EU project (See: RRF-9.6.1-21-2023-00001 project, https://navu.hu/europai-unios-palyazatok), the National Data Asset Management Agency, in cooperation with the University of Debrecen, started to conduct 30 ex ante and 40 ex post impact assessments in 2023, for which it prepared its own methodology. The majority of the analyses are based on open access data. The methodology can also be used to analyse the impacts of open access.
I7;"Is there collaboration between government and civil society or academia to create open data impact in your country?

For Explanation:
* If yes, please provide an example
* If possible, URLs to such projects and collaborations.";yes;"The National Data Asset Management Agency has established official partnership with the National University of Public Service in the field of network research capabilities in the public administation.

The Career Tracking System also serves as a good exemple for collaboration between government and academia to create open data impact. 
https://www.diplomantul.hu/

At the Infotér13 Conference in 2022 there were lots of governmental and civil organization, companies as participants.  This may be the biggest collaborating event between government and civil actors. The highlighted themes were:  Data & artificial intelligence, Digitization of the economy, E-public administration, Network development, IT security, Digital agriculture, National space strategy. https://konferencia.infoter.eu/";Complement;;"The National Data Asset Management Agency has entered into a formal partnership with the National University of Public Service in the area of public administration network research capabilities. As part of this, training of around 200 government officials will start in the second half of 2024 under an EU project (See project RRF-9.6.1-21-2023-00001, https://navu.hu/europai-unios-palyazatok).

In addition, NAVÜ will work closely with the University of Debrecen, where a team of nearly 10 PhD students will help to carry out ex-post impact analyses on important social and economic, digitalisation and environmental sustainability issues. Information on 70 of these analyses will be published in the first half of 2025 on the National Open Data Portal operated by the Agency in the framework of the RRF project mentioned above.

The National Education Office's career tracking system is also a good example of collaboration between government and higher education to create the impact of open data.
https://www.diplomantul.hu/"
I8;"Have any public bodies in your country launched or performed any activities in the past year to understand which and how (open) datasets are reused?

For Explanation:
* If yes, which of the following activities?
* Multiple answers are possible.";yes;N/A;Confirm;Yes;N/A
I8-a;Automated feedback mechanisms tracking users´ access to datasets;new question;new question;Change;No;
I8-b;Surveys;new question;new question;Change;No;
I8-c;Interviews/workshops with reusers;new question;new question;Change;No;
I8-d;Other;new question;new question;Change;Yes;From 2024, the statutory task of the National Data Agency will be the continuous monitoring of the use of public data (see: Act CI of 2023, Article 1 subsection (1) point (b) and Article 8 subsection (2) point f) and Article 19).
I9;"Have any public bodies in your country launched or performed any activities in the past year to better understand reusers' needs in order to further stimulate the reuse of open data?

For Explanation:
* If yes, which of the following activities have been performed? Please describe how the activity has helped you better stimulate reuse.
* Multiple answers are possible.";yes;N/A;Change;Yes;N/A
I9-a;Regular feedback sessions with portal users ;new question;new question;Change;Yes;The National Agency for Data Assets Management regularly monitors the visit data of the National Public Data Portal set up under the National Data Assets Act (Act XCI of 2021) and the new National Data Assets Utilisation Act (Act CI of 2023). In this context, it analyses user comments and questions posted to the portal. In addition, the Agency is in continuous consultation (through small workshops) with some 70 governmental bodies with whom it has concluded partnership cooperation agreements. In the course of this, it is continuously discussing issues and user needs related to the further use of data and the functioning of the public data portal.
I9-b;Social media sentiment analysis ;new question;new question;Change;No;
I9-c;Other;new question;new question;Change;No;
I10;"Have any public bodies in your country developed any systematic way of gathering reuse cases?

For Explanation:
* If yes, please provide a brief explanation of the process: How does the gathering happen? ";yes;"Yes, an important functions of the National Open Data Portal, developed and operated by the National Data Asset Management Agency, is the collection and publication of applications and visualisations to systematically collect showcases/examples of re-use. The Agency collects the re-use cases from public authorities through cooperation agreements. 
https://kozadatportal.hu/showcase/";Confirm;;
I11;"Are there any public bodies in your country that have developed a systematic ways of classifying the gathered reuse cases?

For Explanation:
* If yes, please provide a brief explanation of the process: According to which categories are reuse cases classified (e.g. by policy field)?";yes;"Yes, the National Data Asset Management Agency collects applications and visualisations displayed on the National Open Data Portal. Those cases are classified in the same categories as the datasets according to the EU Data Themes. 
https://kozadatportal.hu/showcase/ (Please refresh the page if it doesn't show on the first try.)";Confirm;;
I12;"Is any data on the impact created by open data on governmental challenges (e.g. efficiency, effectiveness, transparency, decision-making capacity) available in your country such as from research studies, impact assessments, or other systematic investigations that quantify the results or broader effects of open data being reused?

For Explanation:
* If yes, please (1) specify what kind of data source proves this impact and (2) provide the URLs to this data.";yes;"In Hungary we always look closely at the annual results of the Digital Economy and Society Index (hereinafter: DESI) and the Open Data Maturity Report. These two European Union surveys, which are based on a uniform methodology, always give a good picture of our current results, our own progress compared to last year, and our progress in international comparisons. The Hungarian government looks closely at the results of these and acts accordingly to improve itself on these surveys. This is the biggest impact created by open data on governmental challenges in the country as of now. Our devotion to these surveys also can be seen in the National Digitalization Strategy, the creation of the strategy was partially based on the DESI survey and its results, it is visble on its structure and concepts used.

Certain open datasets are continuously utilized by government employees, clearly making their work more efficient and effective. These include:
The authentic collection of currently effective legal regulations in electronic form in Hungary, the National Legal Database which assists in everyday legal application. It can be used free of charge. Access to the more detailed database requires registration, but it is also free and available to anyone (https://njt.hu/). The database has multiple layers such as central and municipal regulations, explanations, international agreements, English translations.
The following publication on smart legislative methods provides a summary on the situation and opportunities of quality law-making for local local authorities.
https://tudasportal.uni-nke.hu/xmlui/bitstream/handle/20.500.12944/15885/Okos%20jogalkotasi%20modszerek.pdf?sequence=1
In the central and local government decision making processes, employees also regularly use the Statistics Tables of the Central Statistical Office (https://www.ksh.hu/stadat) to support decisions with facts and figures, and to prepare impact analyses.
http://real.mtak.hu/104945/1/lencses.pdf
https://joallamjelentes.uni-nke.hu/

Response to Reviewer 2:

The National Data Asset Management Agency also receives inquiries from organizations seeking assistance in utilizing and recycling open data for the development of research topics or decision-making processes. Based on open data, the National Data Asset Management Agency conducts analyses for both market players and government entities, contributing to resource allocation or investment decisions. A concrete example is the preparation of higher education data analysis, which serves as a basis for government planning regarding higher education financing. Another example is a university collaboration, where the National Data Asset Management Agency assisted in supporting research related to diseases.";Complement;;"In the framework of an EU project (See: RRF-9.6.1-21-2023-00001 project, https://navu.hu/europai-unios-palyazatok), the National Data Asset Management Agency, in cooperation with the University of Debrecen, started to conduct 30 ex ante and 40 ex post impact assessments in 2023, for which it prepared its own methodology. The majority of the analyses are based on open access data. The methodology can also be used to analyse the impacts of open access.

Certain open datasets are continuously utilized by government employees, clearly making their work more efficient and effective. These include:
The authentic collection of currently effective legal regulations in electronic form in Hungary, the National Legal Database which assists in everyday legal application. It can be used free of charge. Access to the more detailed database requires registration, but it is also free and available to anyone (https://njt.hu/). The database has multiple layers such as central and municipal regulations, explanations, international agreements, English translations.
The following publication on smart legislative methods provides a summary on the situation and opportunities of quality law-making for local local authorities.
https://tudasportal.uni-nke.hu/xmlui/bitstream/handle/20.500.12944/15885/Okos%20jogalkotasi%20modszerek.pdf?sequence=1
In the central and local government decision making processes, employees also regularly use the Statistics Tables of the Central Statistical Office (https://www.ksh.hu/stadat) to support decisions with facts and figures, and to prepare impact analyses.
http://real.mtak.hu/104945/1/lencses.pdf
https://joallamjelentes.uni-nke.hu/"
I13;"Is the use of open data in your country having an impact on the efficiency and effectiveness of the government (at any level) in delivering public services? 

For Explanation:
* If yes, please provide an example of one reuse case. For this reuse case, please provide (1) a URL to the reuse case, (2) a URL to the open dataset used by the reuse case, and (3) a description of the reuse case and its impact in this sub-domain.";new question;new question;Change;Yes;"Within the framework of an EU project (see RRF-9.6.1-21-2023-00001 project, https://navu.hu/europai-unios-palyazatok), the National Data Asset Management Agency, in cooperation with the University of Debrecen, started to carry out 30 ex ante and 40 ex post impact assessments in 2023, for which it has prepared its own methodology. 

The methodology will be made available to around 200 government officials in autumn 2024 in a wide-ranging training course organised by the National University of Public Service. Most of the analyses that can be carried out under the methodology are based on open access data, which closely support data-driven governance."
I14;"Is the use of open data in your country having an impact on transparency and accountability of public administrations?

For Explanation:
* If yes, please provide an example of one reuse case. For this reuse case, please provide (1) a URL to the reuse case, (2) a URL to the open dataset used by the reuse case, and (3) a description of the reuse case and its impact in this sub-domain.";new question;new question;Change;Yes;"As we mentioned last year, there is a slight difference in approaches here. In Hungarian law open data means the “classic” transparency regime where the operation of the public bodies must be transparent, and all data related to this must be freely accessible. Hungary made large efforts in this field. We have one of the strongest Freedom of Information Act in the EU. The law obliges public bodies to publish certain information on themselves on their websites in a certain structure. In this regard, yes, open data made a huge impact on transparency, since a lot of information is available freely on internet on the operation of the public sector. PSI re-use, however, is a different topic, also different in legal terms. Freedom of information does not cover accessibility of public databases or datasets. A different law, a different regime is applied for PSI re-use. When we are speaking about data policy, this focuses mainly and almost exclusively for re-use related questions and has no direct effect of “classic” transparency or FOI issues. Therefore while there can be an indirect link between FOI and re-use, FOI has a constitutional, re-use has a socio-economical nature meaning that one can not direct affect the other.  

The following exemple promote the transparency and accountability of public administration: 

2. Electronic Procurement System:  https://ekr.gov.hu/portal/kezdolap - public procurment data available

The uniformed publication of open data (from the National Open Data Portal) does contribute to improving transparency and accountability in Hungary as well."
I15;"Is the use of open data in your country having an impact on policy-making processes (i.e. are public administrations making use of the data as evidence for the problem identification and policy formulation)? 

For Explanation:
* If yes, please provide an example of one reuse case. For this reuse case, please provide (1) a URL to the reuse case, (2) a URL to the open dataset used by the reuse case, and (3) a description of the reuse case and its impact in this sub-domain.";new question;new question;Change;Yes;"Within the framework of an EU project (see RRF-9.6.1-21-2023-00001 project, https://navu.hu/europai-unios-palyazatok), the National Data Asset Management Agency, in cooperation with the University of Debrecen, started to carry out 30 ex ante and 40 ex post impact assessments in 2023, for which it has prepared its own methodology.

The methodology will be made available to around 200 government officials in autumn 2024 in a wide-ranging training course organised by the National University of Public Service. Most of the analyses that can be carried out under the methodology are based on open access data, which closely support data-driven governance."
I16;"Is the use of open data in your country having an impact on decision-making processes (i.e. are public administrations making use of the data as evidence to be included in their daily operations)?

For Explanation:
* If yes, please provide an example of one reuse case. For this reuse case, please provide (1) a URL to the reuse case, (2) a URL to the open dataset used by the reuse case, and (3) a description of the reuse case and its impact in this sub-domain.";new question;new question;Change;Yes;"Within the framework of an EU project (see RRF-9.6.1-21-2023-00001 project, https://navu.hu/europai-unios-palyazatok), the National Data Asset Management Agency, in cooperation with the University of Debrecen, started to carry out 30 ex ante and 40 ex post impact assessments in 2023, for which it has prepared its own methodology.

The mentioned 30 ex ante impact assessments will assist in the preparation of specific government decisions pending in 2024. The identification of some of these proposals will be carried out in close cooperation with the staff of the Government Office of the Prime Minister's Cabinet Office and the Ministry of Justice, which is responsible for the legislation (project consortium).
Most of the analyses that can be carried out based on the methodology are based on open access data, which closely support data-driven governance. These data-driven government proposals can have a significant impact on social, economic, digital and environmental sustainability."
I17;"Is any data on the impact created by open data on social challenges (e.g. inequality, healthcare, education) available in your country such as from research studies, impact assessments, or other systematic investigations that quantify the results or broader effects of open data being reused?

For Explanation:
* If yes, please (1) specify what kind of data source proves this impact and (2) provide the URLs to this data.";No;"In Hungary we always look closely at the annual results of the Digital Economy and Society Index (hereinafter: DESI) and the Open Data Maturity Report. These two European Union surveys, which are based on a uniform methodology, always give a good picture of our current results, our own progress compared to last year, and our progress in international comparisons. The Hungarian government looks closely at the results of these and acts accordingly to improve itself on these surveys. This is the biggest impact created by open data on governmental challenges in the country as of now. Our devotion to these surveys also can be seen in the National Digitalization Strategy, the creation of the strategy was partially based on the DESI survey and its results, it is visble on its structure and concepts used.

An example regarding the impact created by open data in the Hungarian education system is the MTA SZTAKI KOPI Plagiarism Search Portal, which has been used free of charge by Hungarian higher education institutions for more than a decade to check the authenticity of papers and theses written by students. The essence of KOPI is that teachers can easily compare the written works of students with the text of assignments uploaded into the system, as well as with the content of other open databases and internet publications. At some universities, the results of KOPI plagiarism screening must be attached to the thesis. In case the measure of textual similarity with another piece of writing is over 10% the thesis will be rejected. (https://kopi.sztaki.hu/)
https://eprints.sztaki.hu/8019/1/if2014_submission_26.pdf
https://eprints.sztaki.hu/5691/";Confirm;;
I18;"Is the use of open data in your country having an impact on society´s ability to reduce inequality and better include minorities, migrants, and/or refugees? 

For Explanation:
* If yes, please provide an example of one reuse case. For this reuse case, please provide (1) a URL to the reuse case, (2) a URL to the open dataset used by the reuse case, and (3) a description of the reuse case and its impact in this sub-domain.";new question;new question;Change;Yes;Yes. For example, the Central Statistical Office regularly publishes open data comparing the wealth and income conditions of people living in disadvantaged areas with those in more developed regions, or studies that track identifiable anomalies in the wages of women and men. These studies, which are widely known, provide important guidance for employers and policy makers and contribute to reducing the pay gap (see https://www.ksh.hu/interaktiv/eurostat/womenmen/bloc-2d.html).
I19;"Is the use of open data in your country having an impact on issues about housing in urban areas? 

For Explanation:
* If yes, please provide an example of one reuse case. For this reuse case, please provide (1) a URL to the reuse case, (2) a URL to the open dataset used by the reuse case, and (3) a description of the reuse case and its impact in this sub-domain.";new question;new question;Change;Yes;"Yes, the Central Statistical Office's Real Estate Database, which also has open data that can be downloaded and used for further purposes, is suitable for this purpose: https://www.ksh.hu/s/ingatlanadattar/archivum. 

Use case e.g.: https://privatbankar.hu/cikkek/ingatlan/mennyit-er-az-ingatlanom-balatonakarattya-mar-dragabb-mint-fured-vagy-tihany.html"
I20;"Is the use of open data in your country having an impact on the issues of health and wellbeing? 

For Explanation:
* If yes, please provide an example of one reuse case. For this reuse case, please provide (1) a URL to the reuse case, (2) a URL to the open dataset used by the reuse case, and (3) a description of the reuse case and its impact in this sub-domain.";new question;new question;Change;Yes;"Yes, the thematic page of the Central Statistical Office ""We can do something for our health"", which also contains open data that can be downloaded and used for further purposes: https://www.ksh.hu/docs/hun/xftp/idoszaki/elef/te_2019/index.html 

The website of the National Centre for Public Health and Pharmacy, set up on 1 August 2023 following the merger of two institutions, also provides useful open data. For example, monitoring of viruses in the composition of waste water or information on pollen causing allergic complaints (https://www.nnk.gov.hu/)"
I21;"Is the use of open data in your country having an impact on the society´s level of education and skills (e.g. data literacy)?

For Explanation:
* If yes, please provide an example of one reuse case. For this reuse case, please provide (1) a URL to the reuse case, (2) a URL to the open dataset used by the reuse case, and (3) a description of the reuse case and its impact in this sub-domain.";new question;new question;Change;Yes;"Yes, the Central Statistical Office's thematic website ""Digital literacy, Sustainable Development Goals"" is a good place to start: https://www.ksh.hu/sdg/1-23-sdg-4.html 
A particularly good example of the impact of open data is the Graduate Career Pathway System run by the Education Authority, which makes a significant contribution to informed higher education career choices by publishing data such as expected salary bands and gender distribution. The open data thus made available will help to ensure an appropriate quality of higher education choices.
https://www.diplomantul.hu/"
I22;"Is any data on the impact created by open data on environmental challenges (e.g. climate change and environmental degradation, as highlighted in the Eurpean Green Deal) available in your country such as from research studies, impact assessments, or other systematic investigations that quantify the results or broader effects of open data being reused?

For Explanation:
* If yes, please specify (1)  what kind of data source proves this impact and (2) provide the URLs to this data.";No;"Yes, there are a number of applications available to users that contribute to the development of responses to environmental challenges by publishing open data. Examples include:  
1. Noise Map: https://zajterkepek.hu/index.html  
2. National Environmental Protection Information System: http://web.okir.hu/sse/?group=KAR  
3. National Climate Protection Authority: https://nemzetiklimavedelmihatosag.kormany.hu/kereso.php  
https://legszennyezettseg.met.hu/  

The following article about the mapped, interactive display of geological data on the web using open-source tools is an example of impact created by open data related to environmental challenges:
http://epa.niif.hu/03200/03288/00002/pdf/EPA03288_geodezia_kartografia_2017_2_034-037.pdf";Complement;;"Yes, there are a number of applications available to users that contribute to the development of responses to environmental challenges by publishing open data. Examples include:  
1. Noise Map: https://zajterkepek.hu/index.html  
2. National Environmental Protection Information System: http://web.okir.hu/sse/?group=KAR  
3. National Climate Protection Authority: https://nemzetiklimavedelmihatosag.kormany.hu/kereso.php  
https://legszennyezettseg.met.hu/  

The following article about the mapped, interactive display of geological data on the web using open-source tools is an example of impact created by open data related to environmental challenges:
http://epa.niif.hu/03200/03288/00002/pdf/EPA03288_geodezia_kartografia_2017_2_034-037.pdf

The website of the National Centre for Public Health and Pharmacy, set up on 1 August 2023 following the merger of two institutions, also provides useful open data. For example, monitoring of viruses in the composition of waste water or information on pollen causing allergic complaints (https://www.nnk.gov.hu/)

Within the framework of an EU project (see RRF-9.6.1-21-2023-00001 project, https://navu.hu/europai-unios-palyazatok), the National Data Asset Management Agency, in cooperation with the University of Debrecen, started to carry out 30 ex ante and 40 ex post impact assessments in 2023, for which it has prepared its own methodology. Among the impact assessment tasks we can mention more that refers to climate change, green energy forestry and fishery issues."
I23;"Is the use of open data in your country having an impact on the level of protection of biodiversity (e.g. maintaining a good air and water quality)? 

For Explanation:
* If yes, please provide an example of one reuse case. For this reuse case, please provide (1) a URL to the reuse case, (2) a URL to the open dataset used by the reuse case, and (3) a description of the reuse case and its impact in this sub-domain.";new question;new question;Change;Yes;"For example the following open data solution contributes to biodiversity conservation: Data published and available from the National Centre for Public Health on the status of water and air quality: https://www.nnk.gov.hu/index.php/terkepes-informaciok 

Within the framework of an EU project (see RRF-9.6.1-21-2023-00001 project, https://navu.hu/europai-unios-palyazatok), the National Data Asset Management Agency, in cooperation with the University of Debrecen, started to carry out 30 ex ante and 40 ex post impact assessments in 2023, for which it has prepared its own methodology. Among the impact assessment tasks we can mention more that refers to climate change, green energy forestry and fishery issues."
I24;"Is the use of open data in your country having an impact on the achievement of more environment-friendly cities (e.g., environment-friendly transport systems, waste management etc.)? 

For Explanation:
* If yes, please provide an example of one reuse case. For this reuse case, please provide (1) a URL to the reuse case, (2) a URL to the open dataset used by the reuse case, and (3) a description of the reuse case and its impact in this sub-domain.";new question;new question;Change;Yes;"The Government launched a mobile app to report illegally placed waste: https://hulladekradar.hu/ 

In Hungary, registers on urban development and urban policies are managed by the Lechner Knowledge Centre that ephasis on green transition and digitalisation. To this end, it makes available various methodologies and research data, e.g. on smart city developments in Hungary, with a lot of environmental data. E.g.:
https://lechnerkozpont.hu/cikk/mar-1000-jo-gyakorlat-kozott-lehet-bongeszni-az-okos-varos-peldatarban
https://lechnerkozpont.hu/cikk/europai-varosfejlesztesi-jo-gyakorlatok-sikeres-adaptacioja"
I25;"Is the use of open data in your country having an impact on the fight against climate change, for example by undertaking predictive monitoring, preventive actions, or a differentiated response to connected disasters?

For Explanation:
* If yes, please provide an example of one reuse case. For this reuse case, please provide (1) a URL to the reuse case, (2) a URL to the open dataset used by the reuse case, and (3) a description of the reuse case and its impact in this sub-domain.";new question;new question;Change;Yes;"The National Chamber of Agriculture launched the creation of a weather forecasting system based on instantly updated data at the end of 2023, and the development of a free phone application for Chamber members, which can, for example, predict damage caused by ice, drought and inland water.  

See:
https://www.nak.hu/szolgaltatasok/jeger"
I26;"Is the use of open data in your country having an impact on the consumption of energy based on fuel and the switch to renewables? 

For Explanation:
* If yes, please provide an example of one reuse case. For this reuse case, please provide (1) a URL to the reuse case, (2) a URL to the open dataset used by the reuse case, and (3) a description of the reuse case and its impact in this sub-domain.";new question;new question;Change;Yes;"The National Data Asset Management Agency 

In Hungary, the role of solar photovoltaic systems in the annual energy mix has increased significantly in recent years. Small power plants of less than 0.5 megawatts, which supply green electricity to MAVIR Hungarian Electricity Transmission System Operator Ltd. through so-called dispatching, play an important role in this. The scheduling of power plants is mainly carried out by market companies (e.g. EWISER Forecast, ALTEO-Sinergy, eNET-NRGY Forecast etc.) on the basis of open access metorological data and their own experience. The importance of their service is that a bonus scheme has enabled generators to reduce their balancing energy costs by 5-7% in recent years. This has also contributed significantly to the success of the state's mandatory green power transfer ('KÁT') scheme, to the fact that the amount of solar energy generated is increasing by almost 10% year on year and that the 6.5 Gigawatts of installed capacity set in Hungary's National Energy and Climate Plan will be available in 2026 instead of 2030.

https://ewiser.ai/
https://enet.hu/energetikai-tanacsadas/
https://alteo.hu/ezt-tesszuk/menetrendezes/
https://g7.hu/tech/20220211/a-magyar-napelemek-mar-paksot-is-lepipaljak/

Indicators of sustainable development in Hungary, 2022 – Sustainable Development Goals (SDG): https://www.ksh.hu/apps/shop.kiadvany?p_kiadvany_id=1078774#utm_source=kshhu&utm_medium=banner&utm_campaign=theme-energiagazdalkodas"
I27;"Is any data on the economic impact (e.g. GDP, employment, productivity, innovation,  new businesses created etc.) of open data available in your country such as from research studies, impact assessments, or other systematic investigations that quantify the results or broader effects of open data being reused?

For Explanation:
* If yes, please specify what kind of data source proves this impact and provide the URLs to this data.

";No;"The economic impact of open data can be seen in the following two strategies:
Research, Development and Innovation Strategy of Hungary (2021–2030) Link: https://nkfih.gov.hu/hivatalrol/strategia-alkotas/kutatasi-fejlesztesi-innovacios-strategia 
The vision of Hungary's Research, Development and Innovation Strategy between 2021 and 2030 is a knowledge-based, balanced, sustainable economy and society capable of creating high added value in all areas of the country, and the achievement of this vision is supported by the Government with the tools of the Research, Development and Innovation policy.
The Vocational training 4.0 strategy. Link: https://www.nive.hu/index.php?option=com_content&view=article&id=1024&Itemid=166 
The long-term plan is primarily based on the creation of an attractive learning environment and infrastructure, the provision of career opportunities and the professional work of instructors with up-to-date knowledge. It introduces the concept of the technical school, which is a 5-year training course that becomes the entrance hall of higher engineering education, and also announces a broad scholarship program for all students studying vocational education. Vocational training 4.0 lays the foundation for the possibility of creating sectoral training centers and also opens the door to the use of digital teaching materials to a large extent.";Confirm;;
I28;"Is the use of open data in your country having an impact on the level of employment? 

For Explanation:
* If yes, please provide an example of one reuse case. For this reuse case, please provide (1) a URL to the reuse case, (2) a URL to the open dataset used by the reuse case, and (3) a description of the reuse case and its impact in this sub-domain.";new question;new question;Change;Yes;"The Graduate Career Tracker (https://www.diplomantul.hu/) run by the Education Authority is an excellent example of the impact of open data on the labour market. The system shows which careers can be pursued with which tertiary qualifications, which includes gender ratios and expected wages. The system has made career choices in Hungary more informed and helps to properly track the career paths of tertiary educated workers. 

The Central Statistical Office's thematic website ""Labour Force"" is a good starting point: https://www.ksh.hu/munkaero 

The National Employment Service website also provides useful information on national data collection and measurement (https://www.munka.hu/).

"
I29;"Is the use of open data in your country having an impact on the level of innovation and the adoption of new technologies? 

For Explanation:
* If yes, please provide an example of one reuse case. For this reuse case, please provide (1) a URL to the reuse case, (2) a URL to the open dataset used by the reuse case, and (3) a description of the reuse case and its impact in this sub-domain.";new question;new question;Change;No;"The databases of the National Intellectual Property Office (SZTNH) (https://www.sztnh.gov.hu/hu/hogyan-tajekozodhatok-a-honlapon/adatbazisok) are publicly searchable, which has a significant positive impact on innovation and the uptake of new technologies. However, their data are not accessible via API and are therefore not suitable for further use in this form.

The economic impact of open data can be seen in the following two strategies:
Research, Development and Innovation Strategy of Hungary (2021–2030) Link: https://nkfih.gov.hu/hivatalrol/strategia-alkotas/kutatasi-fejlesztesi-innovacios-strategia 
The vision of Hungary's Research, Development and Innovation Strategy between 2021 and 2030 is a knowledge-based, balanced, sustainable economy and society capable of creating high added value in all areas of the country, and the achievement of this vision is supported by the Government with the tools of the Research, Development and Innovation policy.
The Vocational training 4.0 strategy. Link: https://www.nive.hu/index.php?option=com_content&view=article&id=1024&Itemid=166 
The long-term plan is primarily based on the creation of an attractive learning environment and infrastructure, the provision of career opportunities and the professional work of instructors with up-to-date knowledge. It introduces the concept of the technical school, which is a 5-year training course that becomes the entrance hall of higher engineering education, and also announces a broad scholarship program for all students studying vocational education. Vocational training 4.0 lays the foundation for the possibility of creating sectoral training centers and also opens the door to the use of digital teaching materials to a large extent."
I30;"Is the use of open data in your country having an impact on the level of entrepreneurship (especially of women and minorities) and business creation (especially with Small- and Medium-sized Enterprises)? 

For Explanation:
* If yes, please provide an example of one reuse case. For this reuse case, please provide (1) a URL to the reuse case, (2) a URL to the open dataset used by the reuse case, and (3) a description of the reuse case and its impact in this sub-domain.";new question;new question;Change;No;"The site of the Hungarian Chamber of Commerce and Industry provide information for business creation.
https://mkik.hu/en
The datasets published by the Hungarian Central Statistical Office assure the impact of data on entrepreneurship.
https://www.ksh.hu/business-units-and-non-profit-organisations

The Central Statistical Office's thematic website ""Company monitor"" is a good starting point: https://www.ksh.hu/heti-monitor/vallalkozasok.html 

In addition to this, Company data in Hungary are public and can be downloaded free of charge (https://www.e-cegjegyzek.hu/), which has a significant positive impact on the willingness to register. However, they cannot be downloaded as a database and are not accessible via API, so they are not yet suitable for further use in this form.
"
I31;"Is the use of open data in your country having an impact on the level of productivity? 

For Explanation:
* If yes, please provide an example of one reuse case. For this reuse case, please provide (1) a URL to the reuse case, (2) a URL to the open dataset used by the reuse case, and (3) a description of the reuse case and its impact in this sub-domain.";new question;new question;Change;Yes;"The Central Statistical Office's thematic website ""Labour force's productivity"" is a good starting point: https://www.ksh.hu/sdg/4-7-sdg-8.html
The thematic website ""Resource Productivity"" on changes in resource productivity and its components (DMC and GDP) maintained by the Hungarian Central Statistical Office (https://www.ksh.hu/ffi/3-31.html) is also a useful reference in this respect."