ID;Question;Answer from 2023;Explanation from 2023;Confirm, change or complement answer/explanation from 2023;Provide updated answer (if applicable);Provide updated explanation (if applicable)
P1;"Is there a national open data policy in your country and, if your country is an EU Member State, does this include a national legislation for the transposition of the Open Data Directive?

For Explanation:
* If yes, please provide (1) the URL and (2) title of the policy document and (3) briefly describe.
* If ‘other’, please provide (1) a brief explanation to support your answer choice and (2) provide the URL and indicate the policy section which explicitly references open data.";yes;"The Open Data Directive was transposed into Irish Law on July 22nd 2021 through Statutory Instrument 376/2021, the European Union (Open Data and Re-use of Public Sector Information) Regulations 2021.  These regulations fully transposed the Directive in to Irish law.  They also include the request regime for accessing open datasets and the appeals process a requester can utilise if they are not provided with the data requested. SI 376/2021 is the basis for Irish Government policy on open data.
The regulations may be accessed at https://www.irishstatutebook.ie/eli/2021/si/376/made/en/html

An official government Circular which provides instructions and guidance for all public service organisations on implementing the Open Data Directive was issued in December 2021.  This Circular sets out the actions public bodies and public utilities need to carry out to meet their obligations under the Directive.  Circular 20/2021 – Open Data Directive https://www.gov.ie/en/circular/523a7-circular-202021-open-data-directive/  

Our Open Data policy is to encourage and drive the publication, uptake and use of Open Data and in doing so add value to the economy by increasing transparency, stimulating new business applications, building trust in Government and improving the lives of citizens by delivering better services.
This is being achieved by:
• Encouraging the release of all appropriate high value government data as Open Data by default 
• Building a value driven economy by making it publicly available and freely reusable 
• Engaging with a broad community of stakeholders to promote and encourage the use of Open Data";Confirm;;
P2;"Is there a national open data strategy in your country?

For Explanation:
* If yes, please provide (1) the URL to the strategy and (2) describe the main highlights.  
* If 'not applicable', please provide (1) a brief explanation to support your answer choice and provide (2) the URL and indicate the policy section which explicitly references objectives, actions/measures, delivery timelines etc.";yes;"During 2022 a series of public consultations in the form of Townhall meetings and professional consultations with our open data network were held to guage the priorities to be included in the next open data strategy.  These priorities are included in the draft strategy currently being reviewed.  This strategy will be published as 'THE IRISH OPEN DATA STRATEGY 2023-2027' later in 2023.
Until then, the current open data strategy remains operational and is accessible at;  https://data.gov.ie/uploads/page_images/2018-03-07-114306.063816Final-Strategy-online-version1.pdf 
The national Open Data Strategy for 2017-2022 was published in July 2017. The vision is for Ireland to be a leader in Open Data and to create an environment where the economic, social and democratic benefits of Open Data are recognised and realised. Two core objectives of the Strategy are the publication of high value government data in open format, making it publicly available and freely reusable; and engaging with a broad community of stakeholders to promote its social and economic benefits. 
The Strategy sets out actions under seven strategic themes: 
- broaden the range of public bodies actively engaged in the Open Data initiative; 
- broaden the scope of the Initiative and improve the quality, quantity and range of datasets available on the Portal data.gov.ie; 
- continued engagement with stakeholders and encourage the use of Open Data; 
- support and encourage various groups of Open Data Users, 
- the provision of a framework to support and train public bodies in their Open Data activities; 
- evaluation of the impacts and benefits of the Initiative; and
- ensuring that effective governance structures are in place to implement the Strategy.
The necessary actions to achieve the objectives of the Strategy are set out in an Implementation Plan which specifies the responsible body for each action and a timeframe for delivery. 

Our Open Data Strategy is closely aligned with other key government priorities and associated policies including:
• Public Service Reform Programme
   Connecting Government 2030: A digital and ICT Strategy for Ireland's Public Service
• Public Service Data Strategy 2019-2023
• Data Sharing and Governance Act 2019
• National Data Infrastructure
- Freedon of Information 2014

*******The national Digital Strategy published in February 2022 ********

The Public Service Data Strategy 2019-2023 underpins the Open Data Strategy and states that high quality and well-governed data, accessible by third parties through an API-first, interoperable architecture, will further drive increases in the availability and value of open data in Ireland.
https://www.gov.ie/en/publication/1d6bc7-public-service-data-strategy-2019-2023/";Change;Yes;"Here is the link to Ireland's latest Open Data Strategy 2023-2027 

https://data.gov.ie/docs/Open.Data.Strategy_FINAL_ENG.pdf 

This Open Data Strategy 2023-2027 lays 
out how we can build on progress to date 
and ensure the better use of data across 
businesses, government, civil society and 
individuals. It seeks to maintain the high 
level of Open Data use set during the 
pandemic, and to enable the use of Open 
Data to innovate, experiment and drive a 
new era of growth. 
The strategy provides a framework for 
the actions the Public Service will take 
on Open Data over the next five years. 
Opportunities are laid out across three 
pillars for unlocking the power of Open 
Data in Ireland. Guiding goals and actions 
are provided for 1. data publishers, 2. the 
development of the Open Data platform 
and 3. for data users. 

The strategy lays out Ireland's Open Data Vision and Mission. Our Vision: Creating easy access to high quality government data,  promoting trust and stimulating innovation.
Our Mission :To continue to strengthen our networks and improve communications between our data publishers and users to ensure the transparency, quality and relevance of Open Data. 

The Strategy also lays out Open Data Principles and Values, The Benefits of Open Data, what Open Data looks like in action, our Stakeholder Engagement, Evaluation and Governance and Public Sector Achievments since the first strategy."
P3;"Is there an open data policy/strategy at regional or local level?

For Explanation:
* If yes, please (1) provide the URL and (2) title of the document(s) and (3) briefly describe.";yes;"Local Authorities (https://data.fingal.ie/ ; https://data.corkcity.ie/)
EPA (https://data.epa.ie/api-list/wfd-open-data/)
OSI (https://irishriverproject.com/2023/02/17/osi-open-data-strategy/)
Met Eireann (https://www.met.ie/cms/assets/uploads/2017/08/Met_Eireann_Strategy_2017-2027.pdf)
Tusla (https://www.tusla.ie/uploads/content/Tusla_Data_Management_Strategy_2019-2022.pdf)
Dept. of Housing
CSO (https://www.cso.ie/en/media/csoie/releasespublications/documents/corporatepublications/CSO_Statement_Of_Strategy_2020-2023.pdf)";Complement;Yes;"Irelands's Fourth Open Government Partnership National Action Plan

https://www.gov.ie/en/publication/163db-irelands-fourth-open-government-national-action-plan-2023-2025/ One of this plans major commitments is to Open Data.

Department of Transport
Data Strategy
2024-2030 contains many commitments to Open Data Throughout

https://www.gov.ie/pdf/?file=https://assets.gov.ie/291948/23e611f0-f3ff-4729-b0ff-0a43375ea8b7.pdf#page=null

‘Young Ireland: National Policy Framework for Children and Young People 2023-2028’ at 2023 Child Summit

https://www.gov.ie/en/press-release/4e0c2-government-launches-young-ireland-national-policy-framework-for-children-and-young-people-2023-2028-at-2023-child-summit/ AND 

https://www.gov.ie/en/publication/03f4b-children-and-young-peoples-indicator-set/

The indicator has added the provision of open data."
P4;"Does the national strategy/policy include an action plan with measures to be implemented in the open data field?

For Explanation:
If yes, please briefly describe the main measures described by the action plan.";yes;"The 2017-2022 Strategy sets out seven strategic themes which guide the implementation of the Open Data initiative over the lifetime of the Strategy.  A list of actions under each theme specifies the timeline for implementation and the stakeholders responsible. These include: B35 broaden the range of public bodies actively engaged in the Open Data Initiative; 
• improve the quality, quantity and range of datasets available and improve the range of services available on the national Open Data portal; 
• continued engagement with stakeholders to encourage the use of Open Data; 
• support and encourage various groups of Open Data users including public service bodies; 
• evaluation of the impacts, benefits and risks of the Initiative; and 
• ensure that effective governance structures are in place to implement the Strategy.   

The necessary actions to achieve these objectives are set out in an Implementation Plan which specifies the responsible body for each action and expected timeframe for delivery.  The action plan is set out in pages 19 to 26 of the Open Data Strategy document.  https://data.gov.ie/uploads/page_images/2018-03-07-114306.063816Final-Strategy-online-version1.pdf   
Public bodies provide updates on progress made in their implementation of the Strategy regular intervals to the ODU and on request.  The ODU works with individual PBs to help them progress the publication of open datasets.";Complement;Yes;"In the Open Data Strategy 2023-2027 there is an action plan with measures to be implemented in the open data field under the three pillars of the strategy- Publishers, Platform and Users. These actions will be implemented over the lifetime of the strategy. 

Under Pillar 1, Publishers, the goal is to support publishers and drive the production of 
high-value and high-quality datasets responsive to  users’ needs. This will include describing the benefits and the key role Open Data plays in transparent and 
evidence-based decisions.

We will deliver on this goal through the following actions: 
1. Mapping and indexing public services data sets to be easily 
discoverable and compliant with standard open formats and licences.
2. Facilitating increased publication of relevant data not currently 
available to align with stakeholders’ data needs.
3. Ensuring timely and consistent upload frequency for published data 
sets.
4. Demonstrating the value and impact of Open Data and identifying 
success indicators to provide evidence on the business case for 
increased Open Data use.
5. Promoting real-time use of Open Data in government bodies to 
enhance fully transparent decision-making. Educating a critical mass 
of public servants on effective data management strategies is central 
to the delivery of this goal.
6. Using best practice feedback insights to learn from and refine the 
quality and range of data published. 
7. Ensuring the publication of high-quality and high-value datasets by 
building a community of practice through stakeholder engagement, 
training and support.
8. Promoting greater clarity among publishers and potential publishers 
on what data they should make available as Open Data.

Under Pillar 2, platform, the goal is To drive a thriving Open Data ecosystem supported 
by a trusted Open Data platform responsive to 
stakeholders’ needs. Deliver valued outcomes for users, working to high standards of governance and 
open communication.

We will deliver on this goal throuh the following actions: 
1. Updating our Open Data platform to deliver better searches, graphics 
and an improved personalisation of experience through effective 
stakeholder collaboration and feedback loops.
2. Providing publishers with quality insight reports on data use building 
sector-specific knowledge on the uptake and use of valued datasets. 
3. Strengthening our governance frameworks to meet high standards in 
privacy, security and ethics to enhance trust in our systems.
4. Developing the capacity and capability of our Open Data ecosystem 
through stakeholder events, funding and creating opportunities for 
networking across sectors.
5. Raising recognition of the value and impact Open Data offers, to 
align and secure the resources needed to realise its full potential 
for organisations and communities. Supporting the network of 
Open Data Liaison Officers to do this on the ground in their own 
organisations is essential.
6. Sharing best practice learning from international partners and 
research communities to improve and innovate our Open Data 
platform and ecosystem.

Finally, Under Pillar 3, Users, the goal is to support stakeholders across all sectors to shape and improve easy access to and use of trusted Open Data sources to benefit our stakeholder 
communities.

We will deliver on this goal through the following actions: 
1. Building data visualisation capability within our Open Data portal 
that will make Open Data more user-friendly to discover, access and 
understand.
2. Hosting opportunities for our network of users to share learning and 
experience.
3. Supporting better communication, engagement and community 
outreach events.
4. Creating effective feedback loops with user groups and communities 
of interest to understand how Open Data can serve their needs and 
improve their experience of Open Data access and use. 
5. Facilitating collaborative partnerships to strengthen users’ 
involvement to co-create and increase Open Data use across sectors 
and in our communities."
P5;"Does the national strategy/policy outline measures to incentivise the publication of and access to real-time or dynamic data?

For Explanation:
* If yes, please briefly describe the measures.";yes;"Action 2.3 of the Open Data Strategy implementation plan ensures priority for release of those datasets that are recognised as ‘high-value’ (where use has been identified) as well as real-time data with options for access e.g. multiple format download, APIs etc.
Action 2.7 also asks public bodies to consider ways in which they can make specific commitments to long term support and maintenance of high-value datasets, such as agreements, good practice guides, etc. 
The Public Service Data Strategy 2019-2023 ensures that high quality and well-governed data, accessible by third parties through an API-first, interoperable architecture, will further drive increases in the availability and value of open data in Ireland.
Actions in Section 5 of the Public Service Data Strategy include:
• Develop a Government data catalogue, for internal and public use, cataloguing key data holdings within PSBs, supporting reuse and transparency 
• Develop a Government API portal, as part of the Interoperability Platform, supporting the discovery of data and services that are available for reuse via a machine to machine mechanism.

The technical services framework for Open Data and Data Management Technical Services Framework has been established.  This provides a cost effective, consistent procurement framework which allows public bodies to meet their obligations under the Open Data Directive and will facilitate greater access to dynamic and HVDs via APIs. The Framework will contains services under 3 categories:
1. Data Management 
• Data Audits, 
• Data Extraction, Transform and Load (ETL) and Preparation Services
• Develop a Publication Plan and Publish data 
• Data Maintenance
• Data Maturity Assessment
2. Fully Hosted and Managed Open Data Platform Solution
3. Development services for the APIs etc.
In addition to this, the Open Data Unit advises on and advocates for the establishement of harvestors to ensure access to data is as efficient and up to date as possible.";Complement;;"Under Pillar 1 of the Open Data Strategy, the Publishers Pillar, action item number 5 commits to ""Promoting real-time use of Open Data in government bodies to enhance fully transparent decision-making. Educating a critical mass of public servants on effective data management strategies is central 
to the delivery of this goal"". 

Under Public Sector Achievements 
since the first Open Data Strategy outlined on page 13 of the National Strategy, it is outlined that our new portal has ""provided the public with access to Climate model data, NWP data and Radar data in near real time. This has the potential to provide a significant resource for Climate action but also for the participation of Small and Medium Enterprises 
to develop data services and tools based on our data offerings"".

In Appendix 1 under ""Use Cases"", we outline the E-Car Connect Project. 
""E-Car Connect (ecars (esb.ie)) is Ireland’s extensive public charging network that 
displays all charge points on the public charging network across Ireland in real-time. It 
enables car owners to register and pay, to swipe to remotely start and stop charging, 
to monitor and track usage, and to manage your own personalised account. The e-car 
connect mobile application provides car owners with the charger locations, indicates if 
they are in use and if so, when the person started using it. Drivers can also connect and 
pay through the app and even connect to Google maps to bring them to the nearest 
charger. It is part of the ESB’s urgent and focused action to achieve net zero emissions 
by 2040 by putting in place the infrastructure and services to enable Irish customers 
and broader society to live more sustainably."" 

These examples showcase the importance we place on ensuring and incentivising the publication of and access to real-time and dynamic data."
P6;"Does the national strategy/policy outline measures to incentivise the publication of and access to citizen-generated data?

For Explanation:
* If yes, please briefly describe the measures.";yes;The Open Data Engagement Fund is a grant based fund which provides funding for innovative open data projects.  The Engagement fund is open to all and provides funding to citizen generated data projects such as the Tough Soles project https://toughsoles.ie/trail-info and to events like the Air Quality Hackathon in early 2023: https://airqualitydatahack.com/;Complement;;"The Open Data Engagement Fund 2023/2024 was launched in October 2023. This year we received a record number of applications. Six winners were chosen and received funding for innovative open data projects. 

In our national strategy, we showcase some previous engagement fund winners in our Appendix 1  as can be seen at https://data.gov.ie/docs/Open.Data.Strategy_FINAL_ENG.pdf. In the strategy we also commit to supporting both publishers and users of open data.

Projects chosen for this year include:

1.	Niall Ó'Brolcháin- Alice Perry Mapathon 2024 – Co-creating web pages as visualisations to provide information for policy makers to improve biodiversity and reduce carbon by combining GIS datasets of land use categories, with tabular datasets containing greenhouse gas emissions data, land use data, statistical data and biodiversity data with links to relevant policy documents.

2.	Burcin Yazgi Walsh- This project works with open data to form exhibitable unique visual representations. The main goal is to present an open dataset untraditionally and exhibit the visual pieces in an online exhibition

3.	Markus Helfert/Sana Kiran- This research project dives into the intricate landscape of data quality challenges within open data sources, with a specific focus on the smart mobility domain (Transport Catalogue in the open data portal). Through an exhaustive real data set analysis, its aim to shed light on the practical implications of these data quality challenges.

4.	Paula O'Rourke- HackTheClimate, this Climate Hackathon will be held on Friday 23rd February 2024 in MERITS, Naas, Co. Kildare. It is a collaboration between Kildare County Council Teams (Climate, Innovation and Local Enterprise Office) and MERITS our Innovation ThinkSpace.

5.	 John Rice- A mobile web app that is an interactive map of Ireland overlaid with short-form video content generated from heritage data sources like Duchas, Logainm, National Monuments Service and others.

6.	Brendan Cunningham- Development of a Business-to-Consumer (B2C) web service called ""wateralerts.ie"" that will provide geo-focused alerts on water topics such as tide times river heights flood/rainfall warnings bathing water quality and other water-themed alert data.

Engagement Fund Spotlights: 

 Dave Graham’s article can be read here: https://data.gov.ie/blog/focus-on-the-open-data-engagement-fund 

Niall Ó'Brolcháin's article can be read here: https://data.gov.ie/blog/european-peatlands-and-policies-open-data 

 Water Alerts Website can also be viewed here: https://www.wateralerts.ie/"
P7;"Does the national strategy/policy foster the discoverability of the aforementioned types of data from your country on data.europa.eu?

For Explanation:
* If yes, please briefly describe how.";yes;The Irish open data portalhas been federated to Data.europa.eu from the start.;Confirm;;
P8;"Does the national strategy/policy outline measures to support the reuse of open data by the public sector?

For Explanation:
* If yes, please briefly describe the measures.";yes;"A central policy of the Open Data Unit is to support the development of open data as a core element in the public sector and to ensure there is a critical mass of public servants with adequate data skills to use and develop public sector data for the provision of government services, support of evidence-based decision-making and transparancy and trust in the government. Regular meetings, webinars and information dissemination are central to achieving this.
A key objective of the Open Data Strategy is to develop a data driven culture across the Public Service with a lifecycle approach taken to data management and publication of data in open format becoming a matter of routine.
Action 3.8 
Use Open Data to support analytics internally in order to improve evidence based decision-making (in developing and implementing public policy).
Action 5.2
Provide training for relevant staff in public bodies: general Open Data training, data management, technical and operational as appropriate (through draw down from training framework or by other means such as qualified Open Data ‘train the trainers’). Consider opportunities for the pooling of resources by public bodies in this regard.

THe Governemnt's Gigital Strategy issued in February 2022 underlines the importance of good data governance and maximising the re-use of data.https://www.gov.ie/en/press-release/3a922-online-launch-of-harnessing-digital-the-digital-ireland-framework/";Complement;;"Under Pillar 1 od the Open Data Strategy 2023-2027, the Publishers Pillar, we outline that the true value of data can only be fully realised when it is fit for purpose, recorded in standardised formats on modern, future-proof systems and held in a condition that means it is findable, accessible, interoperable and reusable.By improving the quality of the data, we can use it more effectively, and drive better insights and outcomes from its use.

The action items under this goal include:
1. Mapping and indexing public services data sets to be easily 
discoverable and compliant with standard open formats and licences.
2. Facilitating increased publication of relevant data not currently 
available to align with stakeholders’ data needs.
3. Ensuring timely and consistent upload frequency for published data 
sets.
4. Demonstrating the value and impact of Open Data and identifying 
success indicators to provide evidence on the business case for 
increased Open Data use.
5. Promoting real-time use of Open Data in government bodies to 
enhance fully transparent decision-making. Educating a critical mass 
of public servants on effective data management strategies is central 
to the delivery of this goal.
6. Using best practice feedback insights to learn from and refine the 
quality and range of data published. 
7. Ensuring the publication of high-quality and high-value datasets by 
building a community of practice through stakeholder engagement, 
training and support.
8. Promoting greater clarity among publishers and potential publishers 
on what data they should make available as Open Data.

Under Pillar 2 of the Open Data Strategy 2023-2027, the Platform Pillar, one of the over arching goals is ""Encouraging Reuse"". As outlined in the strategy, we want Open Data that is 
appropriately accessible, mobile and reusable.
For data to have the most effective impact, it 
needs to be appropriately accessible, mobile and reusable. That means encouraging better 
coordination, access to and sharing of data of 
appropriate quality. The EU Open Data Maturity Report scored the Irish Open Data portal 100% in both portal usage and sustainability and the goal for the next 5 years is to ensure data provision builds on the success achieved thus far.

The action items under this goal include:
1. Updating our Open Data platform to deliver better searches, graphics 
and an improved personalisation of experience through effective 
stakeholder collaboration and feedback loops.
2. Providing publishers with quality insight reports on data use building 
sector-specific knowledge on the uptake and use of valued datasets. 
3. Strengthening our governance frameworks to meet high standards in 
privacy, security and ethics to enhance trust in our systems.
4. Developing the capacity and capability of our Open Data ecosystem 
through stakeholder events, funding and creating opportunities for 
networking across sectors.
5. Raising recognition of the value and impact Open Data offers, to 
align and secure the resources needed to realise its full potential 
for organisations and communities. Supporting the network of 
Open Data Liaison Officers to do this on the ground in their own 
organisations is essential.
6. Sharing best practice learning from international partners and 
research communities to improve and innovate our Open Data 
platform and ecosystem.

In our strategy, we also outline what our Open Data Principles and Values are. One of them is that our Open Data ""Adheres to the FAIR Principles"" meaning it is Findable, Accessible, Interoperable and Reusable. 

The Open Data Strategy also commits to fostering a cultue of data training. One of our commitments of Stakeholder Engagement is for ""Public Bodies to continue to engage in the Open Data Initiative, and to ensure that Open Data is embedded in their knowledge management and efficiency and 
effectiveness management process"" Open Data Training that is offered for civil servants can be seen here https://data.gov.ie/blog/open-data-training."
P9;"Does the national strategy/policy outline measures to support the reuse of open data by the private sector?

For Explanation:
* If yes, please briefly describe the measures.";yes;"Theme 4 of the Open Data Strategy specifies the supports to be put in place to encourage business usre in the reuse of open data.  These are set out at 4.1.1 to 4.1.6 and incude encouraging business to:
develop business strategies to exploit open data and develop products and services to improve quality of life and create jobs.
Identify data domains to be released whaere potential economic benefits may be delivered.
Build analyticsand usage capacity.
Consider ways to support SMEs and start-ups to use open data.";Complement;;"Under Pillar 1 od the Open Data Strategy 2023-2027, the Publishers Pillar, we outline that the true value of data can only be fully realised when it is fit for purpose, recorded in standardised formats on modern, future-proof systems and held in a condition that means it is findable, accessible, interoperable and reusable.By improving the quality of the data, we can use it more effectively, and drive better insights and outcomes from its use.

The action items under this goal include:
1. Mapping and indexing public services data sets to be easily 
discoverable and compliant with standard open formats and licences.
2. Facilitating increased publication of relevant data not currently 
available to align with stakeholders’ data needs.
3. Ensuring timely and consistent upload frequency for published data 
sets.
4. Demonstrating the value and impact of Open Data and identifying 
success indicators to provide evidence on the business case for 
increased Open Data use.
5. Promoting real-time use of Open Data in government bodies to 
enhance fully transparent decision-making. Educating a critical mass 
of public servants on effective data management strategies is central 
to the delivery of this goal.
6. Using best practice feedback insights to learn from and refine the 
quality and range of data published. 
7. Ensuring the publication of high-quality and high-value datasets by 
building a community of practice through stakeholder engagement, 
training and support.
8. Promoting greater clarity among publishers and potential publishers 
on what data they should make available as Open Data.

Under Pillar 2 of the Open Data Strategy 2023-2027, the Platform Pillar, one of the over arching goals is ""Encouraging Reuse"". As outlined in the strategy, we want Open Data that is 
appropriately accessible, mobile and reusable.
For data to have the most effective impact, it 
needs to be appropriately accessible, mobile and reusable. That means encouraging better 
coordination, access to and sharing of data of 
appropriate quality. The EU Open Data Maturity Report scored the Irish Open Data portal 100% in both portal usage and sustainability and the goal for the next 5 years is to ensure data provision builds on the success achieved thus far.

The action items under this goal include:
1. Updating our Open Data platform to deliver better searches, graphics 
and an improved personalisation of experience through effective 
stakeholder collaboration and feedback loops.
2. Providing publishers with quality insight reports on data use building 
sector-specific knowledge on the uptake and use of valued datasets. 
3. Strengthening our governance frameworks to meet high standards in 
privacy, security and ethics to enhance trust in our systems.
4. Developing the capacity and capability of our Open Data ecosystem 
through stakeholder events, funding and creating opportunities for 
networking across sectors.
5. Raising recognition of the value and impact Open Data offers, to 
align and secure the resources needed to realise its full potential 
for organisations and communities. Supporting the network of 
Open Data Liaison Officers to do this on the ground in their own 
organisations is essential.
6. Sharing best practice learning from international partners and 
research communities to improve and innovate our Open Data 
platform and ecosystem.

In our strategy, we also outline what our Open Data Principles and Values are. One of them is that our Open Data ""Adheres to the FAIR Principles"" meaning it is Findable, Accessible, Interoperable and Reusable. 

For the private sector in particular, one of our commitments under Stakeholder Engagement is for "" The Business Community 
to engage with public bodies to demonstrate use cases, to identify datasets with commercial potential, and to take maximum commercial advantage of the 
datasets available""

In Appendix 2 we outline how ""Opening up governmental data for reuse can have major benefits for citizens, 
businesses, and society and for the 
governments themselves: 
• New businesses can be built on the 
back of this data: Data is an essential 
raw material for a wide range of new 
information products and services, 
which build on new possibilities 
to analyse and visualise data from 
different sources. Facilitating reuse of 
this raw data will create jobs and thus 
stimulate growth""

Our annual Open Data Engagement Fund also heaviliy promotes Data Reuse. A project called ""Smart Location Analysis"" is a great example of reuse of open data by the private sector for the benefit of SME's. It can be seen here https://data.gov.ie/blog/focus-on-the-open-data-engagement-fund
Examples of winners from both the Public and Private Sector can be seen here:
 https://data.gov.ie/blog/open-data-engagement-fund-winners-2023-2024 and at"
P10-a;"Does the national strategy/policy mandate carrying out and maintaining a data inventory by public bodies, whether at national or local level?

For Explanation:
* If yes, please briefly specify.";yes;"The national policy strongly supports a data inventory of publicly held data, both open data and non-open data.The Data Sharing and Governanc Act will provide the framework within which public bodies can efficiently share data (https://www.irishstatutebook.ie/eli/2019/act/5/enacted/en/html) and the public service catalogue has already started to provide a comprehensive list of all public datasets (https://datacatalogue.gov.ie/)
Theme 2 of the national Open Data Strategy aims to broaden the scopeand improve the quality, quantity and range of open data being released by public bodies. Action 2.2 requires all public bodies to carry out a data audit and to make the results public.
The Public Service Data Strategy 2019-2023 established a public service wide data catalogue and further requires PBs to complete a data audit and for all datasets to be recorded on the public data services catalogue.
The Technical Services Framework for Open Data and Data Management Services provides a simplified procurement process for easy access to data audit services.";Confirm;;
P10-b;"Do these data inventories include the data collected by public bodies that cannot be published as open data (e.g. in relation to the EU Data Governance Act (EU) 2022/868)? 

For Explanation:
* If yes, please briefly specify.";yes;"The Open Data Strategy requires public bodies to conduct data audits.   In doing so Public Bodies are encouraged to conduct full data audits and to mark datasets as open or not open. A full audit is encouraged as an organisation should know and record what data it holds, whether personal or non personal.
The Public Services Data Catalogue requires public bodies to record datasets they hold.  It includes both open and non open datasets. The Catalogue is designed to help people find and understand what data the public service holds, why it holds that data and what it is used for - across the Public Service e.g. (https://datacatalogue.gov.ie/dataset/?q=&business_data_flag=true)";Confirm;;
P11;"Is your country applying the implementing regulation (EU) 2023/138 on high-value datasets?

For Explanation:
* If yes, how is it progressing? 
* If you are an EFTA or a candidate country to the EU, please select 'not applicable'.
** In the table below, please indicate your progress with respect to a) organisation, b) legal aspects, c) technical aspects on a scale from 1 to 5. 1 = no progress; 2 = few progress; 3 = some progress; 4 = considerable progress; 5 = works are finalised.";new question;new question;Change;Yes;Yes, Ireland is applying Implementing Regulation (EU) 2023/138 on high-value datasets. Ireland's progress on implementing Regulation (EU) 2023/138 is on track. There have been discussions and cases regarding specific datasets identified as high-value under the regulation. Government departments are actively examining the regulation and its implications for data availability.
P12;"Have the public bodies in your country denoted relevant datasets as high-value datasets in their metadata following the publication of the implementing regulation (EU) 2023/138 on high-value datasets?

For Explanation:
*  If yes, please specify how and highlight challenges, if any. 
* If you are an EFTA or a candidate country to the EU, please select 'not applicable'.";new question;new question;Change;Yes;Yes, most relevant public bodies in Ireland have denoted relevant datasets as high-value datasets in their metadata following the publication of the implementing regulation (EU) 2023/138 on high-value datasets. They can do this when adding a dataset on data.gov.ie, where the upload process specifies the metadata description if this dataset is a HVD, it then gets tagged on data.gov.ie as a HVD. For example, see the metadata description to the following dataset by the Department of Justice: https://data.gov.ie/dataset/domestic-residence-permissions-applications-and-decisions-year-and-nationality . For statistical data, the CSO in Ireland is automatically tagging HVDs to have a HVD identifier in the output that is harvested. By doing this, we can add an identifier in the output so we can automatically mark those datasets on the portal using the field we added recently for HVDs. There is a legal question over some HVD datasets particular to Ireland. for example, the IP of the postcode dataset is partially owned by a private sector company and so cannot be published as open data at this time. we are actively seeking a legal and organisational resolution to this to bring it into full public ownership.
P13;"Is there a governance structure in place that enables the participation and/or inclusion of various open data stakeholders? 

For Explanation:
*  If yes, please briefly describe the governance structure and its operating model ";new question;new question;Change;Yes;"In the Open Data Strategy 2023-2027,  page 12 is dedicated to ""Evaluation and Governance"". This governance structure using a number of mechanisms will underpin our approach to monitoring and evaluating the implementation of this Strategy. 

The Open Data Unit within the Department of Public Expenditure, NDP 
Delivery and Reform (ODU)
The ODU will guide the implementation 
of this five-year Strategy. Robust project 
and programme management tools and 
methodologies will be used to manage, 
track, and report on the progress of the 
Strategy. Our experience in implementing 
the 2016 Open Data Strategy will be 
drawn on to further guide our approach.
 
Measuring for Success 
Progress on implementing the 
commitments within this Strategy will be 
continuously measured, evaluated, and 
reported on. We will incorporate a broader 
set of outcomes to measure the impacts 
of our interventions on societal well-being, 
as per the commitment set out in the 
Programme for Government. Risks and 
dependencies surrounding our priorities 
and goals will also be continuously 
monitored and managed. A key focus 
of our evaluation approach will be on 
identifying lessons learned that can be 
applied to future work. 

Progress reports 
The Open Data Unit will publish 
progress reports on a regular basis on 
the Open Data portal. The successes 
and accomplishments will also be 
communicated across the national and EU 
data ecosystem. 

Governance 
The Open Data Governance Board 
(ODGB) was established in 2015 and 
reports to the Minister for Public 
Expenditure, National Development 
Plan and Reform. The ODGB leads and 
drives the Open Data Initiative and 
ensures implementation of the Open Data 
Strategy.
Open Data Advisory Group (ODAG) 
provides technical support and advice 
to the Open Data Unit and ensures a 
coherent and consistent approach to the 
publication of Open Data across the public 
sector.

Open Data Governance 
Board (ODGB) leads and drives the Open Data 
Initiative and ensures implementation of the Open Data Strategy 2023-2027.1

Open Data Advisory Group 
(ODAG) provides technical support to the ODGB and ODU and ensures a coherent 
and consistent approach to the publication of Open Data.

Open Data Liaison Officers 
Network publish their organisations data and are supported with training and 
technical support by the Open Data Unit.

Open Data Unit in the Department of Public 
Expenditure, National Development Plan Delivery and Reform supports the ODGB and the ODAG in implementing the Strategy, manages the operation of the Open Data portal (data.gov.ie) and facilitates the wider 
network of public servants publishing Open Data.

You can see this diagram/mapping in the strategy.
Strategy available here: https://data.gov.ie/docs/Open.Data.Strategy_FINAL_ENG.pdf"
P14;"How would you classify the model used for governing open data in your country? 

For Explanation:
*  Please briefly explain why this model was chosen/works best for your country";top-down;"Good governance has been key to the progress of Open Data in Ireland.  The policy for Open Data is set and coordinated at the national level by the Department of Public Expenditure, National Development Plan Delivery and Reform (DPENDPDR) and is a key element of the government’s reform agenda.  DPENDPDR is responsible for the implementation of government reform across all levels of government, both central and regional.  The positioning of the governance structures for Open Data within DPENDPDR provides the structure and ability to drive the policy as national policy with central government departments, local government, government agencies and all public bodies.

Once the Open Data Strategy was adopted as Government policy in July 2017 this placed an obligation on all public sector organisations to implement the actions contained in the Implementation Plan.

Coordination of the implementation of the national Open Data Strategy is done in conjunction with the Open Data Advisory Group on Open Data and Liaison Officer (of which some 120 are in place across the Public Service).  While some public service organisations, particular the larger ones have their own Open Data policies, these are aligned with the national Strategy.  In addition where some of the larger public service organisation or local authorities have their own regional portals, these in the main are federated and link back to the national portal (which we have set out in a policy document).";Complement;Top-down;"https://data.gov.ie/docs/Open.Data.Strategy_FINAL_ENG.pdf _x000D_
Attached is a link to our Open Data Strategy 2023-2027. On page 12 you we lay out our Evaluation and Governance Structure. As per this strategy, ""a number of mechanisms will underpin our approach to monitoring and evaluating the implementation of this Strategy. The Open Data Unit within the Department of Public Expenditure, NDP Delivery and Reform (ODU) The ODU will guide the implementation of this five-year Strategy. Robust project and programme management tools and methodologies will be used to manage, track, and report on the progress of the Strategy. Our experience in implementing the 2016 Open Data Strategy will be drawn on to further guide our approach. _x000D_
Measuring for Success: Progress on implementing the commitments within this Strategy will be continuously measured, evaluated, and reported on. We will incorporate a broader set of outcomes to measure the impacts of our interventions on societal well-being, as per the commitment set out in the Programme for Government. Risks and dependencies surrounding our priorities and goals will also be continuously monitored and managed. _x000D_
A key focus of our evaluation approach will be on identifying lessons learned that can be applied to future work. _x000D_
Progress reports: The Open Data Unit will publish progress reports on a regular basis on the Open Data portal. The successes and accomplishments will also be communicated across the national and EU data ecosystem. These reports can be seen here at https://data.gov.ie/pages/progressreports. _x000D_
Governance:_x000D_
The Open Data Governance Board (ODGB) was established in 2015 and reports to the Minister for Public Expenditure, National Development Plan and Reform. They provide strategic leadership and governance in line with best international practice in the area of Open Data. They are tasked with considering how to improve the capacity and capability of public bodies in implementing Open Data, and considering opportunities to maximise the value of public sector data and information for long-term economic, social and democratic benefits. The ODGB makes recommendations to Government in this regard.  The ODGB’s Terms of Reference allows them to consider how to ensure the Open Data Initiative meets the needs of users, helps public bodies to plan their activities accordingly and encourages an ongoing collaborative process._x000D_
The ODGB leads and drives the Open Data Initiative and ensures implementation of the Open Data Strategy. The ODGB meets quarterly and minutes of these meetings are posted online on data.gov.ie. The Board has varied membership across all sectors from academia, the private sector, SMEs and research to name a few. Members of the ODGB have a range of experience and expertise relevant to the development, promotion, and oversight of the National Open Data Strategy._x000D_
Their key responsibilities are:_x000D_
•	Provide strategic leadership and governance in line with international best practice in the area of Open Data._x000D_
•	Oversee and report on the implementation of the national Open Data Strategy 2017-2022 in conjunction with the Department of Public Expenditure NDP Delivery and Reform.  _x000D_
•	Develop the next Strategic Plan for approval by the Department of Public Expenditure NDP Delivery and Reform._x000D_
•	Work with the Open Data Unit to ensure compliance with the new EU Open Data Directive (SI 376/2021)._x000D_
•	Consider how to improve the capacity and capability of public bodies in implementing Open Data._x000D_
•	Explore the possibility of broadening the scope of the initiative over time to include, for example, Open Research Data_x000D_
•	Consider opportunities to maximise the value of public sector data and information for long-term economic, social and democratic benefits. _x000D_
•	Communicate and champion the Open Data Initiative with key stakeholders and engage in outreach and collaboration activities and events to raise awareness of Open Data._x000D_
•	Identify and monitor national and international trends to guide and ensure Ireland is at the forefront in its implementation of Open Data._x000D_
•	Monitor progress on the achievement of the Initiative._x000D_
•	Actively promote the reuse of open data to include running an annual Open Data Engagement Fund over the lifetime of the Open Data Strategy (to 2022).  This will include the appointment of a subcommittee to assess applications._x000D_
•	Provide overall guidance and direction to the initiative._x000D_
 Members of our governance board can be seen here:_x000D_
https://data.gov.ie/pages/open-data-governance-board-membership_x000D_
Our quarterly meeting minutes can also be seen here at _x000D_
https://data.gov.ie/pages/minutesofmeetingsoftheopendatagovernanceboardodgb_x000D_
The ODGB terms of reference can be seen here:_x000D_
Terms of Reference - Open Data Governance Board - data.gov.ie_x000D_
_x000D_
Diagram:_x000D_
As you can see from the diagram on page 12, there are various groups that are members of our Evaluation and Governance Structure. _x000D_
There is the Open Data Advisory Group (ODAG) who provides technical support and advice to the Open Data Unit and ensures a coherent and consistent approach to the publication of Open Data across the public sector. _x000D_
Then there are ourselves in the Open Data Unit in the Department of Public Expenditure, National Development Plan Delivery and Reform who supports the ODGB and the ODAG in implementing the Strategy, manages the operation of the Open Data portal (data.gov. ie) and facilitates the wider network of public servants publishing Open Data. _x000D_
As we mentioned earlier there is the Open Data Governance Board (ODGB) who leads and drives the Open Data Initiative and ensures implementation of the Open Data Strategy 2023-2027. _x000D_
Finally there is the Open Data Liaison Officers Network who publish their organisations data and are supported with training and technical support by the Open Data Unit._x000D_
_x000D_"
P15;"Does the governance structure ensure that the local and regional open data initiatives are facilitated and supported at national level?

For Explanation:
* If yes, please give an example of what kind of support.
* If not applicable, please explain why.";new question;new question;Change;Yes;"Yes, the governance structure ensure that the local and regional open data initiatives are facilitated and supported at national level. Please see section 15 of Circular 20/2021 Open Data Directive:_x000D_
_x000D_
https://data.gov.ie/uploads/page_images/2024-04-17-100657.069939Circular-202021-Open-Data-Directive.pdf_x000D_
_x000D_
The Technical Services Framework has been established to help public bodies comply with the Open Data Directive. This framework provides PSBs with easy access to various services through a streamlined process.  It’s a pool of pre-qualified service providers for Open Data and Data Management and it is there to assist public bodies in meeting their obligations under the Open Data Directive. Public bodies can directly request services through a simple form, ensuring faster delivery. The services offered include Data Management (audits, cataloguing, preparation, publication, maintenance, and maturity assessment), Hosted Open Data Platform solution, and Consultancy services for Open Data and Data Management._x000D_
Furthermore, local and regional initiatives are supported via networking activities and training and with funding from the Open Data Engagement Fund (for example, the SmartDublin partnership with Google was part funded and supported by the central Open Data Unit https://data.gov.ie/blog/smart-dublin-hackathon and there are ongoing communications and professional support provided to the Healthy Cities Initiative and Smart Local Authorities. The Open Data Unit also provides support to the National Open Access Monitor Project and activity relates projects such as the National Database of Sport & Recreation Amenities."
P16;"To what degree do local/regional public bodies conduct open data initiatives? 

For Explanation:
* If not applicable, please explain why.";the majority of public bodies;"https://data.fingal.ie/; https://data.corkcity.ie/; https://data-sdublincoco.opendata.arcgis.com/; https://www.dublincity.ie/business/economic-development-and-enterprise/smart-cities/dublinked; https://opendata-galwaycoco.hub.arcgis.com/; https://share-open-data-waterfordcouncil.hub.arcgis.com/";Complement;;"There are a number of local and regional bodies that publish their data as open data. The Regional Development Monitor at https://rdm.geohive.ie/ is focussed on regional development. The SMART cities programme in Dublin and Cork publishes regional open data https://smartdublin.ie/about/ and Cork publishes open data at https://data.corkcity.ie/ and Fingal County Council publish open data at https://data.fingal.ie/_x000D_
Some of the events and initiatives Cork Smart City conduct can be seen here Cork Smart Gateway (ucc.ie)_x000D_
Other local and regional bodies with open data catalogues/sites are as follows:_x000D_
Limerick City and County Council: https://datacatalog.limerick.ie/dataset/_x000D_
Clare County Council: https://data-clarecoco.opendata.arcgis.com/search_x000D_
Galway City Council: https://galway-city-council-opendata-galwaycityco.hub.arcgis.com/_x000D_
Galway County Council: https://opendata-galwaycoco.hub.arcgis.com/_x000D_
Westmeath County Council: https://westmeath-county-council-open-data-westmeath.hub.arcgis.com/search?collection=Dataset_x000D_
Roscommon County Council: https://data-roscoco.opendata.arcgis.com/_x000D_
_x000D_
For example, SMART Dublin was one of the Engagement Fund Winners 2023/2024. They applied for funding through the Engagement Fund to host an open data initiative. In May 2024, they plan to host an Open Data Tourism Innovation Showcase. The aim of the initiative would be to develop innovative tourism concepts and showcase the power of Open Data. Contestants will submit their open data ideas, showcase them at an organised event and pitch their ideas to a team of judges who will select a winner to award prize funding to. In a similar way, Kildare County Council were also a recipient of this year’s Open Data Engagement Fund who ran an Open Data Initiative. HACKTHECLIMATE took place at the end of February 2024 in MERITS innovation thinkspace, Naas and was a collaboration between the Innovation & Climate action teams in Kildare County Council and MERITS Tech Hub. It saw entrepreneurs come from across the mid-east, including students from Maynooth University & Trinity College Dublin, all joining forces to create potential solutions to some of Kildare’s most pressing climate issues using Open Data._x000D_
A blog on this initiative can be seen here:_x000D_
Kildare County Council's HACKTHECLIMATE Hackathon - data.gov.ie_x000D_ https://data.gov.ie/blog/kildare-county-council-s-hacktheclimate-hackathon
_x000D_"
P17;"Is a document describing the responsibilities and governance structure of the national (and/or regional/local) open data team publicly available?

For Explanation:
* If yes, please provide the URL where this information is published. ";yes;The role of Open Data Unit and the Public Bodies Working Group (now know as the Open Data Advisory Group) as set out in the Open Data Strrategy https://data.gov.ie/uploads/page_images/2018-03-07-114306.063816Final-Strategy-online-version1.pdf;Change;Yes;"The role of the Open Data Unit and other Governing bodies are laid out in the Open Data Strategy 2023-2027

https://data.gov.ie/docs/Open.Data.Strategy_FINAL_ENG.pdf"
P18;"Is there a regular exchange of knowledge or experiences between the national open data team and the team maintaining the national portal? 

For Explanation:
* If yes, please briefly describe how this exchange takes place and provide evidence supporting your answer (e.g. meeting agendas, URLs to news items).";yes;The Open Data Unit in the Department of Public Expenditure, National Development Plan Delivery and Reform has responsibility for both the implementation of the Open Data Strategy and the maintenance of of the national portal.  ;Complement;;Yes, the Open Data Unit and the technical managers of the Open data Portal hold fortnightly meetings.
P19;"Does the governance model include the appointment of official roles in civil services that are dedicated to open data (e.g. open data officers)?

For Explanation:
* If yes, please describe how this task is fulfilled at public body level.";yes;"A network of Open Data Liaison Officers has been established within public service organisations who act as a point of contact for Open Data and who’s function is to promote the publication of open data, promote the availability of open data training etc. within their respective organisations.  Approx 120 Liaison Officers are now in place actively promoting open data and the publication of open data within their organisations, see role of Liaison Officer document at https://data.gov.ie/uploads/page_images/2018-05-23-105914.556125Role-of-Open-Data-Liaison-Officer-final.pdf

The appointment of OD Liaison Officers (ODLO) was further strengthed in Circular 20/2021 which states the each public body must appoint a responsible officer as part of its obiligations to meet the Open Data Directive.

The Open Data Advisory Group (ODAG) act as champions for Open Data in the public sector.  THis group of experts in open data from across the public service provide technical advice to the Open Data Initiative in Ireland and promote open data with senior management.";Complement;;Yes, there are now approximiately 180 Open Data Liaison Officers. This number has grown steadiliy over the last year.
P20;"Is there a regular exchange of knowledge or experiences between the national open data team and the wider network of open data officers in your country? 

For Explanation:
* If yes, please briefly describe how this exchange takes place and provide evidence supporting your answer (e.g. meeting agendas, URLs to news items).";yes;The open data unit holds online or in person meetings of Open Data Liaison Officers  and an annual conference.;Complement;;The Open Data Unit (ODU)recently held its annual Open Data Liaison Officer  (ODLO)Meeting on the 15th of April of this year. This hybrid meeting allowed for ODLOs from all over the country to attend either in-person or online. The day provided an excellent opportunity for ODLOs to network, ask questions and learn from one another. On the agenda for the day was an update from the Open Data Unit on items such as the EU Open Data Maturity Survey 2023, OECD OURdata Index 2023, the Open Data Communications Plan, the Data.gov.ie Portal Update and the new CEIST feature for ODLOs, Open Data Impacts and the Engagement Fund. Declan Smyth from the CSO also presented on CSO Actions regarding High Value Datasets (HVDs) and Nuala Byrne from the OGCIO presented on the Public Sector Data Strategy. The event was also an excellent opportunity for ODLOs to ask questions to the ODU as well as to each other.
P21;"Is there a regular exchange of knowledge or experiences between public sector bodies (i.e. the providers) and open data reusers (e.g. academia, citizens, businesses)?

For Explanation:
* If yes, please briefly describe how this exchange takes place and provide evidence supporting your answer (e.g. meeting agendas, URLs to news items).";yes;The Open Data Impact Series events bring the publisher and re-users of data together based on data themes.;Complement;;"The Annual Open Data Conference on the 23rd of November this year provided an excellent opportunity for an exchange of knowledge and experiences between public sector bodies and open data reusers. The conference brought together academics, civil servants, the private sector, the public as well as researchers. On the agenda for the day, people heard from data providers such as the Department of Health, the Central Statistics Office and the Department of Agriculture . We also heard from data reusers such as Maynooth University, Dublin City Council and Dublin Culture Near you. We also heard from a Barbara Ubaldi of the OECD as well as the Minister for Public Expenditure, NDP Delivery and Reform Paschal Donhoe. The event provided them with an oppotunity to share knowledge, ask each other questions and network. An article on the conference can be read here: https://data.gov.ie/blog/unlocking-potential-a-recap-of-the-national-open-data-conference-2023 and the recording of the conference and slides can be accessed here https://data.gov.ie/pages/national-open-data-conferences.
In addition, the Open Data Engagement Fund supports the reuse of open data by academia, citizens and businesses and publicises the resulting projects on a regular basis."
P22;"Do data publication plans exist at public body level?

For Explanation:
* If yes, please provide the URL and briefly highlight the key aspects covered. ";yes;"Most of the larger public bodies have publication plans  at organisational level .  Action 2.2 of the Open Data Strategy requests that public bodies have a plan in place by 2022 and they are aware of their responsibilities under the Directive on open data.  Below are some examples RESPONSE TO REVIEWER: https://www.marine.ie/sites/default/files/MIFiles/Docs/DataServices/Marine%20Institute%20Data%20Policy%202017.pdf 
https://www.epa.ie/our-services/research/epa-research-2030/strategies-and-policies/open-access-policy/ 
https://www.npws.ie/maps-and-data/open-data-policy";Complement;;Yes,  larger public bodies who have the staff and skills to create these open data publication plans are in the process of developing them. These will then be available as pathfinders for other public bodies.
P23;"Are there processes to ensure that the open data policies/strategy previously mentioned are implemented (e.g. monitoring)?

For Explanation:
* If yes, please specify the process(es).";yes;"The Open Data Unit monitors the implementation of the strategy and regularly requests progress updates from the Open Data Liaison Officers in public bodies.  These updates are formulated into a progress report and are presented to the OD Governance Board.
The ODU organises bi-annual meeting of the OD Liaison Officers and each LO provides an update to the meeting on the progress of OD in their organisation.  The most recent meeting was held UPDATE
The Open Data Advisory Group (ODAG) is a group of approximately 20 data experts drawn from a wide selection of public bodies.  The ODAG champions open data across the public service.  It meets quarterly and provides updates of progress and open data initiatives to the ODU.";Complement;;Yes, the Open Data Government Board hasa specific monitoring rolefor the Open Data Strategy 2023-27. The Open data Unit report to the Board on a quarterly basison the quantitative and qualitativemetrics usedto monitoropen data activities.
P24;"Do you update your policy/strategy as appropriate to ensure its success, such as based on data collected for monitoring?

For explanation:
* If yes, please describe the process and any recent updates made to strategy/policy";new question;new question;Change;Yes;"Yes, we update our policy/strategy as appropriate to ensure its success, such as based on data collected for monitoring. We are committed to revising and adapting the approach based on experience. The Irish Government approved a new national Open Data Strategy for 2023-2027 (https://data.gov.ie/docs/Open.Data.Strategy_FINAL_ENG.pdf), officially published in November 2023. Building upon the significant progress made since the inception of the Open Data Initiative in 2014 and the previous Open Data Strategy for 2017-2022 (https://data.gov.ie/sites/default/files/files/Final%20Strategy%20online%20version(1).pdf), the Open Data Strategy 2023 – 2027 outlines a comprehensive roadmap for harnessing the potential of open data to drive innovation and transformation across sectors, ensuring its success.
We employ a cyclical process to develop and update our National Open Data Strategy, with a focus on continuous improvement.  The Open Data Unit, in collaboration with a working group of stakeholders, drafted a new strategy document outlining goals, objectives, and action plans. After opportunities for public feedback on the draft strategy, it was then finalised after being reviewed and approved by our governance board and other stakeholders. The final strategy was presented to the cabinet for government approval, and was approved. The Open Data Unit oversees implementing the strategy's initiatives. This involves collaboration with various government agencies and stakeholders. We monitor user needs and the strategy's effectiveness. One way we do this is through communication with data publishers and users to gather feedback. Based on the monitoring and evaluation findings, we revised the strategy to address evolving needs and challenges. This has led to a new development cycle.
Some recent updates made to strategy/policy including focussing on three pillars. Our 2023 - 2027 strategy prioritises supporting data publishers, maintaining the Open Data Platform, and engaging users, shifting towards a more user-centric approach. The strategy also highlights strengthening communication channels between data publishers and users. This is a further example of our efforts to gather feedback and tailor data offerings to user needs.
Since we are providing the existence of a multi-year plan with ongoing development efforts, this highlights our commitment to the portal's long-term viability and sustainability."
P25;"Are there any processes in place to assess if public sector bodies are charging for data above marginal cost? (please see directive (EU) 2019/1024 on open data and the reuse of public sector information).

For Explanation:
* If yes, please specify the process(es).";yes;We understand that no public sector bodies are charging above the marginal rate for data.  Since the introduction of SI 376/2021 and Circular 20/2021 public bodies who wish to charge above the marginal rate must notify the Department of Public Expenditure and Reform and must be included in a list of bodies allowed to do so.;Confirm;;
P26-a;"What are the top 3 challenges that your country is facing in the implementation of the mentioned open data policies/strategy?

For Explanation:
* Please briefly describe.";N/A;"1. Open Data knowlegdge and understanding and data skills in general
2. A critical mass of public servants with good data management skills
3. The recognition of the strategic importance of good data governance, inclusive of Open Data, at a senior level within PBs.";Confirm;N/A;
P26-b;"Are there activities in place to address these challenges in your country (e.g. with specific national/regional/local plans or initiatives)?

For Explanation:
* If yes, please briefly describe the measures that you have adopted or plan to adopt to address these challenges. 
* If no, please specifiy what is hampering finding a strategic approach to solve these challenges.";yes;"1. The ODU have established an Open Data Training programme in collabotation with the Office of Government Procurement. There are six new training courses on open data and general data management now available to public sector employees.  These are:
-General Introduction to Open Data
-Introduction to the Open Data Directive
-Open Data Audits & Data Publication
-Introduction to Data Analytics & Visualisation
-Data Anonymisation Techniques
-Introduction to Linked Data
Public bodies have the option to book locally based bespoke training or to join the  general training courses.
https://data.gov.ie/blog/open-data-training-for-public-sector-employees-new-2023-dates

2. A Technical Services framework for Open Data and Data Management was put in place in early 2022.  THis is again a collaboration with the Office of Public Procure to ensure easy access to the tecnhical services required by publlic bodies to meet their opligations under the ODD. This framework will provides PBs with access to a full suite of services to allow them to audit, catalogue, publish and host their data.
It provides efficiencies in terms of procurement effort, saves time and provide access to services through an easy to use drawdown mechanism. It includes:
Data Management services
Data Hosting
Software development services, such as the development of APIs

3. The Government's new Digital Strategy published in February 2022, states that' better use of data is critical to strengthening the relationship between governments and the people they serve. Strong data governance and harnessing public service held data effectively to provide better and safer access to data and transparency in its use is essential for improved public services.' 
Under 4.2 Data Use and Governance it commits to expanding the range of datasets published.";Confirm;;
P27;"Are there any activities in place to assist data holders with publishing their data as open data (i.e. to help them with the data opening process)?

For Explanation:
* If yes, please describe/provide examples of these activities.";new question;new question;Change;Yes;"Yes, in addition to the Open Data Training Programme we provide, data holders have the option of availing of procurement services through the Office of Government Procurement in Ireland. Through this service, an Open Data Company called Derilinx is in charge of promoting and assisting the data publication process at both national and/or regional and local levels. They provide Data Management services in the following areas: Data Audits, Data Cataloguing, Data Extraction, Load and Preparation, Data Publication Plan, Data Publication, Data Maintenance, and Data Maturity Assessment. They also provide Hosted and Managed Open Data Platform Solutions, and Consultancy Advice and Support Services for Open Data and Data Management. One example of this is the Green and Social hours imitative we provide though the OGP framework: https://data.gov.ie/blog/green-and-social-hours_x000D_
For more information on Derilinx, please see a link to their website:_x000D_
https://derilinx.com/_x000D_
In addition to this there are resources available on the portal to facilitate good data management https://data.gov.ie/developers_corner, open data management (https://data.gov.ie/pages/resourcesandpublications) and data publishing.https://data.gov.ie/pages/guideforpublishers"
P28;"Is there a professional development or training plan for civil servants working with data in your country? 

For Explanation:
* If yes, please briefly describe these training activities.";yes;"A new open data training programme has been established in collabotation with the Office of Government Procurement. There are six new training courses on open data and general data management now available to public sector employees.  These are:
-General Introduction to Open Data
-Introduction to the Open Data Directive
-Open Data Audits & Data Publication
-Introduction to Data Analytics & Visualisation
-Data Anonymisation Techniques
-Introduction to Linked Data
Public bodies have the option to book locally based bespoke training or to join the  general training courses.
https://data.gov.ie/blog/open-data-training-for-public-sector-employees-new-2023-dates
We have seen a significant interest in the training programme since it was announced.

Professional Diploma in Official Statistics for Policy Evaluation - IPA https://www.ipa.ie/public-management/professional-diploma-in-official-statistics-for-policy-evaluation.1763.html
Certificate in GDPR and Data Protection - IPA https://www.ipa.ie/information-systemstechnology/certificate-in-gdpr-and-data-protection.3598.html
Big Data and Data Analytics - IPA https://www.ipa.ie/information-systemstechnology/big-data-and-data-analytics.2139.html";Complement;;"Upcoming training dates for 2024 can be seen here https://data.gov.ie/blog/open-data-training and here https://www.eventbrite.co.uk/cc/open-data-ireland-training-services-391349.

Since May 2023,"
P29;"Are there annually held national, regional or local events (e.g. hackathons, courses, conferences, users meet-ups, summer/winter schools) to promote open data and open data literacy in your country beyond the target group of public servants? 
 
For Explanation:
* If yes, please provide examples (e.g. title, date, location of the event and URL).";yes, >9;"https://www.cso.ie/en/interactivezone/competitionsandawards/csoopendataawardatbtyste/

https://mooreinstitute.ie/event/open-scholarship-cafe-from-open-data-to-open-science-opportunities-challenges-and-implications/

https://www.eventbrite.ie/e/toward-a-fourth-wave-of-open-data-where-generative-ai-and-open-data-meet-tickets-624723082557?aff=ebdssbdestsearch&keep_tld=1

https://www.eventbrite.ie/e/open-data-in-a-day-online-tickets-539443910257?aff=ebdssbdestsearch&keep_tld=1

https://dublintechsummit.tech/speakers/?utm_campaign=DTS23+-+Speakers+-+Search&utm_medium=ppc&utm_source=adwords&utm_term=dublin%20tech%20events&hsa_acc=8160713141&hsa_ver=3&hsa_kw=dublin%20tech%20events&hsa_net=adwords&hsa_ad=652043252300&hsa_tgt=kwd-518621157992&hsa_grp=147637580336&hsa_mt=b&hsa_src=g&hsa_cam=19855821762&gclid=EAIaIQobChMIoLyavd35_gIVeIRoCR07ngEBEAAYASAAEgKNP_D_BwE

https://smartdocklands.ie/smart-docklands-harvard-tech-networking-reception/

https://www.insight-centre.org/event-university-of-galway-data-science-showcase-nov-3-register-now/

https://heritage.galwaycommunityheritage.org/content/topics/news-and-events-archives/open-data-event

https://www.codeforethics.org/?trk=public_post-text";Complement;Yes, >9;"European Peatlands and Policies Open Data Mapathon 2024 in the University of Galway Saturday the 6th April

https://data.gov.ie/blog/european-peatlands-and-policies-open-data

HackTheClimate Hackathon Friday 23rd February 2024 in Naas Kildare. 

https://kildare-nationalist.ie/2024/03/07/a-i-traffic-predicting-best-idea-at-climate-hackathon/

Better Public Services Conference: Delivering Digital and Innovation at Scale on Wednesday, 12 June in the Printworks Centre, Dublin Castle.

https://www.gov.ie/en/publication/4ef9f-upcoming-events/

eolas Public Services Conference 2024 The Gibson Hotel, Dublin Wednesday, 15 May 2024

https://smartdublin.ie/open-data-tourism-innovation-showcase/

https://www.gov.ie/en/speech/86402-speech-to-the-eolas-public-services-conference-2024/

Open Data Tourism Innovation Showcase June 2024: Open Data Tourism Innovation Showcase  

https://smartdublin.ie/smart-tourism/

Dublin has been awarded the 2024 European Capital of Smart Tourism. This designation is a recognition of the city’s commitment to deliver a greener, more accessible, inclusive and innovative Dublin, for both our visitors and locals alike. As part of the program of events for the year, Dublin City Council’s Tourism Unit and Smart Dublin, are facilitating an Open Data Tourism Innovation Showcase. The initiative aims to develop innovative tourism concepts whilst leveraging open data. At the showcase event in June, the shortlisted participants will compete by pitching their concepts and achieve recognition. Funding for this initiative has been provided by the Open Data unit within the Department of Public Expenditure and Public Reforms (DEPR).

Green and Social Hours Initiative- ongoing
https://data.gov.ie/blog/green-and-social-hours"
PT1;"Is there a national portal in your country for that enables users to search for open datasets and find where to download open data? 

For Explanation:
* If yes, please provide the URL of the national portal.";yes;https://data.gov.ie/;Change;Yes;"Yes, there is a national portal in Ireland that enables users to search for open datasets and find where to download open data. The name of this National Portal is data.gov.ie. The following is a URL of the National Portal: 
https://data.gov.ie/"
PT2;"For Explanation:
* What is the technology stack of your portal (e.g. based on uData, CKAN, etc.)";new question;new question;Change;N/A;The technology stack of data.gov.ie is based on CKAN. 
PT3;"Does the national portal offer to its users a way to programmatically query the metadata via an API?

For Explanation:
* If yes, please provide the direct-URL to this feature.";new question;new question;Change;Yes;"Yes. CKAN has a robust api that allows users to query a range of endpoints, both at the dataset and resource level for both metadata and in the case of tabular resources, the data itself. The base API url is https://data.gov.ie/api/action/ and the available endpoints are detailed here: https://docs.ckan.org/en/2.9/api/
The base url should be used with the endpoints from the CKAN API docs, for example; https://data.gov.ie/api/action/package_list  will provide a list of all datasets on our portal, or; https://data.gov.ie/api/action/package_show?id=national-planning-applications      this will show the metadata for the National Planning Application"
PT4;"Does the national portal offer to its users a way to programmatically query the metadata via a SPARQL access point?

For Explanation:
* If yes, please provide the direct-URL to this feature.";new question;new question;Change;No;No.
PT5;"Does the national portal offer/link to documentation on the use of APIs?

For Explanation:
* If yes, please provide the direct-URL to this feature.  ";new question;new question;Change;Yes;"Yes, our national portal offers a variety of documentation on the use of APIs. 

https://data.gov.ie/pages/guideforpublishers is a landing page from which you can access multiple resources for example

https://data.gov.ie/pages/developers and https://ckan.org/

Links that are provdided throughout the portal are:

https://docs.ckan.org/en/ckan-2.2.3/api.html
data.gov.ie/api/3/action/package_list

data.gov.ie/api/3/action/tag_list

data.gov.ie/api/3/action/package_show?id=the-walled-towns-of-ireland

data.gov.ie/api/3/action/tag_show?id=marine

data.gov.ie/api/3/action/package_search?q=museum

data.gov.ie/api/3/action/resource_search?query=name:The%20Walled%20Towns%20of%20Ireland"
PT6;"Does the national portal offer/link to documentation on the use of SPARQL? 

For Explanation:
* If yes, please provide the direct-URL to this feature.  ";new question;new question;Change;No;No.
PT7;"Does the national portal provide functionality for users to contribute datasets they have produced or enriched? 

For explanation:
* If yes, please (1) explain how  the portal facilitate the linking of documentation and supporting materials to these user-contributed datasets and (2) provide the direct-URL to this feature.";new question;new question;Change;Yes;"Yes, data.gov.ie provides functionality for users to contribute datasets they have produced or enriched. We have produced guidelines in relation to this: https://data.gov.ie/pages/resourcesandpublications. We also have a Data Audit Tool and how to add a dataset directly onto the portal is very self-explanatory with the step by step process. The following is a link to our data audit tool:  https://audit.data.gov.ie/ . The following is the link to how a user could add a dataset: https://data.gov.ie/dataset/new . Which is very intuitive and does not need previous experience to add a dataset. Since you might not be a user on our portal. There is also the Showcases page on the open data portal which is designed to highlight the uses to which data on the portal have been put. https://data.gov.ie/showcase
This publicises and demonstrates the data driven projects using data published on the open data portal. It also provides examples on how open data can be used for new users.
"
PT8;"Does the national portal offer a mechanism for users to provide general feedback, such  a 'Contact us' or 'Feedback' button that is placed in a visible spot and would allows users to send a general comment concerning the portal?

For Explanation:
* If yes, please provide the direct-URL to this feature or describe how this functionality is provided.";yes;Yes, this is a clear and prominent heading on the portal. The page can be seen at https://data.gov.ie/contact. It allows users to get in touch by email, mail or phoneas well as having a user friendly feedback box.;Complement;Yes;Yes, users can provide general feedback to us using the Give Us Feedback red button in the footer of each page. The button links to our contact us page here https://data.gov.ie/contact. Any comments or queries submitted on this page go to our internal Open Data Tracker and are dealt with there in a timely manner. If people have questions about particular datasets we put them in touch with the data owners through our Open Data Liason Officer Network. People can also contact us by phone or email which is visible on the contact us page. 
PT9;"Does the national portal offer a mechanism for users to provide feedback on specific datasets, such as a 'feedback button' or a comment/discussion section under the dataset?

For Explanation:
* If yes, please provide the direct-URL to this feature or describe how this functionality is provided.";yes;"All datasets have a comments facility by default which allows users to provide comments on a particular dataset. This can be seen at the bottom of any dataset page by the button ""post comment"". For example at the bottom of this page: https://data.gov.ie/dataset/covid-19-hpsc-county-statistics-historic-data?package_type=dataset";Change;Yes;Yes, at the bottom of every page of the portal there is a ‘Give us Feedback’ button which allows all users to provide feedback on specific datasets. You can see it on any page on data.gov.ie: https://data.gov.ie/. The following is a direct-URL to this tool once someone clicks on the ‘Give us Feedback’ button: https://data.gov.ie/contact . This allows users to provide direct and visible feedback on each dataset. The Open Data Unit provides support where possible for this and either responds to the data user or notifies the data publisher of the feedback.
PT10;"Does the national portal provide a mechanism for users to rate datasets?

For Explanation:
* If yes, please provide the direct-URL to this feature or describe how this functionality is provided.";yes;Yes. A 'Like' button is available for each dataset on the portal. For example hhttps://data.gov.ie/dataset/valuation-office-api?package_type=dataset;Change;Yes;Each data set has a 'Contact Us' button on its page (https://data.gov.ie/contact) to allow users to provide feedback on this dataset. This process is monitored by the Open Data Unit, questions are answered where possible and feedback on the data is relayed to the data owners.
PT11;"Does the national portal enable users to find information and news on relevant open data topics in the country?

For Explanation:
* If yes, please provide the direct-URL to this feature.  ";yes;"The 'Latest News' page provides news and information on open data events and topics at a national and local level.  https://data.gov.ie/blog
For example to inform and gather input to the  next iteration of the national Open Data Strategy we have hosted a number of town halls, both online and in person.  Information on the town halls, see https://data.gov.ie/blog/our-next-open-data-strategy
Articles on local events such as the Dublin Region Open Data Climate Action challenge are included https://data.gov.ie/blog/dublin-region-open-data-climate-action-challenge-202.Most recently in 2023, blogs have been posted that promote Open Data Training which can be seen at: https://data.gov.ie/blog/open-data-training-for-public-sector-employees-new-2023-dates. Another blog was posted about the Smart Dublin Hackathon which was held in the Dublin Google Offices and was partly funded by our 2022/2023 engagement fund. A blog post on it can be seen here: https://data.gov.ie/blog/smart-dublin-hackathon. Finally we also post about any legal requirement updates for open data to keep users informed.";Complement;;"Our latest news section on the portal enables users to find information and news on relevant open data topics in the country. The latest news section is available here at https://data.gov.ie/blog. 

We have also a newsletter which we send out to all our mailing list subscribers which combines recent news items and brings them back to the portal page. The newsletter can be accessed here at https://mailchi.mp/43fba27e579d/open-data-updates. 
This newsletter was something that came out of our latest Internal Open Data Communications Plan. We hope to take a more strategic approach to communications and maximise outreach and engagement.

Some of the articles include showcases/spotlights on our engagement fund winners eg 
https://data.gov.ie/blog/european-peatlands-and-policies-open-data AND
https://data.gov.ie/blog/focus-on-the-open-data-engagement-fund

Other articles include blogs on Open Data events attended/run eg
https://data.gov.ie/blog/unlocking-potential-a-recap-of-the-national-open-data-conference-2023 AND 
https://data.gov.ie/blog/data-europa-eu-workshop-for-data-providers

We also provide up to date information on Open Data Training https://data.gov.ie/blog/open-data-training"
PT12;"Does the national portal offer the possibility for users to receive notifications when new datasets are available on the national portal (RSS, ATOM feeds, email notifications etc.)?

For Explanation:
* If yes, please provide the direct-URL to this feature.  ";yes;"Yes, Regular tweets and blogs are issued to notify followers when new datasets are published.    https://data.gov.ie/blog  

The RSS Feeds are available from the following links:
• https://data.gov.ie/feeds/dataset.atom <- For the whole site
• https://data.gov.ie/feeds/group/{name}.atom <- For datasets in a group
• https://data.gov.ie/feeds/tag/{name}.atom <- For datasets with a tag
• https://data.gov.ie/feeds/custom.atom?q=... <- Datasets matching a search query. ";Complement;;yes, at https://x.com/GovDataIE
PT13;"Does the national portal enable users to request datasets, such as through a ""request data"" button? 

For Explanation:
* If yes, please provide the direct-URL to this feature or describe how this functionality is provided.";yes;https://data.gov.ie/dataset/suggest/new;Complement;Yes;As well as the Suggest A Dataset feature which can be accessed here https://data.gov.ie/dataset/suggest/ we also have our Open Data Tracker in which people can submit any Open Data Queries. We often get emails from people looking for a specific dataset and we put them in touch via email and our ODLOs with the potential/existing data owner.
PT14;"Are requests for datasets and their progress status presented in a transparent manner on the national portal? 

For Explanation:
* If yes, please provide the direct-URL to this feature.  ";yes;"Data set suggestions can be submitted through an easy to use interface.  All datset requests are listed with the status at https://data.gov.ie/dataset/suggest  . Other users can see what requests were put in and any comments those suggesting the datasets made.
An overview is also available at https://data.gov.ie/stats";Complement;Yes;"The Open Data Unit have made significant efforts over the last number of months to ensure all dataset suggestions are replied to in a transparent way and that people are aware of any progression in the suggestions as can be seem here:https://data.gov.ie/dataset/suggest/e52d17f6-c49b-42d9-9eea-14618f516ca1.
We take the suggestion and pass it on to the relevant Open Data Liaison Officer/ Organisation and if they are able to post the suggested data we then notify people and close out the suggestion."
PT15;"Does the team monitor the extent to which requests (either via the portal or otherwise) result in the publication of the requested data?

For Explanation:
* If yes, please describe how this monitoring is conducted.";yes;The Open Data Team emails the request to the relevant public body and follows up the requests to monitor progress.  Where requests are unsuccessful we advise the requester of their rights of appeal to the Information Commissioner under the PSI directive.;Complement;Yes;Yes, the Open Data Unit will monitor if requests transpire into published datasets. When we pass the suggestion onto the relevant ODLO or Public Body, we would ask them to keep us in the loop if they post the data. We also follow up regulary on dataset suggesitons to the relevant Public Body. However, we do not have the authority to mandate them to publish the data if they hold it nor do we have any visibility into what data they internally hold. We use an internal tracker app to monitor the topic and number of requests and questions and report on these metrics quarterly to the Open Data Governance Board. These progress reports to the board are also published on the open data portal https://data.gov.ie/pages/progressreports
PT16;"Does the national portal offer a mechanism for users to exchange with others, such as a discussion forum?

For Explanation:
* If yes, please provide the direct-URL to this feature or describe how this functionality is provided.";yes;There is a comment forum attached to each dataset;Complement;Yes;"For our Open Data Liaison Officers, we have a forum on data.gov.ie called CEIST. ""The Open Data Community Education and Support Tool. Connect with other leaders and champions in the Irish Open Data community, share knowledge, best practices and tips.""This may only be visible when you are logged in as a user on the portal. This forum allows for forum discussions on multiple topics such as HVDs, Data Reuse, interesting projects etc. CEIST is normally accessed here: https://discourse.staging.derilinx.com/"
PT17;"Does the national portal showcase reuse cases, such as in a designated section of the portal?

For Explanation:
* If yes, please provide the direct-URL to this feature. ";yes;Yes. Showcases are an important facility to demonstrate the positive and braod ranging impact of open data.  https://data.gov.ie/showcase;Complement;Yes;"We also showcase reuse cases on our lastest news section of the portal. https://data.gov.ie/blog

We publish blogs of Engagement Fund Winners who has reused  national data for a variety of projects. Some examples include
https://data.gov.ie/blog/european-peatlands-and-policies-open-data
https://data.gov.ie/blog/focus-on-the-open-data-engagement-fund
https://data.gov.ie/blog/digitising-galway-s-graveyard-heritage-open-data-in-action"
PT18;"Does the national portal reference the datasets that the showcased reuse cases are based on (i.e. there is a link between the reuse case in the showcase and the underlying dataset on the portal)?

For Explanation:
* If yes, please provide the URL to this feature/to an example documenting this feature.";yes;"RESPONSE TO REVIEWER: https://data.gov.ie/showcase AND
https://data.gov.ie/showcase/failte-discover-ireland-s-hidden-gems
";Complement;Yes;https://data.gov.ie/showcase/marine-spatial-planning Example 
PT19;"Does the national portal provide the possibility for users to submit their own reuse cases?

For Explanation:
* If yes, please provide the direct-URL to this feature. ";yes;We encourage re-users of data to submit their reuse cases as showcases. See https://data.gov.ie/showcase_suggest;Complement;Yes;https://data.gov.ie/showcase/new
PT20;"Does the national portal offer a preview function for tabular data?

For Explanation:
* If yes, please provide the URL to an example documenting this feature.";yes;A preview panel is provided for all datasets.  A sample of the data can be previewed provided that the dataset is not very large.See https://data.gov.ie/dataset/attractions?package_type=dataset;Complement;;https://data.gov.ie/dataset/attractions/resource/f6ccaa7b-6c59-4ea8-9da4-fd2fc3982872 This is the previewed example
PT21;"Does the national portal offer a preview function for geospatial data?

For Explanation:
* If yes, please provide the URL to an example documenting this feature.";yes;Yes, a geospatial preview is provided for spatial data sets.  See https://data.gov.ie/dataset/mountains-osi-national-1m-map-of-ireland4?package_type=dataset;Complement;yes;https://www.arcgis.com/apps/mapviewer/index.html?url=https://services-eu1.arcgis.com/o56BSnENmD5mYs3j/ArcGIS/rest/services/SHD_Applications/FeatureServer&source=sd
PT22;"Do you promote high-value datastes on your national portal (e.g. use filtering features for reusers to easily find such datasets, use editorial features to promote the datasets, etc.))?

For Explanation:
* If yes, please specify how and highlight challenges if any. 
* If you are an EFTA or a candidate country to the EU, please select 'not applicable'.";new question;new question;Change;Yes;Yes. There is a specific boolean flag to identify HVDs and we have installed a new DCAT AP HVD profile.
PT23;"Do you monitor the portal's traffic (e.g. in terms of number of unique visitors, visitor profiles, percentage of machine traffic, number of downloads according to the number of datasets etc.)? 

For Explanation:
* If yes, which tool(s) do you use?";yes;Fathom and Tableau;Complement;Yes;Yes, we monitor the portal's traffic in terms of number of unique visitors, visitor profiles, percentage of machine traffic, number of downloads according to the number of datasets etc., the tools we use are Fathom, Tableau, and PowerBI visualisation which is supported by extracts from the database. Also, Google Analytics is providing the users/page views data, and the rest of the stats are pulled from internal database tables (quantities etc.). Please see the following URL to our stats page: https://data.gov.ie/stats
PT24;"Do you run analytics on API usage?

For Explanation:
* If yes, please briefly (1) describe your process and (2) how you use the insights to improve the portal";yes;N/A;Change;Yes;Not on the CKAN API. But we do track outgoing clicks to API resources. Currently 82% of datasets are available via APIs https://data.gov.ie/stats
PT25;"Besides monitoring portal traffic, do you perform any further activities to better understand the behaviour and needs of users of your portal (e.g. web analytics, surveys, or analysis of social media feeds)?

For Explanation:
* If yes, please (1) specify the activities and explain (2) how they help you understand user needs";yes;We utilise Google analytics and surveys to understand users behaviours when using the portal.We also take on board what users who submit queries to our Open Data Tracker have to say and incorporate their suggestions into the development of the portal.;Complement;;"Yes, we use Fathom to analyse which pages users come from, their flow along the portal, etc. Those analytics also include information about other pages on the portal, not just the datasets. We utilise Google analytics and surveys to understand users behaviours when using the portal.We also take on board what users who submit queries to our Open Data Tracker have to say and incorporate their suggestions into the development of the portal.
"
PT26;"Do you used the insights about portal usage and about the behaviour and needs of portal users to improve the portal accordingly?

For Explanation:
* If yes, please explain your process for improving the portal based on user insights and feedback
* If relevant, kindly highlight some improvements made in the past year";new question;new question;Change;Yes;Yes, we use the analytics tool described above and the impact of that in real terms is realised in PT28.
PT27;"Do you undertake any activities to promote the portal and attract new users or new audiences?

For explanation:
* If yes, please (1) explain what activities your perform, and (2) mention if these activities are directed at any specific target audience (e.g. business, public sector, academia, etc.)";new question;new question;Change;Yes;"Yes, we undertakes activities to promote our portal and attract new users and new audiences. The following is an example of the activities we perform: 
Launching our National Open Data Strategy 2023 - 2027: The existence of our second national Open Data Strategy recommends a focus on user engagement, and shows our efforts to broaden our user base. 
Website Features: The data.gov.ie website itself offers features that offers a better UI-UX experience, such as Easy Navigation. Categorisation of datasets by topic and functionalities like search bars showcases efforts to make data discovery user-friendly.
Open Data Engagement Fund: The existence of this fund highlights initiatives to support promoting data use and always attracts new audiences annually. 
News & Updates: We regular provide Updates to our users as part of our communications plan.
Contact Information: We give an option to everyone to reach out to the Open Data Unit directly through email or phone number provided on the website.
Supporting Data Publishers: This involves assisting government agencies in making their data publicly available in a usable format. This includes training workshops or technical guidance.
Maintaining the Open Data Platform: We oversee the technical aspects of data.gov.ie, ensuring smooth operation and user experience.
Engaging Open Data Users by Promoting data use, User Education, and Community Building: The Open Data Engagement Fund encourages exploration and utilisation of open data data.gov.ie and other opendata sets not available on data.gov.ie. We also host workshops and provide resources on our portal to help users understand and analyse the data effectively. We also foster communication and collaboration among data publishers and users through our annual conferences. 
Our activities target a broad audience with a focus on:
Public Sector: Encouraging government agencies to publish data.
General Public: Making data accessible and user-friendly for everyone.
Specific Sectors: Initiatives like the Open Data Engagement Fund targets businesses and researchers interested in using the data for innovation or research.
Broad: Anyone interested in learning more about open data, and all stakeholders in the open data ecosystem."
PT28;"Do you monitor what keywords are used to search for data and content on the portal?

For Explanation:
* If yes, please briefly (1) describe your process and (2) how you use the insights to improve the portal";new question;new question;Change;Yes;Yes, Fathom is used to monitor a range of analytics data. The insights from these have fed into all stages of the portal’s development, including the updated design of the UI and the user journey whilst on the site. They are also published on the Stats page of the portal.
PT29;"Do you monitor the most and least consulted pages?

For Explanation:
* If yes, please briefly (1) describe your process and (2) how you use the insights to improve the portal
* For informational purposes, kindly provide the URLs to the five most popular datasets on the portal";new question;new question;Change;Yes;"Yes. CKAN has internal tracking of dataset views. We use that to feature the most popular datasets. Top 5:
https://data.gov.ie/dataset/national-monuments-service-archaeological-survey-of-ireland_x000D_
https://data.gov.ie/dataset/open-topographic-lidar-data_x000D_
https://data.gov.ie/dataset/national-planning-applications_x000D_
https://data.gov.ie/dataset/dublinbikes-api_x000D_
https://data.gov.ie/dataset/google-airview-data-dublin-city_x000D_"
PT30;"Do you take measures to optimise the search and discoverability of content (data and editorial)? 

For Explanation:
*If yes, please briefly describe how your optimise the search";yes;"The 'Advanced Search' feature was extended this year to include keyword search on all datasets and filters such as Publisher, License, THemes and formats.
https://data.gov.ie/advanced_search; 

A general search facility is available on the portal home page which gives easy access to the data.  It provide advanced search features to facilitate more focused searches. https://data.gov.ie/advanced_search; 

The portal uses DCAT-AP metadata; Enabling tagging; 
Allowing sorting by ‘Most Popular’ datasets https://data.gov.ie/dataset?q=&sort=views+desc; 
Allowing users to filter by APIs https://data.gov.ie/dataset?sort=views+desc&q=&api=true; 
Providing ‘Search Tips’ above search bar https://data.gov.ie/dataset              

Main categories of data can be accessed through the large data theme icons which are featured prominantly on the home page.  
A banner to facilitae easy acces to Covid data has been added to the home page.

In general, we work on improving the metadata to make discovering relevant data more easy. Examples of this work would be manually adding tags to harvested datasets- adding further discoverability to data than the publishers have added themselves.

We have 'Featured' datasets those that are kept at the top of the list because they are deemed to be important in some way. This makes discovering them much easier.   We create data collections manually. for example, the Covid banner on the front page. This effectively curates mini-collections by associating datasets together.   ";Confirm;;
PT31;"Is the metadata on your portal available in clear plain language to enable both humans and machines to read and understand it? 

For Explanation:
*If yes, please provide the URL to an example documenting this feature.";yes;;Complement;;"Yes. Machines can use the CKAN API to read metadata. (https://docs.ckan.org/en/2.9/api/)_x000D_
Humans can access an administrators/publishers guide. (https://data.gov.ie/pages/guideforpublishers).  Further, the forms to add data have descriptive text alongside each field describing that metadata in more detail. _x000D_"
PT32;"To what degree do public sector data providers contribute data to the portal? 

For Explanation:
*Please describe what is the agreed approach.
* If less than the majority of data providers, please briefly explain why (e.g. technical incompatibilities, governance aspects, low awareness etc.).";the majority of public sector data providers;"All PSBs who release open data are connected to the portal.  PBs who wish to release data will contact the ODU in the first instance.  They will be directed to the OD technical guidance documents on the portal which set out requirements for publishing to the portal including the CC By 4.0  licence, the metadata required and the accepted open formats.
The PB will be set up as a publisher on the national portal and supported by the ODU to publish their data.  
Where harvesting of data can be initiated or APIs implemented the PB will liaise with the technical support supplier to the ODU to put these services in place. 
Most public service bodies do publish their data, the few who don't may not have tha capacity to publish yet or have little data to release due to GDPR concerns.  We are actively working with them to address these issues.  
There is a network of Open Data Liaison Officers across public service organisations- the Open Data Unit is in regular contact with this network to support them and encourage them to publish their data in open format.

A new Open Data Training framework was put in place in early 2022.  The courses which this training framework provides includes a course on the Publication of open Data. So far this year in 2023 there have been multiple training days on Data Audits and Data Publication.";Confirm;The majority of public sector data providers;There are 145 data publishers publishing 19723 datasets to the open data portal. The open data unit organises outreach and training events to inform public servants on the Open Data Directive and the benefits and requirements of publishing open data. We offer support and guidance on the practical aspects of publishing open data and support public sector bodies in explaining the benefits of open data to their senior management. There are a number of guidance documents available on the portal (https://data.gov.ie/pages/resourcesandpublications)(https://data.gov.ie/pages/opendatalicence)(https://data.gov.ie/pages/developers) and we offer open data training to all public servants (https://data.gov.ie/blog/open-data-training-for-public-sector-employees-new-2024-dates), where necessary, we advise PSBs on how to access professional private sector support through our technical framework (https://www.gov.ie/en/ogp-frameworks/4f19c-technical-services-for-open-data-and-data-management/). In addition to this, since the end of 2023, there is a new mentoring tool available on the portal, CEIST. When a new publisher is brought on board, they are given write access to the portal and also access to CEIST (https://discourse.staging.derilinx.com/) which is a space where they can ask questions of more experienced publishers and also publishers can detail their recent projects- the benefits and challenges they have encountered.
PT33;Do you identify the data providers that are not yet publishing data on the national portal?;yes, or all public sector data providers already publish data;N/A;Confirm;;N/A
PT34;"Were there concrete actions taken to assist these data providers with their publication process?

For Explanation:
* If yes, could you provide some examples of the actions taken in this regard.";yes, or all public sector data providers already publish data;"Training courses have been put in place under the new Open Data Training Framework for the public service.  There have been 2 rounds of these training days so far this year-2023. These include:
1. General Introduction to Open Data
2. Open Data & Re-Use of Public Service Information (PSI Directive)  – Implications for public bodies
3. Open Data Audits and Data Publication
4. Introduction to Data Analytics and Visualisations
5. Data Anonymisation Techniques
6. Introduction to Linked Data 

There are also a number of actions the ODU takes to assist PBs to publish data. 
We meet these public service bodies to promote open data training, auditing and the publication of their data.  When PBs want to start pulishing data we will meet with them to guide them through the publication process and on their request they will be set up as a publisher on the national portal.
The Data Autit Tool on the Portal provides a mechanism for organisations to identify and catalogue what datasets they hold.  The Tool enables PBs to list and describe all datasets that exist within their organisation, so that the datasets can be reviewed and those that are suitable for publication as Open Data can be selected and approved. These datasets can then be published directly on data.gov.ie.

PBs are directed to the guides and documentation available on the portal that explains the steps and requirements they should complete to publish their data, such as https://data.gov.ie/docs/Open-Data-Publication-Guidelines-2021.pdf and https://data.gov.ie/uploads/page_images/2018-08-08-164247.606489Add-a-Dataset-to-Portal-Guide---August-2018.pdf

Data publishers who have relatively small amounts of datasts to publish can publish directly to the portal using the ‘add a dataset’ function.
Where PBs have large volumes of data or datasets that are updated regularly and harvesting of data can be initiated or APIs implemented the PB will liaise with the technical support supplier to the ODU to put these services in place. 
We also hold information webinars and an annual conference to promote the publication and reuse of data.";Confirm;;
PT35;"Besides the national open data portal, are there other regional and local portals? 

For Explanation:
* If yes, please provide a complete list and the links to these portals.";yes;"Housing CKAN data portal
Clare County Council Arcgis
Galway City Council OpenData
Westmeath County Council ArcGIS
OSI Covid-19 Geohive Datahub
Tusla
ISDE
Galway County Council Arcgis
Roscommon County Council Arcgis
data.ehealthireland.ie
SmartDublin
data.corkcity.ie
CSO
QQI
National Transport Authority                                                                                                                                                             The Department of Agriculture";Complement;;"Department of agriculture, Food and the Marine 
https://opendata.agriculture.gov.ie/
Kildare County Council CKAN
https://data.kildarecoco.ie/
Limerick City & County Council CKAN
https://datacatalog.limerick.ie/
Land Development Agency ArcGIS
https://opendata-lda-ie.hub.arcgis.com/api/feed/dcat-us/1.1.json
Inland Fisheries Ireland ArcGIS
https://opendata-ifigis.hub.arcgis.com/data.json
Department of Housing, Local Government, and Heritage CKAN
https://opendata.housing.gov.ie/
Clare County Council ArcGIS
https://data-clarecoco.opendata.arcgis.com/api/feed/dcat-us/1.1.json
Galway City Council ArcGIS
https://galway-city-council-opendata-galwaycityco.hub.arcgis.com/api/feed/dcat-us/1.1.json
Westmeath County Council ArcGIS
https://westmeath-county-council-open-data-westmeath.hub.arcgis.com/api/feed/dcat-us/1.1.json
OSI Covid-19 Geohive Datahub
http://opendata-geohive.hub.arcgis.com/api/feed/dcat-us/1.1.json
Tusla
https://datacatalog.tusla.ie/
Galway County Council ArcGIS
https://opendata-galwaycoco.hub.arcgis.com/api/feed/dcat-us/1.1.json
Roscommon County Council ArcGIS
http://data-roscoco.opendata.arcgis.com/api/feed/dcat-us/1.1.json
data.ehealthireland.ie
https://data.ehealthireland.ie/
SmartDublin 
https://data.smartdublin.ie/
Data.corkcity.ie
https://data.corkcity.ie
OSI ArcGIS
https://data-osi.opendata.arcgis.com/data.json
ISDE
http://isde.ie/geonetwork/srv/eng/csw"
PT36;"Are regional and local portals listed above and their data sources discoverable via the national portal? 

For Explanation:
* If not applicable, please briefly explain why. ";yes;;Confirm;;
PT37;"To what degree are  regional and local sources harvested automatically? 

For Explanation:
* If less than the majority of existing sources is harvested by the national portal, please briefly explain why.                        
* If not applicable, please briefly explain why. ";all datasets;;Confirm;;
PT38;"Does the national portal include datasets that are real-time or dynamic?

For Explanation:
* If yes, please provide URLs to real-time and/or dynamic data featured via the national portal. ";yes;"Examples of real-tiem or dynamic datasets 
https://data.gov.ie/dataset/real-time-passenger-information-rtpi-for-dublin-bus-bus-eireann-luas-and-irish-rail?package_type=dataset
https://data.gov.ie/dataset/dublinbikes-api?package_type=dataset
https://data.gov.ie/dataset/sonitus?package_type=dataset
https://opendata-geohive.hub.arcgis.com/datasets/4779c505c43c40da9101ce53f34bb923_0
https://data.smartdublin.ie/dataset/real-time-passenger-information-rtpi-for-dublin-bus-bus-eireann-luas-and-irish-rail
https://data.gov.ie/dataset/attractions?package_type=dataset
https://data.gov.ie/dataset/moby-bikes?package_type=dataset
https://usmart.io/org/dhplg/discovery/discovery-view-detail/c291e0eb-ff22-4f71-8a58-87ffeeed878f";Confirm;;
PT39;"Does the national portal provide a way for non-official data (i.e. not stemming from official sources, such as community-sourced/citizen-generated data) to be published? 

For Explanation:
* If yes, please explain how non-official data is distiguished for offical data (e.g. using a different section of the portal or tags) 
* And please provide a URL to an example of a non-official dataset on the portal ";new question;new question;Change;Yes;"Yes, data.gov.ie provides a way for non-official data, i.e. not stemming from official sources, such as community-sourced/citizen-generated data to be published. Non-official data is distinguished from official data by listing the publishers clearly where the data is presented. An example of this is our showcases section, i.e., a different section of the portal. _x000D_
_x000D_
An example of this is COVID-19 Statistics and Twitter Bot:_x000D_
In addition, some public sector bodies collect data in cooperation with individuals or civic groups, such as meteorological or wildlife species location data and these data are published under their auspices onto the portal.
https://data.gov.ie/showcase/covid-19-statistics-and-twitter-bot._x000D_
_x000D_
_x000D_
This data is an unofficial but comprehensive resource for COVID-19 data in Ireland. It goes beyond official government sources by incorporating data from Google, Apple, and other reputable organisations, providing a more holistic view of the pandemic's impact. The user-friendly dashboard curates information from various sources, potentially revealing hidden connections. By leveraging Open Data, this project empowers the public to stay informed and understand the evolving situation, showcasing the value of Open Data in public health communication and crisis response._x000D_"
PT40;"Does the national portal allow users to see what data exists but cannot be made available as open data?

For Explanation:
* If yes, please (1) provide the URL to an example and (2) briefly describe the approach used to ensure this transparency.";yes;The Public Service Data Catalogue aims to promote openness and transparency around the data held by the public service by cataloguing and describing public Service data. It catalogues open and non open data held by the public service https://datacatalogue.gov.ie/;Confirm;;
PT41;"Does the national portal have a strategy to ensure its sustainability?

For Explanation:
* If yes, please (1) provide the URL to this document and (2) describe the main measures to keep the portal running in the long-term and continue to serve its audience";new question;new question;Change;Yes;"Ireland has a national Open Data Strategy outlining a multi-year plan to maintain and improve the portal. The current strategy covers 2023-2027, focusing on accessibility, mobile-friendliness, and data reusability. Our portal is a well-functioning system with ongoing maintenance and improvement efforts._x000D_
_x000D_
URL to this document: https://data.gov.ie/docs/Open.Data.Strategy_FINAL_ENG.pdf_x000D_
_x000D_
This focus on ongoing development highlights our commitment to the portal's long-term viability._x000D_
_x000D_
Describe the main measures to keep the portal running in the long-term and continue to serve its audience:_x000D_
_x000D_
Our service providers for the portal that convers maintenance and servicing our audience is Derilinx. They provide this service to us under the OGP Framework for Technical Services for Open Data and Data Management. They offer services like data audits, data maturity assessments, and maintenance of the National Open Data Portal, amongst other things. We have regular meetings with them to discuss improvements to the portal and maintenance issues. _x000D_"
PT42;"Is your national portal active on social media? 

For Explanation:
* If yes, please provide the URL(s) to your social media accounts. ";yes;Twitter account  https://twitter.com/IRLDeptPER;Complement;Yes;We are also on Twitter: https://x.com/GovDataIE
PT43;"Are the portal’s source code and relevant documentation and artefacts made available to the public (e.g. on platforms such as GitHub or GitLab)?

For Explanation:
*If yes, please provide the (1) platform name and (2) the URL to the portal’s account on this platform.";yes;Portal source code is available at https://github.com/derilinx/ckanext-dgi-public;Change;Yes;"Platform Name: Github_x000D_
URL to the Portal’s account on this Platform: https://github.com/derilinx/ckanext-dgi-public_x000D_
https://data.gov.ie/pages/developers"
PT44;"Do you monitor the characteristics of the data published on the portal, such as the distribution across categories, static vs. real-time data and how these change over time?

For Explanation:
* If yes, please provide the direct-URL to this feature";yes;"A dashboard of  metrics displaying the charistics of the data on the portal is provided on the Stats page at https://data.gov.ie/stats . 
The QA Validator and KPI Repots provide data publishers with the ability to view the quality of their data, identify issues such as broken links or missing metadata. https://data.gov.ie/kpi-report
https://data.gov.ie/qa-report";Confirm;;
PT45;"Does this monitoring enable the portal team and/or data providers to take action to improve their performance on the national portal?

For Explanation:
* If yes, please (1) explain how and (2) if applicable provide the direct-URL to this feature.";yes;"The QA Validator and KPI Repots provide data publishers with the ability to view the quality of their data, identify issues such as broken links or missing metadata.  It provides them with the information required to address the issues identified and to then take the necessary action to resolve the issue or improve the quality of their data.  
The QA Validator is an exception report, that is, it only lists datasets with issues or potential issues.  Datasets are checked for missing or incorrect metadata, resources that are not in the format stated, broken links, datasets not being updated according to the stated frequency.  
The KPI Reports provides a summary of the datasets published by public bodies across the categories of data.  It provides publishes with a several views of their data including a quarterly summary of page views of their data.  It also allow them to compare how the quality of their data rates in comparision with other publishers.
https://data.gov.ie/kpi-report
https://data.gov.ie/qa-report";Confirm;;
Q1;"Is there a pre-defined approach to ensure that metadata is kept up-to-date?

For Explanation:
* If yes, please briefly describe your approach.";yes;The Irish open data portal curretly has 17 harvestersthat update the data and metadata  automatically overnight. This includes several harvesters that manage data from a number of different public bodies i.e. the ISDE, GeoHive and CSO harvesters manage data from a number of smaller organisations in addition to their own.  This ensures an extra layer of data checking and verification and that data updates are regularly made.    Smaller public bodies with fewer open datasets publish their data manually, but the upload process ensures that the metadata is required in the correct format for the process to be completed.  In addition to this, we have added a number of tools for open data owners to check and quality control their data. These are at https://data.gov.ie/kpi-report and https://data.gov.ie/qa-report and allow the data owners to have an accessible overview of their dataset.;Complement;;We have have 18 Harvesters.
Q2;"What percentage of the metadata on the national portal is obtained from the source automatically, rather than edited manually? 

For Explanation:
* Please describe (1) the workflows you have to automate the harvesting of metadata and (2) for which types of data these apply to";new question;new question;Change;70-89%;Approx. 81%. We have a range of different harvesters, all of which run nightly. We have harvesters based on the ckanext-harvest extension that connect to (e.g.) ArcGIS. We have customised script harvesters that connect to data providers’ custom api endpoints and we have CKAN to CKAN harvesters in the cases where government departments have their own CKAN portals under a federated model. These include all kinds of data formats including px for statistical data, geojson and other geospatial formats, and tabular data in csv format.
Q3;"What is the average delay from the moment the metadata describing a dataset is updated at the source, and the moment the change is visible on the portal?

For Explanation:
* Please explain the approach for updating metadata in a timely manner";new question;new question;Change;Within one day;Overnight if it is changed at the source as our harvesters run overnight. On our portal it changes instantly. 
Q4;"Do you undertake efforts to ensure that published data covers the full period from when it was first published until today, for example,the complete time series?

For Explanation:
* If yes, please explain the measures in place to ensure complete series of datasets";new question;new question;Change;Yes;Yes, we consistenly review datasets to ensure the data covers the complete time series. In additon to this, we have updated metadata on each datasets to include the Date released, Date updated, Update frequency, Period of time covered (begin), Period of time covered (end), and State of the dataset. 
Q5;"Have you implemented the DCAT-AP High Value Datasets (semiceu.github.io) tag to denote the High-Value Datasets in your (national) open data portal(s)?

For Explanation:
* If yes, please specify how and highlight challenges if any.
* If you are an EFTA or a candidate country to the EU, please select 'not applicable'.";new question;new question;Change;Yes;Yes, our web developers have implemented this through the search functionality and it is there an option for publishers when they are publishing HVDs. Some challenges include the option not being mandatory to include for a publisher and also it is unkown if HVDs through the harvesters are appearing as HVDs in the portal. We are liasing further with our developers to fix this issue.
Q6;"Besides the DCAT-AP tag mentioned above, have you implemented any other measures to ensure that high-value datasets ((EU) 2023/138) are interoperable with datasets of other country?

For Explanation:
* If yes, please specify how and highlight challenges if any.
* If you are an EFTA or a candidate country to the EU, please select 'not applicable'.";new question;new question;Change;Yes;Yes, we use standardised data formats to allow for easier integration and analysis of our data. Some examples would include CSV, JSON, and XML for tabular data, and GeoJSON or Shapefiles for geospatial data. We also have metadata specifications such as definitions, units of measurement, and reference systems. We use country codes, industry classifications etc. for harmonised vocabularies. We also encourage access to high-value datasets through APIs where possible, and bulk download services.
Q7;"Do you monitor the quality of the metadata available on your portal?

For Explanation:
* If yes, please briefly explain how this monitoring takes place. 
* If applicable, please provide the URL to this monitoring mechanism.";yes;"A data quality report (""QA Validator"") is published at https://data.gov.ie/qa-report. Both internal monitoring using the QA Validator and the results of the EU Open Data Portal (MQA) (https://data.europa.eu/mqa/catalogues/data-gov-ie) are monitored.";Confirm;;
Q8;"Do you publish information on the quality of the metadata available on the portal?

For Explanation:
* If yes, please provide the URL to this section. ";yes;https://data.gov.ie/qa-report;Confirm;;
Q9;"Do you publish guidelines (e.g. written materials) and have tools in place, to assist publishers in publishing high-quality metadata? 

For Explanation:
* If yes, please (1) briefly describe this material and (2) provide the URLs to these materials and/or tools.";new question;new question;Change;Yes;We have publication guidelines in place: https://data.gov.ie/pages/resourcesandpublications . We also have upgraded our portal allowing for an optimised UI-UX experience for both the user and publisher which makes the step by step process of publishing data intuitive and we also have a dedicated publishers forum where publishers can ask any questions.
Q10;"Do you set any standards on metadata quality that data providers must abide by (e.g. on the use of licence, minimum metadata describes, use of certain DCAT-AP properties, etc)

For Explanation:
* If yes, please describe the standards you have in place, i.e. what is minimum information the metadata should describe ";new question;new question;Change;Yes;"Ireland recommends the adoption of a standardised Metadata Schema by public bodies, Data Catalogue Vocabulary Application Profile (DCAT-AP) standards. These recommendation ensures interoperability between datasets published by public bodies. The mandatory classes include ‘catalogue’, ‘dataset’, and ‘distribution’. Metadata quality is assessed based on compliance with DCAT-AP and its derivatives, accessibility of data through URLs, machine readability of data, and use of known open-source licenses._x000D_
_x000D_
For more explicit details on Ireland’s implementation, you can refer to the Open Data Technical Framework on data.gov.ie:_x000D_
https://data.gov.ie/pages/opendatatechnicalframework_x000D_"
Q11;"Do your open data publication/licensing guidelines provide recommendations for the use of Creative Commons (CC) licences, specifically CC BY 4.0 and CC0?

For Explanation:
* If yes, is this mandatory (e.g. prescribed by law) or recommended?
* Please provide a URL link to the guidelines";new question;new question;Change;Yes;"Yes, it is mandatory according to Circular: 20/2021 Open Data Directive with some exceptions according to S.I. No. 376 of 2021. Please refer to the following for explicit information: _x000D_
https://data.gov.ie/uploads/page_images/2024-04-17-100657.069939Circular-202021-Open-Data-Directive.pdf_x000D_
https://data.gov.ie/docs/ENG_SI.376_2021.pdf_x000D_
 Please see the following for a link to the guidelines:_x000D_
https://data.gov.ie/pages/guideforpublishers_x000D_
_x000D_"
Q12;What percentage of the open data available on the national portal is accompanied by licensing information? ;>90%;N/A;Confirm;;N/A
Q13;How many different licences are used on your portal?;>10;N/A;Change;1-4;N/A
Q14;"Besides providing guidelines, are there regular activities conducted or mechanisms in place to  assist publishers in supplying high-quality datasets (metadata quality and data quality)?

For Explanation:
* If yes, please explain the support you provide?";new question;new question;Change;Yes;Yes, there is training happening every month for Irish Public Sector Staff that is comissioned by the Open Data Unit. They would include access e-learning materials. We also have 22 showcases on our portal. Data Audits are provided through our framework on request and we do hold meetings with publishers to help the ODI. We also hold an annual conferences and meeting with publishers. We also send out quartly newsletters.
Q15;"Does the national portal follow the DCAT-AP framework or, if not, are standards in place to ensure interoperability with DCAT-AP?

For explanation:
* If the  portal follow the DCAT-AP framework, please describe how compliance with DCAT-AP is ensured
* If the portal does not follow the DCAT-AP framework, please describe how interoperability with DCAT-AP is ensured";new question;new question;Change;Yes;"Data.gov.ie follows the DCAT-AP framework, this is evident from our Technical framework: https://data.gov.ie/pages/opendatatechnicalframework and also from our publishing Guidelines: https://data.gov.ie/guidelines/publish.html_x000D_
We require that all data published on the platform must be compliant with DCAT-AP, emphasising that this an international Open Data metadata standard. We also advocate for the use of Unique Resource Identifiers (URIs) to facilitate better data discovery and interoperability. We also have an Audit Tool to validate datasets against DCAT-AP standards. This tools can check for missing mandatory properties, proper use of controlled vocabularies, and adherence to the DCAT-AP schema. We also provide training resources for data providers on how to create high-quality DCAT-AP compliant metadata. This includes best practices, examples, and tutorials._x000D_"
Q16;What is the percentage of metadata on your portal that is DCAT-AP compliant, in terms of mandatory classes? (agent, catalogue, dataset, literal, resource);>90%;;Confirm;;N/A
Q17;What is the percentage of metadata on your portal that uses DCAT-AP recommended classes? (category, category scheme, distribution, licence document);>90%;;Confirm;;N/A
Q18;What is the percentage of metadata on your portal that uses DCAT-AP optional classes? (catalogue record, checksum, document, frequency);51-70%;;Confirm;>90%;N/A
Q19;"Is there a national extension of the DCAT-AP standard developed for your country? 

For Explanation:
* If yes, please (1) briefly outline the reasons for this decision, and (2) what the main differences between the national variation and the EU standard are.
* If applicable, please provide the URL to the documentation of the national DCAT-AP extension.";no ;;Confirm;;
Q20;"Do you investigate the most common causes for the lack of DCAT-AP compliance?

For Explanation:
* If yes, what are the main causes for the lack of DCAT-AP compliance?";new question;new question;Change;Yes;"Yes, Ireland investigates the most common causes for the lack of DCAT-AP compliance. We investigate this through various mechanisms, one of which is Data Publisher Feedback. Our portal has mechanisms in place for data providers to submit feedback on challenges they face in creating DCAT-AP compliant metadata.  We also have a Data Quality Monitoring tool, which helps uncover recurring errors or inconsistencies that suggest specific compliance challenges. Reports we receive from users are also helpful. They sometimes report issues if they encounter difficulty understanding or utilising datasets due to poor metadata quality. Analysing these reports can reveal areas where DCAT-AP compliance is lacking.

The main causes for the lack of DCAT-AP compliance are Lack of Awareness and Training, Data Management Challenges, and Time and Resource Constraints.
"
Q21;What is the percentage of datasets whose metadata provides a reference to where the data can be downloaded, or its API accessed (“download-URL” in the DCAT-AP specification)?;<10%;N/A;Confirm;;N/A
Q22;What is the percentage of datasets whose metadata provides a reference to a web page from where the data can be accessed (“access-URL in the DCAT-AP specification)?;>90%;N/A;Confirm;;N/A
Q23;"Do you use a model (such as the 5-Star Open Data or FAIR) to assess the quality of deployment of data in your country?

For Explanation:
* If yes, please briefly describe.";yes;We produce a monthly summary of the number of datasets meeting each of the criteria on the 5-Star scale (https://data.gov.ie/stats), as well as tagging each dataset with the number of stars it has.;Confirm;;
Q24;"Do you conduct activities to promote and familiarise data providers with ways to ensure higher quality data?

For Explanation:
* If yes, please briefly describe.";yes;"Open Data training courses are provided which set out how data should be published to the portal.  This includes the formats and standards required to meet the 5 star model.  
The importance of both the 5 star rating and the FAIR principles form part of our training courses on open data for the public sector.  Data must be a minimum of 3 star rating for the open data portal.  The FAIR principles are always the objective when we consider how data on the portal can ve accessed.
Guidance and support is provided on an individual basis to public bodies by the ODU which promotes the use of the 5 star modeland provides information on the publication of data on the Portal.
The Publication Guidelines documents the standards and formats for publication of data including the 5 star model, license to use and acceptable formats.https://data.gov.ie/guidelines/";Confirm;;
Q25;What percentage of datasets are made available under an open licence? ;>90%;N/A;Confirm;>90%;N/A
Q26;What percentage of licences are provided in a structured data format?;51-70%;N/A;Confirm;;N/A
Q27;What percentage of datasets are provided in an open and machine-readable format?;>90%;N/A;Confirm;>90%;N/A
Q28;What percentage of datasets consistely use Uniform Resource Identifiers?;>90%;N/A;Confirm;;N/A
Q29;What percentage of datasets link to other renowned sources to provide additional context for the users, e.g. in a linked data fashion?;<10%;N/A;Confirm;<10%;N/A
I1;"Do you have a definition of open data reuse in your country?
 
For Explanation:
* If yes, please specify it.";yes;"A piece of data or content is open if
anyone is free to use, reuse, and redistribute it —
subject only, at most, to the requirement to attribute
and/or share-alike” (http://opendatahandbook.org/).";Complement;;"In the Open Data Strategy 2023-2027 in Appendix 3 under Open Data Terminology, we have given a definition of data reuse as "" The Open Data Directive defines reuse as the use by persons or legal entities of documents held by public 
sector bodies.""

https://data.gov.ie/docs/Open.Data.Strategy_FINAL_ENG.pdf"
I2;"Are there any processes in place to monitor the level of reuse of your country's open data?
 
For Explanation:
* If yes, please (1) briefly describe these processes and (2) provide the URLs to support the answer.";yes;"Yes, there are a number of national level processes to monitor the reuse of open data.   Tools are available on the National Open Data Portal to measure reuse, including number of views and downloads of datasets, and overall usage of the portal. Utlising Fathom Analytics and Tableau, these statistics are publicly available at https://data.gov.ie/stats and dataset metrics are available on the dataset listing page https://data.gov.ie/dataset

The Stats page on the portal provides all portal users an overview of data reuse nationally. https://data.gov.ie/stats
This monitors and presents the metrics on the degree to which data is accessed.  Part of the remit of the Open Data Unit is to maintain a strong network of contacts with both data creators, managers and users.  Meetings are organised with data users and their feedback is actively sought on the portal, inviting them to comment on existing data and suggest further data that might be useful to them.";Confirm;;
I3;"Are there any activities in place to encourage public bodies to monitor the reuse of their own published data (e.g. incentives or obligations in place for public bodies or civil servants of national government)?
 
For Explanation:
* If yes, please (1) briefly describe these activities/incentives and (2) provide the URLs to support the answer.";yes;" Yes, there are a number of tools in place to support and incentivise public bodies in measuring the reuse of their own and other public bodies’ open data. There is the KPI tool that has just been developed to allow data publishers to monitor their datasets- show when the data was uploaded, what was deleted and the currency of their data.  The KPI tool allows PBs to compare the quality of their data with other PBs and monitor their own progress over time.
https://data.gov.ie/kpi-report; https://data.gov.ie/qa-report

In general, Open Data allows Public Service Bodies (PSBs) to deal more efficiently with FoI requests and Parliamentary Questions as the data requested is already in the public domain and answers can simply be made in the form of a url to the relevant dataset.
The National Open Data Portal provides information on the number of views for each dataset on the portal.  This is 'upfront' and can be easily viewed when you go into view a dataset. This visibility and transparency encourages PSBs to more closely their dataset numbers in relation to similar organisations and provides impetus within the organisation for continuous improvement.  The most visited datasets are ranked on the open data portal at https://data.gov.ie/stats and the most popular Covid datasets are featured on the front page of the portal.
    
There is evidence that the release of open data led to increased efficiencies in some public bodies.  For example since Failte Ireland (Irish tourism board) released their data via API, instead of running custom queries and excel exports for individual requests, they can now direct people to their Open Data API.  Fáilte Ireland would have had numerous queries from consultants, research agencies, other government organisations as well as developers of web applications.  This was time consuming and data wasn’t current once the query was run. The data is now dynamic and has lessened the burden on internal ICT resources to manage ad hoc queries on data.  https://data.gov.ie/organization/failte-ireland.  An example of use of the Failte Ireland API opendata can be found here https://data.gov.ie/showcase/failte-maps
In addition to these tools provided by the National Open Data Portal described above, public bodies are supported through network groups and training. 
The Open Data Liaison Officer Network is a network of representatives from all Irish public bodies, coordinated by the National Open Data Team. The Liaison Officer Network meets periodically to discuss the promotion and monitoring of Open Data within their organisations and with their stakeholders. The National Open Data Team also uses this Network to push out information to all Public Bodies, such as information about events, training, new features of the portal, and supports. Members of this Network are also the contact points for specific queries about the reuse of data published by their organisation, ensuring the responsiveness of requests and questions. 
Regular Open Data Training is also available to all public-sector bodies, which includes the importance of open data reuse and impact and how to measure reuse. ";Confirm;;
I4;"Does your country have processes in place to monitor and measure the level of reuse of high-value datasets ((EU) 2023/138)?
 
For Explanation:
* If yes, please specify how and highlight challenges if any. 
* If you are an EFTA or a candidate country to the EU, please select 'not applicable'.";new question;new question;Change;Yes;"Ireland has an Open Data Strategy and emphasises compliance with EU regulations. Also as part of our Circular 2020/21 of the Open Data Directive, Section 14 and 15 lists Actions Required of public bodies. The publication of HVDs is monitored by adding this feature as a filter category, so the data can be easily identified (https://data.gov.ie/dataset/?high_value_dataset=true). In addition, both our internal tracker software identifies issues around which users have questions on HVDs and the portal feedback mechanism allows users to respond to HVD questions or issues.
In addition, the metadata includes a European Legislation Identifier with links to  relevant HVD legislation."
I5;"Has your government specified what 'impact of open data' means (e.g. in a strategy document)?
 
For Explanation:
* If yes, how do you define the impact of open data in your country? 
* If possible, please provide a URL to a public document describing it.";yes;"The definition of Open Data Impact is set out in the Open Data Evaluation Framework (Section 4.3) https://data.gov.ie/uploads/page_images/2019-04-24-104508.655717Open-Data-Evaluation-Framework.pdf, which recommends both a macro and micro approach. A macro impact evaluation to examine the broad outcomes of the initiative from a social, political and economic perspective.  At a micro level, particular case-studies can be explored to get a clear understanding of the impact of Open Data in specific sectors and under a certain set of conditions.  The Most Significant Change technique could be used as a framework to capture and analyse particular stories.  

The Impact of Open Data is one of the seven themes in the National Open Data Strategy 2017-2022: Theme 6: Evaluate the impact, benefits and risks of the Open Data Initiative and benchmark against other jurisdictions. This outlines “the development of metrics that allow benefits capture, for example, what contribution Open Data makes to improve efficiency and effectiveness of public service delivery. Carry out and publish an evaluation of the impact, benefits and risks of the Open Data Initiative. Consider evaluation frameworks in use in other jurisdictions which address benefits and return on investment”.

Consultation with stakeholders is taking place on the next National Open Data Strategy and it is envisaged that the impact of open data will be a key area, especially in relation to high value datasets.";Complement;;"In the Open Data Strategy 2023-2027 we describethe benefits of using Open Data and the impact it can have. The Impact of Open Data is a strong theme in the current strategy. Under the Publishers Pillar, one of the goals is . ""Demonstrating the value and impact of Open Data and identifying success indicators to provide evidence on the business case for increased Open Data use"". Under the Platform Pillar, one of the goals is "". Raising recognition of the value and impact Open Data offers, to align and secure the resources needed to realise its full potential 
for organisations and communities. Supporting the network of Open Data Liaison Officers to do this on the ground in their own organisations is essential"".The strategy outlines that ""For data to have the most effective impact, it needs to be appropriately accessible, mobile and reusable. That means encouraging better coordination, access to and sharing of data of appropriate quality.""

We look at impact through the lens of the benefits Open Data can have. The strategy outlines ""On an individual level, the use of Open Data benefits us every day – from 
planning our journeys, knowing what 
weather awaits us at our destination, 
to understanding how much we have 
exercised and identifying a good beach for 
swimming...The Open Data 
Governance Board (ODGB) has provided 
best practice in data governance, 
identified opportunities for improved 
access to government data and identified 
the opportunities to realise the longterm social, political, environmental 
and economic benefits of Open Data 
for Ireland. "" This can all be read in further detail on page of the strategy ""Benefits of Open Data""
 https://data.gov.ie/docs/Open.Data.Strategy_FINAL_ENG.pdf"
I6;"Do you have a methodology in place to measure the impact of open data in your country?
 
For Explanation:
* If yes, please briefly describe the key points of this methodology.";yes;" Defining metrics to measure data use or impact can be difficult, especially if what is being measured is  subjective, for example, data quality. However, there are a number of indicators that can be
automated and consistently reviewed to measure data access, such as dataset views and downloads
on a data catalogue. For example, data.gov.ie uses Fathom Analytics to record dataset page views and downloads. If a publisher publishes data via an API, the number of API requests can be measured to better understand usage. 

Impact stories and Showcases on the Portal provide examples of use and demonstrate the potential of open data, facilitating wider access to the data, and can encourage further use of the data. Examples can be provided by the publisher directly, or contributed by other users with the support of the publisher.  https://data.gov.ie/showcase/active-travel-counts
https://data.gov.ie/showcase/muhds-lihaf-story-map";Complement;;"The strategy also commits to measuring impact. ""Measuring for Success Progress on implementing the commitments within this Strategy will be continuously measured, evaluated, and reported on. We will incorporate a broader set of outcomes to measure the impacts _x000D_
of our interventions on societal well-being, _x000D_
as per the commitment set out in the _x000D_
Programme for Government. Risks and _x000D_
dependencies surrounding our priorities _x000D_
and goals will also be continuously _x000D_
monitored and managed. A key focus _x000D_
of our evaluation approach will be on _x000D_
identifying lessons learned that can be _x000D_
applied to future work."""
I7;"Is there collaboration between government and civil society or academia to create open data impact in your country?

For Explanation:
* If yes, please provide an example
* If possible, URLs to such projects and collaborations.";yes;"At the end of 2022, DataSoc in University College Dublin recieved an Open Data Engagement Fund award to run two hackathons for third level students using open data.  DataLink Hackathon – a two week competition where 3rd level students across the country are given a problem statement and many datasets, they have two weeks to complete and submit their solutions.Women in Tech Hackaton – a group of 40 girls, split into groups of 4 are given a problem statement and many datasets and are given 3 hours to make a 2 page PowerPoint

The Smart cities iniative aims to provide information and a platform for feedback to both the public and civic groups.  It started with SmartDublin (https://smartdublin.ie/), but has since increased to other local areas- Smart Docklands, DCU, Dún Laoghaire, Balbriggan, D8 (https://smartdublin.ie/smart-districts/smart-d8/).  

The Hale & Hearty EU funded Action was a collaboration of governmet and private sector partners to create a thematic knowledge base and app to support puvlic health and well being in an accessible, intuitive way (https://data.gov.ie/haleandhearty; https://haleandhearty.ie/).  This Action collaborated with NGOs like Sports Ireland and the Cork Healthy Cities (https://corkhealthycities.com/) and WHO sponsored programme.";Complement;;"Yes, our Annual Engagement Fund helps promote collaboration between government and civil society and academia to create open data impact in our country. This year we funded 6 projects as can be seen here at: https://data.gov.ie/blog/open-data-engagement-fund-winners-2023-2024
Showcases can be seen here at: 
https://data.gov.ie/blog/focus-on-the-open-data-engagement-fund and https://data.gov.ie/blog/european-peatlands-and-policies-open-data"
I8;"Have any public bodies in your country launched or performed any activities in the past year to understand which and how (open) datasets are reused?

For Explanation:
* If yes, which of the following activities?
* Multiple answers are possible.";yes;N/A;Change;Yes;N/A
I8-a;Automated feedback mechanisms tracking users´ access to datasets;new question;new question;Change;Yes;The Open Data Unit has a ticketing system that tracks a users request for access to datasets or requests for new datasets to be released. 
I8-b;Surveys;new question;new question;Change;Yes;The Open Data Unit conducted a survey with public bodies in Ireland in relation to complience with the Open Data Directive. In turn, public bodies have completed the survey. 
I8-c;Interviews/workshops with reusers;new question;new question;Change;Yes;Public sector bodies have completed at least the following six workshops in the following areas which is commissioned by the Open Data Unit in Ireland: General Introduction to Open Data, Introduction to the Open Data Directive, Open Data Audits & Data Publication, Introduction to Data Analytics & Visualisation, Data Anonymisation Techniques, and Introduction to Linked Data.
I8-d;Other;new question;new question;Change;Yes;The Courts Service launched its Open Data Portal at data.courts.ie, making court data readily available in a user-friendly format with clear visuals and downloadable datasets. This open access empowers citizens, legal professionals, and researchers to download, analyse, and leverage the data for various purposes, promoting transparency and fostering a deeper understanding of the court system.
I9;"Have any public bodies in your country launched or performed any activities in the past year to better understand reusers' needs in order to further stimulate the reuse of open data?

For Explanation:
* If yes, which of the following activities have been performed? Please describe how the activity has helped you better stimulate reuse.
* Multiple answers are possible.";yes;N/A;Change;Yes;N/A
I9-a;Regular feedback sessions with portal users ;new question;new question;Change;Yes;Feedback sessions during our conference and through surveys provide direct communication with our reusers. Through our conferences and webinars, public bodies can learn which datasets are most used and for what purposes, they can also do this through their own portals. This helps them prioritise resources. User feedback through our tracker can reveal issues with search functionalities and can help with improving discoverability or data organisation on the portal. 
I9-b;Social media sentiment analysis ;new question;new question;Change;Yes;Generally, social media sentiment analysis is less likely to be used directly by public bodies for understanding reusers' needs. While it does and can be used to provide a general sense of public perception towards open data, it might not offer specific insights from actual data users.
I9-c;Other;new question;new question;Change;Yes;Some Public sector bodies would monitor which datasets are downloaded, which can indicate a user preferences and areas requiring further promotion. Public sector bodies such as Smart Dublin or Galway County Council are participating in forums and workshops with data scientists, developers, and researchers which are providing valuable insights into emerging needs.
I10;"Have any public bodies in your country developed any systematic way of gathering reuse cases?

For Explanation:
* If yes, please provide a brief explanation of the process: How does the gathering happen? ";yes;"The open data unit regularly canvasses for open data re-use examples.  This is done through the portal with a call for showcases of open data on the homepage; https://data.gov.ie/showcase
A significant part of the open data research on what would be relevant for the next strategy was an examination of reuse cases and an analysis of what these could tell us about the priorities and needs of our users.";Complement;;"In addition to the answer from 2023, Our engagement fund is also a specific systematic way of gathering reuse cases through the specific categories applied for, application requirements, reporting, and publishing the outcomes:
Category (b): Re-use of Government Open Data: This category directly encourages projects that demonstrate innovative ways to reuse data. Funded projects could involve:
1.	Building apps, dashboards, or new products/services using open data.
2.	Developing visualizations showcasing data usage.
3.	Organizing hackathons to promote open data use in solving real-world problems.

Category (c): Special Category Project: This category supports projects using open data to achieve specific goals, potentially generating valuable reuse cases:
1.	Increasing public service efficiency.
2.	Assisting in government decision-making.
3.	Demonstrating trends in social topics for addressing current issues.

Application Requirements:
The application process helps identify reuse cases by requiring details about the project:
•	(b) and (c) Categories: Applicants must demonstrate how they'll use datasets from the national open data portal (data.gov.ie). This ensures the project focuses on reusing available data.
•	All Categories: Applications need to show ""clear audience benefits/impacts."" This encourages projects with tangible results and potential for wider adoption.
Reporting:
Successful applicants must submit reports:
•	Progress Report: This report might include details on data used and initial findings, potentially revealing early signs of reuse.
•	Final Report: This report should showcase the project's completion and its impact on data reuse. This could involve presenting developed applications, visualisations, or insights gained from data analysis.
Publishing Outcomes:
The Open Data Unit may publish the final reports via the Open Data portal. This allows for wider dissemination of successful reuse cases.
Details of successful applicants and funded projects are published on the Open Data portal, further promoting reuse examples.
By funding projects that directly utilise open data and requiring reporting on their impact, the fund not only encourages reuse but also captures valuable data on how open data is being leveraged for various purposes."
I11;"Are there any public bodies in your country that have developed a systematic ways of classifying the gathered reuse cases?

For Explanation:
* If yes, please provide a brief explanation of the process: According to which categories are reuse cases classified (e.g. by policy field)?";yes;"The open data research referenced above classified re use in the following ways;
Whether a respondent was a user, creator, both or facilitator of open data.
The sector in which the data was to be utilised, i.e. Economic, Social, Academic, Political or Civic.
The activities for which open data could be used; to make new data products and services; for organizational optimization; to improve knowledge and capacity building; for research, reports, and presentation; for new business opportunity; for transparency; advocacy.
The type of data of interest; real time, statistical, spatial, historic, relatin to government services";Confirm;;
I12;"Is any data on the impact created by open data on governmental challenges (e.g. efficiency, effectiveness, transparency, decision-making capacity) available in your country such as from research studies, impact assessments, or other systematic investigations that quantify the results or broader effects of open data being reused?

For Explanation:
* If yes, please (1) specify what kind of data source proves this impact and (2) provide the URLs to this data.";No;"The impact on governmental challenges of open data can be seen in the way in which government policy has shifted to take the requirements of open data into account.  In the past 9 months there have been FoI and AIE data requests on governmental compliance with the implementation  the Open Data Directive , derogations sought and work done on the recognition of high value datasets.  This has driven increased transparency in government and provided the impetus for public bodies to improve their data management and publication processes.RESPONSE TO REVIEWER: 
Governmet efficiency is also assessed with open data featured on; https://whereyourmoneygoes.gov.ie/en/ As it compares government spending in different areas and gives a trend for spending on services. 
https://data.gov.ie/impact/health/ This link gives information on hospital waiting times to improve transparency for patients.";Change;Yes;"Yes, there is data available on the impact of open data on governmental challenges in Ireland.
The impact on governmental challenges of open data can be seen in the way in which government policy has shifted to take the requirements of open data into account.  In the past 9 months there have been FoI and AIE data requests on governmental compliance with the implementation of the Open Data Directive, derogations sought and work done on the recognition of high value datasets.  This has driven increased transparency in government and provided the impetus for public bodies to improve their data management and publication processes. 
Government efficiency is also assessed with open data featured on; https://whereyourmoneygoes.gov.ie/en/ As it compares government spending in different areas and gives a trend for spending on services. 
https://data.gov.ie/impact/health/ This link gives information on hospital waiting times to improve transparency for patients. ""
The Open Data Strategy aims to improve transparency and efficiency of government, potential for business innovation, and a vast array of social and personal benefits: 
https://www.gov.ie/en/policy-information/8587b0-open-data/
The Open Data Initiative addresses issues such as legal and technology constraints that prevent efficient information sharing among public bodies:
https://oecd-opsi.org/innovations/irelands-open-data-initiative/
The Open Data Strategy document mentions potential cost savings and job creation associated with open data initiatives, suggesting economic modelling: 
https://assets.gov.ie/277517/45722fb7-1e1c-414a-830b-fa831388aecf.pdf
Our Open Data showcases also lists a variety of examples that provide data on the impact of Open Data on Government challenges in Ireland:
https://data.gov.ie/showcase"
I13;"Is the use of open data in your country having an impact on the efficiency and effectiveness of the government (at any level) in delivering public services? 

For Explanation:
* If yes, please provide an example of one reuse case. For this reuse case, please provide (1) a URL to the reuse case, (2) a URL to the open dataset used by the reuse case, and (3) a description of the reuse case and its impact in this sub-domain.";new question;new question;Change;Yes;"URL to the reuse case: https://whereyourmoneygoes.gov.ie/en/_x000D_
URL to the open dataset used by the reuse case: https://data.gov.ie/dataset/voted-public-expenditure_x000D_
Description of the reuse case and its impact in this sub-domain: _x000D_
This user-friendly platform provides an easy-to-understand interface for exploring government spending. Interactive charts, graphs, and summaries break down complex financial data into accessible formats. Users can delve into various spending sectors and even analyse trends._x000D_
By making spending data accessible, the website empowers citizens to hold the government accountable for resource allocation. They can actively participate in budget discussions and policy decisions based on readily available information. This fosters public trust and allows for informed public discourse on government spending priorities._x000D_
Increased transparency and citizen engagement can lead to identifying inefficiencies in spending. Data-driven insights can inform policy decisions, potentially leading to a more efficient allocation of resources. Ultimately, this can contribute to a more effective delivery of public services across Ireland. _x000D_
A brief explanatory video is available at https://youtu.be/I0K7MY0Pixw_x000D_"
I14;"Is the use of open data in your country having an impact on transparency and accountability of public administrations?

For Explanation:
* If yes, please provide an example of one reuse case. For this reuse case, please provide (1) a URL to the reuse case, (2) a URL to the open dataset used by the reuse case, and (3) a description of the reuse case and its impact in this sub-domain.";new question;new question;Change;Yes;"""URL to the reuse case: https://www.oceanenergyireland.com/_x000D_
URL to the open dataset used by the reuse case: https://data.gov.ie/showcase/ocean-energy-ireland-portal_x000D_
Description of the reuse case and its impact:_x000D_
Ocean Energy Ireland webpage acts as a central hub for information and resources related to developing Ireland's Marine Renewable Energy (MRE) sector. By centralising information and resources, the webpage makes it easier for the public to understand government efforts in promoting renewable energy. This fosters transparency. It allows the public to potentially scrutinise the information and hold the government accountable for data accuracy and transparency in its renewable energy strategies._x000D_
In addition to the above,_x000D_
The use of open data in Ireland is recognised as playing a significant role in enhancing transparency and accountability of public administrations. The Irish government’s Open Data Strategy highlights open data as central to delivering better public services, providing a rich evidence base for decision-making, and creating inherently transparent systems that contribute to accountable public bodies: _x000D_
https://www.gov.ie/en/press-release/429e1-minister-donohoe-launches-new-open-data-strategy/_x000D_
Additionally, open data supports openness and accountability as part of Ireland’s Open Government Partnership National Action Plan: _x000D_
https://www.gov.ie/en/publication/163db-irelands-fourth-open-government-national-action-plan-2023-2025/_x000D_
"""
I15;"Is the use of open data in your country having an impact on policy-making processes (i.e. are public administrations making use of the data as evidence for the problem identification and policy formulation)? 

For Explanation:
* If yes, please provide an example of one reuse case. For this reuse case, please provide (1) a URL to the reuse case, (2) a URL to the open dataset used by the reuse case, and (3) a description of the reuse case and its impact in this sub-domain.";new question;new question;Change;Yes;"URL to the reuse case:_x000D_
https://www.gov.ie/pdf/?file=https://assets.gov.ie/255872/e6feb71e-0199-4061-894e-6f8e80bafad1.pdf#page=null_x000D_
URL to the open dataset used by the reuse case:_x000D_
https://data.gov.ie/dataset/public-service-numbers_x000D_
Description of the reuse case and its impact:_x000D_
Open Data falls under pillar 3 of the Better Public Services Strategy: Evidence-Informed Policies and Services Designed for and with our Public. This theme emphasises using data and user feedback to inform policy decisions and service design. Initiatives could involve citizen engagement programs, data-driven analysis to identify service gaps, and co-creation of services with the public. Public administrations are making use of the data as evidence for the problem identification and policy formulation. Open data is having a significant impact on policy-making processes in Ireland. The government has recognised its importance in driving better public services and providing a rich evidence base for decisions. It’s also seen as key to creating transparent and accountable public bodies._x000D_"
I16;"Is the use of open data in your country having an impact on decision-making processes (i.e. are public administrations making use of the data as evidence to be included in their daily operations)?

For Explanation:
* If yes, please provide an example of one reuse case. For this reuse case, please provide (1) a URL to the reuse case, (2) a URL to the open dataset used by the reuse case, and (3) a description of the reuse case and its impact in this sub-domain.";new question;new question;Change;Yes;"Yes, open data is having an impact on decision-making processes in Ireland, supported by the Open Data Portal. The Irish government has emphasised that open data is central to driving better public services, providing a rich evidence base to inform decisions, and ensuring the creation of effective and inclusive services. It also promotes transparency and accountability in public bodies._x000D_
https://www.gov.ie/en/press-release/429e1-minister-donohoe-launches-new-open-data-strategy/_x000D_
https://data.gov.ie/pages/open-data-strategy-2023-2027_x000D_
https://www.siliconrepublic.com/enterprise/open-data-strategy-ireland-policy_x000D_
This suggests a government-level push for utilising data, potentially including open data, in decision-making. Both the Open Data Strategy 2023-2027 and the Better Public Services Strategy 2030 emphasise data-driven decision making._x000D_
URL to the reuse case: https://marineplan.ie/_x000D_
URL to the open dataset used by the reuse case: https://data.gov.ie/showcase/marine-spatial-planning_x000D_
Description of the reuse case and its impact:_x000D_
This web map portal is a pioneering initiative by the Irish government, acting as a one-stop shop for information on marine spatial planning (MSP) in Ireland.  With key functionalities such as Activities Map, Policies Map, and MSP Hub. It also includes Information on government departments and agencies involved in maritime affairs. The Irish Marine Spatial Planning (MSP) portal can significantly impact public administration decision-making processes related to maritime activities by: Informing Policy and Regulation Development, such as Spatial Activity Overlays. This can inform the development of targeted policies and regulations that consider potential conflicts and ensure balanced use of maritime resources. Policy-Activity Linkages: The Activities and Policies Map allows decision-makers to analyse the effectiveness of existing regulations for specific maritime activities. This can help identify areas where policies need to be adjusted or strengthened. Clear Spatial Information: The portal provides a clear spatial picture of permitted activities within specific areas. This can expedite permit processing by minimising the need for extensive data collection and verification. Identifying Potential Conflicts: By visualising proposed activities alongside existing ones, the portal can help decision-makers identify potential conflicts between different uses of maritime space. This allows for proactive conflict resolution during the permitting stage, saving time and resources. Baseline Data on Existing Activities: The portal serves as a readily accessible source of baseline data on existing maritime activities within a specific area. This data can be crucial for environmental impact assessments (EIAs) associated with proposed projects. Enhanced Transparency: The portal empowers the public to access information on marine activities, policies, and responsible agencies. This fosters transparency and allows for informed public participation in decision-making processes related to maritime spatial planning._x000D_"
I17;"Is any data on the impact created by open data on social challenges (e.g. inequality, healthcare, education) available in your country such as from research studies, impact assessments, or other systematic investigations that quantify the results or broader effects of open data being reused?

For Explanation:
* If yes, please (1) specify what kind of data source proves this impact and (2) provide the URLs to this data.";No;"There is significant data on social challenges in Ireland.  In particular, organisations like Airo in Maynooth University RESPONSE TO REVIEWER: https://www.maynoothuniversity.ie/airo/partnerships-and-services use open data to assess social challenges, represent the groups affected and advocate for better data-driven government decisions.
Organisations like Tusla, the Child and Family Agency has a comprehensive Open Data Portal to allow access to its data on child services, child protection and welfare, family support and domestic violence.  They now have 822 datasets on the open data portal and are one of the most viewed publishers.  https://data.gov.ie/organization/tusla  
Data is increasing recognised as a force for positive social change, a figures on deprivation or lack of social services are more accessible and both journalists and the public become more competant in finding and interpreting source data.
Frequently organisations like Pobal feed directly into both the media and government policy; Frequently organisations like Pobal";Change;No;"There is significant data on social challenges in Ireland.  In particular, organisations like Airo in Maynooth University RESPONSE TO REVIEWER: https://www.maynoothuniversity.ie/airo/partnerships-and-services use open data to assess social challenges, represent the groups affected and advocate for better data-driven government decisions.
Organisations like Tusla, the Child and Family Agency has a comprehensive Open Data Portal to allow access to its data on child services, child protection and welfare, family support and domestic violence.  They now have 822 datasets on the open data portal and are one of the most viewed publishers.  https://data.gov.ie/organization/tusla  
Data is increasing recognised as a force for positive social change, a figures on deprivation or lack of social services are more accessible and both journalists and the public become more competant in finding and interpreting source data.
Frequently organisations like Pobal feed directly into both the media and government policy;  Organisations like Pobal also publish Deprivation Indices (https://data.gov.ie/dataset/pobal-hp-deprivation-index-scores-2022) which are used by a wide range of organisations to add contect to their own studies.

In addition to this, 
The Open Data on Irish Travellers allow for targeted social services and resource allocation. 
The Open Data on housing can address housing shortages and affordability issues.
The Open Data on health and wellbeing can be used to identify areas with high disease burdens and target preventative healthcare initiatives. 
The Open Data on education can inform policies to improve educational equity and outcomes."
I18;"Is the use of open data in your country having an impact on society´s ability to reduce inequality and better include minorities, migrants, and/or refugees? 

For Explanation:
* If yes, please provide an example of one reuse case. For this reuse case, please provide (1) a URL to the reuse case, (2) a URL to the open dataset used by the reuse case, and (3) a description of the reuse case and its impact in this sub-domain.";new question;new question;Change;Yes;There are examples of the beneficial effect of the use of open data on minorities, migrants, and/or refugees and reducing inequality, for example, Irish Travellers. Multiple data sources are drawn on from the CSO that provides this impact and please see following link to a research report prepared by the Department of Integration: https://www.universityofgalway.ie/media/healthpromotionresearchcentre/hbscdocs/nationalreports/2020---NR---Young-Trevellers-in-Ireland.pdf .
I19;"Is the use of open data in your country having an impact on issues about housing in urban areas? 

For Explanation:
* If yes, please provide an example of one reuse case. For this reuse case, please provide (1) a URL to the reuse case, (2) a URL to the open dataset used by the reuse case, and (3) a description of the reuse case and its impact in this sub-domain.";new question;new question;Change;Yes;There are examples of the beneficial effect of the use of open data on Alleviating housing issues such as the Housing Agency Data Hub. It provides key indicators and insights into the housing market: https://www.housingagency.ie/data-hub/welcome-housing-agencys-data-hub . Also, The Department of Housing, Local Government and Heritage is responsible for overseeing the Local Infrastructure Housing Activation Fund (LIHAF) initiative. LIHAF Story Maps is an interactive web mapping platform that visualises the progress of infrastructure projects funded by LIHAF. This increases public awareness and engagement, transparency and accountability, and improved communication: https://storymaps.arcgis.com/stories/87cc342bff20462bb896087b0ce16215
I20;"Is the use of open data in your country having an impact on the issues of health and wellbeing? 

For Explanation:
* If yes, please provide an example of one reuse case. For this reuse case, please provide (1) a URL to the reuse case, (2) a URL to the open dataset used by the reuse case, and (3) a description of the reuse case and its impact in this sub-domain.";new question;new question;Change;Yes;"There are examples of the beneficial effect of the use of open data on Fostering health and wellbeing:_x000D_
The Healthy Ireland Survey 2021 provides insights into the health and wellbeing of people in Ireland during COVID-19 restrictions: https://www.gov.ie/en/publication/9ef45-the-healthy-ireland-survey-2021/._x000D_
The Central Statistics Office has a Social and Wellbeing COVID-19 Information Hub that includes surveys on the social impact of COVID-19: https://www.cso.ie/en/releasesandpublications/ep/p-covid19/covid-19informationhub/socialandwellbeing/ ._x000D_
Understanding Life in Ireland: The Well-being Dashboard 2022 offers a broad overview of life in Ireland, including health and wellbeing indicators: https://assets.gov.ie/226077/8b4c5045-c259-498d-8d03-7feadd128726.pdf._x000D_
The Well-being Information Hub by the Central Statistics Office covers a range of life aspects in Ireland, including health, based on an international framework developed by the OECD: https://www.cso.ie/en/releasesandpublications/hubs/p-wbhub/well-beinginformationhub/._x000D_
The Second Report on Ireland’s Well-being Framework analyses well-being indicators across economic, environmental, social, and democratic areas: https://www.gov.ie/en/press-release/6db7f-publication-of-the-second-report-on-irelands-well-being-framework-and-analysis-of-the-well-being-dashboard/._x000D_"
I21;"Is the use of open data in your country having an impact on the society´s level of education and skills (e.g. data literacy)?

For Explanation:
* If yes, please provide an example of one reuse case. For this reuse case, please provide (1) a URL to the reuse case, (2) a URL to the open dataset used by the reuse case, and (3) a description of the reuse case and its impact in this sub-domain.";new question;new question;Change;Yes;There are examples of the beneficial effect of the use of open data on Improving education: The Department of Education and the Central Statistics Office (CSO) in Ireland have statistics demonstrating significant improvements in educational participation, retention, and progression over the last 55 years: https://www.erc.ie/wp-content/uploads/2022/04/Carroll-2022-IJE.pdf
I22;"Is any data on the impact created by open data on environmental challenges (e.g. climate change and environmental degradation, as highlighted in the Eurpean Green Deal) available in your country such as from research studies, impact assessments, or other systematic investigations that quantify the results or broader effects of open data being reused?

For Explanation:
* If yes, please specify (1)  what kind of data source proves this impact and (2) provide the URLs to this data.";No;"There have been a number of awards from the Open Data Engagement Fund, run by the Open Data Unit, to projects that use open data to promote good environmental practice, for example, This year, Smart Dublin received an award under this fund to organise a hackathon using primarily air quality data in Dublin.

On Friday the 24th of February, Smart Dublin, an organisation founded by the four Dublin Local Authorities, partnered up with Google and Aclima, to launch a weekend- long Hackathon focused on improving air quality. It was the largest Air Quality Data Hack Ireland has ever seen. Air quality is a serious challenge facing our cities and one that not only affects the environment, but society as a whole. Over the last 16 months, equipped with Aclima’s air sensing platform, Google we able to collect over 50 million records at 5 million locations of street level air quality data for Dublin.Over the 3 days of the Hackathon, more than 100 participants gathered in the Dublin Google Offices and spent the weekend hacking these 50 million measurements of air quality data collected as part of the ‘Google Air View Dublin’ project. The aim was for the participants, spread across 16 teams, to come up with ways to help tackle air pollution in Dublin, given the hyperlocal, rich open data collected. This open data is available to view on Google’s Environmental Insights Explorer and on Smart Dublin’s open data platform and by making this data accessible and open, we hope to see local government, businesses and the general public working collaboratively to improve air quality for Dublin.

The event was a great success, with teams coming up with innovative and imaginative solutions that could certainly help tackle air quality in Ireland. https://data.gov.ie/blog/smart-dublin-hackathon

RESPONSE TO REVIEWER:  The Environmental Protection Agency publishes a wide variety of data, much of it in API format, to support the monitoring of environmental standards by both Local government, NGOs and members of the public; https://data.epa.ie/api-list/epr-open-data/

The NMPF’s climate change policies seek to support management of potential impacts of proposals in two ways. Firstly, the way in which the proposal may affect natural and / or physical features that play a role in mitigation (e.g. carbon sequestration) or adaptation (e.g. flood defence. Secondly the way in which the proposal has considered its own direct and indirect contributions to mitigation (e.g. measures included in the proposal to reduce emissions) and adaptation (e.g. ensuring the proposal is future-proofed in relation to changing operating conditions due to climate change); https://data.gov.ie/dataset/national-marine-planning-framework-area?package_type=dataset

The EPA use and generate open data on a number of environmental research projects https://www.catchments.ie/open-data-developer-resources/?_gl=1*1tkiden*_ga*MTA4MzEyNTY4OS4xNjU3MTIwNDMx*_ga_TPK2CK9KEX*MTY5NTM4NjYwOS4zLjEuMTY5NTM4NjYwOS4wLjAuMA..";Change;Yes;"This year the Open Data Engagement fund had many projects which were commiotted to solving environmental challenges. One such project was the  European Peatlands and Policies Open Data Mapathon 2024 in the University of Galway. 

A blog on this event can be seen here: https://data.gov.ie/blog/european-peatlands-and-policies-open-data.
https://www.youtube.com/watch?v=9KJgQLyu93c


The dataset used was https://data.europa.eu/data/datasets?query=peatlands&locale=en&page=1&limit=50

https://multipeat.insight-centre.org/map is a showcase of the project toolkit.

Another project is that of Water Alerts which also received funding under the Open Data Engagement Fund. The website can be seen here: https://www.wateralerts.ie/?ref=PER


The datasets used are:
Datasets used in the project (if applicable)
Details of datasets used from data.gov.ie and any other datasets used	
•	Marine Institute Tide Prediction https://data.gov.ie/dataset/marine-institute-tide-prediction
•	Met Eireann Live Text Forecast Data https://data.gov.ie/dataset/met-eireann-live-text-forecast-data 
•	EPA Bathing Water Measurements https://data.gov.ie/dataset/bathing-water-measurements 
•	EPA Bathing Water Alerts https://data.gov.ie/dataset/bathing-water-alerts 
•	EPA Bathing Water Locations https://data.gov.ie/dataset/bathing-water-locations 
•	OPW Hydrometric Network Water Level Data Latest Reading https://data.gov.ie/dataset/opw-hydrometric-network-water-level-data-latest-reading 
•	Tailte Eireann (OSI) Admin Boundaries: Townlands, settlements, counties"
I23;"Is the use of open data in your country having an impact on the level of protection of biodiversity (e.g. maintaining a good air and water quality)? 

For Explanation:
* If yes, please provide an example of one reuse case. For this reuse case, please provide (1) a URL to the reuse case, (2) a URL to the open dataset used by the reuse case, and (3) a description of the reuse case and its impact in this sub-domain.";new question;new question;Change;Yes;"URL to the reuse case: https://www.epa.ie/our-services/research/epa-research-2030/strategies-and-policies/open-access-policy/_x000D_
URL to the open dataset used by the reuse case:_x000D_
https://data.epa.ie/_x000D_
Description of the reuse case and its impact:_x000D_
Open data can be used to share environmental data collected by the Environmental Protection Agency (EPA) on air and water quality. This transparency allows citizens and NGOs to track trends, identify potential issues, and hold authorities accountable. Furthermore, Ireland adheres to EU directives like the Water Framework Directive, which emphasise data collection and public participation in protecting water quality. Also, Ireland's National Biodiversity Action Plan highlights the importance of data and knowledge sharing for biodiversity conservation. Also, a €34 million project aims to make biodiversity data more accessible and track progress towards key policy goals in a transparent way: https://www.npws.ie/news/minister-noonan-announces-%E2%82%AC34m-project-transform-ireland%E2%80%99s-approach-biodiversity-data. This could indirectly contribute to maintaining good air and water quality by supporting better decision-making for nature protection and restoration: https://biodiversityireland.ie/app/uploads/2024/02/National-Biodiversity-Data-Centre-Strategic-Plan-2024-2028-WEB.pdf_x000D_"
I24;"Is the use of open data in your country having an impact on the achievement of more environment-friendly cities (e.g., environment-friendly transport systems, waste management etc.)? 

For Explanation:
* If yes, please provide an example of one reuse case. For this reuse case, please provide (1) a URL to the reuse case, (2) a URL to the open dataset used by the reuse case, and (3) a description of the reuse case and its impact in this sub-domain.";new question;new question;Change;Yes;"_x000D_
URL to the reuse case: https://smartdublin.ie/fresh-data-fresh-thinking-google-project-air-view-results/_x000D_
URL to the open dataset used by the reuse case: https://data.smartdublin.ie/dataset/google-airview-data-dublin-city_x000D_
Description of the reuse case and its impact: Ireland's use of open data is positively impacting the goal of more environment-friendly cities through improved air quality monitoring. Dublin's Project Air View, for instance, released over 50 million air quality measurements openly accessible to the public. This transparency allows citizens to understand air quality variations and empowers city councils to develop targeted policies for environment-friendly transport systems, such as playing bike rental schemes in strategic locations: https://data.smartdublin.ie/dublinbikes-api. This would be based on data-driven insights from areas with higher pollution levels. By promoting public awareness and informing decision-making, open data like this contributes to a healthier environment-friendly transport system._x000D_"
I25;"Is the use of open data in your country having an impact on the fight against climate change, for example by undertaking predictive monitoring, preventive actions, or a differentiated response to connected disasters?

For Explanation:
* If yes, please provide an example of one reuse case. For this reuse case, please provide (1) a URL to the reuse case, (2) a URL to the open dataset used by the reuse case, and (3) a description of the reuse case and its impact in this sub-domain.";new question;new question;Change;Yes;"URL to the reuse case:_x000D_
https://atlas.marine.ie/#?c=53.9000:-15.9000:6_x000D_
URL to the open dataset used by the reuse case:_x000D_
https://data.gov.ie/showcase/ireland-s-marine-atlas_x000D_
Description of the reuse case and its impact in this sub-domain:_x000D_
_x000D_
_x000D_
Ireland's Marine Atlas is an example of how open data can be a tool in the fight against climate change, for example by Predictive Monitoring, Preventative Actions, and Differentiated Disaster Responses._x000D_
_x000D_
The Atlas provides comprehensive marine environmental data, allowing researchers to track trends like ocean acidification and rising sea temperatures. This data can be used to predict future climate impacts on marine ecosystems._x000D_
_x000D_
By understanding the vulnerability of marine areas, policymakers can implement preventative measures. This could involve establishing marine protected areas or developing regulations for coastal development to mitigate climate change effects._x000D_
_x000D_
The Atlas can provide real-time data on extreme weather events like storm surges or floods. This information can be used to target emergency response efforts and minimise damage to coastal communities._x000D_
_x000D_
The Marine Atlas data is used by the Sustainable Energy Authority of Ireland (SEAI) to identify potential areas for developing clean, renewable energy sources like offshore wind farms. This reduces reliance on fossil fuels and contributes to Ireland's climate goals._x000D_
_x000D_
The Atlas also supports the National Marine Planning Framework (NMPF), which plays a crucial role in promoting sustainable practices in Ireland's maritime space. This includes ensuring responsible development and minimising human impact on marine ecosystems, both vital aspects of climate change mitigation._x000D_"
I26;"Is the use of open data in your country having an impact on the consumption of energy based on fuel and the switch to renewables? 

For Explanation:
* If yes, please provide an example of one reuse case. For this reuse case, please provide (1) a URL to the reuse case, (2) a URL to the open dataset used by the reuse case, and (3) a description of the reuse case and its impact in this sub-domain.";new question;new question;Change;Yes;"URL to the reuse case:_x000D_
https://www.seai.ie/data-and-insights/seai-statistics/key-statistics/renewables/._x000D_
URL to the open dataset used by the reuse case:_x000D_
https://data.gov.ie/organization/sustainable-energy-authority-of-ireland?q=&sort=score+desc%2C+metadata_modified+desc_x000D_
Description of the reuse case and its impact:_x000D_
For instance, Ireland’s National Energy and Climate Plan (NECP 2021-2030) aims for a planned Renewable Energy Sources in Electricity (RES-E) of 70% by 2030, and the Climate Action Plan 2023 (CAP 23) targets to increase the share of electricity generated from renewable sources up to 80% by 2030. Additionally, at least 16% of gross final energy consumption in Ireland must come from renewables by 2020, as per the EU Renewable Energy Directive: https://www.seai.ie/data-and-insights/seai-statistics/key-publications/renewable-energy-in-ireland/ ._x000D_"
I27;"Is any data on the economic impact (e.g. GDP, employment, productivity, innovation,  new businesses created etc.) of open data available in your country such as from research studies, impact assessments, or other systematic investigations that quantify the results or broader effects of open data being reused?

For Explanation:
* If yes, please specify what kind of data source proves this impact and provide the URLs to this data.

";No;"While the impact of open data on the economy is difficult to quantify, the open data unit is supporting this research through the Research on open data impact; https://ec.europa.eu/eusurvey/runner/IrelandODImpactSurvey2021
In addition to this, through our network, we are aware of business for whom open data is a key resource.  for example, MapAlerter is a free service that delivers localised alerts and notifications from your local authority open data. Subscribers receive SMS, email and app notifications for water disruptions, road works, floods, planning activity, severe weather and other topics - most local authorities now choose MapAlerter as their official alert service provider; https://www.mapalerter.ie/
The company Home Assistant provides a service for monitoring a wide range of household functions, one of which is weather alerts.  This is done by accessing the MET Eireann API (https://www.home-assistant.io/integrations/met_eireann/) and example of open data supporting employment in innovative ways
RESPONSE TO REVIEWER: 
https://etownz.com/programs-training/ eTownz utilises open data to provide a forum for rural communities to train and communiate to develop their area and provide opportunities for a cohort that would otherwise be less accessible. The eTownz service uses open data to serve rural communities and facilitate rural developement and higher value employment, for example ; https://etownz.com/programs-training/   ;   https://etownz.com/project/smart-rural-27/";Change;Yes;"While the impact of open data on the economy is difficult to quantify, the open data unit is supporting this research through the Research on open data impact; https://ec.europa.eu/eusurvey/runner/IrelandODImpactSurvey2021
In addition to this, through our network, we are aware of business for whom open data is a key resource. for example, MapAlerter is a free service that delivers localised alerts and notifications from your local authority open data. Subscribers receive SMS, email and app notifications for water disruptions, road works, floods, planning activity, severe weather and other topics - most local authorities now choose MapAlerter as their official alert service provider; https://www.mapalerter.ie/
The company Home Assistant provides a service for monitoring a wide range of household functions, one of which is weather alerts. This is done by accessing the MET Eireann API (https://www.home-assistant.io/integrations/met_eireann/) and example of open data supporting employment in innovative ways.
https://etownz.com/programs-training/ eTownz utilises open data to provide a forum for rural communities to train and communiate to develop their area and provide opportunities for a cohort that would otherwise be less accessible. The eTownz service uses open data to serve rural communities and facilitate rural developement and higher value employment, for example ; https://etownz.com/programs-training/  ;  https://etownz.com/project/smart-rural-27/. They aggregate multiple open datasets to provide a central service for users, e.g. https://data.gov.ie/dataset/kildare-library-locations; https://data.gov.ie/dataset/wexford-libraries     into       https://etownz.com/

Tools like Smart Location Analysis empowers businesses, particularly Small and Medium-sized Enterprises (SMEs). Traditionally, SMEs lacked the resources for comprehensive location analysis, often leading to poor location choices and business closures. Smart Location Analysis leverages open data to provide SMEs with a user-friendly platform for analysing potential locations. Users define their area of interest and business objectives, such as market validation or competitor assessment. The platform then analyses over 70 data points on demographics, property, amenities, and even local brands. This data translates into tailored reports that can guide businesses in making informed location decisions, potentially leading to new market exploration, better regional coverage, and ultimately, increased chances of success. Smart Location Analysis highlights how open data contributes to economic growth by empowering SMEs with location intelligence previously unavailable to them.

URL to Smart Location Analysis: https://www.smartlocationanalysis.com/

Example of URLs to the Data from data.gov.ie:
•	National Planning Applications: https://data.gov.ie/dataset/national-planning-applications
•	Small Areas Generalised 20m – Osi: https://data.gov.ie/dataset/cso-small-areas-national-statistical-boundaries-2022-generalised-20m
•	National Statistical Boundaries — 2015: https://data.gov.ie/dataset/nuts3-boundaries-ungeneralised-national-statistical-boundaries-2015
•	Census Small Area: https://data.gov.ie/dataset/census-small-area

Examples of other OpenData sets used
•	Residential Property Price Register for the Republic of Ireland from the
Property Services Regulatory Authority.
•	New Dwelling Completions for the Republic of Ireland from the Central Statistics Office of Ireland.
•	2022 Pobal HP Deprivation Index from POBOL."
I28;"Is the use of open data in your country having an impact on the level of employment? 

For Explanation:
* If yes, please provide an example of one reuse case. For this reuse case, please provide (1) a URL to the reuse case, (2) a URL to the open dataset used by the reuse case, and (3) a description of the reuse case and its impact in this sub-domain.";new question;new question;Change;Yes;"Open Data usage in Ireland is part of the government’s Public Service Reform activities, aiming to increase transparency, stimulate new business, and improve services. Employment rates in Ireland have been increasing, with a rate of 74.2% in Q2 2023 compared to 73.5% in Q2 2023: https://www.cso.ie/en/releasesandpublications/ep/p-lfs/labourforcesurveyquarter22023/employment/_x000D_
Open data have led to job creations in product development, marketing, and sales. It has also led to a multitude of Open Data Portals which need staff to maintain and also as a result, jobs have been created for software developers, data analysts, and customer service representatives._x000D_
_x000D_
The following is a further example that demonstrates the potential of open data to influence job creation. Open data from the Central Statistics Office on visitor numbers, spending patterns, and popular destinations empowers businesses like hotels and travel agencies to make data-driven decisions. Ultimately tailoring offerings to tourist preferences. _x000D_
_x000D_
Tourism and Travel: https://www.cso.ie/en/statistics/tourismandtravel/_x000D_
_x000D_
These strategic actions have the potential to lead to business growth and, consequently, job creation in areas like hospitality, marketing, and customer service. _x000D_"
I29;"Is the use of open data in your country having an impact on the level of innovation and the adoption of new technologies? 

For Explanation:
* If yes, please provide an example of one reuse case. For this reuse case, please provide (1) a URL to the reuse case, (2) a URL to the open dataset used by the reuse case, and (3) a description of the reuse case and its impact in this sub-domain.";new question;new question;Change;Yes;"Reuse Case URL: https://doras.dcu.ie/26008/1/BuildingaDataProcessingActivitiesCatalogRepresentingHeterogeneousCompliance-relatedInformationforGDPRusingDCATAPandDPV.pdf_x000D_
_x000D_
Open Data Set URL: https://www.cso.ie/en/index.html_x000D_
_x000D_
Description and Impact:_x000D_
This reuse case involves a collaboration between Dublin City University (DCU) and several logistics companies in Ireland. The project utilises open data from the Central Statistics Office (CSO) on demographics, traffic patterns, and road infrastructure._x000D_
_x000D_
Impact on Innovation and Technology Adoption:_x000D_
1.	Route Optimisation Software: Researchers at DCU are using the open data to develop and refine route optimisation software for delivery vehicles._x000D_
2.	Data-Driven Efficiency: This software allows logistics companies to plan more efficient delivery routes, considering factors like traffic congestion, road closures, and population density._x000D_
3.	Reduced Emissions: By optimising routes, delivery companies can potentially reduce fuel consumption and CO2 emissions, contributing to environmental sustainability goals._x000D_
4.	Technological Advancements: The project is a prime example of how open data can be leveraged to develop new technological solutions (route optimisation software) with a positive impact on the logistics sector._x000D_"
I30;"Is the use of open data in your country having an impact on the level of entrepreneurship (especially of women and minorities) and business creation (especially with Small- and Medium-sized Enterprises)? 

For Explanation:
* If yes, please provide an example of one reuse case. For this reuse case, please provide (1) a URL to the reuse case, (2) a URL to the open dataset used by the reuse case, and (3) a description of the reuse case and its impact in this sub-domain.";new question;new question;Change;Yes;"One of our engagement fund winners this year conducted a project aimed at using location data and harnesses the power of open data to benefit small businesses. 
""Smart Location Analysis provides detailed, data-driven insights. Our service offers in-depth analysis of locations, helping you assess how they meet your needs.

Using a wide range of data including people and lifestyle trends, property, amenities, and more, we'll help you make better decisions.

Get knowledge about key metrics like age, family composition, education and type of profession, schools, sports clubs, possible competitors or complimentary businesses before you make a decision on where to live or where to run your business from.
Gain understanding of the property market with our analysis of Irish locations.""


The use case website can be seen here
https://www.smartlocationanalysis.com/

A blog on this project and the impact is has can be viewed here:

 https://data.gov.ie/blog/focus-on-the-open-data-engagement-fund

The use case uses the following datasets:
https://data.gov.ie/dataset/national-planning-applications
https://data.gov.ie/dataset/small-areas-generalised-20m-national-statistical-boundaries-2015
https://data.gov.ie/dataset/census-small-area"
I31;"Is the use of open data in your country having an impact on the level of productivity? 

For Explanation:
* If yes, please provide an example of one reuse case. For this reuse case, please provide (1) a URL to the reuse case, (2) a URL to the open dataset used by the reuse case, and (3) a description of the reuse case and its impact in this sub-domain.";new question;new question;Change;Yes;"Reuse Case URL: http://www.precisionagireland.ie/About_us.html_x000D_
Open Data Set URL: https://www.met.ie/climate/available-data_x000D_
_x000D_
Description and Impact:_x000D_
_x000D_
This reuse case involves Irish agricultural businesses utilising Precision Agriculture techniques. One key component of Precision Agriculture is leveraging open data sources like weather data from Met Éireann (Irish National Meteorological Service)._x000D_
_x000D_
By accessing and analysing open weather data, farmers can make informed decisions about planting, irrigation, and pest control. For example, using real-time and historical weather data to optimise irrigation schedules based on weather conditions can potentially reduce water waste and improve crop yields. It can further help farmers optimise resource allocation by allowing them to identify areas requiring more or less water, fertiliser, or pesticides based on real-time conditions. Access to open weather data empowers farmers to make data-driven decisions that can potentially improve farm efficiency and overall productivity._x000D_"