ID;Question;Answer from 2023;Explanation from 2023;Confirm, change or complement answer/explanation from 2023;Provide updated answer (if applicable);Provide updated explanation (if applicable)
P1;"Is there a national open data policy in your country and, if your country is an EU Member State, does this include a national legislation for the transposition of the Open Data Directive?

For Explanation:
* If yes, please provide (1) the URL and (2) title of the policy document and (3) briefly describe.
* If ‘other’, please provide (1) a brief explanation to support your answer choice and (2) provide the URL and indicate the policy section which explicitly references open data.";yes;"The transposition of the Open Data Directive was made by Legislative Decree 200/2021 [ https://www.normattiva.it/uri-res/N2Ls?urn:nir:stato:decreto.legislativo:2021;200#:~:text=DECRETO%20LEGISLATIVO%208%20novembre%202021%2C%20n.%20200%20Attuazione,%2821G00213%29%20note%3A%20Entrata%20in%20vigore%20del%20provvedimento%3A%2015%2F12%2F2021] that has amended the Legislative Decree no. 36/2006 [ https://www.normattiva.it/uri-res/N2Ls?urn:nir:stato:decreto.legislativo:2006-01-24;36!vig= ]. 
This Decree has introduced the Guidelines for a better implementation of the arrangements set out in the Decree and in the Directive, see https://www.agid.gov.it/sites/default/files/repository_files/lg-open-data_v.1.0_1.pdf.
This document, for wich the adoption procedure is now concluded only waiting the signature of the Director General and the pubblication in the Gazzetta Ufficiale della Repubblica italiana,  aims at supporting public administrations and other subjects in the process of open data and reuse of public sector information through specific requirements and recommendations. Specifically, these indications concern formats, publication, metadata profiles, licences and pricing, re-use requests and search tools, all aspects regulated by the Directive and the Decree.  The document also includes indications on organisational aspects and data quality, albeit not binding as they are not regulated by the indicated rules.";Change;Yes;"The transposition of the Open Data Directive was made by Legislative Decree 200/2021 [ https://www.normattiva.it/uri-res/N2Ls?urn:nir:stato:decreto.legislativo:2021;200#:~:text=DECRETO%20LEGISLATIVO%208%20novembre%202021%2C%20n.%20200%20Attuazione,%2821G00213%29%20note%3A%20Entrata%20in%20vigore%20del%20provvedimento%3A%2015%2F12%2F2021] that has amended the Legislative Decree no. 36/2006 [ https://www.normattiva.it/uri-res/N2Ls?urn:nir:stato:decreto.legislativo:2006-01-24;36!vig= ]. 
This Decree has introduced the Guidelines for a better implementation of the arrangements set out in the Decree and in the Directive, see https://www.agid.gov.it/sites/default/files/repository_files/lg-open-data_v.1.0_1.pdf.
This document  aims at supporting public administrations and other subjects in the process of open data and reuse of public sector information through specific requirements and recommendations. Specifically, these indications concern formats, publication, metadata profiles, licences and pricing, re-use requests and search tools, all aspects regulated by the Directive and the Decree.  The document also includes indications on organisational aspects and data quality, albeit not binding as they are not regulated by the indicated rules. Finally the document foresees the adoption of a guidance document for high-value datasets."
P2;"Is there a national open data strategy in your country?

For Explanation:
* If yes, please provide (1) the URL to the strategy and (2) describe the main highlights.  
* If 'not applicable', please provide (1) a brief explanation to support your answer choice and provide (2) the URL and indicate the policy section which explicitly references objectives, actions/measures, delivery timelines etc.";yes;"The open data strategy is defined by different legislation and documents.

The Three-year Plan for Information Technology in Public Administration is the national strategic document for all Public Administrations that oversees the digital transformation of the country [ https://www.agid.gov.it/it/agenzia/piano-triennale and https://www.agid.gov.it/sites/default/files/repository_files/piano_triennale_per_linformatica_nella_pa_2022-2024.pdf]. The Plan is an important document to promote the digital transformation of the country and, in particular, that one of the Italian Public Administration, through the declination of the strategy on digitization into operational indications, such as objectives and expected results, traceable to the administrative action of PAs. Within the Three-Year Plan, a specific chapter (Chapter 2) is dedicated to Data of the public administration. In line with the principles set out and in continuity with the actions started with the previous Plans, the latest update 2022-2024 of this Three-Year Plan aims at ensuring greater effectiveness of administrative activity in all processes involving the use of data, both with reference to the sharing of data between public administrations for institutional purposes, and with reference to the re-use of data, for both commercial and non-commercial purposes, according to the open data paradigm. The chapter includes specific objectives, expected results and actions to achieve those objectives also in line with the arrangements of the Open Data Directive, the national transposition act and the Guidelines on open data introduced by the national legislation.
The objectives and the related expected results about data and open data included in the Three-Year Plan are as follows:
OB.2.1 - Promote data sharing among PAs and reuse by citizens and businesses
- R.A.2.1a - Increase the number of databases of national interest available through APIs consistent with the interoperability model and national and European data model.
- R.A.2.1b - Increasing the number of open dynamic datasets consistent with the provisions of Directive (EU) 2019/1024 with particular reference to their publication through APIs
- R.A.2.1c - Increasing the number of spatial datasets made available through the network services under Directive 2007/2/EC (INSPIRE).
OB.2.2 - Increase the quality of data and metadata.
- R.A.2.2a - Increase the number of datasets with quality metadata complying with the European and national reference standards
- R.A.2.2b - Increasing the number of open datasets made available by public administrations
OB.2.3 - Increasing awareness of policies to enhance the value of information assets public and on a modern data economy
- R.A.2.3b - Increase the number of open datasets available with the licenses provided for by the Open Data Guidelines (CC BY 4.0 and CC0)

The article 50-ter of the Digital Administration Code (CAD) [ https://www.normattiva.it/uri-res/N2Ls?urn:nir:stato:decreto.legislativo:2005-03-07;82  ], with the aim of redesigning digital governance, speeding up the digitization of public services and simplifying relations between citizens and the public administration, among other provision, foreseen the adoption of a National Data Strategy, by subsequent decree of the President of the Council of Ministers. 
The aforementioned article of the CAD, among other things, is a strong boost to the availability and interoperability of data of public administrations and public service undertakings, as well as the consolidation of the API catalogue, within the National Digital Data Platform established by the abovementioned art. 50-ter itself.

Furthermore, in line with the provisions of the action plan for EU eGovernment 2016-2020 (COM (2016) 179 final, and new European interoperability framework (COM (2017) 134 final, particular attention is given to the need for better coordination between various data policies, in particular for the implementation of the INSPIRE directive in the context of eGoverment policies. 
On this basis, the Three Years Plan highlights that the spatial information follows the implementing rules of the INSPIRE directive with regard to data harmonization, data access services, interoperability models, etc., whereas it is necessary to follow the rules of the implementation of the Open Data directive for everything concerning the conditions for data re-use (licensing, pricing, etc.).

The “Protocol for data management and Open Data” document, adopted in the “Data and Open Data Management Working Group” of the Steering Committee for the coordination of “OT11 and OT2” interventions within the framework of the Italian Partnership Agreement, includes a list of actions for the public administrations in the context of a national strategy in this area (see  https://ot11ot2.it/  and http://network.ot11ot2.it/sites/default/files/opendata1_elementi_tecnici_e_strategie_v4_0.pdf https://ot11ot2.it/linee-guida-e-protocolli/protocollo-data-e-open-data-management).
Inter alia, the document includes a dynamic “Basket of key datasets” -” (available for the download) annually updated. This “basket” is the basis for the calculation of the indicator 2RIS ""Number of public databases available as open data (in percent) on the public databases of a selected basket"" as defined in the 2014-2020 Partnership Agreement and to be published until 2023; at the same time, it is also a qualitative indicator with reference to the implementation of open data strategy (see https://www.dati.gov.it/monitoraggio/paniere-dataset).
The ""Basket"" is basically based on some  priority datasets, identified through the activities carried out over the years and in any case referred to: i) the government commitments (as the Italian Action Plan for G8 Open Data Charter), ii) the initiatives of the administrations, iii) the requests of the stakeholders, iv) the proposals emerged in the context of the ""Data and Open data management"" Working Area of the OT11-OT2 network, v) the commitments undertaken in the context of the Open Government Partnership (Action Plan of the OGP in the Open Data and Transparency theme), vi) the strategy of reference outlined with the Three-Year ICT Plan.

Other supporting documents for the open data strategy:
“Guidelines for data catalogs” - according to the national metadata profile DCAT-AP_IT. 
[ https://www.dati.gov.it/content/dcat-ap-it-v10-profilo-italiano-dcat-ap-0 ]

“Guidelines for the implementation of the GeoDCAT-AP specification”- to implement in Italy the specification defined under the ISA / ISA2 programme, for enabling and ensuring access to geodata, also through the national open data portal.
[https://geodati.gov.it/geoportale/documenti/12-documenti/277-linee-guida-nazionali-geodcat-ap]

“Guidelines about technical rules for the definition and updating of the content of the National Catalogue for Spatial Data”.
[ https://agid.github.io/geodocs/rndt-lg/2.0.1/  ]";Confirm;;
P3;"Is there an open data policy/strategy at regional or local level?

For Explanation:
* If yes, please (1) provide the URL and (2) title of the document(s) and (3) briefly describe.";yes;A specific page in the national open data portal dati.gov.it includes all references to open data policy/strategy and guidelines of the Italian regions, including title and URL of the documents: [ https://www.dati.gov.it/riferimenti-normativi-linee-guida-regionali ].;Confirm;;
P4;"Does the national strategy/policy include an action plan with measures to be implemented in the open data field?

For Explanation:
If yes, please briefly describe the main measures described by the action plan.";yes;"As mentioned above (Q 1.3) a specific section of the Three-Year Plan for ICT in the PA 2022-2024 is dedicated to Data and open data with specific actions to be implemented [https://www.agid.gov.it/sites/default/files/repository_files/piano_triennale_per_linformatica_nella_pa_2022-2024.pdf ]

The strategic objectives (OB) and expected results (RA) included in the Plan are: 

OB.2.1 - Promote data sharing among PAs and reuse by citizens and businesses
- R.A.2.1a - Increase the number of databases of national interest available through APIs consistent with the interoperability model and national and European data model.
- R.A.2.1b - Increasing the number of open dynamic datasets consistent with the provisions of Directive (EU) 2019/1024 with particular reference to their publication through APIs
- R.A.2.1c - Increasing the number of spatial datasets made available through the network services under Directive 2007/2/EC (INSPIRE).
OB.2.2 - Increase the quality of data and metadata.
- R.A.2.2a - Increase the number of datasets with quality metadata complying with the European and national reference standards
- R.A.2.2b - Increasing the number of open datasets made available by public administrations
OB.2.3 - Increasing awareness of policies to enhance the value of information assets public and on a modern data economy
- R.A.2.3b - Increase the number of open datasets available with the licenses provided for by the Open Data Guidelines (CC BY 4.0 and CC0).

For each objective and expetced result listed above, the Plan defines specific actions that AgID and the other public administrations have to performed.";Confirm;;
P5;"Does the national strategy/policy outline measures to incentivise the publication of and access to real-time or dynamic data?

For Explanation:
* If yes, please briefly describe the measures.";yes;"A specific expected result in the section dedicated to data in the Three Year Plan for ICT in the PA [https://www.agid.gov.it/sites/default/files/repository_files/piano_triennale_per_linformatica_nella_pa_2022-2024.pdf]  
concerns the increasing of the number of dynamic open datasets consistent with the provisions of Directive (EU) 2019/1024, with particular reference to their publication in open and machine-readable format through APIs. The targets set are:
Target 2023 - Documentation in the national open data catalog of at least 300 dynamic datasets.
Target 2024 - Documentation in the national open data catalog of at least 400 dynamic datasets.
To reach those targets, the PAs and the undertakings fulfilling public services are required to identify the dynamic datasets to be opened and published in accordance with Directive (EU) 2019/1024 and document them in the national data portals.

Linked to that, the Legislative Decree no. 36/2006, as amended by the Legislative Decree no. 200/2021 transposing the Directive 2019/1024, includes specific provisions for dynamic data. Furthermore, the Guidelines for the implementation of that Decree define further specific arrangements, including requirements and recommendations, for the publication and the access to dynamic data (see https://www.agid.gov.it/sites/default/files/repository_files/lg-open-data_v.1.0_1.pdf).";Confirm;;
P6;"Does the national strategy/policy outline measures to incentivise the publication of and access to citizen-generated data?

For Explanation:
* If yes, please briefly describe the measures.";yes;"The Fifth OGP National Action Plan includes a specific action for the pubblication of open data (in open and machine-readable format) about the public tenders, where the civil society is fully engaged (see https://open.gov.it/sites/default/files/media/documents/2022-03/5nap-piano-azione-governo-aperto-italia.pdf).

RESPONSE TO THE REVIEWER
The action includes the following steps:
- reconnaissance of currently existing data sources that can complement that of ANAC (the anti-corruption authority) on public tenders to best cover the information needs of civil society;
- Integration of ANAC data with other data sources - e.g.: OpenCUP (that makes available data, in open format, on public investment decisions financed with national, community or regional public funds or private resources registered with the Unique Project Code), OpenCoesione (open government initiative on cohesion policies in Italy with the aim of promoting the effectiveness of interventions through the publication of data on funded projects and widespread civic participation.);  possibility of synergies with the ""participation"" action and civic debate. 
This action will be in charge of civil society organizations and aims to make the results of empowerment concrete: ANAC will play the role of the facilitator;
- collection of feedback, suggestions for improvement of data portals;
- Updating or extending the semantic content published;
- publication of APIs.

The action also includes the integration of data 
coming from civic monitoring (i.e. citizen-generated data) on projects receiving support from public resources. Civic monitoring means collecting data, evidence, information, news, interviewing actors involved in the design and implementation of interventions, visiting places and construction sites, fostering transparency and collaboration, and making proposals.";Confirm;;
P7;"Does the national strategy/policy foster the discoverability of the aforementioned types of data from your country on data.europa.eu?

For Explanation:
* If yes, please briefly describe how.";yes;"As both national catalogues (open data portal and catalogue for spatial data) are harvested by data.europa.eu, all data documented in those catalogues are also discoverable in data.europa.eu. Consequently, this affects also the aforementioned types of data, as, based on specific actions and requirements in the Three-Year Plan for ICT, PAs are required to document data in the mentioned catalogues.

The Legislative Decree No. 36/2006 (amended by the Legislative Decree No. 200/2021 transposing the Directive (UE) 2019/1024) includes a specific provision for documenting data falling within the scope of the Open Data Directive and the related transposing Decree (so also dynamic data, geospatial data, etc.), through metadata, in the aforementioned catalogues. 
Furthermore, the Guidelines for the implementation of the National Open Data Decree (transposing the Open Data Directive) explicitly mention the European portal data.europa.eu.

Finally, in case of geospatial data the creation and publication of metadata are mandatory based on specific law (art. 59 of the Digital Administration Code). In case of geospatial data also available as open data, metadata documented in the catalogue for spatial data are also made available in the open data portal through GeoDCAT-AP. In order to avoid duplications in data.europa.eu portal, a filter is applied to the endpoint for excluding metadata for spatial data (already harvested from the national catalogue for spatial data).";Confirm;;
P8;"Does the national strategy/policy outline measures to support the reuse of open data by the public sector?

For Explanation:
* If yes, please briefly describe the measures.";yes;"The Article 50 of the Digital Administration Code (CAD) [ http://www.normattiva.it/uri-res/N2Ls?urn:nir:stato:decreto.legislativo:2005-03-07;82!vig= ] expressly states that the data of public administrations are formed, collected, stored, made available and accessible through the use of information and communication technologies that allow their use and re-use by other public administrations and by private (citizens, businesses …), in accordance with the conditions established by law.

The subsequent article 52 also provides, with reference to reuse by the public sector, that in the definition of the specifications or the outlines of the contracts, relating to products and services that involve the production, collection and management of data, the administrations provide for suitable clauses to allow the use, in accordance with the provisions of (aforementioned) art. 50.
Furthermore, the same article 52 provides that the activities aimed at ensuring the access and re-use of public administration data fall within the parameters for assessing managerial performance.
The same article 52, to support the re-use of open data by the public and private sector, establishes the principle “Open data by default”.

Moreover, in Italy, almost all Regions and many municipalities have their own “policy to support the reuse of open data”. [ https://www.dati.gov.it/riferimenti-normativi-linee-guida-regionali ] 
In general, these administrations proceed with the adoption of dedicated policies and local guidelines for the effective implementation of the national strategy on the territory.
In this regard, it should be noted that in order to harmonize the process of exploiting public data (at national, regional and local level) the strategy defined by the individual administrations has to comply with the strategy set out in the Three-Year Plan, resulting in disciplinary liability and economic damage in case of non-compliance (L. 208/2015, art.1, co 512-517).
[ http://www.normattiva.it/uri-res/N2Ls?urn:nir:stato:legge:2015-12-28;208!vig= ]
The Three-Year Plan explicitly states that the enhancement of public information assets is a strategic objective for the Public Administration to effectively address the new challenges of the data economy also to provide policy makers with data-driven tools to be used in decision-making processes.
In this context, a National Digital Data Platform (PDND - Piattaforma Digitale Nazionale Dati) is established by the art. 50-ter of the mentioned Digital Administration Code that will enable public administrations to share its own data through APIs also with the aim to develop data-driven policies. The Plan includes specific actions for public administrations for the implementation of PDND.";Confirm;;
P9;"Does the national strategy/policy outline measures to support the reuse of open data by the private sector?

For Explanation:
* If yes, please briefly describe the measures.";yes;"The Article 50 of the Digital Administration Code (CAD) [ http://www.normattiva.it/uri-res/N2Ls?urn:nir:stato:decreto.legislativo:2005-03-07;82!vig= ] expressly states that the data of public administrations are formed, collected, stored, made available and accessible through the use of information and communication technologies that allow their use and re-use by other public administrations and by private sector (citizens, businesses, ...) in accordance with the conditions established by law.
Furthermore, the Legislative Decree No. 36/2006 (amended by the Legislative Decree No. 200/2021 transposing the Directive (UE) 2019/1024) ensures the application of the principle that documents and data shall be re-usable for commercial or non-commercial purposes.
The Three-Year Plan for ICT in the PA 2022-2024 includes specific actions for smart communities related to specific project, such as the Smarter Italy project which intends to experiment with new technological solutions, alongside mechanisms of open innovation and smart procurement for the territories. Smarter Italy will initially operate on three lines: Smart mobility, Cultural heritage and Wellbeing, to gradually extend the digitization processes to the environment, infrastructures and training. The reuse of open data in this context is crucial.

Finally, the 2025 Strategy for Technological Innovation and digitisation of the Country includes 20 objectives among which ""Data for the Cities of the Future"" aimed at reusing data created by the operators fullfilling public services also by private sector to develop new services, new entrepreneurial activities, new innovative solutions (see https://assets.innovazione.gov.it/1610546390-midbook2025.pdf).";Confirm;;
P10-a;"Does the national strategy/policy mandate carrying out and maintaining a data inventory by public bodies, whether at national or local level?

For Explanation:
* If yes, please briefly specify.";yes;"The Legislative Decree No. 36/2006 (amended by the Legislative Decree No. 200/2021 transposing the Directive (UE) 2019/1024) includes a specific provision for documenting data falling within the scope of the Decree and Directive, through metadata, in the national catalogues, the open data portal https://dati.gov.it and the catalogue for spatial data https://geodati.gov.it .

Article 24-quater, par.  2, D.L. n. 90/2014, converted into Law no. 114/2014, obliges all Public Administrations and public undertakings to notify the Agency for Digital Italy of the databases they own. 
[ http://www.normattiva.it/uri-res/N2Ls?urn:nir:stato:decreto.legge:2014-06-24;90!vig= ]
As a result of the implementation of this rule, those databases are now documented in a special repository into the national portal dati.gov.it [ https://www.dati.gov.it/base-dati-informazioni ].

In addition, Article 50 of the Digital Administration Code [ http://www.normattiva.it/uri-res/N2Ls?urn:nir:stato:decreto.legislativo:2005-03-07;82!vig= ] requires administrations to proceed with the analysis of their own data, within the scope of their institutional tasks, also in combination with data held by other subjects, whereas “Legislative Decree no. 33/2013, Articles. 3 to 9-bis”  [ https://www.normattiva.it/uri-res/N2Ls?urn:nir:stato:decreto.legislativo:2013-03-14;33!vig=2019-06-05 ] provides for explicit actions for administrations aimed at the inventory, publication, access and re-use of data by administrations.

Finally, article 53 of the Digital Administration Code  states that the public administrations shall publish the inventory of data and metadata, as well as the related databases owned and the rules governing the access and the reuse of such data and metadata.";Confirm;;
P10-b;"Do these data inventories include the data collected by public bodies that cannot be published as open data (e.g. in relation to the EU Data Governance Act (EU) 2022/868)? 

For Explanation:
* If yes, please briefly specify.";yes;"The aforementioned legislation affects both open and not open data. 
As indicated in the answer to the previous question, the database catalogue https://www.dati.gov.it/base-dati-informazioni collects information about the databases of the Public Administrations on the basis of the aforementioned D. L. 90/2014. This catalogue, integrated into the dati.gov.it national portal, has been made available for query functions and is particularly relevant with a view to fostering the sharing of data between public administrations, for institutional purposes which, together with the re-use of open data, represents one of the policies for enhancing the value of public information assets. These resources cannot be published as open data.
In addition, the national catalogue for spatial data https://geodati.gov.it (linked to the open data portal) includes the metadata for both open and not open spatial data. In case of open spatial data, metadata are also made available in the open data portal through the GeoDCAT-AP.";Confirm;;
P11;"Is your country applying the implementing regulation (EU) 2023/138 on high-value datasets?

For Explanation:
* If yes, how is it progressing? 
* If you are an EFTA or a candidate country to the EU, please select 'not applicable'.
** In the table below, please indicate your progress with respect to a) organisation, b) legal aspects, c) technical aspects on a scale from 1 to 5. 1 = no progress; 2 = few progress; 3 = some progress; 4 = considerable progress; 5 = works are finalised.";new question;new question;Change;Yes;In 2023, a working group was set up with the main  administrations owner of HVDs and a  guidance document was adopted in order to provide with operational recommendations for the  application of the Regulation. The first version of that guidance document is available here https://www.agid.gov.it/sites/default/files/repository_files/guida_operativa_hvd_-_ver._1.0.pdf
P12;"Have the public bodies in your country denoted relevant datasets as high-value datasets in their metadata following the publication of the implementing regulation (EU) 2023/138 on high-value datasets?

For Explanation:
*  If yes, please specify how and highlight challenges, if any. 
* If you are an EFTA or a candidate country to the EU, please select 'not applicable'.";new question;new question;Change;Yes;"The public bodies are working to denote relevant datasets as HVDs in their metadata.
Concerning  the datasets falling under the INSPIRE Directive, metadata are already aligned as so far the rule is to use the INSPIRE theme to denote them as HVDs.
One of the main challenge is the update of the open data platform as most part of public bodies use CKAN and they were waiting for the adaption of CKAN to the DCAT-AP for HVDs in order to avoid customized update. "
P13;"Is there a governance structure in place that enables the participation and/or inclusion of various open data stakeholders? 

For Explanation:
*  If yes, please briefly describe the governance structure and its operating model ";new question;new question;Change;Yes;"The responsabilities are distributed among several public administrations.
The Agency for Digital Italy (AgID) is in charge of the execution of legislation provisions for open data, the implementation of the Open Data Directive according to the national open government policies. The Agency manages the national open data portal and the national catalogue for spatial data, defines national guidelines about the information of the public sector, defines the national metadata profiles. 

The Department for Digital Transformation is the support structure for the Minister for Technological Innovation and Digital Transition for the promotion and coordination of the Government's actions aimed at defining a unitary strategy in the field of digital transformation and modernization of the country through digital technologies.
The Department is in charge, inter alia, of the implementation of the APIs catalogue (and the linked National Digital Data Platform) and the repository of ontologies, schemas and controlled vocabularies for the semantic interoperability.

AgID and the Department for Digital Transformation jointly pursue the strategic objectives relating to the enhancement of the open data provided for in the Three-Year plan for ICT in the Public Administration.

The Open Government Partnership (OGP) is an international initiative that aims to obtain concrete commitments from governments in terms of promoting transparency, supporting civic participation, fighting corruption and spreading, within and outside the Public Administration, new technologies to support innovation.
The member countries, including Italy, have approved the Open Government Declaration, which commits them to undertake new initiatives in the field of open government. The OGP community is based on the inclusion and partecipation of various stakeholders; in Italy the OGP community includes 57 public administrations and 53 representatives from civil society.
One of the main themes that has always been the subject of attention is represented by the Open Data.

Other responsabilities lie with other public administrations, also at regional and local level.

At level of individual public administration, a relevant role in the organisation of offices and resources for the process of opening and reuse of data is played by the Office of the Digital Transition Manager (RTD) established by Article 17 of the CAD - Digital Administration Code, who is responsible for the transition to the digital operating mode and who reports directly to the political top management or, in its absence, to the administrative management of the administration. The digital transition manager (RTD) plays a role of reference of the political and/or administrative top management and is a transversal figure across the entire organisation in power to act on all the offices and areas of the administration, on the one hand, and as a point of contact with the Agency for Digital Italy and the Presidency of the Council of Ministers, on the other, for issues related to the digital transformation of public administrations"
P14;"How would you classify the model used for governing open data in your country? 

For Explanation:
*  Please briefly explain why this model was chosen/works best for your country";hybrid;As the responsabilities are distributed among several public administrations (see answer to the previous question) and data providers are both national and regional/local public administrations due to specific competencies assigned by law, the hybrid model is the most appropriate for governing open data in Italy.;Confirm;;
P15;"Does the governance structure ensure that the local and regional open data initiatives are facilitated and supported at national level?

For Explanation:
* If yes, please give an example of what kind of support.
* If not applicable, please explain why.";new question;new question;Change;Yes;"AgID promotes a process for supporting the Italian Regions for the implementation of Regional Digital Agendas according to the lines of action of the Three-Year Plan for ICT in the Public Administration. Those activities also include specific action for open data. 

At level of individual public administration, a relevant role in the organisation of offices and resources for the process of opening and reuse of data is played by the Office of the Digital Transition Manager (RTD) established by Article 17 of the CAD - Digital Administration Code, who is responsible for the transition to the digital operating mode and who reports directly to the political top management or, in its absence, to the administrative management of the administration. The digital transition manager (RTD) plays a role of reference of the political and/or administrative top management and is a transversal figure across the entire organisation in power to act on all the offices and areas of the administration, on the one hand, and as a point of contact with the Agency for Digital Italy and the Presidency of the Council of Ministers, on the other, for issues related to the digital transformation of public administrations

AgID promotes a regular dialogue with the RTD appointed in each PA, also  through a dedicated platform where some communities are focused  on open data. Through those communities  and that platform the local and regional levels are involved and supported."
P16;"To what degree do local/regional public bodies conduct open data initiatives? 

For Explanation:
* If not applicable, please explain why.";all public bodies;;Confirm;;
P17;"Is a document describing the responsibilities and governance structure of the national (and/or regional/local) open data team publicly available?

For Explanation:
* If yes, please provide the URL where this information is published. ";yes;"The responsabilities are assigned by law in most cases and consequently they are described in the legislation. 
For instance, the AgID responsability to adopt the Guideline for the implementation of the Legislative Decree no. 36/2006 (as amended by the Legislative Decree no. 200/2021 transposing Open Data Directive) is established with the art. 12 of the mentioned Decree.
Below some URLs of documents about responsabilities of some administrations involved (in some case general responsabilities also including open data):
AgID - https://www.agid.gov.it/it/dati/open-data 
Government Department for Digital Transformation - https://innovazione.gov.it/dipartimento/la-struttura/
At regional level, in most cases the working approach is described in the regional guidelines. The link to those documents is available here: https://dati.gov.it/riferimenti-normativi-linee-guida-regionali";Confirm;;
P18;"Is there a regular exchange of knowledge or experiences between the national open data team and the team maintaining the national portal? 

For Explanation:
* If yes, please briefly describe how this exchange takes place and provide evidence supporting your answer (e.g. meeting agendas, URLs to news items).";yes;"The national portal is managed by the Agency for Digital Italy, that is also part of the national open data team and is also in charge of specific responsabilities in the field of open data, as highlighted in the answer to question 12.
Consequently, the regular exchange is ensured.";Confirm;;
P19;"Does the governance model include the appointment of official roles in civil services that are dedicated to open data (e.g. open data officers)?

For Explanation:
* If yes, please describe how this task is fulfilled at public body level.";yes;"The Guidelines for the Implementation of Legislative Decree No. 36/2006 (as amended by Legislative Decree No. 200/2021 implementing Directive (EU) 2019/1024), (see https://www.agid.gov.it/sites/default/files/repository_files/lg-open-data_v.1.0_1.pdf)provides, inter alia, recommendations on roles and responsibilities for the open data process.  In paragraph 5.1.1. - Roles and responsibilities -  state that to implement the process, it is first necessary to define clear internal data governance with the identification of roles and related responsibilities, and to integrate its steps both vertically, with respect to already established internal processes, and horizontally with respect to the needs of different administrations.
An essential role in the organization of offices and resources for the process of opening and reuse of data is played by the Office of the Digital Transition Manager (RTD) established by Article 17 of the CAD, who is responsible for the transition to the digital mode of operation and who reports directly to the political leadership body or, in its absence, to the administrative body of the public administration. Circular No. 3 of October 1, 2018, of the Minister of Public Administration, in order to ensure the full operability of the Office of the RTD, recommends that in addition to the tasks expressly provided for, the act of assignment or appointment should also provide the power, among other things, to establish thematic groups for individual activities and/or fulfillments such as the process of opening and publishing data. In case this power is not assigned to the RTD, the establishment of the ""thematic"" group may be directly decided by the political or administrative top management. In any case, the RTD must still be involved given its role as a reference of the political and/or administrative top management and a transversal figure across the entire organization in power to act on all offices and areas of the entity, on the one hand, and as a point of contact with the Digital Italy Agency and the Presidency of the Council of Ministers, on the other, for issues related to the digital transformation of public administrations, as also reiterated in the aforementioned Circular No. 3/2018. In the Guidelines, the Recommendation 4 states: it is recommended that the Digital Transition Manager (RTD) be tasked with setting up a working group (led by a manager and involving thematic managers from all offices in the administration that produce data), dedicated to the open data process and the implementation of these Guidelines within the institutional organization. However, the RTD must be involved throughout the aforementioned process.The open data working group is considered in the Guidelines as a structure for governing the open data process, deferring to the organizational autonomy of each entity the provision of any other structures and figures, as well as the identification of the tasks to be assigned to them.
https://www.agid.gov.it/sites/default/files/repository_files/lg-open-data_v.1.0_1.pdf
 
https://www.funzionepubblica.gov.it/articolo/dipartimento/01-10-2018/circolare-n3-del-2018";Confirm;;
P20;"Is there a regular exchange of knowledge or experiences between the national open data team and the wider network of open data officers in your country? 

For Explanation:
* If yes, please briefly describe how this exchange takes place and provide evidence supporting your answer (e.g. meeting agendas, URLs to news items).";yes;"There are several occasions (meetings, conferences, web calls, etc.) that allow a regular comparison with public bodies on the many topics of interest, even with open data, covered by the Three-Year ICT Plan. 
AGID promotes the dissemination of the culture of open data and actions with training sessions aimed at PA officers in collaboration with some organizations and several webinars to improve the regular exchange between the various active public bodies, sharing knowledge and experiences.
The wider network of open data officers is also involved in the definition of national common documents, such as Open Data Guideline.
Examples: 
https://dati.gov.it/formazione-su-opendata
https://dati.gov.it/notizie/direttiva-open-data-corso-le-attivita-del-gruppo-di-lavoro-sulle-linee-guida

In addition, on the ""Rete Digitale"" platform (reserved to the Digital Transition Manager (RTD) appointed in each Public Administration) a specific Open Data community has been created in order to foster regular discussions and exchange. https://www.retedigitale.gov.it/ (credentials are required for access).

Finally, in the framework of the information and training activities for the digital transition of the PA of the project ""Italia Login - La casa del cittadino"" - the ""Line 3 Data and documents of the PA"", through the implementation of information activities, dissemination of models and networking among the public administrations involved in the open data publication processes, aims at contributing to the improvement of the quality of data made available in open format by the Italian public administrations and of their metadata and documentation on the national portal dati.gov.it. In the context of the project, AgID organized several webinar series including the exchange of experiences and knowledge. 
All webinar series organized are listed in this page: https://www.agid.gov.it/index.php/it/agenzia/progetti-pon-governance/italia-login-casa-del-cittadino/informazione-formazione-transizione-digitale";Confirm;;
P21;"Is there a regular exchange of knowledge or experiences between public sector bodies (i.e. the providers) and open data reusers (e.g. academia, citizens, businesses)?

For Explanation:
* If yes, please briefly describe how this exchange takes place and provide evidence supporting your answer (e.g. meeting agendas, URLs to news items).";yes;"RESPONSE TO THE REVIEWER
There are several occasions (meetings, conferences, web calls, etc.) that allow a regular comparison between public bodies and stakeholders. 
AGID promotes the dissemination of the culture of open data and actions with training sessions aimed at both PAs and re-users (private sectors, academia, citizens).
The re-users are involved to share their experiences and best practices in reuse in the webinars organized.
Some examples of webinars where academia, private sector and civil society are involved are available at the following links:

http://eventipa.formez.it/node/392675
http://eventipa.formez.it/node/397116
https://dati.gov.it/notizie/webinar-agidformez-su-open-data-dinamici-da-sensori-e-iot

In addition, a regular exchange between PAs and communities and civil society is also performed under the Fifth OGP National Action Plan (see https://open.gov.it/sites/default/files/media/documents/2022-03/5nap-piano-azione-governo-aperto-italia.pdf) where some actions also concerns the reuse and monitoring of open data.

Finally, the regular exchange is also allowed through the Forum Italia platform, a space for discussions, where a specific section is dedicated to data and open data in order to let to meet public sector bodies and open data reusers.
https://forum.italia.it/c/dati/33";Confirm;;
P22;"Do data publication plans exist at public body level?

For Explanation:
* If yes, please provide the URL and briefly highlight the key aspects covered. ";yes;"The “Protocol for data management and Open Data” https://ot11ot2.it/linee-guida-e-protocolli/protocollo-data-e-open-data-management; “Three Years Plan 2022-2024”   [https://www.agid.gov.it/sites/default/files/repository_files/piano_triennale_per_linformatica_nella_pa_2022-2024.pdf]

Dynamic “Basket of key datasets”, which more appropriately is a data publication plan for individual public body at both national and regional level 
[ https://www.dati.gov.it/monitoraggio/paniere-dataset ]

The “5th National Action Plan 2022-2023”, where, in particular, the National Anticorruption Authority is committed to improving the usability by society and stakeholders of the data collected in the National Data Bank of Public Contracts Public Contracts, recognised by the CAD as a database of national interest. This is achieved by making available, through an open-access portal, dashboards for browsing and self-service analysis of published data, of datasets in open RDF format and in the adoption of the OCDS (Open Contracting Data Standard) for their representation. The data present in the database are communicated to the Authority by the Single Procedure Managers (RUP) of the Contracting Stations and are published in their original form.
[ https://open.gov.it/sites/default/files/media/documents/2022-03/5nap-piano-azione-governo-aperto-italia.pdf ]

The Guidelines for the implementation of the Legislative Decree no. 36/2006 (as amended by the Legislative Decree no. 200/2021 transposing Open Data Directive) recommend PAs to define an own data publication plan, taking into account  some priorities on what data is to be open, i.e. HVD, dynamic data, data requested by users, data whose publication is mandatory by law (see https://www.agid.gov.it/sites/default/files/repository_files/lg-open-data_v.1.0_1.pdf).";Complement;;"Some examples

The Puglia regional administration has put in place a strategy, consisting of various initiatives, aimed at guiding, through a common path, the local authorities towards a culture of open data, with planning of publication activities.
A path and initiatives conceived not only from a theoretical point of view, but also from a practical one, through the implementation and use of technological solutions, such as the regional DSS project (a single data lake containing data produced and acquired by the Apulia Region, envisaged by the OR_1 of the 2022-2024 Three-Year Digital Reorganisation Plan of the Regional Administration). Furthermore, the 2024 Performance Plan envisages the publication of datasets by each structure, as part of the transversal digitisation objective.

The organization INAIL (national institute for work accident insurance)  has adopted a publication plan with a monthly update  anda six-monthly consolidation of data from the last five years: https://dati.inail.it/opendata/default/Calendario/index.html"
P23;"Are there processes to ensure that the open data policies/strategy previously mentioned are implemented (e.g. monitoring)?

For Explanation:
* If yes, please specify the process(es).";yes;"
The Agency for Digital Italy monitors, on a monthly basis, the increasing of open datasets on the national portal dati.gov.it. 
The monitoring takes place through the “Digital Transformation Enhancement”, a public dashboard that shows the state of the art of some projects of the Digital Growth Plan coordinated by the Agency. The dashboard publishes also the increase of number of administrations that publish open data (https://avanzamentodigitale.italia.it/it/progetto/open-data).
It is also possible to see the distribution of the published datasets throughout the DCAT-AP themes and the type of administration (national, regional, local ...). The data collected are public and available in open format in CSV and JSON format.

The Digital Administration Code assigns AGID the task of monitoring the implementation of the activities carried out by the administrations and assessing the results achieved with respect to the objectives of the Three-Year Plan for ICT in the PA. That monitoring, including the results for open data, is available here: https://monitoraggiopianotriennale.italia.it/ .

Furthermore, the Basket of key dataset is a tool used for monitoring the progress of data publication. Starting from the list defined as a plan, the data made available in open data are highlighted annually, and it is therefore possible to follow developments year by year, both for the national and the regional component (https://www.dati.gov.it/monitoraggio/paniere-dataset ).

Finally, the monitoring on metadata quality of data published in the national portal (also with reference to the expected results defined in the Three-Year Plan for ICT in the PA): https://dati.gov.it/Monitoraggio/MonitoraggioDinamico";Confirm;;
P24;"Do you update your policy/strategy as appropriate to ensure its success, such as based on data collected for monitoring?

For explanation:
* If yes, please describe the process and any recent updates made to strategy/policy";new question;new question;Change;Yes;"The Three-Year Plan for ICT in the PA (and consequently the section dedicated to data and open data) is updated annually, also based on the results monitored and reached.  Recent
 update was  in January 2024 with the  Decree of Undersecretary of State for the Presidency of the Council with responsibility for technological innovation and digital transition .

The ransposition of the Open Data Directive was made by Legislative Decree 200/2021 [ https://www.gazzettaufficiale.it/atto/serie_generale/caricaDettaglioAtto/originario?atto.dataPubblicazioneGazzetta=2021-11-30&atto.codiceRedazionale=21G00213&elenco30giorni=false ] that has amended the Legislative Decree no. 36/2006 [ https://www.normattiva.it/uri-res/N2Ls?urn:nir:stato:decreto.legislativo:2006-01-24;36!vig= ]

The Open Data Guidelines (binding for PAs) are updated when needed  also to improve the  implementation."
P25;"Are there any processes in place to assess if public sector bodies are charging for data above marginal cost? (please see directive (EU) 2019/1024 on open data and the reuse of public sector information).

For Explanation:
* If yes, please specify the process(es).";Yes;The process is defined in the Guidelines for the implementation of the Legislative Decree no. 36/2006 (amended by the Legislative Decree no. 200/2021 transposing Directive 2019/1024) in line with the arrangements of the Decree. It foresees that a Decree of the Minister for the Economy and Finance shall define and periodically update the list of the public administrations and public-law bodies authorised to charge for data above marginal costs.;Confirm;;
P26-a;"What are the top 3 challenges that your country is facing in the implementation of the mentioned open data policies/strategy?

For Explanation:
* Please briefly describe.";N/A;"Improving metadata and data quality;
Implementing the arrangements set out in the Open Data Directive and in the HVD Regulation
Using a common licensing framework;";Confirm;N/A;
P26-b;"Are there activities in place to address these challenges in your country (e.g. with specific national/regional/local plans or initiatives)?

For Explanation:
* If yes, please briefly describe the measures that you have adopted or plan to adopt to address these challenges. 
* If no, please specifiy what is hampering finding a strategic approach to solve these challenges.";yes;"Improving metadata and data quality is one of the objective of the Three-Year Plan for ICT in the PA, that has defined some specific actions for achieving the expected results.
AGID promotes the implementation and the use of the standard ISO 25012 on data quality, ISO 25024 on data quality measurement, and UNI-TS 11725 ""Guidelines for measuring data quality”. Increasing the quality of data is a specific goal of the ICT  Three Year Plan (2022-2024: https://www.agid.gov.it/sites/default/files/repository_files/piano_triennale_per_linformatica_nella_pa_2022-2024.pdf) and a specific section is dedicated in the national Guidelines (https://www.agid.gov.it/sites/default/files/repository_files/lg-open-data_v.1.0_1.pdf).
In addition, AGID has adopted a specific act aimed at improving data quality, see https://www.agid.gov.it/sites/default/files/repository_files/circolari/dt_cs_n.68_-_2013dig_-regole_tecniche_basi_dati_critiche_art_2bis_dl_179-2012_sito.pdf 
and the measurement of the data quality, see https://www.agid.gov.it/sites/default/files/repository_files/documenti_indirizzo/iso_25024_agid_misurazione_della_qualita_dei_dati.pdf.

The Guidelines for the implementation of the Legislative Decree no. 36/2006 (as amended by the Legislative Decree no. 200/2021, transposing the Open Data Directive) has been introduced by the mentioned Decree in order to support public administrations and other subjects in the process of open data and reuse of public sector information through specific requirements and recommendations. Specifically, these indications concern formats, publication, metadata profiles, licences and pricing, re-use requests and search tools, all aspects regulated by the Directive and the Decree.  The document also includes indications on organisational aspects and data quality, albeit not binding as they are not regulated by the indicated rules. See https://www.agid.gov.it/sites/default/files/repository_files/lg-open-data_v.1.0_1.pdf

The aforementioned Guidelines includes a specific requirement that states that open data shall be made available for reuse under the conditions of the Creative Commons BY 4.0 licence, the Creative Commons Public Domain Dedication (CC0) licence or any equivalent or less restrictive open licence. This is also aligned to the arrangements on licenses set out in the implementing HVD Regulation, although only affecting HVD.";Confirm;;
P27;"Are there any activities in place to assist data holders with publishing their data as open data (i.e. to help them with the data opening process)?

For Explanation:
* If yes, please describe/provide examples of these activities.";new question;new question;Change;Yes;"Guidelines for the implementation of the Legislative Decree no. 36/2006 (amended by the Legislative Decree no. 200/2021 transposing the Directive 2019/1024), see https://www.agid.gov.it/sites/default/files/repository_files/lg-open-data_v.1.0_1.pdf;

Regular contacts and support by AgID;

Webinar series (https://dati.gov.it/formazione-su-opendata);"
P28;"Is there a professional development or training plan for civil servants working with data in your country? 

For Explanation:
* If yes, please briefly describe these training activities.";yes;"In 2020 the Government has defined the National Strategy for Digital Skills and the related Operational Plan (https://assets.innovazione.gov.it/1610029655-dtd-1277-a-all1.pdf).
At the beginning of 2022, the strategic plan for the enhancement and development of human resources of public administration was launched (https://www.funzionepubblica.gov.it/sites/funzionepubblica.gov.it/files/20220110_Progetto_Formazione.pdf).
At the beginning of 2023, the Minister for Public Administration has published a guidance act for training that promotes training planning and development of skills for the digital transition, inter alia, promoted by the National Recovery and Resilience Plan (https://www.funzionepubblica.gov.it/sites/funzionepubblica.gov.it/files/documenti/Ministro%20PA/Zangrillo/2023_marzo/Direttiva_formazione.pdf#:~:text=In%20particolare%2C%20il%20Piano%20strategico%20pone%20l%E2%80%99attenzione%20sullo,i%20cittadini%20e%20della%20qualit%C3%A0%20del%20proprio%20lavoro.). 
This act is linked to the launch of the national platform named Syllabus that is the training portal dedicated to all people working in PA. Syllabus provides with the skills needed to enable and make PA digital transition effective at all levels. Concerning the Digital skills for PA, it is based on five competences areas including data, information and documents, communication and sharing, security, digital services, digital transformation. (https://www.syllabus.gov.it/syllabus/)

In addition the Italian translation of the latest version of DigComp, the Digital Competence Framework for Citizens, has been recently published.

AgID organizes webinar series about data and open data also for civil servants, such as https://dati.gov.it/notizie/linee-guida-open-data-nuovo-ciclo-di-webinar-dal-24-gennaio-2023 
In many of the webinars promoted by the national portal dati.gov.it the public managers themselves, owners of Italian open data initiatives, talk about their experience and share the knowledge gathered with other public administrations. 
[http://eventipa.formez.it/]

The National School for Administration is the institution responsible for selecting, recruiting and training officials and public servants, and is the central point of a Central System of recruitment and public training, established to improve efficiency and the quality of the Italian Public Administration. The School provided a rich catalogue of courses (in the classroom, eLearning, blended), for public officials, on many topics of interest for Public Administrations, including those related to open data. [ http://sna.gov.it/ ]";Confirm;;
P29;"Are there annually held national, regional or local events (e.g. hackathons, courses, conferences, users meet-ups, summer/winter schools) to promote open data and open data literacy in your country beyond the target group of public servants? 
 
For Explanation:
* If yes, please provide examples (e.g. title, date, location of the event and URL).";yes, >9;"Open Gov Week, from 8 to 12 May 2023, https://open.gov.it/partecipa/open-gov-week/open-gov-week-2023
Webinar series on Open Data Guidelines, 2022 and 2023 https://dati.gov.it/formazione-su-opendata

ForumPA, 16- 18 May 2023  https://www.forumpa.it/forum-pa-2023/

Municipality of Genoa, 28 February 2023 - Open data Conference https://smart.comune.genova.it/contenuti/open-data-quando-i-dati-della-pa-diventano-servizi%C2%A0 

Informa-Azione: DigiComp 2.2 (European Framework for the Development of Digital Competencies for Citizens) Presentation Event and Discussion - April 21, 2023
https://www.saperedigitale.org/informa-azione-digcomp-2-2-nuovi-temi-ed-esempi-di-conoscenze-abilita-e-attitudini-2/ .                                                                              

Project Opentusk, the Apulia Region's participation and sharing path dedicated to open data, with a kick-off meeting at the Region's headquarters May 3, 2023.
Opentusk is a generative path of sharing and experimentation, with Public Administrations, organizations and businesses, activists and innovators, to enhance the production and reuse of open data and includes a digital awareness campaign, three itinerant DataLabs, a Hackaton and in-depth webinars on the issues of data production, use and reuse. Opentusk was created, in fact, to support public administrations, business, research, innovation and the third sector, because open data and public participation act together to unleash the skills and energies of society: they empower widespread, to multiply economic possibilities and regenerate a new sense of community. https://www.dati.gov.it/notizie/nasce-la-comunita-i-dati-aperti-pugliesi -                                                                                                                                                                  

MOOC - Massive Online Open Course - on open data promoted by the Department of Public Function of the Presidency of the Council of Ministers and implemented by Formez PA as part of the project ""Opengov: methods and tools for open administration."" A training project, intended for employees of public administrations and citizens and enthusiasts of the subject, aimed at providing the basic knowledge and skills useful to increase the spread of the culture and practice of open data in the daily work of public administrations in the framework of a new approach of open, transparent and collaborative government with citizens and businesses. 
http://eventipa.formez.it/node/390819";Complement;;"In addition to explanation from 2023:

- ForumPA 2024, 21-23 May 2024, https://www.forumpa.it/forum-pa-2024/ 

-  https://www.internetfestival.it/keywords/dati/

-  https://ancitoscana.it/avviso-regionale-per-lo-sviluppo-di-progettualita-sui-dati-rivolto-agli-enti-locali-toscani/

-  https://dati.puglia.it/web/guest/webinar

-  https://dati.puglia.it/web/guest/datalab

-  https://dati.puglia.it/web/guest/hackathon

-  https://dati.puglia.it/web/guest/eventi-di-rete-2024"
PT1;"Is there a national portal in your country for that enables users to search for open datasets and find where to download open data? 

For Explanation:
* If yes, please provide the URL of the national portal.";yes;https://dati.gov.it/;Confirm;;
PT2;"For Explanation:
* What is the technology stack of your portal (e.g. based on uData, CKAN, etc.)";new question;new question;Change;N/A;"The technology used for Italian Open Data Portal is CKAN with specific extentions due to the national metadata profile DCAT-AP_IT
The CMS used for the portal is Drupal.
"
PT3;"Does the national portal offer to its users a way to programmatically query the metadata via an API?

For Explanation:
* If yes, please provide the direct-URL to this feature.";new question;new question;Change;Yes;"The basePath is https://dati.gov.it/opendata/

An example:  https://www.dati.gov.it/opendata/api/3/action/package_list"
PT4;"Does the national portal offer to its users a way to programmatically query the metadata via a SPARQL access point?

For Explanation:
* If yes, please provide the direct-URL to this feature.";new question;new question;Change;Yes;https://lod.dati.gov.it/sparql/
PT5;"Does the national portal offer/link to documentation on the use of APIs?

For Explanation:
* If yes, please provide the direct-URL to this feature.  ";new question;new question;Change;Yes;https://dati.gov.it/api
PT6;"Does the national portal offer/link to documentation on the use of SPARQL? 

For Explanation:
* If yes, please provide the direct-URL to this feature.  ";new question;new question;Change;Yes;https://dati.gov.it/sviluppatori/sparqlclient
PT7;"Does the national portal provide functionality for users to contribute datasets they have produced or enriched? 

For explanation:
* If yes, please (1) explain how  the portal facilitate the linking of documentation and supporting materials to these user-contributed datasets and (2) provide the direct-URL to this feature.";new question;new question;Change;No;
PT8;"Does the national portal offer a mechanism for users to provide general feedback, such  a 'Contact us' or 'Feedback' button that is placed in a visible spot and would allows users to send a general comment concerning the portal?

For Explanation:
* If yes, please provide the direct-URL to this feature or describe how this functionality is provided.";yes;https://www.dati.gov.it/scrivi-redazione;Confirm;;
PT9;"Does the national portal offer a mechanism for users to provide feedback on specific datasets, such as a 'feedback button' or a comment/discussion section under the dataset?

For Explanation:
* If yes, please provide the direct-URL to this feature or describe how this functionality is provided.";yes;"The ""Contact the Editorial Staff"" form https://www.dati.gov.it/scrivi-redazione can be also used  to submit feedback about specific datasets. The portal editorial staff, managed by AgID, receives feedback and provides responses, in some cases going back to the dataset owner.

RESPONSE TO THE REVIEWER
To provide a feedback for a dataset, the user has to select the specific option (""Feedback for a dataset"") and specify what the dataset is.";Confirm;;
PT10;"Does the national portal provide a mechanism for users to rate datasets?

For Explanation:
* If yes, please provide the direct-URL to this feature or describe how this functionality is provided.";yes;For each dataset, there is a rating system based on five stars levels (1 star = bad, 5 stars = very good). TO see the rating system, you need access the single dataset page and you can see it at the end of the page (e.g. for this dataset https://dati.gov.it/view-dataset/dataset?id=ce9825ba-6fde-4a13-bcad-1cc60d3d8e90);Confirm;;
PT11;"Does the national portal enable users to find information and news on relevant open data topics in the country?

For Explanation:
* If yes, please provide the direct-URL to this feature.  ";yes;https://www.dati.gov.it/notizie ;Confirm;;
PT12;"Does the national portal offer the possibility for users to receive notifications when new datasets are available on the national portal (RSS, ATOM feeds, email notifications etc.)?

For Explanation:
* If yes, please provide the direct-URL to this feature.  ";yes;https://www.dati.gov.it/notizie.xml;Confirm;;
PT13;"Does the national portal enable users to request datasets, such as through a ""request data"" button? 

For Explanation:
* If yes, please provide the direct-URL to this feature or describe how this functionality is provided.";yes;"""The aforementioned """"Contact the Editorial Staff"""" form available for users can be also used for requesting datasets, also with reference to the basket of datasets. The portal editorial staff, managed by AgID, receives feedback and provides responses, in some cases going back to the dataset owner. [ https://www.dati.gov.it/scrivi-redazione ]
RESPONSE TO THE REVIEWER
To require a a dataset, the user has to select the specific option (""Request a dataset"").

In addition, as the Guidelines for the implementation of Legislative Decree no. 36/2006 (amended by the Legislative Decree no. 200/2021 transposing the Directive 2019/1024),  has introduced a new procedure for requesting datasets directly to the data owner.";Confirm;;
PT14;"Are requests for datasets and their progress status presented in a transparent manner on the national portal? 

For Explanation:
* If yes, please provide the direct-URL to this feature.  ";yes;"On the basis of the national policy adopted, the requests received is addressed on the OGP table, which by definition deals with the request of stakeholders. 
RESPONSE TO THE REVIEWER
Consequently the progress status of the request is monitored through the OGP table and the open data basket available at [ https://dati.gov.it/monitoraggio/paniere-dataset ] including the list of datasets planned to be opened based either on decision of the data owner or on requests by stakeholders or civil society.

RESPONSE TO THE REVIEWER
In the open data basket the datasets requested by stakeholders and civil society are identified and included and annually it is indicated if those datasets has been opened.";Confirm;;
PT15;"Does the team monitor the extent to which requests (either via the portal or otherwise) result in the publication of the requested data?

For Explanation:
* If yes, please describe how this monitoring is conducted.";yes;The monitoring is conducted by the portal team annually through the open data basket available at [ https://dati.gov.it/monitoraggio/paniere-dataset ]. The description of such monitoring is provided in an ad-hoc methodology note available at the same page (i.e. https://dati.gov.it/sites/default/files/2022-06/NotaMetodologica2021.pdf).;Confirm;;
PT16;"Does the national portal offer a mechanism for users to exchange with others, such as a discussion forum?

For Explanation:
* If yes, please provide the direct-URL to this feature or describe how this functionality is provided.";yes;"Based on the national policy, there are discussion forum for all purposes and all tasks of public sector external to the national portal. A specific area dedicated to the open data community (data providers) for discussion is available on the platform ""Rete Digitale"" managed by AgID https://www.retedigitale.gov.it. A more general discussion forum for all users, including sections dedicated to data and open data, is available here: https://forum.italia.it/";Confirm;;
PT17;"Does the national portal showcase reuse cases, such as in a designated section of the portal?

For Explanation:
* If yes, please provide the direct-URL to this feature. ";yes;"An appropriate tag is used to identify the use cases https://www.dati.gov.it/notizie?name=casi_d%27uso

RESPONSE TO THE REVIEWER
Through this tag the news or data story related to a use case can be specifically identified. The news or article can also concern news about webinar or other event where the use case is presented. In this case the link to the data involved is included.";Confirm;;
PT18;"Does the national portal reference the datasets that the showcased reuse cases are based on (i.e. there is a link between the reuse case in the showcase and the underlying dataset on the portal)?

For Explanation:
* If yes, please provide the URL to this feature/to an example documenting this feature.";yes;"Example: https://dati.gov.it/notizie/open-data-sugli-appalti-pubblici-line-il-nuovo-portale-anac

RESPONSE TO THE REVIEWER
https://dati.gov.it/notizie/webinar-agidformez-su-open-data-dinamici-da-sensori-e-iot

As specified in the answer to the previous question, the specific tag to identify the use case is used for the news, but in the text of the news there is the link to the data involved.";Confirm;;
PT19;"Does the national portal provide the possibility for users to submit their own reuse cases?

For Explanation:
* If yes, please provide the direct-URL to this feature. ";yes;"The users can submit their own use cases through the ""Contact the Editorial Staff"" form [ https://dati.gov.it/scrivi-redazione ].

RESPONSE TO THE REVIEWER
To submit a use case, the user has to select the specific option (""Submit a use case of a dataset"").

";Confirm;;
PT20;"Does the national portal offer a preview function for tabular data?

For Explanation:
* If yes, please provide the URL to an example documenting this feature.";yes;The function is available by clicking on the related icon available for each distribution in the dataset page. E.g. for this dataset https://dati.gov.it/view-dataset/dataset?id=69a39d14-5a69-4bca-a0b9-c68e3cd301c4 the preview is this http://view.dati.gov.it:8000/?file=https%3A%2F%2Fdati.veneto.it%2FSpodCkanApi%2Fapi%2F2%2Frest%2Fdataset%2Fa769db19-c68c-4d24-bf1a-517a44b22dad.csv;Confirm;;
PT21;"Does the national portal offer a preview function for geospatial data?

For Explanation:
* If yes, please provide the URL to an example documenting this feature.";No;"The open data portal is linked to the national catalogue for spatial data, that publishes both open data and data not yet available as open data. In case of open data, metadata is made available, through GeoDCAT-AP, also on the open data portal where the dataset is referenced by specific URI. This URI is resolved through the metadata page on the national catalogue for spatial data where a preview function, joined to query and search tools, is available also in accordance with the OGC standards. An integrated geoviewer is available at https://geodati.gov.it/geoportale/geoviewer/ . Please note that the page related to the metadata of spatial data in the national open data portal includes the URI of that dataset in the national catalogue for spatial data (having the structure https://geodati.gov.it/resource/id/{dataset-id}) that is resolved by the metadata page in that catalogue.
As an example:
RESPONSE TO THE REVIEWER
https://dati.gov.it/view-dataset/dataset?id=regione-toscana-zone-di-protezione-art-14-legge-regionale-3-94 
 Through that URI, that dataset can be visualised in the geoviewer available in the catalogue for spatial data.";Confirm;;
PT22;"Do you promote high-value datastes on your national portal (e.g. use filtering features for reusers to easily find such datasets, use editorial features to promote the datasets, etc.))?

For Explanation:
* If yes, please specify how and highlight challenges if any. 
* If you are an EFTA or a candidate country to the EU, please select 'not applicable'.";new question;new question;Change;No;At the end of October filtering features for HVDs will be available on the portal homepage and consequently we'll promote them.
PT23;"Do you monitor the portal's traffic (e.g. in terms of number of unique visitors, visitor profiles, percentage of machine traffic, number of downloads according to the number of datasets etc.)? 

For Explanation:
* If yes, which tool(s) do you use?";yes;Since April 2020 AgID has implemented Web analytics Italia (WAI), a national platform for traffice and usage statistics of websites and digital services of the Italian Public Administrations [ https://webanalytics.italia.it ]. This platform is based on Matomo software.;Confirm;;
PT24;"Do you run analytics on API usage?

For Explanation:
* If yes, please briefly (1) describe your process and (2) how you use the insights to improve the portal";yes;N/A;Complement;;"The aforementioned platform https://webanalytics.italia.it also provides the analytics based on API usage.
The insights are used for informing data providers on what kind of data they shoul work or what data they should pay attention on for specific initiatives, actions and activities.
In future the insights will be used also to highlight the data more accessed and consequently more used."
PT25;"Besides monitoring portal traffic, do you perform any further activities to better understand the behaviour and needs of users of your portal (e.g. web analytics, surveys, or analysis of social media feeds)?

For Explanation:
* If yes, please (1) specify the activities and explain (2) how they help you understand user needs";yes;Further activities concern web analytics through the aforementioned platform https://webanalytics.italia.it and analysis of the official Twitter accounts linked to the national open data portal and the catalogue for spatial data continuously monitored by the communication office of the Agency for Digital Italy as well as by the portal team.;Confirm;;
PT26;"Do you used the insights about portal usage and about the behaviour and needs of portal users to improve the portal accordingly?

For Explanation:
* If yes, please explain your process for improving the portal based on user insights and feedback
* If relevant, kindly highlight some improvements made in the past year";new question;new question;Change;Yes;With the latest release of the national portal we improved the functionalities of the portal by using results of log analytics (for example: improvement of the search criteria, monthly trend of open data available, monthly trend of administrations that make open data available, and so on).
PT27;"Do you undertake any activities to promote the portal and attract new users or new audiences?

For explanation:
* If yes, please (1) explain what activities your perform, and (2) mention if these activities are directed at any specific target audience (e.g. business, public sector, academia, etc.)";new question;new question;Change;Yes;"The portal is promoted in several ways:
- it is referenced in the AgID official web sites;
- it is denoted as a tool for users and PAs in the Three-Year Plan for ICT in PA;
- it is denoted as single access point to Open Data in the Legislative Decree No. 36/2006 (amended by the Legislative Decree No. 200/2021 transposing Open Data Directive);
- in national, regional or local events with dedicated presentations, mentions or communication. An example is the Forum PA 2023, the most important national event dedicated to the topic of PA modernisation, where dedicated cards about the national portal were produced, published and distributed to the participants visiting the AgID stand (https://www.facebook.com/photo/?fbid=620067630151604&set=t.100064451182098);
- by launching information campaign oh the web (e.g. https://www.facebook.com/photo/?fbid=767371235421242&set=pb.100064451182098.-2207520000)"
PT28;"Do you monitor what keywords are used to search for data and content on the portal?

For Explanation:
* If yes, please briefly (1) describe your process and (2) how you use the insights to improve the portal";new question;new question;Change;Yes;The aforementioned platform https://webanalytics.italia.it also provides the analytics based on the keywords used for searching data and content on the portal.
PT29;"Do you monitor the most and least consulted pages?

For Explanation:
* If yes, please briefly (1) describe your process and (2) how you use the insights to improve the portal
* For informational purposes, kindly provide the URLs to the five most popular datasets on the portal";new question;new question;Change;Yes;"The aforementioned platform https://webanalytics.italia.it also provides the analytics based on the consulted pages.
The insights are used for improving the content, the usability and the classification of the content.

- https://www.dati.gov.it/view-dataset/dataset?id=6082a3e9-2c30-46ad-9d37-a3c8213368f5
- https://www.dati.gov.it/view-dataset/dataset?id=1b1dad1e-5fdf-47ff-bf00-a377713c80c7
- https://dati.gov.it/view-dataset/dataset?id=8e9e7891-749a-4d9e-89d5-a4fb23291053
- https://www.dati.gov.it/view-dataset/dataset?id=d7a76ff1-1910-488f-9fb2-ab3541089bda
- https://www.dati.gov.it/view-dataset/dataset?id=12403b55-fbc3-4088-a9a7-5960f48b9380"
PT30;"Do you take measures to optimise the search and discoverability of content (data and editorial)? 

For Explanation:
*If yes, please briefly describe how your optimise the search";yes;"Periodic checks are made on the positioning of the national catalogue in the results on the search engines in order to carry out any necessary interventions to improve it or the way in which the different pages are previewed among the results of the search. Thanks to the recent evolution of the portal, advanced search functions have been released, (multiple search, search by keywords, search by administration, search by catalog etc ..). 
In addition, the integration between the open data portal and the catalogue for spatial data has further improved the data discoverability.
";Change;Yes;"Periodic checks are made on the positioning of the national catalogue in the results on the search engines in order to carry out any necessary interventions to improve it or the way in which the different pages are previewed among the results of the search. Thanks to the recent evolution of the portal, advanced search functions have been released, (multiple search, search by keywords, search by administration, search by catalog etc ..). 
In addition, the integration between the open data portal and the catalogue for spatial data has further improved the data discoverability."
PT31;"Is the metadata on your portal available in clear plain language to enable both humans and machines to read and understand it? 

For Explanation:
*If yes, please provide the URL to an example documenting this feature.";yes;The search results (metadata) are returned in clear plain language, both humans (such as HTML page showing metadata) and machines readable, in order to enable users and machine to use information retrieved by the portal.;Change;Yes;https://dati.gov.it/view-dataset/dataset?id=2caccca7-9044-415e-81fd-edfc9912d212
PT32;"To what degree do public sector data providers contribute data to the portal? 

For Explanation:
*Please describe what is the agreed approach.
* If less than the majority of data providers, please briefly explain why (e.g. technical incompatibilities, governance aspects, low awareness etc.).";the majority of public sector data providers;"Each data provider is required to communicate the endpoint of  its local catalogue and then that local catalogue is harvested by the national portal.
In case a data provider doesn't manage an own local catalogue, the provider can create a dump file of metadata to be published in the national portal from a web accessible folder.
";Change;Approximately half of the public sector data providers;"Each data provider is required to communicate the endpoint of  its local catalogue and then that local catalogue is harvested by the national portal.
In case a data provider doesn't manage an own local catalogue, the provider can create a dump file of metadata to be published in the national portal from a web accessible folder."
PT33;Do you identify the data providers that are not yet publishing data on the national portal?;yes, or all public sector data providers already publish data;N/A;Confirm;;N/A
PT34;"Were there concrete actions taken to assist these data providers with their publication process?

For Explanation:
* If yes, could you provide some examples of the actions taken in this regard.";yes, or all public sector data providers already publish data;"A regular monitoring of the public open data catalogs is carried out and, depending on the circumstances, contacts are made with the contact points of the catalog to evaluate the methods of inclusion in the national catalog. The harvestng from web accessible folder (waf) is allowed in case of lack of the local catalog.
Furthermore, a FAQ page has been published in order to provide operational support to solve some issues related to the publication process https://dati.gov.it/faq.
";Complement;;"In addition, a community in the platform ""ReteDigitale"" has been created by involving the owners of open data portals (corresponding to data providers)."
PT35;"Besides the national open data portal, are there other regional and local portals? 

For Explanation:
* If yes, please provide a complete list and the links to these portals.";yes;"The Regional portals available are:
Regione Basilicata https://dati.regione.basilicata.it/   
Regione Campania https://dati.regione.campania.it/ 
Regione Friuli Venezia Giulia https://www.dati.friuliveneziagiulia.it/ 
Regione Lombardia https://dati.lombardia.it/  
Regione Marche http://goodpa.regione.marche.it  
Regione Piemonte https://www.dati.piemonte.it
Regione Lazio                  https://dati.lazio.it/ 
Regione Puglia               https://dati.puglia.it/ 
Regione Sardegna http://opendata.regione.sardegna.it/ 
Regione Siciliana https://dati.regione.sicilia.it/ 
Regione Toscana http://dati.toscana.it  
Regione Umbria https://dati.regione.umbria.it/  
Regione del Veneto https://dati.veneto.it/ 
Regione Trentino Alto Adige https://dati.trentino.it/ 
Regione Valle d'Aosta https://www.regione.vda.it/statistica/Opendata/Opendataregione/opend_categoria_i.asp  
Regione Abruzzo http://opendata.regione.abruzzo.it/  
Regione Emilia Romagna https://dati.emilia-romagna.it/ 

Other local portals and other national thematic portals are listed at this page of the national open data portal: https://dati.gov.it/elenco-harvest-sources 
";Confirm;;
PT36;"Are regional and local portals listed above and their data sources discoverable via the national portal? 

For Explanation:
* If not applicable, please briefly explain why. ";yes;All catalogues listed above and their data sources  are discoverable in the national portal. The list and the URL to those catalogue and data sources (also including other national and local catalogues not listed above) are available at this page: https://dati.gov.it/elenco-harvest-sources . In addition the catalogues and the data sources can be set as search criteria (see https://dati.gov.it/view-dataset).;Confirm;;
PT37;"To what degree are  regional and local sources harvested automatically? 

For Explanation:
* If less than the majority of existing sources is harvested by the national portal, please briefly explain why.                        
* If not applicable, please briefly explain why. ";all datasets;;Confirm;;
PT38;"Does the national portal include datasets that are real-time or dynamic?

For Explanation:
* If yes, please provide URLs to real-time and/or dynamic data featured via the national portal. ";yes;"Some examples : 
https://dati.gov.it/view-dataset?Cerca=&tags_set=dati+dinamici&tags=dati+dinamici&ordinamento=&sort=Invia


";Complement;;The right URL: https://dati.gov.it/view-dataset?Cerca=&tags_set=dati-dinamici&tags=dati-dinamici&ordinamento=&sort=Invia
PT39;"Does the national portal provide a way for non-official data (i.e. not stemming from official sources, such as community-sourced/citizen-generated data) to be published? 

For Explanation:
* If yes, please explain how non-official data is distiguished for offical data (e.g. using a different section of the portal or tags) 
* And please provide a URL to an example of a non-official dataset on the portal ";new question;new question;Change;No;
PT40;"Does the national portal allow users to see what data exists but cannot be made available as open data?

For Explanation:
* If yes, please (1) provide the URL to an example and (2) briefly describe the approach used to ensure this transparency.";yes;"The national Portal includes a specific section dedicated to the PA databases not available as open data, see https://www.dati.gov.it/base-dati-informazioni.
Furthermore, the national data portal is linked to the catalogue for spatial data (i.e. https://geodati.gov.it), that includes both open and not-open data. In case of open data, the related metadata are made also available in the dati.gov.it portal through GeoDCAT-AP. ";Confirm;;
PT41;"Does the national portal have a strategy to ensure its sustainability?

For Explanation:
* If yes, please (1) provide the URL to this document and (2) describe the main measures to keep the portal running in the long-term and continue to serve its audience";new question;new question;Change;Yes;"The National Portal is an essential infrastructure in the contest of the open data policies, which is also expressly provided for in the legislation transposing the Open Data directive (i.e. the legislative decree 200/2021 amending the Legislative Decree no. 36/2006 [ https://www.normattiva.it/uri-res/N2Ls?urn:nir:stato:decreto.legislativo:2006-01-24;36!vig= ] (art. 9) The national portal is also relevant infrustructure in the context of the three Year Plan 2022 – 2024 and 2024-2026 [ https://www.agid.gov.it/sites/default/files/repository_files/piano_triennale_per_linformatica_nella_pa_2022-2024.pdf and https://www.agid.gov.it/sites/default/files/repository_files/piano_triennale_per_linformatica_nella_pa_2024-2026.pdf] with specific actions linked to it. It is therefore institutionally guaranteed to be sustainable. 
Finally in the budget for the year 2024 and the three-year period 2024 - 2026, a specific item is dedicated to open data and open government including the activities linked to the portal (https://trasparenza.agid.gov.it/download/5589.html)."
PT42;"Is your national portal active on social media? 

For Explanation:
* If yes, please provide the URL(s) to your social media accounts. ";yes;https://twitter.com/DatiGovIT - https://www.youtube.com/channel/UCHsqR2YhxeKgFT4rAKVcAAQ (there is also the Twitter account of the national catalogue for spatial data https://twitter.com/rndt_it );Confirm;;
PT43;"Are the portal’s source code and relevant documentation and artefacts made available to the public (e.g. on platforms such as GitHub or GitLab)?

For Explanation:
*If yes, please provide the (1) platform name and (2) the URL to the portal’s account on this platform.";yes;Available in the repository dati.gov.it of the GitHub organization AgID, i.e. https://github.com/AgID/dati.gov.it;Confirm;;
PT44;"Do you monitor the characteristics of the data published on the portal, such as the distribution across categories, static vs. real-time data and how these change over time?

For Explanation:
* If yes, please provide the direct-URL to this feature";yes;"https://avanzamentodigitale.italia.it/it/progetto/open-data  provide a monitoring in terms of the number of data sets published,number of public administrations that publishes open data, distribution across categories, real-time data, distribution across administrations type (national, regional, …). 
https://dati.gov.it/Monitoraggio/MonitoraggioDinamico provides the measures about metadata quality and the results of the actions on open data defined in the Three-Year Plan for ICT in the PA.
https://dati.gov.it/Monitoraggio/Statistiche provides the information and the annual statistics on the data published on the portal.
";Confirm;;
PT45;"Does this monitoring enable the portal team and/or data providers to take action to improve their performance on the national portal?

For Explanation:
* If yes, please (1) explain how and (2) if applicable provide the direct-URL to this feature.";yes;"Based on the monitoring results, specific and targeted activities are carried out by the portal team to support the individual data providers to improve the quality of its metadata published and consequently the general performance on the national portal. 
Furthermore, based on those results, specific guidance is provided as FAQ in order to address specific (preferibly common) issues (see https://dati.gov.it/faq).
Finally, the log of the harvesting process for each local/thematic catalogue is shared with the data provider in case corrections need.";Confirm;;
Q1;"Is there a pre-defined approach to ensure that metadata is kept up-to-date?

For Explanation:
* If yes, please briefly describe your approach.";yes;A generalized approach has been defined that provides for weekly harvesting of each federated catalogue (https://www.dati.gov.it/elenco-harvest-sources), except for specific requests for more frequent updating. Consequently, the update in the national portal is aligned with that one of the harvested local/thematic portal.;Confirm;;
Q2;"What percentage of the metadata on the national portal is obtained from the source automatically, rather than edited manually? 

For Explanation:
* Please describe (1) the workflows you have to automate the harvesting of metadata and (2) for which types of data these apply to";new question;new question;Change;100 %;"Each data provider is required to communicate the endpoint of  its local catalogue and then that local catalogue is harvested by the national portal automatically.
In case a data provider doesn't manage an own local catalogue, the provider can create a dump file of metadata to be published in the national portal from a web accessible folder."
Q3;"What is the average delay from the moment the metadata describing a dataset is updated at the source, and the moment the change is visible on the portal?

For Explanation:
* Please explain the approach for updating metadata in a timely manner";new question;new question;Change;Within one week;A generalized approach has been defined that provides for weekly harvesting of each federated catalogue (https://www.dati.gov.it/elenco-harvest-sources), except for specific requests for more frequent updating. Consequently, the metadata is visible on the portal within a week at latest.
Q4;"Do you undertake efforts to ensure that published data covers the full period from when it was first published until today, for example,the complete time series?

For Explanation:
* If yes, please explain the measures in place to ensure complete series of datasets";new question;new question;Change;Yes;In the national Open Data Guidelines (binding for PAs), there is a specific recommendation that in the case of data series, the publication should cover not only the most recent or current data, but the entire series so as not to lose an important wealth of information useful, for example, for analyses on the evolution of various phenomena of interest.
Q5;"Have you implemented the DCAT-AP High Value Datasets (semiceu.github.io) tag to denote the High-Value Datasets in your (national) open data portal(s)?

For Explanation:
* If yes, please specify how and highlight challenges if any.
* If you are an EFTA or a candidate country to the EU, please select 'not applicable'.";new question;new question;Change;Yes;"We are working to implement DCAT-AP HVDs.
We were waiting for the adaptation of CKAN to that guidelines in order to avoid customezed solutions. That was one of the challenges, also because we need to also adapt the plugin related to the national profile (DCAT-AP_IT) that will be made available as open source for reuse . "
Q6;"Besides the DCAT-AP tag mentioned above, have you implemented any other measures to ensure that high-value datasets ((EU) 2023/138) are interoperable with datasets of other country?

For Explanation:
* If yes, please specify how and highlight challenges if any.
* If you are an EFTA or a candidate country to the EU, please select 'not applicable'.";new question;new question;Change;Yes;"A specific guidance document has been adopted and published in order to provide the data owners with operational and more detailed indications for a more effective implementation of the Regulation (also related to ensure the interoperability) and support them in the process of opening that type of data.
The first version of the guidance document is available at the URL https://www.agid.gov.it/sites/default/files/repository_files/guida_operativa_hvd_-_ver._1.0.pdf"
Q7;"Do you monitor the quality of the metadata available on your portal?

For Explanation:
* If yes, please briefly explain how this monitoring takes place. 
* If applicable, please provide the URL to this monitoring mechanism.";yes;"""Increasing the quality of metadata is a specific goal of the Three Year Plan for ICT in the PA 2022 - 2024 as well as the previous Plans, [https://www.agid.gov.it/sites/default/files/repository_files/piano_triennale_per_linformatica_nella_pa_2022-2024.pdf ]. Some actions and expected results in that Plan, indeed, concern the metadata quality:

R.A.2.2a - Increase the number of datasets with quality metadata compliant with European and national reference standards

To this end, the national portal makes available the list of data providers with the number of their datasets documented through metadata (see https://dati.gov.it/amministrazioni ) and the list of harvested catalogues with the number of datasets for each catalog (see https://dati.gov.it/elenco-harvest-source ). In addition, a validator has been implemented to allow data providers to know the quality of the metadata through compliance with mandatory and strongly recommended properties (such as contact point) in the DCAT-AP_IT profile. All this tools are used to discover any anomalies to be communicated to the competent administrations for a consequent improvement of metadata quality.
The dynamic Monitoring page in the data portal https://dati.gov.it/Monitoraggio/MonitoraggioDinamico shows the measures about the quality of metadata published in the open data portal on the basis of a weekly frequency. To this purpose some indicators have been identified in relation to which targeted and joint interventions are carried out with the individual administrations to improve the information available on the portal.
That page also shows the measures of the expected results and target of the Plan mentioned above.";Confirm;;
Q8;"Do you publish information on the quality of the metadata available on the portal?

For Explanation:
* If yes, please provide the URL to this section. ";yes;The information on the metadata quality is available in the monitoring section of the data portal, also downloadable in csv format: https://dati.gov.it/Monitoraggio/MonitoraggioDinamico ;Confirm;;
Q9;"Do you publish guidelines (e.g. written materials) and have tools in place, to assist publishers in publishing high-quality metadata? 

For Explanation:
* If yes, please (1) briefly describe this material and (2) provide the URLs to these materials and/or tools.";new question;new question;Change;Yes;"https://www.dati.gov.it/fare-open-data/Strumenti-per-gli-Open-Data

https://www.dati.gov.it/fare-open-data/Strumenti-per-gli-Open-Data
https://www.dati.gov.it/contesto-normativo

The Guidelines for the implementation of the Legislative Decree no. 36/2006, as amended by Legislative Decree no. 200 of 8 November 2021, transposing Directive (EU) 2019/1024,  https://www.agid.gov.it/sites/default/files/repository_files/lg-open-data_v.1.0_1.pdf

Guidance document on HVDs: https://www.agid.gov.it/sites/default/files/repository_files/guida_operativa_hvd_-_ver._1.0.pdf"
Q10;"Do you set any standards on metadata quality that data providers must abide by (e.g. on the use of licence, minimum metadata describes, use of certain DCAT-AP properties, etc)

For Explanation:
* If yes, please describe the standards you have in place, i.e. what is minimum information the metadata should describe ";new question;new question;Change;Yes;"The national metadata profile based on DCAT-AP (i.e. DCAT-AP_IT) states the mandatory (minimum) metadata required and the related DCAT-AP properties.
It includes some extensions with respect to DCAT-AP, e.g. the rights holder, as well as more restrictive properties (from optional or recommended to mandatory). "
Q11;"Do your open data publication/licensing guidelines provide recommendations for the use of Creative Commons (CC) licences, specifically CC BY 4.0 and CC0?

For Explanation:
* If yes, is this mandatory (e.g. prescribed by law) or recommended?
* Please provide a URL link to the guidelines";new question;new question;Change;Yes;The Guidelines for the implementation of the Legislative Decree no. 36/2006, as amended by Legislative Decree no. 200 of 8 November 2021, transposing Directive (EU) 2019/1024 include the requirement that the licences to be used are CC-BY 4.0, CC0 or any equivalent or less restrictive open licence https://www.agid.gov.it/sites/default/files/repository_files/lg-open-data_v.1.0_1.pdf
Q12;What percentage of the open data available on the national portal is accompanied by licensing information? ;>90%;N/A;Confirm;;N/A
Q13;How many different licences are used on your portal?;5-10;N/A;Confirm;;N/A
Q14;"Besides providing guidelines, are there regular activities conducted or mechanisms in place to  assist publishers in supplying high-quality datasets (metadata quality and data quality)?

For Explanation:
* If yes, please explain the support you provide?";new question;new question;Change;Yes;"There are direct and regular contacts and support for data providers (mainly with the owner of the harvested catalogues) for publishing high-quality data and metadata, as this is included, with related expected results and actions, as an objective in the Three-Year Plan for ICT in Public Administration, with specific target set and specific tasks for public administrations.
The measure of the quality of the metadata published in the portal is weekly published in the monitoring dedicated page to show what and how many metadata elements are still not conformant to standards.
Furthermore, a validator is available on the portal in order to support the data providers to check the conformity of their metadata to the national metadata profile DCAT-AP_IT.
Finally, in case of error raised in the harvesting process for each local/thematic catalogue, the error log file is shared with the data provider in order to enable the alignment to the standards.
"
Q15;"Does the national portal follow the DCAT-AP framework or, if not, are standards in place to ensure interoperability with DCAT-AP?

For explanation:
* If the  portal follow the DCAT-AP framework, please describe how compliance with DCAT-AP is ensured
* If the portal does not follow the DCAT-AP framework, please describe how interoperability with DCAT-AP is ensured";new question;new question;Change;Yes;"The national portal follow the DCAT-AP framework with some extensions (DCAT-AP_IT profile).
A specific plugin is available for CKAN and a validator is available on the portal."
Q16;What is the percentage of metadata on your portal that is DCAT-AP compliant, in terms of mandatory classes? (agent, catalogue, dataset, literal, resource);71-90%;;Confirm;;N/A
Q17;What is the percentage of metadata on your portal that uses DCAT-AP recommended classes? (category, category scheme, distribution, licence document);71-90%;;Confirm;;N/A
Q18;What is the percentage of metadata on your portal that uses DCAT-AP optional classes? (catalogue record, checksum, document, frequency);71-90%;;Confirm;;N/A
Q19;"Is there a national extension of the DCAT-AP standard developed for your country? 

For Explanation:
* If yes, please (1) briefly outline the reasons for this decision, and (2) what the main differences between the national variation and the EU standard are.
* If applicable, please provide the URL to the documentation of the national DCAT-AP extension.";yes;"The decision to define a national profile (for Italy DCAT-AP_IT)) is mainly due to the needs related to the national legal system. The main extensions introduced concern:
-	The additional mandatory property rightsholder;
-	The additional optional properties subtheme and creator;
-	The class Distribution is mandatory;
-	Changes in the cardinality of several properties (from optional or recommended to mandatory), such as frequency, theme, modified.

Our national extension is documented together with others in DCAT-AP implementation guidelines WG  https://docs.google.com/spreadsheets/d/1SPfA6fA9im_6EtxLDBtCMyBpt1q1aXl5ng4epLgSyJM/edit#gid=0

The national profile is available here:
https://docs.italia.it/italia/daf/linee-guida-cataloghi-dati-dcat-ap-it/it/stabile/index.html";Confirm;;
Q20;"Do you investigate the most common causes for the lack of DCAT-AP compliance?

For Explanation:
* If yes, what are the main causes for the lack of DCAT-AP compliance?";new question;new question;Change;Yes;".- Controlled vocabularies not used;
.- not appropriate configuration of the technologies used; 
.- mandatory properties missing"
Q21;What is the percentage of datasets whose metadata provides a reference to where the data can be downloaded, or its API accessed (“download-URL” in the DCAT-AP specification)?;>90%;N/A;Confirm;;N/A
Q22;What is the percentage of datasets whose metadata provides a reference to a web page from where the data can be accessed (“access-URL in the DCAT-AP specification)?;>90%;N/A;Confirm;;N/A
Q23;"Do you use a model (such as the 5-Star Open Data or FAIR) to assess the quality of deployment of data in your country?

For Explanation:
* If yes, please briefly describe.";yes;"As reported in the National Guidelines, the use of the 5 -Star Open Data model is required for the representation / distribution of the data (see
https://www.agid.gov.it/sites/default/files/repository_files/lg-open-data_v.1.0_1.pdf ).
In accordance with the latest update of legislation regarding open data and reuse of public sector information, the FAIR principles are mandatory for research data and recommended for all other data types (see
https://www.agid.gov.it/sites/default/files/repository_files/lg-open-data_v.1.0_1.pdf)";Confirm;;
Q24;"Do you conduct activities to promote and familiarise data providers with ways to ensure higher quality data?

For Explanation:
* If yes, please briefly describe.";yes;"The use of the 5 -Star Open Data model is promoted through the national Guidelines (see
https://www.agid.gov.it/sites/default/files/repository_files/lg-open-data_v.1.0_1.pdf ).
Furthermore, AGID promotes the implementation and the use of the standard ISO 25012 on data quality, ISO 25024 on data quality measurement, and UNI-TS 11725 """"Guidelines for measuring data quality”. A specific section is dedicated in the national Guidelines (https://www.agid.gov.it/sites/default/files/repository_files/lg-open-data_v.1.0_1.pdf).
In addition, AGID has adopted a specific act aimed at improving data quality, see https://www.agid.gov.it/sites/default/files/repository_files/circolari/dt_cs_n.68_-_2013dig_-regole_tecniche_basi_dati_critiche_art_2bis_dl_179-2012_sito.pdf 
and the measurement of the data quality, see https://www.agid.gov.it/sites/default/files/repository_files/documenti_indirizzo/iso_25024_agid_misurazione_della_qualita_dei_dati.pdf.";Confirm;;
Q25;What percentage of datasets are made available under an open licence? ;>90%;N/A;Confirm;;N/A
Q26;What percentage of licences are provided in a structured data format?;71-90%;N/A;Change;>90%;N/A
Q27;What percentage of datasets are provided in an open and machine-readable format?;>90%;N/A;Confirm;;N/A
Q28;What percentage of datasets consistely use Uniform Resource Identifiers?;31-50%;N/A;Change;51-70%;N/A
Q29;What percentage of datasets link to other renowned sources to provide additional context for the users, e.g. in a linked data fashion?;<10%;N/A;Confirm;;N/A
I1;"Do you have a definition of open data reuse in your country?
 
For Explanation:
* If yes, please specify it.";yes;"The Italian legislation expressly provides for the definition of reuse of open data in the Digital Administration Code - legislative decree 82/2005 - Article 1, paragraph n-bis), where reuse means ""use of the data referred to in Article 2(1)(e) of legislative decree no. 36 of 24 January 2006"";
 [ https://www.normattiva.it/uri-res/N2Ls?urn:nir:stato:decreto.legislativo:2005-03-07;82 ]
The provision refers back to the definition contained in turn in Legislative Decree 36/2006 on the transposition of the PSI Directive, as subsequently amended by  the Legislative Decree 200 of 8 November 2021 transposing the Open Data Directive. Specifically:
(e) re-use: the use by natural or legal persons of documents held by: 
      (1) public administrations or bodies governed by public law for commercial purposes or for non-commercial purposes other than the institutional purposes for which the documents were produced, with the exception of except for the exchange of documents between public administrations or bodies governed by public law, or between administrations and bodies governed by public law, carried out exclusively within the framework of the performance of the institutional tasks of which they are holders; 
      (2) public undertakings and private undertakings referred to in Article 1, paragraph 2-quater, for commercial purposes or for non-commercial purposes other than those relating to the provision of services of general interest general interest services for which the documents have been produced, with the exception of for the exchange of documents between public undertakings and public administrations or bodies governed by public law set up exclusively within the framework of the performance of the tasks institutional tasks of the public administrations 
 [ https://www.normattiva.it/uri-res/N2Ls?urn:nir:stato:decreto.legislativo:2006-01-24;36~art2-com1-lete  ]";Confirm;;
I2;"Are there any processes in place to monitor the level of reuse of your country's open data?
 
For Explanation:
* If yes, please (1) briefly describe these processes and (2) provide the URLs to support the answer.";yes;"The processes are conducted at public body level, such as at regional level. 
Some examples:
The Open Data portal of the Emilia Romagna Region provides an online form to collect information about the re-use made of the data (https://dati.emilia-romagna.it/?q=contact/Segnala-un-uso-dei-dati);
Lombardia Region collects information about the cases of re-use of the datasets published in the regional data portal (https://www.dati.lombardia.it/Government/Utilizzo-dei-dataset/m58v-fh6e/data);
At local level, Lecce Municipality publishes a page in the open data portal with the list of apps, dashboards and viz developped by reusing the open data documented in that portal (http://dati.comune.lecce.it/blog/?page_id=165);
The public undertaking TPER publishes a list of apps developped by reusing open data made available (https://www.tper.it/apps).
The Istituto Nazionale di Previdenza Sociale has dedicated a page in the Open Data section of the portal ""Applications implemented"" to record all the initiatives of re-use of Open Data.  
[ https://www.inps.it/nuovoportaleinps/default.aspx?sPathID=%3b0%3b46292%3b46305%3b&lastMenu=46305&iMenu=12&p4=2 ].
The Institute also constantly monitors the downloads of Open Data from the Institutional portal by locating and analyzing them.  It is possible to have a summary of the downloads on a national scale on the page of the ""Open Data Inps Distribution"" portal.  
[ https://www.inps.it/nuovoportaleinps/default.aspx?sPathID=%3b0%3b46292%3b46305%3b46294%3b&lastMenu=46294&iMenu=12&iNodo=46294&p4=2 ]";Change;Yes;"The processes are conducted at public body level, such as at regional level. 
Some examples:
The Open Data portal of the Emilia Romagna Region provides an online form to collect information about the re-use made of the data (https://dati.emilia-romagna.it/?q=contact/Segnala-un-uso-dei-dati);
Lombardia Region collects information about the cases of re-use of the datasets published in the regional data portal (https://www.dati.lombardia.it/Government/Utilizzo-dei-dataset/m58v-fh6e/data);
The public undertaking TPER publishes a list of apps developped by reusing open data made available (https://www.tper.it/apps).

On the portal dati.puglia.it there are  statistics about the datasets published, in the statistics section [most downloaded resources, most viewed resources, etc.]. Moreover, in order to monitor the level of reuse of open data, the https://odlab.regione.puglia.it/ section has been developed, which can always be accessed from the single regional open data portal dati.puglia.it, and which contains testimonials on regional open data reuse projects.

The portal dati.toscana.it is monitored through the platform Web Analytics Italia with statistics on access and download."
I3;"Are there any activities in place to encourage public bodies to monitor the reuse of their own published data (e.g. incentives or obligations in place for public bodies or civil servants of national government)?
 
For Explanation:
* If yes, please (1) briefly describe these activities/incentives and (2) provide the URLs to support the answer.";yes;"If data are made available through APIs, the public bodies and undertakings fullfilling public services are required to describe those APIs in the APIs Catalogue included in the National Digital Data Platform established by the article 50-ter of the Digital Administration Code. This article also states that through that Platform it is possible collecting and storaging information about the access and transactions carried out to data distributed through the APIs.
https://www.normattiva.it/uri-res/N2Ls?urn:nir:stato:decreto.legislativo:2005-03-07;82";Change;Yes;"The Open Data Guidelines recommend to define prioritisation and opening plan by identifying criteria and modalities for opening up. One of the criteria is a demand-driven approach that takes into account the economic and social impact as well as the level of interest and needs of users.
The measure of the impact is also indicated with the aim of assessing the effectiveness of the openness process.

https://www.agid.gov.it/sites/default/files/repository_files/lg-open-data_v.1.0_1.pdf"
I4;"Does your country have processes in place to monitor and measure the level of reuse of high-value datasets ((EU) 2023/138)?
 
For Explanation:
* If yes, please specify how and highlight challenges if any. 
* If you are an EFTA or a candidate country to the EU, please select 'not applicable'.";new question;new question;Change;Yes;"A specific action has been included in the latest Three-Year Plan for ICT in PA to monitor the publication of High-Value Datasets starting from December 2024.
It is also planned to put in place a mechanism for monitoring and measuring the level of reuse of HVDs and open data, in general."
I5;"Has your government specified what 'impact of open data' means (e.g. in a strategy document)?
 
For Explanation:
* If yes, how do you define the impact of open data in your country? 
* If possible, please provide a URL to a public document describing it.";yes;"A definition of 'impact of open data' is included in the Guidelines for the implementation of the Legislative Decree no. 36/2006 (as amended by Legislative Decree no. 200/2021 transposing Directive (EU) 2019/1024) - https://www.agid.gov.it/sites/default/files/repository_files/lg-open-data_v.1.0_1.pdf. It is defined as ""The set of effects and benefits obtained directly or indirectly from the use and/or reuse of open data in specific policies, areas, or domains"". It is also suggested to consider as domains against which to measure impact those ones used in the maturity report, namely: society, government, economy and environment";Confirm;;
I6;"Do you have a methodology in place to measure the impact of open data in your country?
 
For Explanation:
* If yes, please briefly describe the key points of this methodology.";yes;"The use and impact of open data are included in a specific section of the annual report ""The ICT spending in the Italian PA"", see https://www.agid.gov.it/sites/default/files/repository_files/_la_spesa_ict_2021_nella_pa_italiana_-_principali_trend_e_percorsi_in_atto_final_v.02_2.pdf
This report is also linked to the Three-Year Plan for ICT in the PA that includes specific actions on data and open data. The implementation of those actions is annually measured and monitored, see  https://monitoraggiopianotriennale.italia.it/                                                                                                                                                                                           In the first report described, regarding the impact of Open Data, the paragraph 4.3 Data Governance e Open Data describes how the availability of open data in central and local government supports web and mobile application development activities. Development activities on open format datasets are very varied. In particular, it highlights the development of vertical applications (for the management of building sites, state property, etc.), and dashboard solutions enabling the analysis of real-time data (traffic, infomobility, weather, territory and environment) and of data at regional and municipal level (labour, expenditure, health, housing market). As can be seen from the graphs, a comparison was made between the extent of the release of datasets in open format and the development of services and applications based on the released data.
The second link indicated relates specifically to the monitoring of the objectives defined in the Three-Year Plan, and provides in open format all data related to this monitoring. The analysis of the rates of achievement of the objectives allows the comparison needed to analyse the impact of open data on digital services and any other aspect of interest.";Complement;;The updated first link is https://www.agid.gov.it/sites/default/files/repository_files/26_07_rapporto_spesa_ict_2022.pdf
I7;"Is there collaboration between government and civil society or academia to create open data impact in your country?

For Explanation:
* If yes, please provide an example
* If possible, URLs to such projects and collaborations.";yes;"A series of meetings, as part of the Forum PA's Cantieri project, involving stakeholders from both civil society and government,  addressing the issues from the point of view of reusers and public and private entities engaged in impact measurement initiatives:
14/6/2022 – “Open data and interoperability: enhancing PA information assets to enable the once-only principle”. Full interoperability of public datasets is one of the main objectives pursued by the strategies for digital PA, including through the resources provided by the NRP. Specifically, the Plan aims to overcome vertical silos that are not interconnected through the implementation of the Digital National Data Platform (PDND) and the central catalog of APIs for accessing information held by public bodies. In this talk dedicated to the topic of data governance in the public sphere, we will delve into the challenges that await PAs as part of the path to implementing the data and interoperability measures envisaged by the NDPND, listening to the experience of some of the main administrations involved and the technology companies that are proposed as enablers of this important process. https://www.forumpa.it/manifestazioni/forum-pa-2022/dati-pubblici-e-interoperabilita-valorizzare-il-patrimonio-informativo-della-pa-per-abilitare-il-principio-once-only/ 

14/6/2022 “Replicability of an Italian good practice in Europe: Open Data, Civic Monitoring and Cohesion Policies in Schools”. A Scuola di OpenCoesione (ASOC) is an innovative digital education pathway aimed at promoting and developing principles of active and aware citizenship in Italian schools through research activities and civic monitoring of European and national public funding, to answer the fundamental question, ""How is public money spent in the territories?"" ASOC makes it possible to introduce in schools the themes of civic monitoring, active citizenship, and participation, through an educational model structured by phases and moments of confrontation. A model that has become a point of reference in national and European cohesion policies, so much so that it has been successfully transferred and replicated in several EU countries, and recently put at the center of new experimentation also in the context of European Territorial Cooperation.
https://www.forumpa.it/manifestazioni/forum-pa-2022/replicabilita-di-una-buona-pratica-italiana-in-europa-open-data-monitoraggio-civico-e-politiche-di-coesione-nelle-scuole/

A tool for civic monitoring of public procurement of projects included in the National Recovery and Resilience Plan https://www.youtube.com/watch?v=SWWagTJ5nXE&t=915s
https://www.youtube.com/watch?v=SWWagTJ5nXE&t=1911s";Change;Yes;"The co-creation process involving representatives of PAs and CSOs (civil society organizations) belonging to the OGP IT Community continues with the aim of defining the 6° National Open Government Plan (6NAP) where also activities on Open Data are included also with reference to their impact.
https://open.gov.it/notizie/continuano-lavori-percorso-co-creazione-definire"
I8;"Have any public bodies in your country launched or performed any activities in the past year to understand which and how (open) datasets are reused?

For Explanation:
* If yes, which of the following activities?
* Multiple answers are possible.";yes;N/A;Confirm;;N/A
I8-a;Automated feedback mechanisms tracking users´ access to datasets;new question;new question;Change;Yes;".- The Web Analytics Italia platform allows to track the users' access to the national Open Data portal and to other local Open Data portals (https://webanalytics.italia.it/ - it requires authentication);

.- The Torino Municipality Open Data Portal http://aperto.comune.torino.it/dataset collects automated feedback and shows the analytics about views and downloads

- In order to map which and how open data are reused, Regione Puglia has implemented an automated mechanism on the dati.puglia.it portal that keeps track, at a statistical level, of how datasets have been viewed or downloaded, along with other statistical data that are available in the statistics section."
I8-b;Surveys;new question;new question;Change;No;
I8-c;Interviews/workshops with reusers;new question;new question;Change;Yes;"An example:
Through the territorial DataLabs of the Open Tusk project, the Puglia Region has built the set of open data (data basket), made available for public consultation on PugliaPartecipa website.
In addition through the datalabs, the Region collected the needs on opening data coming from the territory.
The basket and related consultation are available at the following link: https://dati.puglia.it/ckan/dataset/opentusk-regione-puglia-paniere-dataset

Translated with DeepL.com (free version)"
I8-d;Other;new question;new question;Change;No;
I9;"Have any public bodies in your country launched or performed any activities in the past year to better understand reusers' needs in order to further stimulate the reuse of open data?

For Explanation:
* If yes, which of the following activities have been performed? Please describe how the activity has helped you better stimulate reuse.
* Multiple answers are possible.";yes;N/A;Confirm;;N/A
I9-a;Regular feedback sessions with portal users ;new question;new question;Change;Yes;The users could request specific datasets to be reused. Feedback is useful to understand needs of reusers and how to meet them.
I9-b;Social media sentiment analysis ;new question;new question;Change;Yes;This analysis is useful in order to improve the supply of data and for anticipating the requests.
I9-c;Other;new question;new question;Change;No;
I10;"Have any public bodies in your country developed any systematic way of gathering reuse cases?

For Explanation:
* If yes, please provide a brief explanation of the process: How does the gathering happen? ";yes;"The process is conducted at public body level.
The Open Data portal of the Emilia Romagna Region provides an online form to collect information about the re-use made of the data (https://dati.emilia-romagna.it/?q=contact/Segnala-un-uso-dei-dati);
Lombardia Region collects information about the cases of re-use of the datasets published in the regional data portal (https://www.dati.lombardia.it/Government/Utilizzo-dei-dataset/m58v-fh6e/data);
The Istituto Nazionale di Previdenza Sociale has dedicated a page in the Open Data section of the portal ""Applications implemented"" to record all the initiatives of re-use of Open Data.  
[ https://www.inps.it/nuovoportaleinps/default.aspx?sPathID=%3b0%3b46292%3b46305%3b&lastMenu=46305&iMenu=12&p4=2 ].";Confirm;;
I11;"Are there any public bodies in your country that have developed a systematic ways of classifying the gathered reuse cases?

For Explanation:
* If yes, please provide a brief explanation of the process: According to which categories are reuse cases classified (e.g. by policy field)?";yes;"The process is conducted at public body level.
Example:
Lombardia Region collects information about the cases of re-use of the datasets published in the regional data portal and classifies them on base of the scope of the app or service developped, i.e. data journalism, around me (location), B2B services, B2C services, data analysis, ...  (https://www.dati.lombardia.it/Government/Utilizzo-dei-dataset/m58v-fh6e/data);";Confirm;;
I12;"Is any data on the impact created by open data on governmental challenges (e.g. efficiency, effectiveness, transparency, decision-making capacity) available in your country such as from research studies, impact assessments, or other systematic investigations that quantify the results or broader effects of open data being reused?

For Explanation:
* If yes, please (1) specify what kind of data source proves this impact and (2) provide the URLs to this data.";No;"https://open.gov.it/governo-aperto/piano-nazionale/5nap/monitoraggio
The Fifth National Action Plan for Open Government 2022 - 2023 (5NAP https://open.gov.it/sites/default/files/media/documents/2022-09/I%20REPORT%20VALUTAZIONE%205NAP_FINALE.pdf  ) is the result of a co-creation process, carried out in line with the OGP Standards, in which different levels of government - central and regional - and organised civil society collaborated to define a few but significant commitments, in line with the recommendations of the IRM (Indipendent Reporting Mechanism) to make the implementation of open government principles more widespread and the impact of policies more impact of policies based on these principles.
In the evaluation and monitoring section, updates are provided on the status of implementation of the actions and commitments contained in the Plan.
The teams responsible for implementing the commitments progressively feed the monitoring system with data on the activities carried out, according to the scheduled timetable and, for each activity, provide evidence supporting the results/products achieved.
On the basis of this monitoring, four-monthly evaluation reports are produced, which highlight the progress of the Plan as a whole and can be consulted here.
A timeline provides monthly access to the monitoring and evaluation data and reports.
It is also possible to find out about the progress of activities by viewing the indicators, target values and the outcome in terms of results achieved by each commitment in the Plan, as well as viewing the outputs as they are realised.                                                                                                                                                                                      

Platform on the funding of the National Recovery and Resilience Plan for the digital transition: https://padigitale2026.gov.it/opendata

Portal on all data and progress reports on National Recovery and Resilience Plan interventions and activities updated periodically: https://www.italiadomani.gov.it/content/sogei-ng/it/it/catalogo-open-data.html?orderby=%40jcr%3Acontent%2FobservationDateInEvidence&sort=desc


The number of published data has been greatly increased as a result of the actions of civic monitoring included in several initiatives such as OpenPNRR (https://openpnrr.it/), PNRR - Data Common goods (https://pnrr.datibenecomune.it/) and the engagement of civic society and communities in the Fifth National Action Plan for Open Government.

RESPONSE TO THE REVIEWER
As an example, the article available here https://osservatoriocivicopnrr.it/news/34-accesso-ai-dati-del-pnrr-arriva-un-segnale-dal-governo.html  highlights how the Government has accepted the proposals coming from the civic society (working in the initiatives mentioned above) by modifying the part of the decree affecting the transparency and access to data.

In addition,the civic monitoring on open data published has induced an improvement of data quality as a result of reports on malformed data and on granularity.";Change;Yes;"https://open.gov.it/governo-aperto/piano-nazionale/5nap/monitoraggio
The Fifth National Action Plan for Open Government 2022 - 2023 (5NAP https://open.gov.it/sites/default/files/media/documents/2022-09/I%20REPORT%20VALUTAZIONE%205NAP_FINALE.pdf  ) is the result of a co-creation process, carried out in line with the OGP Standards, in which different levels of government - central and regional - and organised civil society collaborated to define a few but significant commitments, in line with the recommendations of the IRM (Indipendent Reporting Mechanism) to make the implementation of open government principles more widespread and the impact of policies more impact of policies based on these principles.
In the evaluation and monitoring section, updates are provided on the status of implementation of the actions and commitments contained in the Plan.
The teams responsible for implementing the commitments progressively feed the monitoring system with data on the activities carried out, according to the scheduled timetable and, for each activity, provide evidence supporting the results/products achieved.
On the basis of this monitoring, four-monthly evaluation reports are produced, which highlight the progress of the Plan as a whole and can be consulted here.
A timeline provides monthly access to the monitoring and evaluation data and reports.
It is also possible to find out about the progress of activities by viewing the indicators, target values and the outcome in terms of results achieved by each commitment in the Plan, as well as viewing the outputs as they are realised.                                                                                                                                                                                      

Platform on the funding of the National Recovery and Resilience Plan for the digital transition: https://padigitale2026.gov.it/opendata

Portal on all data and progress reports on National Recovery and Resilience Plan interventions and activities updated periodically: https://www.italiadomani.gov.it/content/sogei-ng/it/it/catalogo-open-data.html?orderby=%40jcr%3Acontent%2FobservationDateInEvidence&sort=desc


The number of published data has been greatly increased as a result of the actions of civic monitoring included in several initiatives such as OpenPNRR (https://openpnrr.it/), PNRR - Data Common goods (https://pnrr.datibenecomune.it/) and the engagement of civic society and communities in the Fifth National Action Plan for Open Government.

RESPONSE TO THE REVIEWER
As an example, the article available here https://osservatoriocivicopnrr.it/news/34-accesso-ai-dati-del-pnrr-arriva-un-segnale-dal-governo.html  highlights how the Government has accepted the proposals coming from the civic society (working in the initiatives mentioned above) by modifying the part of the decree affecting the transparency and access to data.

In addition,the civic monitoring on open data published has induced an improvement of data quality as a result of reports on malformed data and on granularity.

RESPONSE TO THE REVIEWER - 2024
The systematic investigation of civil society (e.g. OpenPolis) on the policy and related open data about the implementation of the National Recovery and Resilience Plan created an impact on governmental challenges in terms of efficiency, transparency and progress on projects. The systematic actions carried out got the result to re-focus the targets of the Plan and make available more data on the progress of the projects (see https://www.openpolis.it/il-governo-ha-finalmente-pubblicato-i-dati-sulle-misure-del-nuovo-pnrr/ with reference to the source data published on https://www.italiadomani.gov.it/it/home.html and https://padigitale2026.gov.it/ portals)."
I13;"Is the use of open data in your country having an impact on the efficiency and effectiveness of the government (at any level) in delivering public services? 

For Explanation:
* If yes, please provide an example of one reuse case. For this reuse case, please provide (1) a URL to the reuse case, (2) a URL to the open dataset used by the reuse case, and (3) a description of the reuse case and its impact in this sub-domain.";new question;new question;Change;Yes;"Example of reuse: https://budget.g0v.it

Dataset used: https://openbdap.rgs.mef.gov.it/

navigation and semantic search in the more than 1.2 trillion public expenditure with interactive graphics"
I14;"Is the use of open data in your country having an impact on transparency and accountability of public administrations?

For Explanation:
* If yes, please provide an example of one reuse case. For this reuse case, please provide (1) a URL to the reuse case, (2) a URL to the open dataset used by the reuse case, and (3) a description of the reuse case and its impact in this sub-domain.";new question;new question;Change;Yes;"Example:
https://osservacantieri.mit.gov.it/

Datasets used: Several datasets from https://dati.mit.gov.it/catalog/dataset

OpenCantieri provides users with monitoring on the progress of more than 1,500 construction sites currently open across the country"
I15;"Is the use of open data in your country having an impact on policy-making processes (i.e. are public administrations making use of the data as evidence for the problem identification and policy formulation)? 

For Explanation:
* If yes, please provide an example of one reuse case. For this reuse case, please provide (1) a URL to the reuse case, (2) a URL to the open dataset used by the reuse case, and (3) a description of the reuse case and its impact in this sub-domain.";new question;new question;Change;Yes;"Example of reuse: https://opencoesione.gov.it/it/riuso/

Datasets used: https://opencoesione.gov.it/it/opendata/#!progetti_section

Data published by OpenCoesione represent the information base for analyses, visualisations, applications and research that start from projects and go deeper into the phenomena related to the implementation of cohesion policies and observe their impact on citizens and businesses.
The reuse case refers to a list of infographics, in-depth documents and analysis based on OpenCoesione data
"
I16;"Is the use of open data in your country having an impact on decision-making processes (i.e. are public administrations making use of the data as evidence to be included in their daily operations)?

For Explanation:
* If yes, please provide an example of one reuse case. For this reuse case, please provide (1) a URL to the reuse case, (2) a URL to the open dataset used by the reuse case, and (3) a description of the reuse case and its impact in this sub-domain.";new question;new question;Change;Yes;"Example: https://datawrapper.dwcdn.net/K8ta7/2/ 
https://datawrapper.dwcdn.net/mDTX4/1/
https://datawrapper.dwcdn.net/TlWpB/2/
https://datawrapper.dwcdn.net/zWVay/2/

Datasets used: https://padigitale2026.gov.it/opendata/

Maps and analysis on data about the founding of the National Recovery and Resilience Plan"
I17;"Is any data on the impact created by open data on social challenges (e.g. inequality, healthcare, education) available in your country such as from research studies, impact assessments, or other systematic investigations that quantify the results or broader effects of open data being reused?

For Explanation:
* If yes, please (1) specify what kind of data source proves this impact and (2) provide the URLs to this data.";Yes;"RESPONSE TO THE REVIEWER
Analysis of the phenomena and identification of measure for reducing inequalities between countries and within them (e.g. https://www.istat.it/storage/rapporti-tematici/sdgs/2022/goal10.pdf).

Study on the impact of social inequalities on post-pandemic dropout:
Students who come from disadvantaged families are the most prone to school dropout. A relationship, that between starting inequalities and school performance, whose impact also needs to be analyzed at the local level. The data analyzed are the basis for data-driven policies to address inequalities resulting from school dropout.
https://www.openpolis.it/limpatto-delle-disuguaglianze-sociali-sulla-dispersione-dopo-la-pandemia/#12-gli-studenti-di-famiglie-svantaggiate-che-nel-2022-non-hanno-raggiunto-competenze-adeguate-il-doppio-dei-coetanei-avvantaggiati

RESPONSE TO THE REVIEWER
The study is an elaboration of OpenPolis Foundation which collect and process data to tell stories and produce original analysis, reports and surveys.

A regional equity profile to assess the impact of social inequalities on determinants and health outcomes in the population residing in Sicily Region (Southern Italy). Is a descriptive study aimed to define an equity profile in Sicily by using a rich list of indicators of structure of the resident population and of distribution of determinants and health outcome, derived from the integration of available information and scientific evidence at regional level with high local detail.
The equity profile collects available information on the health status of the population in Sicily, on the determinants, and on the use of health and social services. The characteristics of people or population groups have been explored and can produce inequalities on health which included individual and context socioeconomic status. Using available information sources and study results have explored the effects of the disadvantage on health in the region: mortality, morbidity, oncological incidence, reproductive health, and some of their determinants.
The study highlights how from the use of available information sources and the results of regional studies that have explored the effects of health disadvantage, several health outcomes (mortality, morbidity, cancer incidence, reproductive health and some of their determinants) have been characterized from an equity perspective.
https://epiprev.it/articoli_scientifici/un-profilo-di-equita-regionale-per-la-valutazione-dellimpatto-delle-disuguaglianze-sociali-sui-determinanti-e-sugli-esiti-di-salute-nella-popolazione-residente-in-sicilia

RESPONSE TO THE REVIEWER
In this case data is used to provide evidences and as basis to the impact assessment of social inequalities.";Change;Yes;Analysis of the phenomena and identification of measure for reducing inequalities between countries and within them (e.g. https://www.istat.it/storage/rapporti-tematici/sdgs/2023/goal10.pdf).
I18;"Is the use of open data in your country having an impact on society´s ability to reduce inequality and better include minorities, migrants, and/or refugees? 

For Explanation:
* If yes, please provide an example of one reuse case. For this reuse case, please provide (1) a URL to the reuse case, (2) a URL to the open dataset used by the reuse case, and (3) a description of the reuse case and its impact in this sub-domain.";new question;new question;Change;Yes;"Example: https://centriditalia.it/home

Datasets used: https://centriditalia.it/pages/open-data

A tool for researchers, journalists and citizens, who want to know the migrants system"
I19;"Is the use of open data in your country having an impact on issues about housing in urban areas? 

For Explanation:
* If yes, please provide an example of one reuse case. For this reuse case, please provide (1) a URL to the reuse case, (2) a URL to the open dataset used by the reuse case, and (3) a description of the reuse case and its impact in this sub-domain.";new question;new question;Change;Yes;"Example: https://www.istat.it/it/files//2024/02/ENG-IIQ_2023-Real-estates-loans.pdf

Datasets used: 
I.stat, the ISTAT data warehouse: http://dati.istat.it/?lang=en
Pubblica Amministrazione.Stat: http://dati.statistiche-pa.it/Index.aspx?lang=en
Time series: https://www.istat.it/en/products/databases/time-series"
I20;"Is the use of open data in your country having an impact on the issues of health and wellbeing? 

For Explanation:
* If yes, please provide an example of one reuse case. For this reuse case, please provide (1) a URL to the reuse case, (2) a URL to the open dataset used by the reuse case, and (3) a description of the reuse case and its impact in this sub-domain.";new question;new question;Change;Yes;"Example: https://www.comune.modena.it/welfare-data-lab

Datasets used: several datasets from https://opendata.comune.modena.it/

Sharing information and integrating data in order to build a place of knowledge and analysis useful for constructing local public welfare policies that are increasingly responsive to the complex social needs that emerge, also with a view to forecasting."
I21;"Is the use of open data in your country having an impact on the society´s level of education and skills (e.g. data literacy)?

For Explanation:
* If yes, please provide an example of one reuse case. For this reuse case, please provide (1) a URL to the reuse case, (2) a URL to the open dataset used by the reuse case, and (3) a description of the reuse case and its impact in this sub-domain.";new question;new question;Change;Yes;"Examples: https://www.istat.it/it/files//2024/04/Formazione-adulti-Anno2022.pdf

https://datalit.pa.itd.cnr.it/it/ 

Datasets used: https://www.istat.it/it/files//2024/04/Tavole-Partecipazione-adulti-attivita-formative-2022.xlsx"
I22;"Is any data on the impact created by open data on environmental challenges (e.g. climate change and environmental degradation, as highlighted in the Eurpean Green Deal) available in your country such as from research studies, impact assessments, or other systematic investigations that quantify the results or broader effects of open data being reused?

For Explanation:
* If yes, please specify (1)  what kind of data source proves this impact and (2) provide the URLs to this data.";yes;"RESPONSE TO THE REVIEWER
Analysis of the phenomenon and identification of measure for fighting climate change and its consequences https://www.istat.it/storage/rapporti-tematici/sdgs/2022/goal13.pdf

Report prepared by experts involved by the Ministry of Sustainable Infrastructure and Mobility under the ""Structure for the Green Transition of Mobility and Infrastructure"" (STEMI) established by the Minister of Sustainable Infrastructure and Mobility. The STEMI is tasked with developing guidance policy directions for the green transition of mobility and infrastructure, also in the light of the current discussion in the European Council of the Fit for 55 Package presented by the European Commission in implementation of the Green Deal strategy.
This report represents a compilation of contributions from various experts on the areas most relevant to the decarbonization of cities, while referring for further discussion to what was previously covered in the Report ""Climate Change, Infrastructure and Sustainable Mobility,"" presented by MIMS on February 4, 2022, and the Report ""Decarbonizing Transport. Scientific Evidence and Policy Proposals,"" dated April 22, 2022, devoted to technologies useful for decarbonizing transportation. 
The report includes a focus on the digitalization for the green transition and the role of data in the decarbonization of cities.
https://www.mit.gov.it/nfsmitgov/files/media/notizia/2022-10/STEMI_Le%20citta%CC%80%20a%20impatto%20climatico%20zero_ITA_v1.pdf";Change;Yes;"Analysis of the phenomenon and identification of measure for fighting climate change and its consequences https://www.istat.it/storage/rapporti-tematici/sdgs/2023/goal13.pdf

A unified dataset for pre-processed climate indicators weighted by gridded economic activity:
https://www.santannapisa.it/sites/default/files/2024-06/Cambiamento%20climatico%20ed%20eventi%20meteorologici.%20Disponibile%20nuovo%20strumento%20online%20per%20la%20puntuale%20valutazione%20delle%20anomalie%20climatiche%20che%20hanno%20impatto%20su%20dinamiche%20sociali%20ed%20economiche.pdf

https://www.nature.com/articles/s41597-024-03304-1"
I23;"Is the use of open data in your country having an impact on the level of protection of biodiversity (e.g. maintaining a good air and water quality)? 

For Explanation:
* If yes, please provide an example of one reuse case. For this reuse case, please provide (1) a URL to the reuse case, (2) a URL to the open dataset used by the reuse case, and (3) a description of the reuse case and its impact in this sub-domain.";new question;new question;Change;Yes;"Example: https://ambientenonsolo.com/la-depurazione-delle-acque-reflue/?fbclid=IwZXh0bgNhZW0CMTEAAR02DnjLmylp_s7raRjURtWipTxYNJKOvs7OhR-JiwaIF9SJImACKXnU0jo_aem_ZmFrZWR1bW15MTZieXRlcw

Datasets used: https://www.istat.it/it/archivio/295148

Ensuring good water quality in our rivers and seas depends to a large extent on our ability to provide for the purification of wastewater produced by both households and production activities."
I24;"Is the use of open data in your country having an impact on the achievement of more environment-friendly cities (e.g., environment-friendly transport systems, waste management etc.)? 

For Explanation:
* If yes, please provide an example of one reuse case. For this reuse case, please provide (1) a URL to the reuse case, (2) a URL to the open dataset used by the reuse case, and (3) a description of the reuse case and its impact in this sub-domain.";new question;new question;Change;Yes;"Examples: https://www.kyotoclub.org/it/news/news-dal-mondo/2024/06/07/quali-prospettive-per-la-mobilita-sostenibile-a-bari/?fbclid=IwZXh0bgNhZW0CMTEAAR0vmdoUfkYx9lXiIKxtgWpZBU4h35t2-qoKP5Jod7pI-B_5S5e8BMOzGts_aem_ZmFrZWR1bW15MTZieXRlcw

https://www.kyotoclub.org/it/news/news-dal-mondo/2024/06/05/aggiornati-i-dati-sulla-mobilita-condivisa-nellosservatorio-sulla-mobilita-urbana-sostenibile/?fbclid=IwZXh0bgNhZW0CMTAAAR2BseWdFqddns8f0XsR1c79tPC_Mw4jjo6hiPuWRE2U6KvVVQEkJXYFt2A_aem_ZmFrZWR1bW15MTZieXRlcw

https://ambientenonsolo.com/la-mobilita-insostenibile-nelle-grandi-e-medie-citta-italiane/?fbclid=IwZXh0bgNhZW0CMTEAAR3r_G2W6i-zPRU6z6P-_R5l4Z6kTkGBoVNPUnCvFkrPuuW1WBtmvFRtEhU_aem_7s2FcUnxX4ahIUOHV_1ZTQ

Datasets used: https://italy.cleancitiescampaign.org

https://indicatoriambientali.isprambiente.it/it/atmosfera-0
prospects for sustainable mobility in Bari"
I25;"Is the use of open data in your country having an impact on the fight against climate change, for example by undertaking predictive monitoring, preventive actions, or a differentiated response to connected disasters?

For Explanation:
* If yes, please provide an example of one reuse case. For this reuse case, please provide (1) a URL to the reuse case, (2) a URL to the open dataset used by the reuse case, and (3) a description of the reuse case and its impact in this sub-domain.";new question;new question;Change;Yes;"Example of reuse: https://datavis.lungoleviedellacqua.it/

Datasets used: https://groupware.sinanet.isprambiente.it/bigbang-data/library/bigbang_70/ascii_grid/

Comprehensive overview, as detailed and up-to-date as possible, of the relationship between climate and water resources in Italy. It shows the trends of the meteorological variables crucial for understanding the climate context and the presence of phenomena linked to a shortage or overabundance of precipitation on the territory, going down to the local level. The dashboard is not limited to environmental aspects, but also considers the relationship between public water, local government policies and the role of citizens."
I26;"Is the use of open data in your country having an impact on the consumption of energy based on fuel and the switch to renewables? 

For Explanation:
* If yes, please provide an example of one reuse case. For this reuse case, please provide (1) a URL to the reuse case, (2) a URL to the open dataset used by the reuse case, and (3) a description of the reuse case and its impact in this sub-domain.";new question;new question;Change;Yes;"Example: https://gjrichter.github.io/pages/PUN/

Datasets used: https://www.piattaformaunicanazionale.it/idr

Reuse of data made available by PA."
I27;"Is any data on the economic impact (e.g. GDP, employment, productivity, innovation,  new businesses created etc.) of open data available in your country such as from research studies, impact assessments, or other systematic investigations that quantify the results or broader effects of open data being reused?

For Explanation:
* If yes, please specify what kind of data source proves this impact and provide the URLs to this data.

";yes;"RESPONSE TO THE REVIEWER
Analysis of the phenomenon and identification of measures to promote long lasting, inclusive and sustainable economic growth, full and productive employment and decent work for all (e.g. https://www.istat.it/storage/rapporti-tematici/sdgs/2022/goal8.pdf)

Multiannual Financial Framework 2021-2027 Dataset. The Multiannual Financial Framework defined by the European Commission with the resources allocated to EU member states for the period 2021-2027, divided into expenditure headings.
[ https://www.rgs.mef.gov.it/VERSIONE-I/e_government/amministrazioni_pubbliche/igrue/BancheDati/CatalogoOpenData/index.html ]

Osservatori RRN Ismea: Competitiveness indicators - Socio-economic context
This section contains the indicators that describe the socio-economic context in which Italian agriculture is set.
In particular, the socio-economic context is described through dashboards on the territory, population, per capita GDP (at current value or purchasing power parity), employment rate (also distinguished in female and male), unemployment rate (overall and youth).
In the economy and employment dashboard, it is possible to consult the variables employment, labour productivity and added value referring to the macro-sectors of the economy: total economy, primary, secondary and tertiary sectors; there is also a dashboard dedicated to investment (gross fixed capital formation and the ratio of investment to added value), again broken down by macro-sectors. In these last two dashboards, in addition to the data in absolute value, those on the % composition of the value of the total economy by macro-sector are available.
Finally, information on household consumption expenditure is available in this section, both overall and for agri-food-related expenditure items: food and non-alcoholic beverages, alcoholic beverages, tobacco and narcotics, hotels and restaurants. Here too, in addition to data in absolute value, the composition of expenditure by individual item is available.
[ https://www.ismeamercati.it/osservatori-rrn/indicatori-competitivita/contesto-socio-economico ]

RESPONSE TO THE REVIEWER
Based on the data published, it has promoted the creation of a series of Observatories on some peculiar characteristics of Italian agriculture. The Observatories were thus created with the aim of systematically collecting and cataloging data and information of a different nature that can be useful tools for understanding the various phenomena affecting the agricultural world.
Through the website it is possible to visit the thematic Observatories on ""Youth Entrepreneurship"" and ""Female Entrepreneurship"".";Change;Yes;"Analysis of the phenomenon and identification of measures to promote long lasting, inclusive and sustainable economic growth, full and productive employment and decent work for all (e.g. https://www.istat.it/storage/rapporti-tematici/sdgs/2023/goal8.pdf)

Multiannual Financial Framework 2021-2027 Dataset. The Multiannual Financial Framework defined by the European Commission with the resources allocated to EU member states for the period 2021-2027, divided into expenditure headings.
[ https://www.rgs.mef.gov.it/VERSIONE-I/e_government/amministrazioni_pubbliche/igrue/BancheDati/CatalogoOpenData/index.html ]

Osservatori RRN Ismea: Competitiveness indicators - Socio-economic context
This section contains the indicators that describe the socio-economic context in which Italian agriculture is set.
In particular, the socio-economic context is described through dashboards on the territory, population, per capita GDP (at current value or purchasing power parity), employment rate (also distinguished in female and male), unemployment rate (overall and youth).
In the economy and employment dashboard, it is possible to consult the variables employment, labour productivity and added value referring to the macro-sectors of the economy: total economy, primary, secondary and tertiary sectors; there is also a dashboard dedicated to investment (gross fixed capital formation and the ratio of investment to added value), again broken down by macro-sectors. In these last two dashboards, in addition to the data in absolute value, those on the % composition of the value of the total economy by macro-sector are available.
Finally, information on household consumption expenditure is available in this section, both overall and for agri-food-related expenditure items: food and non-alcoholic beverages, alcoholic beverages, tobacco and narcotics, hotels and restaurants. Here too, in addition to data in absolute value, the composition of expenditure by individual item is available.
[ https://www.ismeamercati.it/osservatori-rrn/indicatori-competitivita/contesto-socio-economico ]

Based on the data published, it has promoted the creation of a series of Observatories on some peculiar characteristics of Italian agriculture. The Observatories were thus created with the aim of systematically collecting and cataloging data and information of a different nature that can be useful tools for understanding the various phenomena affecting the agricultural world.
Through the website it is possible to visit the thematic Observatories on ""Youth Entrepreneurship"" and ""Female Entrepreneurship""."
I28;"Is the use of open data in your country having an impact on the level of employment? 

For Explanation:
* If yes, please provide an example of one reuse case. For this reuse case, please provide (1) a URL to the reuse case, (2) a URL to the open dataset used by the reuse case, and (3) a description of the reuse case and its impact in this sub-domain.";new question;new question;Change;Yes;"Example: https://www.lavoro.gov.it/documenti-e-norme/studi-e-statistiche/nota-co-iv-trimestre-2023.pdf

The Ministry of Labor and Social Policy has prepared a report containing an analysis of data on labor relations in Italy in the fourth quarter of 2023. The data in the report is the basis for policy decisions on labor issues"
I29;"Is the use of open data in your country having an impact on the level of innovation and the adoption of new technologies? 

For Explanation:
* If yes, please provide an example of one reuse case. For this reuse case, please provide (1) a URL to the reuse case, (2) a URL to the open dataset used by the reuse case, and (3) a description of the reuse case and its impact in this sub-domain.";new question;new question;Change;Yes;"Example of reuse: https://www.dataforgood.it/

Datasets used: https://www.dataforgood.it/dati/

Initiative aiming at illustrating the opportunities of data science at the service of the social sector through data, analysis, and news. The main objective is to tell how data and their analysis can contribute to a better society by contributing to the impact of social initiatives.  "
I30;"Is the use of open data in your country having an impact on the level of entrepreneurship (especially of women and minorities) and business creation (especially with Small- and Medium-sized Enterprises)? 

For Explanation:
* If yes, please provide an example of one reuse case. For this reuse case, please provide (1) a URL to the reuse case, (2) a URL to the open dataset used by the reuse case, and (3) a description of the reuse case and its impact in this sub-domain.";new question;new question;Change;Yes;"Example of reuse: https://public.tableau.com/app/profile/period.thinktank/viz/shared/SYZC8HQC9

Datasete used: https://dati.anticorruzione.it/opendata/
https://www.opencup.gov.it/portale/web/opencup/accesso-agli-open-data

Territorial and mission-based analysis of tenders financed by NRRP (NAtional recovery and resilience Plan) funds to assess the impact of NRP funds on the employment of women and young people."
I31;"Is the use of open data in your country having an impact on the level of productivity? 

For Explanation:
* If yes, please provide an example of one reuse case. For this reuse case, please provide (1) a URL to the reuse case, (2) a URL to the open dataset used by the reuse case, and (3) a description of the reuse case and its impact in this sub-domain.";new question;new question;Change;Yes;"Example: https://it.tradingeconomics.com/italy/industrial-production

Datasets used: several datasets from https://www.istat.it/it/archivio/produzione+industriale"