ID;Question;Answer from 2023;Explanation from 2023;Confirm, change or complement answer/explanation from 2023;Provide updated answer (if applicable);Provide updated explanation (if applicable)
P1;"Is there a national open data policy in your country and, if your country is an EU Member State, does this include a national legislation for the transposition of the Open Data Directive?

For Explanation:
* If yes, please provide (1) the URL and (2) title of the policy document and (3) briefly describe.
* If ‘other’, please provide (1) a brief explanation to support your answer choice and (2) provide the URL and indicate the policy section which explicitly references open data.";yes;"POLICY:
Lithuania has a national open data policy and has reached tangible results in amending legislation in this regard recently. 
Main legislation on open data policy:
1) The Law on the Right to Receive Information and Re-use of Data
https://e-seimas.lrs.lt/portal/legalAct/lt/TAD/TAIS.94745/asr 
Amendments to the Law on the Right to Receive Information and Re-use of Data entered into force in July 2021 transposing provisions of the Directive (EU) 2019/1024 on open data and the re-use of public sector information as well as establishing a Model for data opening which obliges institutions to inventory their data to know what data are owned by the state and open the data on user demand. The Law was revised on 01/01/2023.
https://eimin.lrv.lt/lt/naujienos/atveriami-dideles-vertes-duomenys-paskatins-nauju-produktu-kurima
2) Description of data opening procedure was approved by the Minister of Economy and Innovation on 01/04/2022
https://e-seimas.lrs.lt/portal/legalAct/lt/TAD/327dd210495011ebb394e1efb98d3e67/asr
https://eimin.lrv.lt/lt/naujienos/viesojo-sektoriaus-duomenu-atverimo-procesas-bus-bendras-ir-aiskus
It ensures the overall data opening process of institutions, the quality of the open data, and favorable conditions for the reuse of data. It determines the data opening activities of institutions: appointment of persons responsible for organizing data opening, data inventory and creation of data sets to be opened, preparation of descriptions of data structure, usage of the State Data Management Information System for data anonymisation, data sets publication on the Lithuanian open data portal and ensuring feedback to open data users. 
3) Amendments to the Regulations of Lithuanian open data portal were made by Lithuanian Government on 25/03/2022
https://e-seimas.lrs.lt/portal/legalAct/lt/TAD/6e0d9154391911eabd71c05e81f09716/asr
https://eimin.lrv.lt/lt/naujienos/verslui-paprastesnes-galimybes-gauti-trukstamu-duomenu
The essence of these changes is simpler and faster communication between data users (business) and data holders (public sector), as all communication takes place on the portal itself, without the need to write separate requests or inquiries. The business is able to request the missing data directly on the portal, if it cannot be found here. Thus, the data opening process becomes faster and of higher quality .";Complement;;"POLICY:
Lithuania has a national open data policy and has reached tangible results in amending legislation in this regard recently. 
Main legislation on open data policy:
1) The Law on the Right to Receive Information and Re-use of Data
https://e-seimas.lrs.lt/portal/legalAct/lt/TAD/TAIS.94745/asr 
Amendments to the Law on the Right to Receive Information and Re-use of Data entered into force in July 2021 transposing provisions of the Directive (EU) 2019/1024 on open data and the re-use of public sector information as well as establishing a Model for data opening which obliges institutions to inventory their data to know what data are owned by the state and open the data on user demand. The Law was revised on 01/01/2023.
https://eimin.lrv.lt/lt/naujienos/atveriami-dideles-vertes-duomenys-paskatins-nauju-produktu-kurima
2) The Law of the Republic of Lithuania on Reuse of Health Data
https://e-seimas.lrs.lt/portal/legalAct/lt/TAD/72c77a52626411ecb2fe9975f8a9e52e/asr
This law regulates the process of using re-usable health data for public purposes, ensuring the right to privacy and protection of personal data. The legal act enables the use of health data collected in information systems for scientific research, experimental development, innovation, education, knowledge management in health and other purposes. Also for data-based decision-making both at the political and health system regulatory level - for the effective management process of health care institutions, quality assessment of health services, etc.
3) Description of data opening procedure was approved by the Minister of Economy and Innovation on 01/04/2022
https://e-seimas.lrs.lt/portal/legalAct/lt/TAD/327dd210495011ebb394e1efb98d3e67/asr
https://eimin.lrv.lt/lt/naujienos/viesojo-sektoriaus-duomenu-atverimo-procesas-bus-bendras-ir-aiskus
It ensures the overall data opening process of institutions, the quality of the open data, and favorable conditions for the reuse of data. It determines the data opening activities of institutions: appointment of persons responsible for organizing data opening, data inventory and creation of data sets to be opened, preparation of descriptions of data structure, usage of the State Data Management Information System for data anonymisation, data sets publication on the Lithuanian open data portal and ensuring feedback to open data users. 
4) Amendments to the Regulations of Lithuanian open data portal were made by Lithuanian Government on 25/03/2022
https://e-seimas.lrs.lt/portal/legalAct/lt/TAD/6e0d9154391911eabd71c05e81f09716/asr
https://eimin.lrv.lt/lt/naujienos/verslui-paprastesnes-galimybes-gauti-trukstamu-duomenu
The essence of these changes is simpler and faster communication between data users (business) and data holders (public sector), as all communication takes place on the portal itself, without the need to write separate requests or inquiries. The business is able to request the missing data directly on the portal, if it cannot be found here. Thus, the data opening process becomes faster and of higher quality ."
P2;"Is there a national open data strategy in your country?

For Explanation:
* If yes, please provide (1) the URL to the strategy and (2) describe the main highlights.  
* If 'not applicable', please provide (1) a brief explanation to support your answer choice and provide (2) the URL and indicate the policy section which explicitly references objectives, actions/measures, delivery timelines etc.";yes;"Lithuanian open data ecosystem is based on 4 main elements: 1) strategic documents (STRATEGY), 2) legislation (POLICY), 3) competent bodies/instruments (BODIES), 4) financial measures/projects (PROJECTS).
STRATEGY:
Open data governance is one of main priorities of the Lithuanian Government. The Government pays particular attention to the implementation of good data governance and management best practices in the public sector and the widest possible opening and reuse of data, while encouraging the development of business products.  

 - Open data is on the top in the Lithuanian government’s four-year programme – according to the programme, data is the cornerstone behind the government’s decisions and communication. Please see 17-29 paragraphs of the Programme -  https://e-seimas.lrs.lt/portal/legalAct/lt/TAD/973c87403bc311eb8c97e01ffe050e1c 

 - Lithuania’s strategy for open data is part of the plan for the implementation of the provisions of the program of the Eighteenth Government of the Republic of Lithuania. Open data is one of horizontal themes of actions, that are marked in the Plan with the letters AD (open data theme) - https://www.e-tar.lt/portal/lt/legalAct/d698ded086fe11eb9fecb5ecd3bd711c
Actions of the plan for the implementation of the provisions of the program of the Eighteenth Government of the Republic of Lithuania:
9.2.2. Develop and submit to the Government the concept of an open data and digital transformation competence center.
9.2.4. Update the creation, prioritization, monitoring, evaluation and management of open data sets
methodology - to create incentives and an obligation for authorities to open data.
9.2.5. Create a state data architecture (centralized descriptions of all data processed in the state), establish its governance model and ensure its implementation.
9.2.8. To create an ecosystem for assessing and promoting the quality of state information resources, open data and digital transformation.
9.2.11. Integrate the data of the state information systems and registers in the State Data Management Information System, implement their centralized opening and experimentation platforms (sandbox), ensure efficient exchange of data required for decision-making between institutions and create a mechanism for data anonymisation and aggregation. registers of statistical operators.

 - Data opening, as one of the strategic goals of the Lithuanian state, has also been put forward in the Lithuanian Digitization Development Programme for 2021–2030. The State Digitization Development Program is implemented through 4 measures of progress. One of the measures - Progress instrument no. 05-002-01-07-07 - Promote data availability and reuse, which includes activities financed by the Recovery and Resilience Facility (RRF) plan. 
https://eimin.lrv.lt/lt/ekonomikos-ir-inovaciju-ministerija/administracine-informacija/planavimo-dokumentai/pletros-programos/valstybes-skaitmeninimo-pletros-programa-1

 - Also, Open Government initiative includes actions for data opening:
https://www.opengovpartnership.org/countries/lithuania
https://www.opengovpartnership.org/wp-content/uploads/2021/06/Lithuania_Action-Plan_2021-2023_EN.pdf";Complement;;"Lithuanian open data ecosystem is based on 4 main elements: 1) strategic documents (STRATEGY), 2) legislation (POLICY), 3) competent bodies/instruments (BODIES), 4) financial measures/projects (PROJECTS).
STRATEGY:
Open data governance is one of main priorities of the Lithuanian Government. The Government pays particular attention to the implementation of good data governance and management best practices in the public sector and the widest possible opening and reuse of data, while encouraging the development of business products.  

 - Open data is on the top in the Lithuanian government’s four-year programme – according to the programme, data is the cornerstone behind the government’s decisions and communication. Please see 17-29 paragraphs of the Programme -  https://e-seimas.lrs.lt/portal/legalAct/lt/TAD/973c87403bc311eb8c97e01ffe050e1c 

 - Lithuania’s strategy for open data is part of the plan for the implementation of the provisions of the program of the Eighteenth Government of the Republic of Lithuania. Open data is one of horizontal themes of actions, that are marked in the Plan with the letters AD (open data theme) - https://www.e-tar.lt/portal/lt/legalAct/d698ded086fe11eb9fecb5ecd3bd711c
Actions of the plan for the implementation of the provisions of the program of the Eighteenth Government of the Republic of Lithuania:
9.2.2. Develop and submit to the Government the concept of an open data and digital transformation competence center.
9.2.4. Update the creation, prioritization, monitoring, evaluation and management of open data sets
methodology - to create incentives and an obligation for authorities to open data.
9.2.5. Create a state data architecture (centralized descriptions of all data processed in the state), establish its governance model and ensure its implementation.
9.2.8. To create an ecosystem for assessing and promoting the quality of state information resources, open data and digital transformation.
9.2.11. Integrate the data of the state information systems and registers in the State Data Management Information System, implement their centralized opening and experimentation platforms (sandbox), ensure efficient exchange of data required for decision-making between institutions and create a mechanism for data anonymisation and aggregation. registers of statistical operators.

 - Data opening, as one of the strategic goals of the Lithuanian state, has also been put forward in the Lithuanian Digitization Development Programme for 2021–2030. The State Digitization Development Program is implemented through 4 measures of progress. One of the measures - Progress instrument no. 05-002-01-07-07 - Promote data availability and reuse, which includes activities financed by the Recovery and Resilience Facility (RRF) plan. 
https://eimin.lrv.lt/lt/ekonomikos-ir-inovaciju-ministerija/administracine-informacija/planavimo-dokumentai/pletros-programos/valstybes-skaitmeninimo-pletros-programa-1

 - Also, Open Government initiative includes actions for data opening:
https://www.opengovpartnership.org/countries/lithuania
https://www.opengovpartnership.org/wp-content/uploads/2023/09/Lithuania_Action-Plan_2023-2025_December_EN.pdf"
P3;"Is there an open data policy/strategy at regional or local level?

For Explanation:
* If yes, please (1) provide the URL and (2) title of the document(s) and (3) briefly describe.";yes;"The national open data policy is mandatory, but at the same time authorities at local level are allowed to have their own stratagies implementing national policy and national strategy. E.g. Vilnius municipality has its own agenda on open data and its open data web page OPEN DATA - OPEN ALGORITHM - OPEN INNOVATION - https://api.vilnius.lt/ . Vilnius municipality’s open data is used by both municipal employees and residents.
Other examples:
The 3D buildings layer of Klaipėda city includes buildings drawn in detail and generated according to the rules, as well as bridges located in the city territory. The attribute information of the layer contains the type of structure (tower, bridge, detailed building, procedural building, ship), height, slope angle, data source, detailed building author, unique identifier of the structure, functional zone information, solar energy potential information. (https://www.arcgis.com/home/group.html?id=e8473edeb12848ef827d656c484a1ce2&view=list#content)";Confirm;;
P4;"Does the national strategy/policy include an action plan with measures to be implemented in the open data field?

For Explanation:
If yes, please briefly describe the main measures described by the action plan.";yes;"STRATEGY:
The plan for the implementation of the provisions of the program of the Eighteenth Government of the Republic of Lithuania  (https://www.e-tar.lt/portal/lt/legalAct/d698ded086fe11eb9fecb5ecd3bd711cActions) contains action plan with measures including  deadlines and responsible authorities in the field of open data:

9.2.2. Develop and submit to the Government the concept of an open data and digital transformation competence center. 
9.2.4. Update the creation, prioritization, monitoring, evaluation and management of open data sets 
methodology - to create incentives and an obligation for authorities to open data. 
9.2.5. Create a state data architecture (centralized descriptions of all data processed in the state), establish its governance model and ensure its implementation. 
9.2.8. To create an ecosystem for assessing and promoting the quality of state information resources, open data and digital transformation. 
9.2.11. Integrate the data of the state information systems and registers in the State Data Management Information System, implement their centralized opening and experimentation platforms (sandbox), ensure efficient exchange of data required for decision-making between institutions and create a mechanism for data anonymisation and aggregation. registers of statistical operators. 
9.2.6. Establish a management mechanism for state information resources and digital transformation, ensuring centralized management of creation and development, needs assessment, use of mandatory basic components (rights management, interoperability, classifiers, metadata structures, functional requirements, opening, e-services, etc.), costs and preparation and use of cost-benefit analyzes, identification of managerial responsibilities, and the creation of incentives and obligations for institutions to implement digitization projects.    
9.2.9. Design the central technical architecture of state information resources and digital transformation, including state information resources, electronic communications networks, state data center technologies, set minimum requirements for its components, mandatory data processing and technological development guidelines, ensure their mandatory application to all newly developed systems and implementation existing systems.                                                                                                                 
1.5.4. Develop a set of tools to enable researchers to share Lithuanian research results through the European Open Science Cloud and access international research resources (international science databases and infrastructures) and start implementing these tools, etc.";Complement;;"STRATEGY:
1) The plan for the implementation of the provisions of the program of the Eighteenth Government of the Republic of Lithuania  (https://www.e-tar.lt/portal/lt/legalAct/d698ded086fe11eb9fecb5ecd3bd711cActions) contains action plan with measures including  deadlines and responsible authorities in the field of open data:

9.2.2. Develop and submit to the Government the concept of an open data and digital transformation competence center. 
9.2.4. Update the creation, prioritization, monitoring, evaluation and management of open data sets 
methodology - to create incentives and an obligation for authorities to open data. 
9.2.5. Create a state data architecture (centralized descriptions of all data processed in the state), establish its governance model and ensure its implementation. 
9.2.8. To create an ecosystem for assessing and promoting the quality of state information resources, open data and digital transformation. 
9.2.11. Integrate the data of the state information systems and registers in the State Data Management Information System, implement their centralized opening and experimentation platforms (sandbox), ensure efficient exchange of data required for decision-making between institutions and create a mechanism for data anonymisation and aggregation. registers of statistical operators. 
9.2.6. Establish a management mechanism for state information resources and digital transformation, ensuring centralized management of creation and development, needs assessment, use of mandatory basic components (rights management, interoperability, classifiers, metadata structures, functional requirements, opening, e-services, etc.), costs and preparation and use of cost-benefit analyzes, identification of managerial responsibilities, and the creation of incentives and obligations for institutions to implement digitization projects.    
9.2.9. Design the central technical architecture of state information resources and digital transformation, including state information resources, electronic communications networks, state data center technologies, set minimum requirements for its components, mandatory data processing and technological development guidelines, ensure their mandatory application to all newly developed systems and implementation existing systems.                                                                                                                 
1.5.4. Develop a set of tools to enable researchers to share Lithuanian research results through the European Open Science Cloud and access international research resources (international science databases and infrastructures) and start implementing these tools, etc. 

ACTION PLAN AND PROGRAMS:
2) Digital Health System Development Action Plan 2023-2027 is a document that establishes the goal, tasks, directions of development of the digital health system, expected results, evaluation indicators and measures for the implementation of the action plan (https://e-seimas.lrs.lt/portal/legalAct/lt/TAD/2d9e4b906af511e7aefae747e4b63286/asr). 

Object 6. Create opportunities for the implementation and integration of digital health analytics tools in order to use LNSS resources more rationally and improve the quality of health services and the work efficiency of health professionals, as well as monitor health trends:
13.5. Promote the reuse of health data and optimize implementation processes by improving the availability and quality of health data.
13.6. Ensure the efficiency of data management, raise the level of data maturity and enable health data by opening it up to the public.

3) State Data Agency implements national State data management programs, in which the planned tasks are related to the opening and publishing of public sector data for reuse (https://vda.lrv.lt/lt/administracine-informacija/planavimo-dokumentai/valstybes-duomenu-valdysenos-vdv-programos/). 
State data management in 2024 program: 
No. 3. Creation and provision of health data sets for re-use, including the examination and issuance of an application for a permit for the re-use of health data.
No. 7. High-value datasets expected in 2022 December 21 The Commission's implementing regulation (EU) 2023/138, which compiles a list of specific high-value data sets and determines the procedure for their publication and reuse, opens in priority order until 2024 May 9.

State data management in 2023 program: 
No. 1. Centralized and automated opening of public sector data through the State Data Management information system.
No. 4. Creation and provision of health data sets for re-use, including the examination and issuance of an application for a permit for the re-use of health data."
P5;"Does the national strategy/policy outline measures to incentivise the publication of and access to real-time or dynamic data?

For Explanation:
* If yes, please briefly describe the measures.";yes;"STRATEGY:
According to Programme of the Eighteenth Government of the Republic of Lithuania: “Where possible, the Government will make and interpret decisions based on open data. We will ensure timely and orderly communication of open data to citizens and businesses. This would enable people, businesses and scientists to respond quickly and effectively to emerging challenges and to closely participate in decision-making”.
„RESPONSE TO REVIEWER“: Please see 19 Article at the Programme of the Eighteenth Government of the Republic of Lithuania (https://e-seimas.lrs.lt/portal/legalAct/lt/TAD/973c87403bc311eb8c97e01ffe050e1c). One of Governement‘s targets is that open data would be published and available on real time.

POLICY:
The Law on the Right to Receive Information and Reuse of Data (https://e-seimas.lrs.lt/portal/legalAct/lt/TAD/77d2b640dd6711eb866fe2e083228059?positionInSearchResults=0&searchModelUUID=cc1dc85c-32fd-4295-a64c-b3ba508bc7fe) transposes the provisions of Directive (EU) 2019/1024 on open data and the re-use of public sector information and includes concrete provisions on the dynamic and real-time data (please see Articles 3(10), 13(5)(6)(7)).
„RESPONSE TO REVIEWER“: The concept of dynamic and real-time data is defined in the law (Article 3(10)). The law also contains provisions on the provision of information and data: 
•	Access to variable data is provided through API that allows downloading this data in one go (Article 13(5))
•	The institution or state-run entity must ensure that the possibility to use dynamic data is provided as soon as it is collected or updated, with the exception of the exception established in paragraph 7 of this article (Article 13(6))
•	If an institution or a state-controlled entity ensures the possibility of using dynamic data immediately, as soon as it is collected or updated, the financial and technical burden would disproportionately increase, the possibility of re-using these variable data must be provided during such a period or by applying such technical restrictions that would not cause disruptions repeatedly use variable data (Article 13(7))";Complement;;"STRATEGY:
According to Programme of the Eighteenth Government of the Republic of Lithuania: “Where possible, the Government will make and interpret decisions based on open data. We will ensure timely and orderly communication of open data to citizens and businesses. This would enable people, businesses and scientists to respond quickly and effectively to emerging challenges and to closely participate in decision-making”.
Please see 19 Article at the Programme of the Eighteenth Government of the Republic of Lithuania (https://e-seimas.lrs.lt/portal/legalAct/lt/TAD/973c87403bc311eb8c97e01ffe050e1c). One of Governement‘s targets is that open data would be published and available on real time.

POLICY:
The Law on the Right to Receive Information and Reuse of Data (https://e-seimas.lrs.lt/portal/legalAct/lt/TAD/77d2b640dd6711eb866fe2e083228059?positionInSearchResults=0&searchModelUUID=cc1dc85c-32fd-4295-a64c-b3ba508bc7fe) transposes the provisions of Directive (EU) 2019/1024 on open data and the re-use of public sector information and includes concrete provisions on the dynamic and real-time data (please see Articles 3(10), 13(5)(6)(7)).
 The concept of dynamic and real-time data is defined in the law (Article 3(10)). The law also contains provisions on the provision of information and data: 
•	Access to variable data is provided through API that allows downloading this data in one go (Article 13(5))
•	The institution or state-run entity must ensure that the possibility to use dynamic data is provided as soon as it is collected or updated, with the exception of the exception established in paragraph 7 of this article (Article 13(6))
•	If an institution or a state-controlled entity ensures the possibility of using dynamic data immediately, as soon as it is collected or updated, the financial and technical burden would disproportionately increase, the possibility of re-using these variable data must be provided during such a period or by applying such technical restrictions that would not cause disruptions repeatedly use variable data (Article 13(7))"
P6;"Does the national strategy/policy outline measures to incentivise the publication of and access to citizen-generated data?

For Explanation:
* If yes, please briefly describe the measures.";No;"It is possible for citizens to register and provide data same way as other government institutions do, but currently we don't have such cases. We avoid adding generated or derived data as separate datasets and instead, publish such dervied data, as data usecases [1], because we have quite strict quality requirements for datasets and usecases are much easier to publish. In future, we do have plans, to integerate with citizen-generated data such as data from OpenStreenMap project. The OpenStreetMap community is very active and has already done a lot of work [2].

[1] https://data.gov.lt/usecases/examples
[2] https://openmap.lt/
https://blog.openmap.lt/category/duomenys/
https://lists.openstreetmap.org/pipermail/talk-lt/2023-May/002882.html

„RESPONSE TO REVIEWER“:  No";Complement;;"It is possible for citizens to register and provide data same way as other government institutions do, but currently we don't have such cases. We avoid adding generated or derived data as separate datasets and instead, publish such dervied data, as data usecases [1], because we have quite strict quality requirements for datasets and usecases are much easier to publish. In future, we do have plans, to integerate with citizen-generated data such as data from OpenStreenMap project. The OpenStreetMap community is very active and has already done a lot of work [2].

[1] https://data.gov.lt/usecases/examples
[2] https://openmap.lt/
https://blog.openmap.lt/category/duomenys/
https://lists.openstreetmap.org/pipermail/talk-lt/2023-May/002882.html"
P7;"Does the national strategy/policy foster the discoverability of the aforementioned types of data from your country on data.europa.eu?

For Explanation:
* If yes, please briefly describe how.";yes;Yes, all datasets published in our national data portal are synced with the data.europa.eu, but currently we do not publish data usecases, we do not know if data.europe.eu can accept such data.;Complement;;"In the Law on the Right to Receive Information and Reuse of Data (https://e-seimas.lrs.lt/portal/legalAct/lt/TAD/TAIS.94745/asr) it is implied obligation that all inventoried and opened data must be published on the Lithuanian open data portal (articles No.15 and 16 (2)). 
All datasets published in our national data portal are synced with the data.europa.eu, but currently we do not publish data usecases, we do not know if data.europe.eu can accept such data."
P8;"Does the national strategy/policy outline measures to support the reuse of open data by the public sector?

For Explanation:
* If yes, please briefly describe the measures.";yes;"STRATEGY:
- The Programme of the Government includes the chapter “Open Data” stating: „<...> 18. We undertake to make open data a key element in Government decision-making and communication. We will seek to make it serve as the basis in judging the necessity for decisions, in proposing decision mechanisms and in measuring outcomes. Where possible, the Government will make and interpret decisions based on open data <…>”.
- The Government Programme’s implementation plan provides the following action - To integrate data of the existing state information systems, realizing their opening and sandboxes, ensuring centralized data necessary for making decisions, efficient exchange between institutions, and creating a mechanism for anonymization and interconnection of data (deadline – 3rd Quarter 2024)
- Also, Open Government initiative contains measures that promote concepts for data-driven government, policy-making and decision-making 
https://www.opengovpartnership.org/countries/lithuania
https://www.opengovpartnership.org/wp-content/uploads/2021/06/Lithuania_Action-Plan_2021-2023_EN.pdf 

All institutions are required to re-use existing data from official registers and we are trying to deduplicate open data by rating if a data field comes from another dataset [1]. All open data are published as a single API service [2] to make re-use of data as easy as possible.

[1] https://atviriduomenys.readthedocs.io/dsa/level.html
[2] https://get.data.gov.lt/

PROJECTS:
 - In order to speed up the process of data opening in state institutions, strengthen strategic management processes and data literacy, the Government Chancellery performes a project  financed with the funds of the European Union. Employees of the public sector participate in the dedicated trainings. During the implementation of the project, in April and May of 2022, a survey of employees of the ministries and the Government Chancellery was conducted. During it, it was requested to self-assess the knowledge and abilities of open data and its use. The results of the survey showed that a large part of the respondents are not yet sufficiently familiar with open data management, and rate their knowledge and abilities as average. For this purpose, the Government Chancellery acquired open data management practical skills training services. The training that took place in the fall 2022 provided practical skills in open data management. Around 75 employees of the Government Office and ministries participated in these trainings.
https://www.delfi.lt/uzsakomasis-turinys/aktualijos/vyriausybes-kanceliarija-siekia-sparciau-tobulinti-atviru-duomenu-valdyma-90667525
https://www.delfi.lt/uzsakomasis-turinys/premium/duomenu-ir-atviru-duomenu-valdymas-dalis-viesojo-sektoriaus-specialistu-kompetenciju-92395709";Complement;;"STRATEGY:
- The Programme of the Government includes the chapter “Open Data” stating: „<...> 18. We undertake to make open data a key element in Government decision-making and communication. We will seek to make it serve as the basis in judging the necessity for decisions, in proposing decision mechanisms and in measuring outcomes. Where possible, the Government will make and interpret decisions based on open data <…>”.
- The Government Programme’s implementation plan provides the following action - To integrate data of the existing state information systems, realizing their opening and sandboxes, ensuring centralized data necessary for making decisions, efficient exchange between institutions, and creating a mechanism for anonymization and interconnection of data (deadline – 3rd Quarter 2024)
- Also, Open Government initiative contains measures that promote concepts for data-driven government, policy-making and decision-making 
https://www.opengovpartnership.org/countries/lithuania
https://www.opengovpartnership.org/wp-content/uploads/2023/09/Lithuania_Action-Plan_2023-2025_December_EN.pdf 

All institutions are required to re-use existing data from official registers and we are trying to deduplicate open data by rating if a data field comes from another dataset [1]. All open data are published as a single API service [2] to make re-use of data as easy as possible.

[1] https://atviriduomenys.readthedocs.io/dsa/level.html
[2] https://get.data.gov.lt/

PROJECTS:
 - In order to speed up the process of data opening in state institutions, strengthen strategic management processes and data literacy and data use in public sector, the Government Chancellery performed a project  financed with the funds of the European Union. Employees of the public sector participated in the dedicated trainings. During the implementation of the project, in April and May of 2022, a survey of employees of the ministries and the Government Chancellery was conducted. During it, it was requested to self-assess the knowledge and abilities of open data and its use. The results of the survey showed that a large part of the respondents are not yet sufficiently familiar with open data management, and rate their knowledge and abilities as average. For this purpose, the Government Chancellery acquired open data management practical skills training services. The training that took place in the fall 2022 provided practical skills in open data management. Around 75 employees of the Government Office and ministries participated in these trainings.
https://www.delfi.lt/uzsakomasis-turinys/aktualijos/vyriausybes-kanceliarija-siekia-sparciau-tobulinti-atviru-duomenu-valdyma-90667525
https://www.delfi.lt/uzsakomasis-turinys/premium/duomenu-ir-atviru-duomenu-valdymas-dalis-viesojo-sektoriaus-specialistu-kompetenciju-92395709"
P9;"Does the national strategy/policy outline measures to support the reuse of open data by the private sector?

For Explanation:
* If yes, please briefly describe the measures.";yes;"POLICY:
The Regulations of the Lithuanian open data portal sets conditions for opening data and managing requests on this portal. The Lithuanian open data portal https://data.gov.lt/ allows businesses and the public to conveniently receive and use data managed by public sector institutions on a one-stop basis. It is envisaged that data not published on this portal will be mandatory to open if such a request from data user is received and such data is not confidential. The responsible institution has to answer the requester within 5 working days from the date of submission of the request, what decision has been taken regarding the opening and submission of the requested data to the portal. The essence is simpler and faster communication between business and public sector data holders, as all communication takes place on the portal itself, without the need to write separate requests or inquiries. The business is able to request the missing data directly on the portal, if it cannot be found here. 

PRACTICE:
All data is provided in an easy to use and flexible API servcie [1], where all data are normalized, linked together and provided in various formats. Also we periodically do demos [2] with examples, how data can be used and interpreted. We do demos with experts of a field were data comes from.
[1] https://get.data.gov.lt/
[2] https://www.youtube.com/watch?v=JQ9nFFHpipI&list=PLtptnWie_iVvLbVihFZIvcErEZz4_Vc08

PROJECTS:
Additional funding for empowering the use of open data is planned under EU Structural Funds investments for the period 2021-2027. The project aims to encourage the use of open data by businesses so that demand-driven data from public authorities are used to develop innovative solutions and digital services. Accordingly, the following activities are formulated in the project: 
•	Performance of joint public-private initiatives for the use of open data (show-case of use examples);
•	Business investments in the development of new innovative solutions using open data;
•	Business investments in the development of new digital services using open data;
The activities for the implementation of the measure are performed for the period 2021-2027. Funding is planned to be allocated through a call for proposals, with a joint call for proposals for all three of the above activities.

Generally, Lithuanian legislation does not oblige private businesses to open data, but also does not prohibit it. Business representatives can use all learning material and data opening tools, and some of them open data sets on their own initiative and publish them on the Lithuanian Open Data Portal - https://data.gov.lt/dataset/automatizuotu-buitiniu-vartotoju-valandiniai-duomenys-agreguoti-pagal-regiona.";Complement;;"""POLICY:
The Regulations of the Lithuanian open data portal sets conditions for opening data and managing requests on this portal. The Lithuanian open data portal https://data.gov.lt/ allows businesses and the public to conveniently receive and use data managed by public sector institutions on a one-stop basis. It is envisaged that data not published on this portal will be mandatory to open if such a request from data user is received and such data is not confidential. The responsible institution has to answer the requester within 5 working days from the date of submission of the request, what decision has been taken regarding the opening and submission of the requested data to the portal. The essence is simpler and faster communication between business and public sector data holders, as all communication takes place on the portal itself, without the need to write separate requests or inquiries. The business is able to request the missing data directly on the portal, if it cannot be found here. 

PRACTICE:
All data is provided in an easy to use and flexible API servcie [1], where all data are normalized, linked together and provided in various formats. Also we periodically do demos [2] with examples, how data can be used and interpreted. We do demos with experts of a field were data comes from.
[1] https://get.data.gov.lt/
[2] https://www.youtube.com/watch?v=JQ9nFFHpipI&list=PLtptnWie_iVvLbVihFZIvcErEZz4_Vc08

PROJECTS:
Additional funding for empowering the use of open data is planned under EU Structural Funds investments for the period 2021-2027. The project aims to encourage the use of open data by businesses so that demand-driven data from public authorities are used to develop innovative solutions and digital services. Accordingly, the following activities are formulated in the project: 
•	Performance of joint public-private initiatives for the use of open data (show-case of use examples);
•	Business investments in the development of new innovative solutions using open data;
•	Business investments in the development of new digital services using open data;
The activities for the implementation of the measure are performed for the period 2021-2027. Funding is planned to be allocated through a call for proposals, with a joint call for proposals for all three of the above activities. First call „Use of open data“ was published in 11.2023-04.2024, funding – 6 000 000 EUR. There were received 99 applications from private sector. These applications are beeing ranked and in the begining of 2024 autumn will be signed contacts.

Generally, Lithuanian legislation does not oblige private businesses to open data, but also does not prohibit it. Business representatives can use all learning material and data opening tools, and some of them open data sets on their own initiative and publish them on the Lithuanian Open Data Portal - https://data.gov.lt/dataset/automatizuotu-buitiniu-vartotoju-valandiniai-duomenys-agreguoti-pagal-regiona."""
P10-a;"Does the national strategy/policy mandate carrying out and maintaining a data inventory by public bodies, whether at national or local level?

For Explanation:
* If yes, please briefly specify.";yes;"POLICY:
The legal amendments address obligations on opening relevant data and seek to increase reuse of publicly funded information and to bring the legislative framework up to date with the advances in digital technologies. The Law on the Right to Receive Information and Reuse of Data (https://e-seimas.lrs.lt/portal/legalAct/lt/TAD/77d2b640dd6711eb866fe2e083228059?positionInSearchResults=0&searchModelUUID=cc1dc85c-32fd-4295-a64c-b3ba508bc7fe) establishes Data opening model which obliges institutions to inventory their data to know what data are owned by the State and open data on user demand (Article 15 of the Law).";Confirm;;
P10-b;"Do these data inventories include the data collected by public bodies that cannot be published as open data (e.g. in relation to the EU Data Governance Act (EU) 2022/868)? 

For Explanation:
* If yes, please briefly specify.";yes;"PROJECTS:
 - In the begining of 2023, the State Data Agency started performing a project ""Integration of state data into the Data lake"" financed from the Recovery and Resilience Facility plan. Until 2026 summer, all the most important data managed by the state will be inventoried and integrated into a common data lake - the State Data Management Information System (VDV IS). In this space, data is managed from the beginning - its collection - to the end - use for legitimate purposes and opening in the Lithuanian open data portal. More than 18.7 million euros have been earmarked for this purpose.
https://eimin.lrv.lt/lt/naujienos/1-mlrd-lietuvos-ekonomikai-valstybes-duomenu-integracijai-i-duomenu-ezera-beveik-19-mln-euru
https://www.stat.gov.lt/projektas-valstybes-informaciniu-istekliu-integravimas-i-duomenu-ezera

POLICY:
 - It is decided that the State Data Agency will permorm functions as competent body under Article 7 of DGA to assist the public sector institutions which grant or refuse access for the re-use of certain categories of protected data. Currently, the project of legal act authorizing the State Data Agency to act as a competent body is under preparation.";Complement;;"PROJECTS:
 - Since the begining of 2023, the State Data Agency has been performing a project ""Integration of state data into the Data lake"" financed from the Recovery and Resilience Facility plan. Until 2026 summer, all the most important data managed by the state will be inventoried and integrated into a common data lake - the State Data Management Information System (VDV IS). In this space, data is managed from the beginning - its collection - to the end - use for legitimate purposes and opening in the Lithuanian open data portal. More than 18.7 million euros have been earmarked for this purpose.
https://eimin.lrv.lt/lt/naujienos/1-mlrd-lietuvos-ekonomikai-valstybes-duomenu-integracijai-i-duomenu-ezera-beveik-19-mln-euru
https://www.stat.gov.lt/projektas-valstybes-informaciniu-istekliu-integravimas-i-duomenu-ezera

POLICY:
 - The Governement resolution confirmed that the State Data Agency was appointed as the competent authority under Article 7 of DGA to assist the public sector institutions which grant or refuse access for the re-use of certain categories of protected data (https://e-seimas.lrs.lt/portal/legalAct/lt/TAD/01106654590311ee8e3cc6ee348ebf6d?positionInSearchResults=16&searchModelUUID=b7458ac9-1946-4098-aeb1-39c07692931e). Currently, the draft of Law on the Reuse of Protected Data, Data intermediation and Data Alruism Activity (the law implements the Data Governance Act) is subbmitted to the Parliament (https://e-seimas.lrs.lt/portal/legalAct/lt/TAP/2d0986d00c2f11ef8e4be9fad87afa59?positionInSearchResults=2&searchModelUUID=b7458ac9-1946-4098-aeb1-39c07692931e). The draft of law establishes the powers and functions of the competent authority, the procedure for calculating and paying compensation, the procedure for compensation of damages."
P11;"Is your country applying the implementing regulation (EU) 2023/138 on high-value datasets?

For Explanation:
* If yes, how is it progressing? 
* If you are an EFTA or a candidate country to the EU, please select 'not applicable'.
** In the table below, please indicate your progress with respect to a) organisation, b) legal aspects, c) technical aspects on a scale from 1 to 5. 1 = no progress; 2 = few progress; 3 = some progress; 4 = considerable progress; 5 = works are finalised.";new question;new question;Change;Yes;"Lithuania pays a lot of attention for implementing regulation (EU) 2023/138. High-value datasets are opened in priority order by the State Data Agency during the project, which is funded by recovery and resilience plan for Lithuania. In the middle of 2024 May we have already opened more 200 high-value datasets in all categories of regulation (EU) 2023/138. The most of all datasets are pablished in national open data portal (https://data.gov.lt/datasets/?selected_facets=groups_exact%3A1). In the new version of the open data portal, the possibility to assign a data set to a high-value data group or its separate subgroup is implemented. Some datasets of Geospatial and Earth observation and environment are opened and available in the Lithuanian spatial information portal (https://www.geoportal.lt/geoportal/en/web/en). All  Lithuanian opened datasets, including high-value data, are available in data.europe.eu, too.
The Ministry of Economy and Innovation seeks that all Lithuanian opened data will be available in national open data portal and data.europe.eu."
P12;"Have the public bodies in your country denoted relevant datasets as high-value datasets in their metadata following the publication of the implementing regulation (EU) 2023/138 on high-value datasets?

For Explanation:
*  If yes, please specify how and highlight challenges, if any. 
* If you are an EFTA or a candidate country to the EU, please select 'not applicable'.";new question;new question;Change;Yes;"The latest version of the National Open Data Portal includes a feature that allows datasets to be categorized (tagged) as high-value data. In Lithuanian, high-value data is referred to as ""didelės vertės duomenys"" (abbreviated ""DVD"").

Efforts were made to identify preexisting high-value datasets and publish them in the National Open Data Portal under the category DVD:
https://data.gov.lt/datasets/?selected_facets=groups_exact%3A1."
P13;"Is there a governance structure in place that enables the participation and/or inclusion of various open data stakeholders? 

For Explanation:
*  If yes, please briefly describe the governance structure and its operating model ";new question;new question;Change;Yes;"POLICY:
Requirement for communication with stakeholders (data users) is set in Description of data opening procedure approved by the Minister of Economy and Innovation (https://e-seimas.lrs.lt/portal/legalAct/lt/TAD/327dd210495011ebb394e1efb98d3e67/asr). All communication between data users and institutions takes place on Portal publicly (please see Articles 8.5 and 9).

Since September 2022, the Ministry of Economy and Innovation together with Information Society Development Committee and State Data Agency have launched an initiative ""Open Data Club"" inviting the data opening coordinators of all ministries to the periodical meetings. The purpose of such meetings is to share experiences and challenges in opening the data of ministries and their subordinate institutions as well as to meet with stakeholders. 
https://www.linkedin.com/posts/information-society-development-committee_%C4%AFvyko-viii-asis-ekonomikos-ir-inovacij%C5%B3-ministerija-activity-7193618486386966528--kLi?utm_source=share&utm_medium=member_desktop
https://www.linkedin.com/posts/lietuvos-statistika-statistics-lithuania_eimin-eimin-atviruduomenuportalas-activity-7156612009336156161-y_gN?utm_source=share&utm_medium=member_desktop
https://www.facebook.com/ekonomikosministerija/posts/pfbid0XvPWCLJ8gERYj1RV85wdR3c9u8qEkrHhw7AF84Smo81ZsSGybfUSDbV2o7hwuzG1l 
https://data.gov.lt/news/31
https://www.stat.gov.lt/home/-/asset_publisher/lbrXvLVHX2ln/content/tesiame-atviru-duomenu-klubo-veikla?inheritRedirect=false&redirect=https%3A%2F%2Fwww.stat.gov.lt%2Fhome%3Fp_p_id%3D101_INSTANCE_lbrXvLVHX2ln%26p_p_lifecycle%3D0%26p_p_state%3Dnormal%26p_p_mode%3Dview%26p_p_col_id%3Dcolumn-2%26p_p_col_count%3D1
https://www.facebook.com/ekonomikosministerija/posts/pfbid02kkSFmtQWEALHA4hMzGSjLYpXj9KKy72bKDZ1MVrUSX7RS8picKXTeds8wDx3VCCwl
https://www.linkedin.com/posts/lina-giedraitien%C4%97-90a3a74a_opendata-collaboration-redcarpet-activity-7062851263012466688-XZi0?utm_source=share&utm_medium=member_desktop"
P14;"How would you classify the model used for governing open data in your country? 

For Explanation:
*  Please briefly explain why this model was chosen/works best for your country";hybrid;"BODIES:
•	The Ministry of the Economy and Innovation is the main actor in charge of open data policy making including the following activities: 1) preparation of legal acts setting up principles and processes in the field of open data, 2) construction of financial measures for data opening and promotion of the use of open data (RRF reform, EU Structural Funds investments for the period 2021-2027, the state budget), 3) providing political messages on open data, 4) work with stakeholders, 5) coordination of Data opening coordinators network activities (Open Data club), 6) international cooperation, etc.
https://eimin.lrv.lt/lt/veiklos-sritys/skaitmenine-politika/atviri-duomenys-1
•	Information Society Development Committee is a body under the Ministry of Economy and Innovation, which is in charge of implementing open data policy including the following activities: 1) maintenance and development of the Lithuanian open data portal, 2) performing a project during which till September 2023 more than 500 new high-demand datasets from 50 public sector institutions will be opened, 3) administrative and technical consultations and help for institutions on data opening process, 4) promotion of open data, 5) cooperation with institutions’ Data opening coordinators and open data users, 6) ensuring the opening of the requested data, 7) analysis of the impact of open data, etc. 
https://ivpk.lrv.lt/lt/veiklos-sritys-1/duomenu-atverimo-koordinavimas
•	State Data Agency is responsible for a centralized data opening scheme. Data sets of state institutions are processed and opened centrally through the State Data Management Information System managed by the Agency, which ensures standardized anonymization and quality of data. 
•	In addition, all public bodies are obliged to appoint a person responsible for organizing the opening of the authority’s data, the “Open data Coordinator”. The assigned coordinator has to ensure the process of opening of data, its supervision and compliance with the requirements laid down in the legislation.  

Under the Model for opening data (https://eimin.lrv.lt/lt/veiklos-sritys/skaitmenine-politika/atviri-duomenys-1) all institutions are obliged to open data on user demand registered at the Portal as well as on their own decision. In case there is no data opened on the Portal, Users are encouraged to register their request here https://data.gov.lt/requests/submitted. Institutions are obliged to open data on User demand and all communication related to open data goes through the Lithuanian open data portal and is publicly visible under the updated law’s provisions. 
Ministry of Economy and Innovation and Information Society Development Committee are responsible for promoting the Model for opening data and encouraging institutions to open data as well as data Users to register their needs at the Portal this way obliging institutions to open most valuable data.";Complement;;"BODIES:
•	The Ministry of the Economy and Innovation is the main actor in charge of open data policy making including the following activities: 1) preparation of legal acts setting up principles and processes in the field of open data, 2) construction of financial measures for data opening and promotion of the use of open data (RRF reform, EU Structural Funds investments for the period 2021-2027, the state budget), 3) providing political messages on open data, 4) work with stakeholders, 5) coordination of Data opening coordinators network activities (Open Data club), 6) international cooperation, etc.
https://eimin.lrv.lt/lt/veiklos-sritys/skaitmenine-politika/atviri-duomenys-1
•	Information Society Development Committee is a body under the Ministry of Economy and Innovation, which is in charge of implementing open data policy including the following activities: 1) maintenance and development of the Lithuanian open data portal, 2) performed a project where 560 new high-demand datasets from 50 public sector institutions were opened, 3) administrative and technical consultations and help for institutions on data opening process, 4) promotion of open data, 5) cooperation with institutions’ Data opening coordinators and open data users, 6) ensuring the opening of the requested data, 7) analysis of the impact of open data, etc. 
https://ivpk.lrv.lt/lt/veiklos-sritys-1/duomenu-atverimo-koordinavimas
•	State Data Agency is responsible for a centralized data opening scheme. Data sets of state institutions are processed and opened centrally through the State Data Management Information System managed by the Agency, which ensures standardized anonymization and quality of data (https://duomenys.stat.gov.lt/atviri-duomenys/). Furhermore, the State Data Agency was appointed as the competent authority under Article 7 of DGA to assist the public sector institutions which grant or refuse access for the re-use of certain categories of protected data (https://e-seimas.lrs.lt/portal/legalAct/lt/TAD/01106654590311ee8e3cc6ee348ebf6d?positionInSearchResults=16&searchModelUUID=b7458ac9-1946-4098-aeb1-39c07692931e).
•	In addition, all public bodies are obliged to appoint a person responsible for organizing the opening of the authority’s data, the “Open data Coordinator”. The assigned coordinator has to ensure the process of opening of data, its supervision and compliance with the requirements laid down in the legislation.  

Under the Model for opening data (https://eimin.lrv.lt/lt/veiklos-sritys/skaitmenine-politika/atviri-duomenys-1) all institutions are obliged to open data on user demand registered at the Portal as well as on their own decision. In case there is no data opened on the Portal, Users are encouraged to register their request here https://data.gov.lt/requests/submitted. Institutions are obliged to open data on User demand and all communication related to open data goes through the Lithuanian open data portal and is publicly visible under the updated law’s provisions. 
Ministry of Economy and Innovation and Information Society Development Committee are responsible for promoting the Model for opening data and encouraging institutions to open data as well as data Users to register their needs at the Portal this way obliging institutions to open most valuable data."
P15;"Does the governance structure ensure that the local and regional open data initiatives are facilitated and supported at national level?

For Explanation:
* If yes, please give an example of what kind of support.
* If not applicable, please explain why.";new question;new question;Change;Yes;"Under new Model for opening data (https://eimin.lrv.lt/lt/veiklos-sritys/skaitmenine-politika/atviri-duomenys-1) established in 2021, all institutions are obliged to open data on user demand registered at the Portal as well as on their own decision. In case there is no data opened on the Portal, Users are encouraged to register their request here https://data.gov.lt/requests/submitted. Institutions are obliged to open data on User demand and all communication related to open data goes through the Lithuanian open data portal and is publicly visible under the updated law’s provisions. 
Ministry of Economy and Innovation and Information Society Development Committee are responsible for promoting the Model for opening data and encouraging institutions to open data as well as data Users to register their needs at the Portal this way obliging institutions to open most valuable data.
During a project „Strengthening Results Oriented Management Capacities“  it was prepared and distributed  newsletters with a separate section containing current affairs and news about open data (https://lrv.lt/lt/vyriausybes-kanceliarija-1/apie-lrvk/lrvk-projektu-portfelis/igyvendinami-projektai/valdymo-gebejimu-stiprinimas/naujienlaiskiai/). These newsletters were distributed to regional municipalities that they would be informed about national and international  progress in open data."
P16;"To what degree do local/regional public bodies conduct open data initiatives? 

For Explanation:
* If not applicable, please explain why.";approximately half of the public bodies;;Complement;Approximately half of the public bodies;"Ministry of Economy and Innovation and Information Society Development Committee are responsible for promoting the Model for opening data and encouraging institutions to open data as well as data Users to register their needs at the Portal this way obliging institutions to open most valuable data.
Furthermore, the State Data Agency has been performing a project ""Integration of state data into the Data lake"" financed from the Recovery and Resilience Facility plan. Until 2026 summer, all the most important data managed by the state will be inventoried and integrated into a common data lake - the State Data Management Information System (VDV IS). In this space, data is managed from the beginning - its collection - to the end - use for legitimate purposes and opening in the Lithuanian open data portal.
https://eimin.lrv.lt/lt/naujienos/1-mlrd-lietuvos-ekonomikai-valstybes-duomenu-integracijai-i-duomenu-ezera-beveik-19-mln-euru
https://www.stat.gov.lt/projektas-valstybes-informaciniu-istekliu-integravimas-i-duomenu-ezera"
P17;"Is a document describing the responsibilities and governance structure of the national (and/or regional/local) open data team publicly available?

For Explanation:
* If yes, please provide the URL where this information is published. ";yes;"Description of data opening procedure approved by the Minister of Economy and Innovation determines the responsabilities of competent authorities in the field of open data. Please see paragraphs 3, 4, 5.
https://e-seimas.lrs.lt/portal/legalAct/lt/TAD/327dd210495011ebb394e1efb98d3e67/asr
https://eimin.lrv.lt/lt/naujienos/viesojo-sektoriaus-duomenu-atverimo-procesas-bus-bendras-ir-aiskus

Contacts of competent authorities are published here - https://eimin.lrv.lt/lt/veiklos-sritys/skaitmenine-politika/atviri-duomenys-1";Complement;;During a project „Strengthening Results Oriented Management Capacities“  it was prepared and distributed  newsletters with a separate section containing current affairs and news about open data (https://lrv.lt/lt/vyriausybes-kanceliarija-1/apie-lrvk/lrvk-projektu-portfelis/igyvendinami-projektai/valdymo-gebejimu-stiprinimas/naujienlaiskiai/). These newsletters were distributed to regional municipalities that they would be informed about national and international  progress in open data.
P18;"Is there a regular exchange of knowledge or experiences between the national open data team and the team maintaining the national portal? 

For Explanation:
* If yes, please briefly describe how this exchange takes place and provide evidence supporting your answer (e.g. meeting agendas, URLs to news items).";yes;"National open data team consists of 3 main actors: 1) the Lithuanian Ministry of the Economy and Innovation, which is responsible for open data policy making and construction of financial measures, 2) Information Society Development Committee which is responsible for implementing open data policy and maintenance of the Lithuanian open data portal, 3) State Data Agency, which is responsible for a centralized data opening scheme and standardized anonymization of data. 
In conclusion, open data is a horizontal area where activities (including daily communication, exchanging  of knowledge) of responsible policy making and policy implementing authorities go hand in hand in order to reach target audience and set goals.

""Open Data Club"" is an initiative connecting 3 main actors and additionaly including the data opening coordinators of all ministries to discuss relevant topics and exchange experiences in the field of open data: 
https://www.facebook.com/ekonomikosministerija/posts/pfbid0XvPWCLJ8gERYj1RV85wdR3c9u8qEkrHhw7AF84Smo81ZsSGybfUSDbV2o7hwuzG1l 
https://data.gov.lt/news/31
https://www.stat.gov.lt/home/-/asset_publisher/lbrXvLVHX2ln/content/tesiame-atviru-duomenu-klubo-veikla?inheritRedirect=false&redirect=https%3A%2F%2Fwww.stat.gov.lt%2Fhome%3Fp_p_id%3D101_INSTANCE_lbrXvLVHX2ln%26p_p_lifecycle%3D0%26p_p_state%3Dnormal%26p_p_mode%3Dview%26p_p_col_id%3Dcolumn-2%26p_p_col_count%3D1
https://www.facebook.com/ekonomikosministerija/posts/pfbid02kkSFmtQWEALHA4hMzGSjLYpXj9KKy72bKDZ1MVrUSX7RS8picKXTeds8wDx3VCCwl
https://www.linkedin.com/posts/lina-giedraitien%C4%97-90a3a74a_opendata-collaboration-redcarpet-activity-7062851263012466688-XZi0?utm_source=share&utm_medium=member_desktop";Complement;;"National open data team consists of 3 main actors: 1) the Lithuanian Ministry of the Economy and Innovation, which is responsible for open data policy making and construction of financial measures, 2) Information Society Development Committee which is responsible for implementing open data policy and maintenance of the Lithuanian open data portal, 3) State Data Agency, which is responsible for a centralized data opening scheme and standardized anonymization of data. 
In conclusion, open data is a horizontal area where activities (including daily communication, exchanging  of knowledge) of responsible policy making and policy implementing authorities go hand in hand in order to reach target audience and set goals.

""Open Data Club"""" is an initiative connecting 3 main actors and additionaly including the data opening coordinators of all ministries, and institutions subordinate to and accountable to them,  to discuss relevant topics and exchange experiences in the field of open data: 
https://www.linkedin.com/posts/information-society-development-committee_%C4%AFvyko-viii-asis-ekonomikos-ir-inovacij%C5%B3-ministerija-activity-7193618486386966528--kLi?utm_source=share&utm_medium=member_desktop
https://www.linkedin.com/posts/lietuvos-statistika-statistics-lithuania_eimin-eimin-atviruduomenuportalas-activity-7156612009336156161-y_gN?utm_source=share&utm_medium=member_desktop
https://www.facebook.com/ekonomikosministerija/posts/pfbid0XvPWCLJ8gERYj1RV85wdR3c9u8qEkrHhw7AF84Smo81ZsSGybfUSDbV2o7hwuzG1l 
https://data.gov.lt/news/31
https://www.stat.gov.lt/home/-/asset_publisher/lbrXvLVHX2ln/content/tesiame-atviru-duomenu-klubo-veikla?inheritRedirect=false&redirect=https%3A%2F%2Fwww.stat.gov.lt%2Fhome%3Fp_p_id%3D101_INSTANCE_lbrXvLVHX2ln%26p_p_lifecycle%3D0%26p_p_state%3Dnormal%26p_p_mode%3Dview%26p_p_col_id%3Dcolumn-2%26p_p_col_count%3D1
https://www.facebook.com/ekonomikosministerija/posts/pfbid02kkSFmtQWEALHA4hMzGSjLYpXj9KKy72bKDZ1MVrUSX7RS8picKXTeds8wDx3VCCwl
https://www.linkedin.com/posts/lina-giedraitien%C4%97-90a3a74a_opendata-collaboration-redcarpet-activity-7062851263012466688-XZi0?utm_source=share&utm_medium=member_desktop"""
P19;"Does the governance model include the appointment of official roles in civil services that are dedicated to open data (e.g. open data officers)?

For Explanation:
* If yes, please describe how this task is fulfilled at public body level.";yes;"POLICY:
According to Article 7(1)(2)(3) of Description of data opening procedure approved by the Minister of Economy and Innovation 01/04/2022, (https://e-seimas.lrs.lt/portal/legalAct/lt/TAD/327dd210495011ebb394e1efb98d3e67/asr), all public bodies are obliged to appoint a person responsible for organising the opening of the authority’s data, the ‘Data Opening Coordinator’. The designated coordinator has to ensure that the process of opening data is carried out, together with its supervision and compliance with the requirements laid down in the legislation.";Complement;;"POLICY:
According to Article 7(1)(2)(3) of Description of data opening procedure approved by the Minister of Economy and Innovation 01/04/2022, (https://e-seimas.lrs.lt/portal/legalAct/lt/TAD/327dd210495011ebb394e1efb98d3e67/asr), all public bodies are obliged to appoint a person responsible for organising the opening of the authority’s data, the ‘Data Opening Coordinator’. The designated coordinator has to ensure that the process of opening data is carried out, together with its supervision and compliance with the requirements laid down in the legislation.
According to the Law of the Republic of Lithuania on State Information Resources Management (https://e-seimas.lrs.lt/portal/legalAct/lt/TAD/TAIS.415499/asr):
- State Digitization Commissioner simultaneously performs the functions of the Ministry's Institutional Digitization Commissioner and assists the Minister in formulating political provisions, setting priorities and making decisions regarding the need to ensure the reuse of data and changes in its legal regulation (article 13 (3));
- Institutional Digitization Officer together with the person or persons responsible for the organization of data reuse, specified in the description of the procedure for data preparation and publication for reuse, approved by the minister, ensures the reuse of data (article 14 (3));
- Data Management Commissioner together with the person or persons responsible for organizing data reuse, organizes data reuse, monitors and analyzes data reuse processes, provides the data manager with the results of the monitoring and proposals for the necessary decisions on data reuse issues (article 15 (2))."
P20;"Is there a regular exchange of knowledge or experiences between the national open data team and the wider network of open data officers in your country? 

For Explanation:
* If yes, please briefly describe how this exchange takes place and provide evidence supporting your answer (e.g. meeting agendas, URLs to news items).";yes;"- ""OPEN DATA CLUB"" is an initiative connecting 3 main actors and additionaly including the data opening coordinators of all ministries to discuss relevant topics and exchange experiences in the field of open data: 
1) https://www.facebook.com/ekonomikosministerija/posts/pfbid0XvPWCLJ8gERYj1RV85wdR3c9u8qEkrHhw7AF84Smo81ZsSGybfUSDbV2o7hwuzG1l 
2) https://www.stat.gov.lt/home/-/asset_publisher/lbrXvLVHX2ln/content/tesiame-atviru-duomenu-klubo-veikla?inheritRedirect=false&redirect=https%3A%2F%2Fwww.stat.gov.lt%2Fhome%3Fp_p_id%3D101_INSTANCE_lbrXvLVHX2ln%26p_p_lifecycle%3D0%26p_p_state%3Dnormal%26p_p_mode%3Dview%26p_p_col_id%3Dcolumn-2%26p_p_col_count%3D1
3) https://data.gov.lt/news/31
4) https://www.facebook.com/ekonomikosministerija/posts/pfbid02kkSFmtQWEALHA4hMzGSjLYpXj9KKy72bKDZ1MVrUSX7RS8picKXTeds8wDx3VCCwl
5) https://www.linkedin.com/posts/lina-giedraitien%C4%97-90a3a74a_opendata-collaboration-redcarpet-activity-7062851263012466688-XZi0?utm_source=share&utm_medium=member_desktop

 - The Chancellery of the Government of the Republic of Lithuania continues to strengthen the competencies of public sector employees and initiated practical workshops, which strengthen practical knowledge of strategic, data and open data management, and improve analytical skills:
https://www.delfi.lt/uzsakomasis-turinys/premium/duomenu-ir-atviru-duomenu-valdymas-dalis-viesojo-sektoriaus-specialistu-kompetenciju-92395709

 - Newsletters on strategic management in the public sector are being prepared in order to provide news on strategic management and open data in Lithuania and abroad are issued every quarter - https://lrvk.lrv.lt/lt/apie-vyriausybes-kanceliarija/lrvk-projektu-portfelis/igyvendinami-projektai/valdymo-gebejimu-stiprinimas/naujienlaiskiai";Complement;;"- ""OPEN DATA CLUB"" is an initiative connecting 3 main actors and additionaly including the data opening coordinators of all ministries to discuss relevant topics and exchange experiences in the field of open data: 
1) https://www.linkedin.com/posts/information-society-development-committee_%C4%AFvyko-viii-asis-ekonomikos-ir-inovacij%C5%B3-ministerija-activity-7193618486386966528--kLi?utm_source=share&utm_medium=member_desktop
2) https://www.linkedin.com/posts/lietuvos-statistika-statistics-lithuania_eimin-eimin-atviruduomenuportalas-activity-7156612009336156161-y_gN?utm_source=share&utm_medium=member_desktophttps://www.facebook.com/ekonomikosministerija/posts/pfbid0XvPWCLJ8gERYj1RV85wdR3c9u8qEkrHhw7AF84Smo81ZsSGybfUSDbV2o7hwuzG1l 
3) https://www.stat.gov.lt/home/-/asset_publisher/lbrXvLVHX2ln/content/tesiame-atviru-duomenu-klubo-veikla?inheritRedirect=false&redirect=https%3A%2F%2Fwww.stat.gov.lt%2Fhome%3Fp_p_id%3D101_INSTANCE_lbrXvLVHX2ln%26p_p_lifecycle%3D0%26p_p_state%3Dnormal%26p_p_mode%3Dview%26p_p_col_id%3Dcolumn-2%26p_p_col_count%3D1
4) https://data.gov.lt/news/31
5) https://www.facebook.com/ekonomikosministerija/posts/pfbid02kkSFmtQWEALHA4hMzGSjLYpXj9KKy72bKDZ1MVrUSX7RS8picKXTeds8wDx3VCCwl
6) https://www.linkedin.com/posts/lina-giedraitien%C4%97-90a3a74a_opendata-collaboration-redcarpet-activity-7062851263012466688-XZi0?utm_source=share&utm_medium=member_desktop

  - The Chancellery of the Government of the Republic of Lithuania strengthened the competencies of public sector employees and initiated practical workshops, which strengthen practical knowledge of strategic, data and open data management, and improve analytical skills:
https://www.delfi.lt/uzsakomasis-turinys/premium/duomenu-ir-atviru-duomenu-valdymas-dalis-viesojo-sektoriaus-specialistu-kompetenciju-92395709

  - Newsletters on strategic management in the public sector were prepared in order to provide news on strategic management and open data in Lithuania and abroad are issued every quarter - https://lrv.lt/lt/vyriausybes-kanceliarija-1/apie-lrvk/lrvk-projektu-portfelis/igyvendinami-projektai/valdymo-gebejimu-stiprinimas/naujienlaiskiai/

  - Open data events:
1) Open Data Conference „Open data opportunities - see what is not visible!“ (https://www.youtube.com/watch?v=owjZYMphpBI; Konferencija „Atvirų duomenų galimybės – pamatyk, kas nematoma!“ | Facebook)
2) Vilnius Data Fest (https://www.youtube.com/watch?v=4BTXPDUrJ2E)
3) ""Digital Bookseller"" awards (https://ivpk.lrv.lt/lt/naujienos/geriausiems-lietuvos-skaitmeniniams-sprendimams-isdalinti-skaitmeninio-knygnesio-apdovanojimai/)"
P21;"Is there a regular exchange of knowledge or experiences between public sector bodies (i.e. the providers) and open data reusers (e.g. academia, citizens, businesses)?

For Explanation:
* If yes, please briefly describe how this exchange takes place and provide evidence supporting your answer (e.g. meeting agendas, URLs to news items).";yes;"- Infrmation Society Development Committee periodically provides demos for data users with examples, how data can be used and interpreted. Demos are provided with experts of a field were data comes from.
https://www.youtube.com/playlist?list=PLtptnWie_iVvLbVihFZIvcErEZz4_Vc08

 - Also, Information Society Development Committee monitors best practices of services, processes or products developed using open data or data, and all these examples are accessible here - https://data.gov.lt/usecases/examples . Sharing best practices on open data adds value and can inspire other data users to follow the example and create new services or otherwise increase the value of open data reuse.

 - Moreover, regular meetings take place at the political level, as political leadership plays an important role in opening up data.";Complement;;"- Infrmation Society Development Committee periodically provides demos for data users with examples, how data can be used and interpreted. Demos are provided with experts of a field were data comes from.
https://www.youtube.com/playlist?list=PLtptnWie_iVvLbVihFZIvcErEZz4_Vc08

 - Also, Information Society Development Committee monitors best practices of services, processes or products developed using open data or data, and all these examples are accessible here - https://data.gov.lt/usecases/examples . Sharing best practices on open data adds value and can inspire other data users to follow the example and create new services or otherwise increase the value of open data reuse.

 - Regular meetings take place at the political level, as political leadership plays an important role in opening up data.

- Thera were organised open data events, for example:
1) Open Data Conference „Open data opportunities - see what is not visible!“ (https://www.youtube.com/watch?v=owjZYMphpBI; Konferencija „Atvirų duomenų galimybės – pamatyk, kas nematoma!“ | Facebook)
2) Vilnius Data Fest (https://www.youtube.com/watch?v=4BTXPDUrJ2E)
3) ""Digital Bookseller"" awards (https://ivpk.lrv.lt/lt/naujienos/geriausiems-lietuvos-skaitmeniniams-sprendimams-isdalinti-skaitmeninio-knygnesio-apdovanojimai/)"
P22;"Do data publication plans exist at public body level?

For Explanation:
* If yes, please provide the URL and briefly highlight the key aspects covered. ";yes;"Information Society Development Committee is performing EU-funded open data project “Development of an open data platform enabling efficient re-use of public sector information for business and its management tools” (project value: EUR 3 931 456) - https://ivpk.lrv.lt/lt/apie-ivpk/atviru-duomenu-platformos-igalinancios-efektyvu-viesojo-sektoriaus-informacijos-pakartotini-panaudojima-verslui-ir-jos-valdymo-irankiu-sukurimas . 
During the phase II of the project (2020-2023) public sector‘s priority data - new high-demand datasets from 50 public sector institutions will be opened - https://data.gov.lt/news/33. All these institutions prepared action plans with specified datasets. For project’s work planning, it is used GitHub - https://github.com/orgs/atviriduomenys/projects/2, which reviews and manages the descriptions of open data structures https://github.com/atviriduomenys/manifest. Finally, the data corresponding to the validated structure description are published in an open data repository https://get.data.gov.lt/

Institutions also have their own plans/strategies for data opening, an example could be The Center of Registers, which oversees the country's main registers and information systems - https://eimin.lrv.lt/lt/naujienos/registru-centras-visuomenei-atvere-naujus-atviru-duomenu-rinkinius";Complement;;"In the description of the Data Opening procedure it is provided that sthe State data agency prepares and publishes on the national open data portal a data opening plan coordinated with an institution or a state-run entity, which is drawn up taking into account the requests of users submitted on the portal for obtaining new open data sets and (or) changing and (or) supplementing existing open data sets (https://e-seimas.lrs.lt/portal/legalAct/lt/TAD/327dd210495011ebb394e1efb98d3e67/asr, article 13.1).

Also, there is an option to plan opening stage of each institutional data set on the open data portal (for example https://data.gov.lt/datasets/2636/plans/)

Information Society Development Committee performed EU-funded open data project “Development of an open data platform enabling efficient re-use of public sector information for business and its management tools” (project value: EUR 3 931 456) - https://ivpk.lrv.lt/lt/apie-ivpk/projektai/atviru-duomenu-platformos-igalinancios-efektyvu-viesojo-sektoriaus-informacijos-pakartotini-panaudojima-verslui-ir-jos-valdymo-irankiu-sukurimas/. 
During the phase II of the project (2020-2023) public sector‘s priority data - new high-demand datasets from 50 public sector institutions are opened - https://data.gov.lt/blog/2024/01/08/s%C4%97kmingai-%C4%AFgyvendintas-vienas-svarbiausi%C5%B3-projekt%C5%B3-susijusi%C5%B3-su-duomen%C5%B3-atv%C4%97rimo-ekosistemos-k%C5%ABrimu/. All these institutions prepared action plans with specified datasets. For project’s work planning, it was used GitHub - https://github.com/orgs/atviriduomenys/projects/2, which reviewed and managed the descriptions of open data structures https://github.com/atviriduomenys/manifest. Finally, the data corresponding to the validated structure description are published in an open data repository https://get.data.gov.lt/

Institutions also have their own plans/strategies for data opening, an example could be The Center of Registers, which oversees the country's main registers and information systems - https://eimin.lrv.lt/lt/ziniasklaidai/naujienos/registru-centras-visuomenei-atvere-naujus-atviru-duomenu-rinkinius/"
P23;"Are there processes to ensure that the open data policies/strategy previously mentioned are implemented (e.g. monitoring)?

For Explanation:
* If yes, please specify the process(es).";yes;"As regards, the implementation of the open government data policy, one of responsibilities of the Information Society Development Committee is monitoring and ensuring the opening of the requested data. According to Article 23.5 of  the Resolution of Minister of Economy and Innovation on data opening procedure, (https://e-seimas.lrs.lt/portal/legalAct/lt/TAD/327dd210495011ebb394e1efb98d3e67/asr), the coordinating authority (Information Society Development Committee) ensures the supervision of the opening of data of institutions and state-owned entities, requested by Users and registered here - https://data.gov.lt/requests/submitted. Also, monitors the progress of data opening and provides reports on the progress, demand and maturity of data opening of institutions and state-owned entities:
https://data.gov.lt/news/34
https://data.gov.lt/news/28";Complement;;"As regards, the implementation of the open government data policy, one of responsibilities of the Information Society Development Committee is monitoring and ensuring the opening of the requested data. According to Article 23.5 of  the Resolution of Minister of Economy and Innovation on data opening procedure, (https://e-seimas.lrs.lt/portal/legalAct/lt/TAD/327dd210495011ebb394e1efb98d3e67/asr), the coordinating authority (Information Society Development Committee) ensures the supervision of the opening of data of institutions and state-owned entities, requested by Users and registered here - https://data.gov.lt/requests/submitted. Also, monitors the progress of data opening and provides reports on the progress, demand and maturity of data opening of institutions and state-owned entities:
https://data.gov.lt/blog/2023/01/29/pernai-gautos-159-uzklausos-del-duomenu-atverimo-populiariausi-teisingumo-ministerijos-duomenys/
https://data.gov.lt/blog/2022/09/12/auga-tiek-atvertu-duomenu-kiekis-tiek-domejimasis-jais/"
P24;"Do you update your policy/strategy as appropriate to ensure its success, such as based on data collected for monitoring?

For explanation:
* If yes, please describe the process and any recent updates made to strategy/policy";new question;new question;Change;Yes;"Existing legislation and processes are reviewed and updated as needed. 
On May 2024 the Parliament of Lithuanian Republic has confirmed the amendments of law on the right to receive information and data reuse (https://e-seimas.lrs.lt/portal/legalAct/lt/TAD/9203a7a2017111ef8e4be9fad87afa59?jfwid=-7i0sbj2e9). The first main amendment is to expand the scope of the law, i.e. to apply the law to all state and municipally managed enterprises and companies that provide public services (currenlty till 01.11.2024 the law is only applied to state and municipally managed enterprises and companies operating in the areas covered by the directive (EU) 2019/1024. The second amendment is to define high-value datasets and their publication and reuse procedure, i.e. provide a link to regulation (EU) 2023/138 (currently till 09.06.2024 it is regulated that the list of thematic categories of high-value data and the list of high-value data sets are approved by the Government).

Currently, it is being reviewed and prepared the minister of economy and innovation of Republic of Lithuania order concerning approval of public sector data opening recommendations."
P25;"Are there any processes in place to assess if public sector bodies are charging for data above marginal cost? (please see directive (EU) 2019/1024 on open data and the reuse of public sector information).

For Explanation:
* If yes, please specify the process(es).";yes;"According to Article 10 of the Law on the Right to Receive Information and Reuse of Data, data for re-use shall be provided to applicants free of charge, unless otherwise provided by the laws of the Republic of Lithuania or the legal acts of the European Union.
 Where a charge is made for the re-use of data, it shall not exceed the marginal cost of reproducing, providing and publishing the data, as well as depersonalising and taking measures to protect confidential business information.
The Communications Regulatory Authority of the Republic of Lithuania (https://www.rrt.lt/en/ ) is responsible authority in assesing if public sector bodies are charging for data above marginal cost.";Confirm;;
P26-a;"What are the top 3 challenges that your country is facing in the implementation of the mentioned open data policies/strategy?

For Explanation:
* Please briefly describe.";N/A;"1. Our main challenge and goal is to increase use of open data. The process of opening up data is significantly intensified (almost 2000 data sets are opened and published on data.gov.lt), therefore we encourage our data users to use open data or request new data for opening so that data could be basis for their new products and technologies. The estimate shows that the efficient use of data can generate an additional 2% of national GDP.
2. Lack of data analysts, competencies in the public sector in working with data and preparing it for opening is still a challenge in Lithuania.
3.	Ensuring data confidentiality is also a challenge. Lithuania is a small country with a low population density, so the more detailed the data, the higher the risk of disclosure. For example, opening Covid-19 data on deaths, especially young people, by gender, age and age dimensions in practice ment identifying the relatives of such a person and escalating the relevant history in public, in violation of the privacy of the relatives.  On the other hand, the ongoing debate on data has led to a better understanding of it.";Change;N/A;"1. Our main challenge and goal is to increase use of open data. The process of opening up data is significantly intensified (more than 1500 data sets are opened and published on data.gov.lt + other data sets that are opned on other national portals), therefore we encourage our data users to use open data or request new data for opening so that data could be basis for their new products and technologies. The estimate shows that the efficient use of data can generate an additional 2% of national GDP.
2. Ensuring data confidentiality is also a challenge. Lithuania is a small country with a low population density, so the more detailed the data, the higher the risk of disclosure. For example, opening Covid-19 data on deaths, especially young people, by gender, age and age dimensions in practice ment identifying the relatives of such a person and escalating the relevant history in public, in violation of the privacy of the relatives.  On the other hand, the ongoing debate on data has led to a better understanding of it.
3. Ensuring national security by opening up public sector data. It is being discussed more and more often that open national data can be used by Lithuania's unfriendly neighbors-states to carry out various provocations or military actions in our country. Therefore, Lithuania and other EU members must assess which data is not safe to open"
P26-b;"Are there activities in place to address these challenges in your country (e.g. with specific national/regional/local plans or initiatives)?

For Explanation:
* If yes, please briefly describe the measures that you have adopted or plan to adopt to address these challenges. 
* If no, please specifiy what is hampering finding a strategic approach to solve these challenges.";yes;"1.	Various workshops and learning material (https://data.gov.lt/opening/learningmaterial/22) are developed (please also see answers to 25a, 26a and 27a questions).
2.	Data sets of state institutions are processed and opened centrally through the State Data Management Information System managed by State Data Agency in order to  ensure standardized quality for anonymisation of institutions’ datasets.
3.	Various initiatives involving different actors are organized (e.g., Open Data Club - https://www.stat.gov.lt/home/-/asset_publisher/lbrXvLVHX2ln/content/tesiame-atviru-duomenu-klubo-veikla?inheritRedirect=false&redirect=https%3A%2F%2Fwww.stat.gov.lt%2Fhome%3Fp_p_id%3D101_INSTANCE_lbrXvLVHX2ln%26p_p_lifecycle%3D0%26p_p_state%3Dnormal%26p_p_mode%3Dview%26p_p_col_id%3Dcolumn-2%26p_p_col_count%3D1).

The Ministry of the Economy and Innovation and Information Society Development Committee monitor best practices of services, processes or products developed using open data or data, and all these examples are accessible here - https://data.gov.lt/usecases/examples . Sharing best practices on open data adds value and can inspire other data users to follow the example and create new services or otherwise increase the value of open data reuse.";Complement;;"1. Various workshops and learning material (https://data.gov.lt/opening/learningmaterial/22) are developed (please also see answers to 20, 27, 28 and 29 questions).
2. Data sets of state institutions are processed and opened centrally through the State Data Management Information System managed by State Data Agency in order to  ensure standardized quality for anonymisation of institutions’ datasets.
3. Various initiatives involving different actors are organized (e.g., Open Data Club - https://vda.lrv.lt/lt/naujienos/sestajame-atviru-duomenu-klubo-susitikime-demesys-dideles-vertes-duomenims/).

The Ministry of the Economy and Innovation and Information Society Development Committee monitor best practices of services, processes or products developed using open data or data, and all these examples are accessible here - https://data.gov.lt/usecases/examples . Sharing best practices on open data adds value and can inspire other data users to follow the example and create new services or otherwise increase the value of open data reuse."
P27;"Are there any activities in place to assist data holders with publishing their data as open data (i.e. to help them with the data opening process)?

For Explanation:
* If yes, please describe/provide examples of these activities.";new question;new question;Change;Yes;"•	Support for data opening. Information Society Development Committee and the State Data Agency provide institutions with assistance and technical support in opening data. Contacts are provided here - https://eimin.lrv.lt/lt/veiklos-sritys/skaitmenine-politika/atviri-duomenys-1
•	National Model for opening data establishes a centralized data opening scheme, which speeds up the data opening process. Data sets of  institutions are processed and opened centrally through the State Data Management Information System managed by State Data Agency, which is responsible for anonymisation, and ensuring of standardized quality of datasets opened by institutions. 
•	In addition, Information Society Development Committee has created video learning material - step by step instructions on data opening (27 series), publicly accessible on Lithuanian open data portal - https://data.gov.lt/opening/learningmaterial/22
•	Also, Data Opening Guide, prepared as part of Lithuanian Open Data Portal, is dedicated tool for organizations that open data and users of open data - https://atviriduomenys.readthedocs.io/index.html.
•	During a project „Strengthening Results Oriented Management Capacities“ (https://lrv.lt/lt/vyriausybes-kanceliarija-1/apie-lrvk/lrvk-projektu-portfelis/igyvendinami-projektai/valdymo-gebejimu-stiprinimas/) methodological instructions on data opening were provided - https://lrv.lt/media/viesa/saugykla/2023/11/R8CFRsBAg0A.pdf ; https://lrv.lt/media/viesa/saugykla/2023/11/dWCoOI0493E.pdf."
P28;"Is there a professional development or training plan for civil servants working with data in your country? 

For Explanation:
* If yes, please briefly describe these training activities.";yes;"The Information Society Development Committee periodically organises workshops for public bodies to discuss their plans for opening data and increase their knowledge. In 2021, it was organised 12 working sessions for the Open data coordinators of main public institutions. Based on these working sessions, it was created video learning material (27 series), publicly accessible on Lithuanian open data portal - https://data.gov.lt/opening/learningmaterial/22
In addition, Data Opening Guide, prepared as part of Lithuanian Open Data Portal, is dedicated tool for organizations that open data and users of open data - https://atviriduomenys.readthedocs.io/index.html.
The Data Opening Guide‘s documentation consists of the following essential parts:
•	Information for data providers on the process of opening data, raising the level of maturity of open data and processing personal data .
•	Information for data users on how to make requests and comments about the data and how to obtain the data itself .
•	A data structure description specification that provides detailed information on how to write and read data structure’s description tables.
•	Information for installers on how to install and configure tools for working with data and  data structure’s description tables.
Also, the European Data Portal e-learning programme was translated into Lithuanian language so that public sector can access learning material on open data online - http://theodi.github.io/EUeLearning/lt/#/id/co-01 . This programme containing 16 modules  has been designed to enable to discover what open data is and how it is changing the lives of everyone on our planet is accessible here - https://eimin.lrv.lt/lt/veiklos-sritys/skaitmenine-politika/atviri-duomenys-1 
The Ministry of Economy and Innovation and Information Society Development Committee are constantly promoting (on social media and by sending formal letters) the new Model of opening data as well as on-line learning material to public authorities in order increase data opening activities and data literacy among public authorities. 
During a project „Strengthening Results Oriented Management Capacities“ (https://lrvk.lrv.lt/lt/apie-vyriausybes-kanceliarija/lrvk-projektu-portfelis/igyvendinami-projektai/valdymo-gebejimu-stiprinimas) at he begining of 2023, there were organized workshops „Aplication of data and open data in strategic management documents“. Target group strengthened knowledge and skills in the field of application of open data in the preparation of annual reports.";Complement;;"The Information Society Development Committee periodically organised workshops for public bodies to discuss their plans for opening data and increase their knowledge. In 2021, it was organised 12 working sessions for the Open data coordinators of main public institutions. Based on these working sessions, it was created video learning material (27 series), publicly accessible on Lithuanian open data portal - https://data.gov.lt/opening/learningmaterial/22
In addition, Data Opening Guide, prepared as part of Lithuanian Open Data Portal, is dedicated tool for organizations that open data and users of open data - https://atviriduomenys.readthedocs.io/index.html.
The Data Opening Guide‘s documentation consists of the following essential parts:
•	Information for data providers on the process of opening data, raising the level of maturity of open data and processing personal data .
•	Information for data users on how to make requests and comments about the data and how to obtain the data itself .
•	A data structure description specification that provides detailed information on how to write and read data structure’s description tables.
•	Information for installers on how to install and configure tools for working with data and  data structure’s description tables.
Also, the European Data Portal e-learning programme was translated into Lithuanian language so that public sector can access learning material on open data online - http://theodi.github.io/EUeLearning/lt/#/id/co-01 . This programme containing 16 modules  has been designed to enable to discover what open data is and how it is changing the lives of everyone on our planet is accessible here - https://eimin.lrv.lt/lt/veiklos-sritys/skaitmenine-politika/atviri-duomenys-1 
The Ministry of Economy and Innovation and Information Society Development Committee are constantly promoting (on social media and by sending formal letters) the new Model of opening data as well as on-line learning material to public authorities in order increase data opening activities and data literacy among public authorities. 
During a project „Strengthening Results Oriented Management Capacities“ (https://lrv.lt/lt/vyriausybes-kanceliarija-1/apie-lrvk/lrvk-projektu-portfelis/igyvendinami-projektai/valdymo-gebejimu-stiprinimas/) at he begining of 2023, there were organized workshops „Aplication of data and open data in strategic management documents“. Target group strengthened knowledge and skills in the field of application of open data in the preparation of annual reports."
P29;"Are there annually held national, regional or local events (e.g. hackathons, courses, conferences, users meet-ups, summer/winter schools) to promote open data and open data literacy in your country beyond the target group of public servants? 
 
For Explanation:
* If yes, please provide examples (e.g. title, date, location of the event and URL).";yes, 6-9;"•	In 2023 May, Conference of the Ministry of Transport on transport sector open data - https://sumin.lrv.lt/lt/naujienos/susisiekimo-ministerija-kita-savaite-kviecia-i-pirmaja-susisiekimo-sektoriaus-apzvalgos-ir-atviru-duomenu-konferencija
•	In 2023 May, The Ministry of Environment organised conference ""How to create an information system for the public sector 10 times faster and 10 times cheaper?"" where were talked about open enivronment data impact (https://www.facebook.com/events/1373265573242909)
•	In 2023 April, general director of the State Data Agency gave a speech at the conference ""Lithuanian Digitization Progress"". Key highlight from the report ""Breakthrough in the opening of public sector data"":
1. The State Data Agency has taken the lead in centralizing the opening of public sector data. Opening up high-maturity data is one of the most important goals of the state data ecosystem that the agency is building. Legal, technological and financial prerequisites have been created for this.
2. Until 2026 an extremely ambitious goal was set - to centrally open the data of more than 300 state information resources, while at the same time creating a public sector metadata catalog that is understandable not only for systems, but also for people, which will allow for the creation of new data use needs. In this context, the Data Management Act is starting to work, expanding the possibilities of re-using public sector data. (https://www.youtube.com/watch?v=RH9-kUEul-M)
•	In 2023 January-February Office of the Government organised workshops „Aplication of data and open data in strategic management documents“.
•	In 2022 December Office of the Government organised an event ""Good experience in Open Data management in Ireland"" (https://www.youtube.com/watch?v=sNn2PfPMnlY)
(https://verslodirbtuvesvideo.vz.lt/vieso-sektoriaus-duomen-atv-rimo-proverzis/)
•	In 2022 October, Minsitry of Health organised public discussion ""Reuse of health data. Where are we and where do we want to go?"" (https://www.facebook.com/sam.lt/videos/vie%C5%A1oji-diskusija-pakartotinis-sveikatos-duomen%C5%B3-naudojimas-kur-esame-ir-kur-nor/778695336535306?locale=lt_LT)
•	In 2022 Septemeber, Ministry of Transport conference ""Open data - a breakthrough in the transport sector""
(https://www.delfi.lt/video/laidos/partnerio-turinys/atviri-duomenys-proverzis-susisiekimo-sektoriuje.d?id=91266827)";Change;Yes, >9;"• In 2024 May, the event organized by the State Data Agency and the Government of the Republic of Lithuania – „State Data Lake History: Part II „Deep““ (https://vda.lrv.lt/lt/naujienos/valstybes-duomenu-ezeras-platyn-ir-gilyn/)
• In 2023 November, the event organized by the State Data Agency and the Government of the Republic of Lithuania – „The History of the State Data Lake: Part I Ice Age“ (https://vda.lrv.lt/lt/naujienos/renginyje-aptarta-valstybes-duomenu-inventorizacija-ir-darnus-bendradarbiavimas-su-institucijomis/).
• In 2023 October, Conference of Ministry of Economy and Innovations and Information Society Development Committee - „Open data opportunities - see what is not visible!“ (https://www.youtube.com/watch?v=owjZYMphpBI; Konferencija „Atvirų duomenų galimybės – pamatyk, kas nematoma!“ | Facebook)
• In 2023 May, Conference of the Ministry of Transport on transport sector open data - https://sumin.lrv.lt/lt/naujienos/susisiekimo-ministerija-kita-savaite-kviecia-i-pirmaja-susisiekimo-sektoriaus-apzvalgos-ir-atviru-duomenu-konferencija
• In 2023 May, The Ministry of Environment organised conference ""How to create an information system for the public sector 10 times faster and 10 times cheaper?"" where were talked about open enivronment data impact (https://www.facebook.com/events/1373265573242909)
• In 2023 April, general director of the State Data Agency gave a speech at the conference ""Lithuanian Digitization Progress"". Key highlight from the report ""Breakthrough in the opening of public sector data"":
1. The State Data Agency has taken the lead in centralizing the opening of public sector data. Opening up high-maturity data is one of the most important goals of the state data ecosystem that the agency is building. Legal, technological and financial prerequisites have been created for this.
2. Until 2026 an extremely ambitious goal was set - to centrally open the data of more than 300 state information resources, while at the same time creating a public sector metadata catalog that is understandable not only for systems, but also for people, which will allow for the creation of new data use needs. In this context, the Data Management Act is starting to work, expanding the possibilities of re-using public sector data. (https://www.youtube.com/watch?v=RH9-kUEul-M)
• In 2023 January-February Office of the Government organised workshops „Aplication of data and open data in strategic management documents“.
• In 2022 December Office of the Government organised an event ""Good experience in Open Data management in Ireland"" (https://www.youtube.com/watch?v=sNn2PfPMnlY)
(https://verslodirbtuvesvideo.vz.lt/vieso-sektoriaus-duomen-atv-rimo-proverzis/)
• In 2022 October, Minsitry of Health organised public discussion ""Reuse of health data. Where are we and where do we want to go?"" (https://www.facebook.com/sam.lt/videos/vie%C5%A1oji-diskusija-pakartotinis-sveikatos-duomen%C5%B3-naudojimas-kur-esame-ir-kur-nor/778695336535306?locale=lt_LT)
• In 2022 Septemeber, Ministry of Transport conference ""Open data - a breakthrough in the transport sector""
(https://www.delfi.lt/video/laidos/partnerio-turinys/atviri-duomenys-proverzis-susisiekimo-sektoriuje.d?id=91266827)"
PT1;"Is there a national portal in your country for that enables users to search for open datasets and find where to download open data? 

For Explanation:
* If yes, please provide the URL of the national portal.";yes;https://data.gov.lt/?lang=en;Confirm;;
PT2;"For Explanation:
* What is the technology stack of your portal (e.g. based on uData, CKAN, etc.)";new question;new question;Change;A self-developed solution on the Python platform;A self-developed solution on the Python platform
PT3;"Does the national portal offer to its users a way to programmatically query the metadata via an API?

For Explanation:
* If yes, please provide the direct-URL to this feature.";new question;new question;Change;Yes;API is documented here https://old.data.gov.lt/public/api/1
PT4;"Does the national portal offer to its users a way to programmatically query the metadata via a SPARQL access point?

For Explanation:
* If yes, please provide the direct-URL to this feature.";new question;new question;Change;Yes;SPARQL access point can accessed here https://data.gov.lt/sparql/
PT5;"Does the national portal offer/link to documentation on the use of APIs?

For Explanation:
* If yes, please provide the direct-URL to this feature.  ";new question;new question;Change;Yes;API documentation can be found here: https://atviriduomenys.readthedocs.io/search.html?q=API&check_keywords=yes&area=default
PT6;"Does the national portal offer/link to documentation on the use of SPARQL? 

For Explanation:
* If yes, please provide the direct-URL to this feature.  ";new question;new question;Change;Yes;"""Instead of the SPARQL access point, the REST JSON access point is implemented, which is the most demanded among
Data users, in addition, it is possible to export data in RDF-XML format, which
converted to TripleStore with SPARQL (implemented JSON API instead of SPARQL, conforming to UDTS
API specification. However, it is possible to export data in RDF format, import it into Triple
store that supports SPARQL).  Documentation https://atviriduomenys.readthedocs.io/savokos.html?highlight=REST%20JSON#term-REST-API"""
PT7;"Does the national portal provide functionality for users to contribute datasets they have produced or enriched? 

For explanation:
* If yes, please (1) explain how  the portal facilitate the linking of documentation and supporting materials to these user-contributed datasets and (2) provide the direct-URL to this feature.";new question;new question;Change;Yes;"Users can register as data provider following this link https://data.gov.lt/login/?next=/. After that they able to conribute their datasets or enrich contributed before ones. 
An example of a request made to complement an already published dataset https://data.gov.lt/requests/14327/, and here is a dataset which fulfilled that request https://data.gov.lt/datasets/2121/"
PT8;"Does the national portal offer a mechanism for users to provide general feedback, such  a 'Contact us' or 'Feedback' button that is placed in a visible spot and would allows users to send a general comment concerning the portal?

For Explanation:
* If yes, please provide the direct-URL to this feature or describe how this functionality is provided.";yes;"In front page of the portal on the top there is ""Request and suggestions"" tag. https://data.gov.lt/
Additionally  data users can put a comment to any particular data set, to register data request.
https://data.gov.lt/dataset/2014-2020-metu-europos-sajungos-fondu-investicijos; Or send message by email from first page ""Contact us""
https://data.gov.lt/page/contacts";Change;Yes;"In front page of the portal on the top there is ""Requests and suggestions"" tag. https://data.gov.lt/requests/add/
Additionally  data users can put a comment to any particular data set, to register data request, for example,
https://data.gov.lt/datasets/2159/.  Finally, a message can be sent by email using ""Contact us"" option, which can be found in the title page of the portal opening drop down menu option ""More""
https://data.gov.lt/more/contacts/"
PT9;"Does the national portal offer a mechanism for users to provide feedback on specific datasets, such as a 'feedback button' or a comment/discussion section under the dataset?

For Explanation:
* If yes, please provide the direct-URL to this feature or describe how this functionality is provided.";yes;"Each metadata page has Comment field.
The examples: https://data.gov.lt/dataset/valstybes-islaidu-biudzetas?lang=en
https://data.gov.lt/dataset/isrinkti-politikai";Change;Yes;"Each metadata page includes a comment field at the bottom, for instance, https://data.gov.lt/datasets/1484/. Feedback can also be provided in several other places, such as:

On the data structure page, which lists models: https://data.gov.lt/datasets/1484/
Within a specific model itself: https://data.gov.lt/datasets/1484/models/JuridinisAsmuo/
For individual fields within the data structure.
Whenever a comment is submitted, a task is automatically created for the institution's open data coordinator or data manager."
PT10;"Does the national portal provide a mechanism for users to rate datasets?

For Explanation:
* If yes, please provide the direct-URL to this feature or describe how this functionality is provided.";yes;An example: https://data.gov.lt/dataset/juridiniu-asmenu-vardu-lietuvoje-iregistruotu-keliu-transporto-priemoniu-duomenys?lang=en;Change;Yes;"There is an option to rate a dataset by clicking ""Like/Dislike"" button in any dataset's metadata page. An example: https://data.gov.lt/datasets/1212/"
PT11;"Does the national portal enable users to find information and news on relevant open data topics in the country?

For Explanation:
* If yes, please provide the direct-URL to this feature.  ";yes;https://data.gov.lt/news;Change;Yes;News section can be accessed here https://data.gov.lt/blog/
PT12;"Does the national portal offer the possibility for users to receive notifications when new datasets are available on the national portal (RSS, ATOM feeds, email notifications etc.)?

For Explanation:
* If yes, please provide the direct-URL to this feature.  ";yes;"Users can subscribe to data set update notifications. 
An example https://data.gov.lt/dataset/juridiniu-asmenu-vardu-lietuvoje-iregistruotu-keliu-transporto-priemoniu-duomenys";Change;Yes;"Users can subscribe to be informed on any dataset and receive notifications afterwards 
An example https://data.gov.lt/datasets/1212/"
PT13;"Does the national portal enable users to request datasets, such as through a ""request data"" button? 

For Explanation:
* If yes, please provide the direct-URL to this feature or describe how this functionality is provided.";yes;https://data.gov.lt/requests/request;Change;Yes;"On the left-hand side of the page, user will find a button labeled ""Create a request."" Clicking on this button will directly take the user to the request form at https://data.gov.lt/requests/add/. This form serves multiple purposes, allowing users to request a new dataset, make a request regarding an existing dataset, or report any errors found within a dataset."
PT14;"Are requests for datasets and their progress status presented in a transparent manner on the national portal? 

For Explanation:
* If yes, please provide the direct-URL to this feature.  ";yes;https://data.gov.lt/requests/submitted;Change;Yes;"User can access the ""Requests and Suggestions"" page through the main menu located at the top of the page. On this page, user willll find a comprehensive list of all requests submitted, with options to filter them by status, organization, date, and more. User can visit the page directly at https://data.gov.lt/requests/submitted/.
Also, the request can be made in different sections of the portal but mostly this option appears close to the comment box, e.g. in dataset's metadata page https://data.gov.lt/datasets/1484/#info 
data structure's model page https://data.gov.lt/datasets/1484/models/JuridinisAsmuo/, etc."
PT15;"Does the team monitor the extent to which requests (either via the portal or otherwise) result in the publication of the requested data?

For Explanation:
* If yes, please describe how this monitoring is conducted.";yes;Inquiries are registered on the portal and directed to the organization. If no organization is specified, the request is routed to the coordinator. The Chief Coordinator is responsible for resdirecting to specific data provider.;Complement;;There is a deadline for responding to the request. If the response is not provided by that date, the issue is escalated to the institution's coordinator. If the coordinator does not respond, it is further escalated to the Ministry level.
PT16;"Does the national portal offer a mechanism for users to exchange with others, such as a discussion forum?

For Explanation:
* If yes, please provide the direct-URL to this feature or describe how this functionality is provided.";yes;"This Portal site (https://data.gov.lt/news/11) provides with references to ""Open data"" disscussion group registration form https://docs.google.com/forms/d/e/1FAIpQLSdhN96KdzhwGszzTc2E3Ubc_JgscrctmbUE_OHA--7U7C_hbQ/viewform;
The user can comment on the dataset and other users can express their different views, also.";Change;Yes;"This Portal site (https://data.gov.lt/blog/2021/04/13/kvieciame-prisijungti-prie-atviru-duomenu-entuziastu-grupes/) provides with references to ""Open data"" disscussion group registration form https://docs.google.com/forms/d/e/1FAIpQLSdhN96KdzhwGszzTc2E3Ubc_JgscrctmbUE_OHA--7U7C_hbQ/viewform;
The user can comment on the dataset and other users can express their different views, also."
PT17;"Does the national portal showcase reuse cases, such as in a designated section of the portal?

For Explanation:
* If yes, please provide the direct-URL to this feature. ";yes;https://data.gov.lt/usecases/examples;Change;Yes;It can be accessed here https://data.gov.lt/projects/
PT18;"Does the national portal reference the datasets that the showcased reuse cases are based on (i.e. there is a link between the reuse case in the showcase and the underlying dataset on the portal)?

For Explanation:
* If yes, please provide the URL to this feature/to an example documenting this feature.";yes;https://data.gov.lt/usecases/examples;Change;Yes;By describing showcases there is a possibility to link used open data. https://data.gov.lt/projects/
PT19;"Does the national portal provide the possibility for users to submit their own reuse cases?

For Explanation:
* If yes, please provide the direct-URL to this feature. ";yes;"https://data.gov.lt/usecases/examples
https://github.com/tomasrasymas/Lithuania-legal-entities-dataset";Change;Yes;"It can be done here https://data.gov.lt/projects/ by pressing ""Submit a new use case"" button"
PT20;"Does the national portal offer a preview function for tabular data?

For Explanation:
* If yes, please provide the URL to an example documenting this feature.";yes;https://data.gov.lt/usecases/examples;Change;Yes;"When a dataset is created, the institution must prepare a data structure to ensure communication with the data storage. The data structure acts as an instruction to retrieve the data from storage and display it as tabular data on the portal. The tabular data can be found under the ""Data"" tab. For example: https://data.gov.lt/datasets/1891/data/Punktas/.

Additionally, there is an option to preview geographic data. This can be done by going to the ""Structure"" tab of the dataset, selecting a model, and then choosing a field intended to show coordinates. This will display a map with a marker placed according to the coordinates. For example: https://data.gov.lt/datasets/1891/models/Punktas/koord/."
PT21;"Does the national portal offer a preview function for geospatial data?

For Explanation:
* If yes, please provide the URL to an example documenting this feature.";yes;"Spatial data metadata is provided from the primary geoportal, which contains a spatial preview:
https://www.geoportal.lt/metadata-catalog/catalog/search/resource/details.page?uuid={E8FFE336-ABE2-4950-BD49-D8B2501C4B8A}
„RESPONSE TO REVIEWER“: From LT domain  this link is OK. Probably access caused by network restictions.";Change;Yes;"There is an option to preview geographic data. This can be done by going to the ""Structure"" tab of the dataset, selecting a model, and then choosing a field intended to show coordinates. This will display a map with a marker placed according to the coordinates. For example: https://data.gov.lt/datasets/1891/models/Punktas/koord/."
PT22;"Do you promote high-value datastes on your national portal (e.g. use filtering features for reusers to easily find such datasets, use editorial features to promote the datasets, etc.))?

For Explanation:
* If yes, please specify how and highlight challenges if any. 
* If you are an EFTA or a candidate country to the EU, please select 'not applicable'.";new question;new question;Change;Yes;"Following this link https://data.gov.lt/datasets/ on the left hand side of the page there is a filter to choose ""High value datasets"" under ""Group"" filter.
The user can also choose according to high-value thematic categories."
PT23;"Do you monitor the portal's traffic (e.g. in terms of number of unique visitors, visitor profiles, percentage of machine traffic, number of downloads according to the number of datasets etc.)? 

For Explanation:
* If yes, which tool(s) do you use?";yes;"Google Analytics; Internal portal statistics data https://data.gov.lt/reports/53; 
Portal data usage statistics are summarized in the annual review https://data.gov.lt/file/e5143acd-1324-43fd-bf37-47896cda263f";Change;Yes;"Statistics with various different parameters can be set and viewed here https://data.gov.lt/datasets/ by clicking on any of the filters heading with the graph icon in front of it. That leads to statistics page, e.g. https://data.gov.lt/dataset/stats/jurisdiction/?

Additionally, each dataset tracks views, providing a fundamental understanding of its usage.

Furthermore, instructions of how to find information about access loogging can be found here: https://spinta.readthedocs.io/en/latest/manual/accesslog.html

Fianlly, we use Google analytics to gather information about the portal's traffic."
PT24;"Do you run analytics on API usage?

For Explanation:
* If yes, please briefly (1) describe your process and (2) how you use the insights to improve the portal";yes;N/A;Change;Yes;Indeed, we gather data regarding API usage, including statistics on dataset views and downloads via API.
PT25;"Besides monitoring portal traffic, do you perform any further activities to better understand the behaviour and needs of users of your portal (e.g. web analytics, surveys, or analysis of social media feeds)?

For Explanation:
* If yes, please (1) specify the activities and explain (2) how they help you understand user needs";yes;"We disseminate information on social networks 
(Facebook - https://www.facebook.com/IVPKomitetas/posts/pfbid02dZZRrYbifQvQjkjXftVGLUXGZX21vwjvRF96J165B4WFo3wBho6Tx5WhTKmyEfAFl
Linkedin - https://www.linkedin.com/feed/update/urn:li:activity:7054693483554443264) about open data sets and monitor the response of respondents.
 We also analyze user comments and evaluations submitted on the portal, expressing the needs of open data, and monitor how institutions take them into account.";Confirm;;
PT26;"Do you used the insights about portal usage and about the behaviour and needs of portal users to improve the portal accordingly?

For Explanation:
* If yes, please explain your process for improving the portal based on user insights and feedback
* If relevant, kindly highlight some improvements made in the past year";new question;new question;Change;Yes;"We greatly value feedback received from various channels, be it through social media platforms or direct contact, as it plays a pivotal role in the ongoing enhancement of the portal. Our focus on continuous improvement entails several key developments:

- Enhancing the user interface to ensure a more intuitive experience within the portal.
- Strengthening API tools to offer improved functionality and accessibility.
- Implementing enhanced task management features tailored to the needs of institution coordinators.
- Refining the management system for handling requests and suggestions, among other improvements.

We utilize the Github platform to log portal errors and potential enhancements, employing a method akin to incident ticketing. https://github.com/orgs/atviriduomenys/projects/9/views/1"
PT27;"Do you undertake any activities to promote the portal and attract new users or new audiences?

For explanation:
* If yes, please (1) explain what activities your perform, and (2) mention if these activities are directed at any specific target audience (e.g. business, public sector, academia, etc.)";new question;new question;Change;Yes;"The promotion of the open data portal extends across multiple platforms, including the portal itself, LinkedIn, Facebook, the organization's official website (https://ivpk.lrv.lt/en/), YouTube, and through live events. For instance, during the event ""Open Data Opportunities - See the Invisible,"" various topics were discussed, such as the current state of open data in Lithuania, opportunities offered by the Open Data Portal, the significance of open data in advancing artificial intelligence and other innovations, and insights from market experts regarding data utilization in sectors like health and space.

Furthermore, the introduction of new datasets is highlighted through social media channels like LinkedIn and Facebook. The target audience for these promotional efforts is diverse and may encompass business entities, governmental organizations, academic institutions, individual users, and more."
PT28;"Do you monitor what keywords are used to search for data and content on the portal?

For Explanation:
* If yes, please briefly (1) describe your process and (2) how you use the insights to improve the portal";new question;new question;Change;Yes;"One of the filters accessible on the portal is labeled ""Tag."" Moreover, on the dashboard page, ""Tag"" can be utilized to monitor data.https://data.gov.lt/datasets/stats/status/?"
PT29;"Do you monitor the most and least consulted pages?

For Explanation:
* If yes, please briefly (1) describe your process and (2) how you use the insights to improve the portal
* For informational purposes, kindly provide the URLs to the five most popular datasets on the portal";new question;new question;Change;Yes;We have an internal usage statistics report, so we can only answer this question after preparing this report.
PT30;"Do you take measures to optimise the search and discoverability of content (data and editorial)? 

For Explanation:
*If yes, please briefly describe how your optimise the search";yes;We evaluate how many steps it takes to find the desired set, which filters are the most convenient to use. The number of findeablity improvemnts are planned to make interface more user friendly to search and edit data sets. For example, the new version that we will introduce in 2023 uses a multi-level hierarchy of activity categories;Change;Yes;We assess the efficiency of locating the desired dataset by measuring the number of steps required and identifying the most user-friendly filters. Additionally, we've introduced several new filters to enable data users to refine their search criteria more effectively. In the previous version of the portal, there were separate environments for previewing and editing datasets. However, in the updated version, all tasks can be performed within a single environment, streamlining the process for data users and enhancing the portal's user-friendliness.
PT31;"Is the metadata on your portal available in clear plain language to enable both humans and machines to read and understand it? 

For Explanation:
*If yes, please provide the URL to an example documenting this feature.";yes;;Complement;;"
The user interface is designed to be intuitive and user-friendly, ensuring that users can easily navigate and interact with the system without confusion or difficulty. This approach helps to enhance user engagement and satisfaction by minimizing the learning curve and making the functionality accessible to everyone, regardless of their technical expertise. 

Also, most data on the portal is available in machine readable format as well as through API."
PT32;"To what degree do public sector data providers contribute data to the portal? 

For Explanation:
*Please describe what is the agreed approach.
* If less than the majority of data providers, please briefly explain why (e.g. technical incompatibilities, governance aspects, low awareness etc.).";the majority of public sector data providers;All public sector organizations are obligated to register their open data metadata in the Portal. Currently, 142 Central Public Institutions and Municipalities contribute data sets to the Portal. By the end of the ongoing project all major centrally managed public data sets is going to be opened.;Change;The majority of public sector data providers;Most public sector data managers at the national level are involved in making data open. It's noteworthy that the data from the majority of the country's key information systems and registries are managed using technologically advanced methods.
PT33;Do you identify the data providers that are not yet publishing data on the national portal?;yes, or all public sector data providers already publish data;N/A;Confirm;;N/A
PT34;"Were there concrete actions taken to assist these data providers with their publication process?

For Explanation:
* If yes, could you provide some examples of the actions taken in this regard.";yes, or all public sector data providers already publish data;"For example, the open data portal of Vilnius municipality is not yet integrated into the national portal https://opendata.vilnius.lt/dataset/;
After negotiations with the representatives of the Vilnius portal, we agreed to implement the changes ensuring integration.";Change;No;
PT35;"Besides the national open data portal, are there other regional and local portals? 

For Explanation:
* If yes, please provide a complete list and the links to these portals.";yes;"https://www.geoportal.lt/geoportal/
https://lietuvosfinansai.lt/en/lithuanian-finance-2/
https://open-data-ls-osp-sdg.hub.arcgis.com/search?collection=Dataset
https://vilnius.lt/smart_city_projects/atviri-duomenys/
https://atviri.siauliai.lt/";Confirm;;
PT36;"Are regional and local portals listed above and their data sources discoverable via the national portal? 

For Explanation:
* If not applicable, please briefly explain why. ";yes;;Change;Yes;"Regional and local portals that are discoverable via the national portal:
https://www.geoportal.lt/geoportal/
https://lietuvosfinansai.lt/en/lithuanian-finance-2/
Other not yet, however, we are currently implementing an ADP extension that enables the integration of external data catalogues."
PT37;"To what degree are  regional and local sources harvested automatically? 

For Explanation:
* If less than the majority of existing sources is harvested by the national portal, please briefly explain why.                        
* If not applicable, please briefly explain why. ";all datasets;;Change;All datasets;Following the implementation described above, open data will be automatically integrated from external sources.
PT38;"Does the national portal include datasets that are real-time or dynamic?

For Explanation:
* If yes, please provide URLs to real-time and/or dynamic data featured via the national portal. ";yes;„RESPONSE TO REVIEWER“:  Road's traffic and weather conditions data https://eismoinfo.lt/#!/ (posted on local infrastructure), which data are accessible searchable and downloadable  from the national data portal metadata catalog https://data.gov.lt/dataset/transporto-priemoniu-eismo-duomenys , in which there is source URL https://eismoinfo.lt/traffic-intensity-service. Data are updated dinamically as registered in primary DB. Those data are presented for citizens in user friendly application, also  https://eismoinfo.lt/#!/;Confirm;;
PT39;"Does the national portal provide a way for non-official data (i.e. not stemming from official sources, such as community-sourced/citizen-generated data) to be published? 

For Explanation:
* If yes, please explain how non-official data is distiguished for offical data (e.g. using a different section of the portal or tags) 
* And please provide a URL to an example of a non-official dataset on the portal ";new question;new question;Change;Yes;Any subject is able to provide their data to ADP
PT40;"Does the national portal allow users to see what data exists but cannot be made available as open data?

For Explanation:
* If yes, please (1) provide the URL to an example and (2) briefly describe the approach used to ensure this transparency.";no;;Confirm;;
PT41;"Does the national portal have a strategy to ensure its sustainability?

For Explanation:
* If yes, please (1) provide the URL to this document and (2) describe the main measures to keep the portal running in the long-term and continue to serve its audience";new question;new question;Change;Yes;"The sustainability of the National portal is secured through the ""Order on the approval of the documents implementing the electronic information security policy of the Lithuanian open data portal,"" available at https://e-seimas.lrs.lt/rs/legalact/TAD/d3deda70baf711ee9269b566387cfecb/. Specifically, the document includes a section titled ""The open data portal of Lithuania business continuity management plan,"" which details essential measures to ensure the portal remains operational and functional."
PT42;"Is your national portal active on social media? 

For Explanation:
* If yes, please provide the URL(s) to your social media accounts. ";yes;"National portal does not have it's own social media account, communication about national portal and open data content is published on national coordinator social media accounts:
https://www.facebook.com/IVPKomitetas
https://www.linkedin.com/company/information-society-development-committee-under-the-government-of-the-republic-of-lithuania/";Confirm;;
PT43;"Are the portal’s source code and relevant documentation and artefacts made available to the public (e.g. on platforms such as GitHub or GitLab)?

For Explanation:
*If yes, please provide the (1) platform name and (2) the URL to the portal’s account on this platform.";yes;The portal code is available to registered users in the GitLab environment. Homemade solution SPINTA for automative describtion, extraction and publishing data (DEP Framework) is published https://gitlab.com/atviriduomenys/spinta/. User documentation is publicly available on the portal https://data.gov.lt/opening/learningmaterial;Confirm;;
PT44;"Do you monitor the characteristics of the data published on the portal, such as the distribution across categories, static vs. real-time data and how these change over time?

For Explanation:
* If yes, please provide the direct-URL to this feature";yes;"The portal contains reports that provide statistics on datasets and their use by thematic category. The amount of open datasets is visible in the category filter https://data.gov.lt/datasets?lang=en 
In the modernized version of the portal, the dashboard will allow analysis of data users, data demand, quantities of goods by category, areas of ministry supervision, update frequency, formats and other criteria. Some examples from new testing implementations: 
https://test.data.gov.lt/datasets/stats/category/? 
https://test.data.gov.lt/datasets/stats/frequency/?
https://test.data.gov.lt/datasets/stats/format/?";Change;Yes;The dashboard can be accessed here https://data.gov.lt/dataset/stats/jurisdiction/?
PT45;"Does this monitoring enable the portal team and/or data providers to take action to improve their performance on the national portal?

For Explanation:
* If yes, please (1) explain how and (2) if applicable provide the direct-URL to this feature.";yes;The functionality of the portal allows data users to submit a data request, query and comment on a specific data set or missing required data directly to the data provider or to the Portal administration team.;Confirm;;
Q1;"Is there a pre-defined approach to ensure that metadata is kept up-to-date?

For Explanation:
* If yes, please briefly describe your approach.";yes;"Newly opened datasets are required to update the data with the periodicity specified in the metadata. Data user can see if the periodisity value of data set consides date of the last update. In future foreseen implement an automatic mechanism for such verification.

Currently we are in process implementing DCAT extensions to add metadata for each data field, we have to special data field types temporal and spatial. If data provider specified temporal or spatial types, then we are able to automatically detect and update temporal and spatial coverage.";Change;Yes;"Datasets that have recently been made available must be regularly updated according to the frequency outlined in the metadata. Users are now getting automatic notifications if the dataset is not being updated. They can also check manually if the dataset's periodicity aligns with the date of its last update. 
At present, we're in the final stage of implementing DCAT extensions to incorporate metadata for every data field. This includes specialized types for temporal and spatial data fields. By specifying temporal or spatial types, data providers enable us to automatically identify and update temporal and spatial coverage."
Q2;"What percentage of the metadata on the national portal is obtained from the source automatically, rather than edited manually? 

For Explanation:
* Please describe (1) the workflows you have to automate the harvesting of metadata and (2) for which types of data these apply to";new question;new question;Change;50-69%;"When data is updated in data storage, the metadata on the portal is also automatically updated through synchronization. This includes fields like ""Updated"" (date when metadata was updated), ""Data Structure"", ""Data"", etc. Additionally, metadata updates are automatically pulled from external catalogs such as atvirfinansai.lt and geoportal.lt, although these updates are currently paused pending the alignment of the Inspire and DCAT standards."
Q3;"What is the average delay from the moment the metadata describing a dataset is updated at the source, and the moment the change is visible on the portal?

For Explanation:
* Please explain the approach for updating metadata in a timely manner";new question;new question;Change;Within one day;Metadata is updated on a periodic basis, which differs for each dataset (yearly, monthly, weekly, daily, etc.). Typically, organizations configure their systems to update metadata automatically via API. When the scheduled time for an update arrives, according to the established periodicity, the metadata is updated within one day. Additionally, when data is updated in the data storage, this change is reflected almost immediately on the portal
Q4;"Do you undertake efforts to ensure that published data covers the full period from when it was first published until today, for example,the complete time series?

For Explanation:
* If yes, please explain the measures in place to ensure complete series of datasets";new question;new question;Change;Yes;"We adhere to the open data principles that are outlined and published on the portal. https://old.data.gov.lt/opening/learningmaterial/16
When a data source is specified for a dataset, it includes information such as the publication date of the dataset, the period it covers, and its update history. Depending on the dataset's update frequency, there may be a series of data sources corresponding to each year, month, etc. For instance, you can see an example here: https://data.gov.lt/datasets/509/Recently, we rely on these principles to motivate data providers to supplement open sets with retrospective data. 

After a complete inventory of possible open sources, there will be an opportunity for a qualitative assessment of the application of the implementation of the principles.

We adhere to the open data principles that are outlined and published on the portal. https://old.data.gov.lt/opening/learningmaterial/16
When a data source is specified for a dataset, it includes information such as the publication date of the dataset, the period it covers, and its update history. Depending on the dataset's update frequency, there may be a series of data sources corresponding to each year, month, etc. For instance, you can see an example here: https://data.gov.lt/datasets/509/
Currently, the process is not regulated. We discuss this on an individual basis with data contributors when we find that data does not conform to those principles or when we receive requests from data users"
Q5;"Have you implemented the DCAT-AP High Value Datasets (semiceu.github.io) tag to denote the High-Value Datasets in your (national) open data portal(s)?

For Explanation:
* If yes, please specify how and highlight challenges if any.
* If you are an EFTA or a candidate country to the EU, please select 'not applicable'.";new question;new question;Change;Yes;"We've added a new filter titled ""Group,"" which offers the option to select from a list of subgroups. Included in these choices is a category known as ""High Value Datasets."" This addition aims to facilitate users in locating these datasets more efficiently. https://data.gov.lt/datasets/?selected_facets=groups_exact%3A1"
Q6;"Besides the DCAT-AP tag mentioned above, have you implemented any other measures to ensure that high-value datasets ((EU) 2023/138) are interoperable with datasets of other country?

For Explanation:
* If yes, please specify how and highlight challenges if any.
* If you are an EFTA or a candidate country to the EU, please select 'not applicable'.";new question;new question;Change;Yes;High value datasets are opened in the Lithuania’s open data portal, which uses DCAT standards. The use of those standards ensures interoperability among the EU countries.
Q7;"Do you monitor the quality of the metadata available on your portal?

For Explanation:
* If yes, please briefly explain how this monitoring takes place. 
* If applicable, please provide the URL to this monitoring mechanism.";yes;"We monitor and inspect:
- that the content of the opened data fully complies with the description of the data structure (https://atviriduomenys.readthedocs.io/atverimas/struktura.html);
- compleatness of mandatory metadata fields;

Also data prividers are obligated to ensure data acuracy, completeness and freshness. Also, Users' comments on the accuracy and errors of the data must be reviewed and, if justified, adjusted. The implementation of DCAT requirements is ensured by setting mandatory fields, keeping the consistency and completeness of their completion. E.g. a dataset is given the status ""open data"" only when the required metadata is fully completed and the data is loaded. The portal can filter data according to their preparation status (Inventory, prepared metadata, open data). Automatic data quality assurance algorithms are also developed. ";Confirm;;
Q8;"Do you publish information on the quality of the metadata available on the portal?

For Explanation:
* If yes, please provide the URL to this section. ";yes;"Portal visitors can filter data according to the completeness status of datasets: inventoried, metadata
done, data structure exists, Data updated. Detailed information on the quality and content of the data set is provided in the data structure (csv format. Example https://data.gov.lt/dataset/adresu-registro-gyvenamuju-vietoviu-tekstiniu-duomenu-rinkinys).";Change;Yes;In some extent metadata quality depends on the status of the dataset. Portal visitors can filter data according to the completeness status of datasets: open data, unassigned, and inventoried only. Detailed information on the quality and content of the dataset is provided in the data structure, e.g. https://data.gov.lt/datasets/1484/models/JuridinisAsmuo/
Q9;"Do you publish guidelines (e.g. written materials) and have tools in place, to assist publishers in publishing high-quality metadata? 

For Explanation:
* If yes, please (1) briefly describe this material and (2) provide the URLs to these materials and/or tools.";new question;new question;Change;Yes;"Information on the documentation can be found here https://data.gov.lt/opening-tips/vadovas/
and here
https://data.gov.lt/opening-tips/opening/learningmaterial/.
Unfortunately, as of now, the documentation is accessible only in Lithuanian language
Other tools and information that helps publishing high-quality metadata is published here https://data.gov.lt/opening-tips/data-opening-tools/"
Q10;"Do you set any standards on metadata quality that data providers must abide by (e.g. on the use of licence, minimum metadata describes, use of certain DCAT-AP properties, etc)

For Explanation:
* If yes, please describe the standards you have in place, i.e. what is minimum information the metadata should describe ";new question;new question;Change;Yes;"In order to maintain high-quality metadata, we employ a data maturity level rating system developed by Tim Berners-Lee, known as the 5-star deployment scheme for open data. This system primarily evaluates the format and accessibility of the data, ensuring that it meets established standards. More information about this rating system at https://5stardata.info/en/.
Dataset data structure has an option to add a property from other vocabularies/ontologies, including DCAT-AP. To access it, user needs to edit a dataset and put the property into ""Class"" field."
Q11;"Do your open data publication/licensing guidelines provide recommendations for the use of Creative Commons (CC) licences, specifically CC BY 4.0 and CC0?

For Explanation:
* If yes, is this mandatory (e.g. prescribed by law) or recommended?
* Please provide a URL link to the guidelines";new question;new question;Change;Yes;"""Description of data opening procedure"" article 15 says ""For each open data set to which no other data re-use conditions apply, as specified in Sections 1, 2, and 3 of Article 8 of the Law (https://e-seimas.lrs.lt/portal/legalAct/lt/TAD/77d2b640dd6711eb866fe2e083228059?positionInSearchResults=0&searchModelUUID=cc1dc85c-32fd-4295-a64c-b3ba508bc7fe), a type of re-use license from the list available on the Portal is assigned based on the international ""Creative Commons"" copyright model (https://creativecommons.org/licenses/?lang=lt)."""
Q12;What percentage of the open data available on the national portal is accompanied by licensing information? ;71-90%;N/A;Confirm;;N/A
Q13;How many different licences are used on your portal?;1-4;N/A;Confirm;;N/A
Q14;"Besides providing guidelines, are there regular activities conducted or mechanisms in place to  assist publishers in supplying high-quality datasets (metadata quality and data quality)?

For Explanation:
* If yes, please explain the support you provide?";new question;new question;Change;Yes;Our consultants are always available to assist publishers in providing high-quality datasets.
Q15;"Does the national portal follow the DCAT-AP framework or, if not, are standards in place to ensure interoperability with DCAT-AP?

For explanation:
* If the  portal follow the DCAT-AP framework, please describe how compliance with DCAT-AP is ensured
* If the portal does not follow the DCAT-AP framework, please describe how interoperability with DCAT-AP is ensured";new question;new question;Change;Yes;"Data structure of a dataset on the portal is based on extended DCAT standard. It is a requirement to prepare a data structure in order to open data on the portal.
https://atviriduomenys.readthedocs.io/search.html?q=dcat-ap&check_keywords=yes&area=default"
Q16;What is the percentage of metadata on your portal that is DCAT-AP compliant, in terms of mandatory classes? (agent, catalogue, dataset, literal, resource);>90%;;Confirm;;N/A
Q17;What is the percentage of metadata on your portal that uses DCAT-AP recommended classes? (category, category scheme, distribution, licence document);>90%;;Confirm;;N/A
Q18;What is the percentage of metadata on your portal that uses DCAT-AP optional classes? (catalogue record, checksum, document, frequency);>90%;;Confirm;;N/A
Q19;"Is there a national extension of the DCAT-AP standard developed for your country? 

For Explanation:
* If yes, please (1) briefly outline the reasons for this decision, and (2) what the main differences between the national variation and the EU standard are.
* If applicable, please provide the URL to the documentation of the national DCAT-AP extension.";yes;"
Extensions relate to the national interest in having more comprehensive metadata. For example, a hierarchy of categories. https://atviriduomenys.readthedocs.io/dsa/index.html";Confirm;;
Q20;"Do you investigate the most common causes for the lack of DCAT-AP compliance?

For Explanation:
* If yes, what are the main causes for the lack of DCAT-AP compliance?";new question;new question;Change;Yes;Integration of metadata from Inspire standard 
Q21;What is the percentage of datasets whose metadata provides a reference to where the data can be downloaded, or its API accessed (“download-URL” in the DCAT-AP specification)?;>90%;N/A;Change;71-90%;
Q22;What is the percentage of datasets whose metadata provides a reference to a web page from where the data can be accessed (“access-URL in the DCAT-AP specification)?;>90%;N/A;Change;71-90%;
Q23;"Do you use a model (such as the 5-Star Open Data or FAIR) to assess the quality of deployment of data in your country?

For Explanation:
* If yes, please briefly describe.";yes;We use 5-5tar Open Data model. At the dataset level we assign stars based on distribution format used. But at individual data field level, stars from 0 to 3 are assigned manually, but 4 and 5 are detected automatically by checking if a data model has a primary key if field is a reference to another data model and if an association with external vocabulary is provided. So first at dataset level we have a very approximate rating, but on data fields level, we have a very precise rating.;Change;Yes;We utilize the 5-star Tim-Berners Lee model to assess data quality. While the overall dataset is evaluated based on its format, the rating of individual fields varies. This variation is determined by factors such as the data's relationships with other datasets, whether it includes a primary key, etc.
Q24;"Do you conduct activities to promote and familiarise data providers with ways to ensure higher quality data?

For Explanation:
* If yes, please briefly describe.";yes;Yes, we ask data providers to provide data structure description tables. With help of such tables and companion automated tools, we are able to increase data queality quite easily. If data itself is in good shape, then the rest is mostly matter of filling in some additional metadata about individual data fields. We keep track of data quality for each individual data fields and data users can easily request to miproved data maturity of each data field or even collaborate and provide missing metadat themselves, which can imporove data quality.;Complement;;We have implemented ADP functionality that enables users to submit requests for correcting errors in datasets, thereby enhancing the quality of the data.
Q25;What percentage of datasets are made available under an open licence? ;>90%;N/A;Confirm;;N/A
Q26;What percentage of licences are provided in a structured data format?;>90%;N/A;Confirm;;N/A
Q27;What percentage of datasets are provided in an open and machine-readable format?;>90%;N/A;Confirm;;N/A
Q28;What percentage of datasets consistely use Uniform Resource Identifiers?;<10%;N/A;Confirm;;N/A
Q29;What percentage of datasets link to other renowned sources to provide additional context for the users, e.g. in a linked data fashion?;<10%;N/A;Confirm;;N/A
I1;"Do you have a definition of open data reuse in your country?
 
For Explanation:
* If yes, please specify it.";yes;"Article 3 (point 4) of the Law on the Right to Information and Re-use of Data 
https://e-seimas.lrs.lt/portal/legalAct/lt/TAD/TAIS.94745/asr. 
„RESPONSE TO REVIEWER“: ""4 . Reuse of data - the use of data by applicants and/or their representatives for commercial or non-commercial purposes, which differ from the original purpose of data preparation, in the performance of a public function. Data exchange between institutions or between institutions and state-run entities in the performance of public functions is not considered data reuse.""";Complement;;"Article 3 (point 4) of the Law on the Right to Information and Re-use of Data: 4 . Reuse of data - the use of data by applicants and/or their representatives for commercial or non-commercial purposes, which differ from the original purpose of data preparation, in the performance of a public function. Data exchange between institutions or between institutions and state-run entities in the performance of public functions is not considered data reuse. 
https://e-seimas.lrs.lt/portal/legalAct/lt/TAD/TAIS.94745/asr

Article 2 point 4) of the Law on the Reuse of Health Data: 4. Reuse of health data - processing of health data in the areas specified in this law for purposes different from the original purpose of collecting health data. https://e-seimas.lrs.lt/portal/legalAct/lt/TAD/72c77a52626411ecb2fe9975f8a9e52e/asr"
I2;"Are there any processes in place to monitor the level of reuse of your country's open data?
 
For Explanation:
* If yes, please (1) briefly describe these processes and (2) provide the URLs to support the answer.";yes;Open Data Portal  has tools in place to monitor data usage. Google Analytics is used to monitor data user behaviour as well. Also, a study was carried out in June 2022 to determine the level of the re-use of open data, the impact of open data etc. among public sector institutions (https://data.gov.lt/news/27). An overview of this study was published in September 2022 - https://data.gov.lt/news/30;Complement;;"1. The National Open Data Portal has tools to monitor data usage, including views, searches, downloads, feedback/comments on data quality.
2. Google Analytics is also used to track user behavior.
3. In June 2022, a study was conducted to evaluate the reuse of open data and its impact among public sector institutions. An overview of this study was published in September 2022. You can find more details here: (https://data.gov.lt/blog/2022/06/20/atlikta-duomenu-atverimo-pazangos-ir-poveikio-vertinimo-apklausa/) and the overview here: (https://data.gov.lt/blog/2022/09/29/kvieciame-susipazinti-su-pirminiais-atviru-duomenu-pazangos-ir-poveikio-vertinimo-apklausos-rezultatais/).
4. The open data license (CC BY) requires users to cite the data source, which helps us identify such cases using search engines (Google etc.).
5. The State Data Agency regularly showcases the best examples of open data usage at public events, seminars, workshops, and conferences. This task requires a regular scanning of media, social media, and scientific chat groups to find the most recent examples."
I3;"Are there any activities in place to encourage public bodies to monitor the reuse of their own published data (e.g. incentives or obligations in place for public bodies or civil servants of national government)?
 
For Explanation:
* If yes, please (1) briefly describe these activities/incentives and (2) provide the URLs to support the answer.";yes;"A study/questionaire for institutions was carried out in June 2022 to determine the level of the re-use of open data, the impact of open data etc. among public sector institutions (https://data.gov.lt/news/27). An overview of this study was published in September 2022 - https://data.gov.lt/news/30. 
The Ministry of Economy and Innovations periodically promotes re-use of open data seeking to show a sense of data opening for institutions:
https://eimin.lrv.lt/lt/naujienos/auga-tiek-atvertu-duomenu-kiekis-tiek-domejimasis-jais 
https://eimin.lrv.lt/lt/naujienos/pernai-gautos-159-uzklausos-del-duomenu-atverimo-populiariausi-teisingumo-ministerijos-duomenys";Complement;;"Most efforts are focused on persuading institutions to open their data, but several incentives are in place to encourage the reuse monitoring process:
1. The State Data Agency leads an RRF-funded project aimed at centralizing national data and producing open data. This provides a strong incentive to monitor and collect best practices for using open data to convince other institutions to share their data with the centralized Data Lake.
2. The State Data Agency makes public announcements each time it opens a dataset (https://duomenys.stat.gov.lt/naujienos/). After these announcements, the Agency searches for examples and use cases of reused published data. There is a feedback loop for agencies that provided the data for opening to receive feedback about data quality. Additionally, there is a centralized place to collect open data requests and an automated process to respond to such requests.
3. As mentioned in the previous response (question I2, answer 3), a survey conducted in June 2022 evaluates the reuse of open data and its impact among public sector institutions.
4. The Ministry of Economy and Innovation periodically promotes the reuse of open data to showcase the value of data openness for institutions:
https://eimin.lrv.lt/lt/ziniasklaidai/naujienos/eimin-didesnis-duomenu-prieinamumas-ir-pakartotinis-naudojimas-leistu-sutaupyti-daugiau-kaip-4-mln-euru-valstybes-lesu/
https://eimin.lrv.lt/lt/ziniasklaidai/naujienos/auga-tiek-atvertu-duomenu-kiekis-tiek-domejimasis-jais/
https://eimin.lrv.lt/lt/ziniasklaidai/naujienos/pernai-gautos-159-uzklausos-del-duomenu-atverimo-populiariausi-teisingumo-ministerijos-duomenys/
https://eimin.lrv.lt/lt/ziniasklaidai/naujienos/eimin-iniciatyva-atveriama-dar-daugiau-svarbiu-duomenu/
5. The Information Society Development Committee encourages institutions, companies, and individuals to share their open data reuse cases:
https://data.gov.lt/blog/2023/09/11/pasidalink-atviru-duomenu-panaudojimo-atvejais/
https://www.linkedin.com/posts/information-society-development-committee_lietuvos-atvir%C5%B3-duomen%C5%B3-portale-httpsdatagovlt-activity-7107274048618831873-MUg5?utm_source=share&utm_medium=member_desktop"
I4;"Does your country have processes in place to monitor and measure the level of reuse of high-value datasets ((EU) 2023/138)?
 
For Explanation:
* If yes, please specify how and highlight challenges if any. 
* If you are an EFTA or a candidate country to the EU, please select 'not applicable'.";new question;new question;Change;Yes;There are opened more than 200 high-value data sets on the national opena data portal. It is used the same measures, mentioned in questions I2 and I3, are used to monitor and measure the level of reuse of high-value datasets. Also, there is a funcktionality on the the national portal to monitor the number of downloads of the each dataset, including high-value, for example: Data on waste generation and management is downloaded 5061 times, Data from annual water use accounting reports -5295, Information about water measuring stations - 8655 (https://data.gov.lt/datasets/?selected_facets=groups_exact%3A1&page=10). These numbers show the most populars high-value datasets and we can assume that these data are reused.
I5;"Has your government specified what 'impact of open data' means (e.g. in a strategy document)?
 
For Explanation:
* If yes, how do you define the impact of open data in your country? 
* If possible, please provide a URL to a public document describing it.";yes;"The impact of open data is defined in a Methodology for assessing the impact of opening up data (definition is specified in page 1, point 3) The document for download is available - https://ivpk.lrv.lt/uploads/ivpk/documents/files/Poveikio%20vertinimo%20metodika_%20Projektas.docx 
„RESPONSE TO REVIEWER“: ""3. The impact of data opening is understood as the added value of the open data initiative to the country's economy, social and political environment.""";Complement;;The impact of open data is defined in a Methodology for assessing the impact of opening up data (definition is specified in page 1, point 3. „The impact of data opening is understood as the added value of the open data initiative to the country's economy, social and political environment“). The document for download is available - https://ivpk.lrv.lt/uploads/ivpk/documents/files/Poveikio%20vertinimo%20metodika_%20Projektas.docx
I6;"Do you have a methodology in place to measure the impact of open data in your country?
 
For Explanation:
* If yes, please briefly describe the key points of this methodology.";yes;Methodology for the monitoring of open datasets, establishing monitoring indicators for open datasets and the methods of monitoring the data opening is approved by the Order of Director of Information Society Development Committee - https://e-seimas.lrs.lt/portal/legalAct/lt/TAD/b781e5c0804e11eb9fc9c3970976dfa1?jfwid=-a3k5cpix9.;Complement;;"Methodology for the monitoring of open datasets, establishing monitoring indicators for open datasets and the methods of monitoring the data opening is approved by the Order of Director of Information Society Development Committee - https://e-seimas.lrs.lt/portal/legalAct/lt/TAD/b781e5c0804e11eb9fc9c3970976dfa1?jfwid=-a3k5cpix9.
The Ministry of Economy and Innovation made carried out predictive calculations of the impact of open data on the Lithuanian economy according to the methodology of the European Commission (https://eimin.lrv.lt/uploads/eimin/documents/files/Open%20data%20Poveikis%20ekonomikai.pdf)."
I7;"Is there collaboration between government and civil society or academia to create open data impact in your country?

For Explanation:
* If yes, please provide an example
* If possible, URLs to such projects and collaborations.";yes;"""Transparency International Lithuania” collaborating with the Parliament to obtain data created online political integrity monitoring tool called Manoseimas.lt. The tool contains agendas of Members of Parliament including their meetings with interest groups and registered lobbyists allowing to compare the activity of individual MPs as well as different political groups. Moreover, recently the tool was updated with the data about long-term permits to access the Parliament, being one of the very few countries in the world to publish such information. Permits data was also matched with data from parliamentary committees meetings to see who and how much used their permits to participate in commitees discussions. Currently, Manoseimas.lt is being updated with 4 years data on committees’ meetings.";Complement;;"1. As mentioned in question I3, answer 2, the National Open Data Portal includes a feature for the civil society to request new open data. This functionality is promoted at every conference, workshop, and presentation in which the State Data Agency participates.
2. The State Data Agency frequently meets with higher education institutions (both students and teachers) to discuss available open datasets and explore potential research topics. We are aware of at least three master's level students using our open data in their theses.
3. The State Data Agency offers virtual environments with sensitive anonymized data for safe analysis. Some requests for sensitive data access are redirected to a different track, resulting in the creation of demand-driven open data collections accessible to everyone instead of private access.
4. The State Data Agency, as the national statistics bureau, frequently receives inquiries about statistical indicators. Recently, the agency has developed a practice of converting individual single-indicator requests into universal demand-driven open datasets, allowing for wider reuse and more nuanced analysis, as this data is more detailed than simple statistical indicators.
5. As the State Data Agency leads an RRF-funded project aimed at centralizing national data into a single Data Lake, one of its tasks is to systematically interview every potential data provider. So far, approximately 300 in-depth interviews have been conducted. Data providers are incentivized to share their data with the promise that making some data open will significantly reduce the burden of individual requests from the public, such as custom statistical indicators. Institutions are asked about the most frequent public requests, and these responses are treated as an indirect public survey (""what do people want to know""), leading to the publication of more useful datasets.
6. ""Transparency International Lithuania,"" in collaboration with the Parliament, created an online political integrity monitoring tool called Manoseimas.lt. This tool includes the agendas of Members of Parliament, their meetings with interest groups, and registered lobbyists, allowing for comparisons between individual MPs and different political groups. Recently, the tool was updated with data on long-term permits to access the Parliament, making Lithuania one of the few countries to publish such information. Permit data was also matched with parliamentary committee meetings to track permit usage for committee discussions.
7. The national Open Data conference, ""Open Data Opportunities - See What is Not Visible!"" aimed to present the work done by the public sector and the current affairs of data users. During the event, representatives from the OECD, Lithuania's public sector, business, and the academic community shared their current challenges, opportunities, and experiences in data impact and reuse (https://www.youtube.com/watch?v=owjZYMphpBI).
8. The Information Society Committee cooperates with Mykolas Romeris University, presenting to master's students about the possibilities of open data."
I8;"Have any public bodies in your country launched or performed any activities in the past year to understand which and how (open) datasets are reused?

For Explanation:
* If yes, which of the following activities?
* Multiple answers are possible.";yes;N/A;Confirm;;N/A
I8-a;Automated feedback mechanisms tracking users´ access to datasets;new question;new question;Change;Yes;The National Open Data Portal includes a feature that enables the creation and storage of log files, as well as detailed analysis. The portal administrator performs thorough analyses of download statistics and other metrics on a daily basis.
I8-b;Surveys;new question;new question;Change;Yes;"Indirect surveys about the data the public wants to be opened are conducted using the method described in question I7, answer 5 (also 2,3 4). Direct survey on data demand is done via National Data Portal where there is a ""request data"" button."
I8-c;Interviews/workshops with reusers;new question;new question;Change;Yes;"1. Interviews and workshops are held on an ongoing basis, gathering information about re-use of data sets. 
2. First focus groups -  ministry representatives  (that are also data re-users), others - private sector representatives. https://www.lrytas.lt/it/ismanyk/2023/10/26/news/ekspertai-kalba-atviru-duomenu-misija-kurti-vertingas-skaitmenines-paslaugas-bei-produktus-28888620. 
3. Furthermore, during a project „Strengthening Results Oriented Management Capacities“ (https://lrv.lt/lt/vyriausybes-kanceliarija-1/apie-lrvk/lrvk-projektu-portfelis/igyvendinami-projektai/valdymo-gebejimu-stiprinimas/) at he begining of 2023, there were organized workshops „Aplication of data and open data in strategic management documents“. Target group strengthened knowledge and skills in the field of application of open data reuse in the preparation of annual reports."
I8-d;Other;new question;new question;Change;No;
I9;"Have any public bodies in your country launched or performed any activities in the past year to better understand reusers' needs in order to further stimulate the reuse of open data?

For Explanation:
* If yes, which of the following activities have been performed? Please describe how the activity has helped you better stimulate reuse.
* Multiple answers are possible.";yes;N/A;Confirm;;N/A
I9-a;Regular feedback sessions with portal users ;new question;new question;Change;Yes;"1. The National Open Data Portal includes a section where any user can request additional open data sets. This feature is crucial because the goal of opening data to the public is to maximize accessibility, driven by demand, and to assess its positive impact on public interest, transparency, and business development (https://data.gov.lt/requests/submitted/).
2. Every dataset on a the National Open Data Portal has a feedback collection mechanism: rating with stars and a text field.
3. Additionally, users of the National Open Data Portal can utilize the GitHub platform to address technical issues related to the portal (https://github.com/orgs/atviriduomenys/repositories).
4. A public chat group called ""Open Data"" has been created on the Microsoft Teams platform, allowing everyone to share their experiences, suggestions, news, and to collectively enhance and expand the field of open data knowledge."
I9-b;Social media sentiment analysis ;new question;new question;Change;Yes;"There are few groups on social media dedicated to open data in Lithuania (https://www.facebook.com/groups/atviriduomenys), they are being tracked, and inforrmation analysed. 
Additional relevant answers are provided in question I7."
I9-c;Other;new question;new question;Change;Yes;The State Data Agency purchases a third-party tool to gauge relevant media (and social media) sentiment on various topics (including open data).
I10;"Have any public bodies in your country developed any systematic way of gathering reuse cases?

For Explanation:
* If yes, please provide a brief explanation of the process: How does the gathering happen? ";yes;Re-use cases are gathered and published in Open data portal. Information about re-use cases are gathered through annual Open data surveys, during events (conferences and etc.), also following public information published via institution websites.;Complement;;"1. Plase see the answers to the question I8.
2. Also, some information about re-use cases are gathered through annual Open data surveys, some during events (conferences and etc.), also following public information published via institution websites. 
3. Some identified re-use cases are gathered and published in the National Open Data Portal."
I11;"Are there any public bodies in your country that have developed a systematic ways of classifying the gathered reuse cases?

For Explanation:
* If yes, please provide a brief explanation of the process: According to which categories are reuse cases classified (e.g. by policy field)?";yes;"Classifications of the main topics can be found here: https://open-data-ls-osp-sdg.hub.arcgis.com/

August Update
Categories are ussually classified by policy field (e.g. environment, citizens, culture, social protection, health and etc.). For example, the State Data agency has identified the most popular fields – Covid-19 data, population and housing census, agricultural cesus and economic entities in operation and local units. 
The State Data Agency provides not only open geospatial data of population and housing censuses, agricultural censuses, operating business entities, but also data on other topics. For example, the data of the Register of Cultural Values, the Register of Educational and Scientific Institutions, the General Help Center, etc. GIS applications are created operating open data. The demand for GIS applications comes from the Government, external (e.g. private sector), projects funded by EU. (https://open-data-ls-osp-sdg.hub.arcgis.com/)
Furthermore, it is created the portal for Sustainable Development Goals. There each goal has dashboards of indicators which are created by using open data. (https://lithuaniasdg-ls-osp-sdg.hub.arcgis.com/)";Change;Yes;"Classifications of the main topics can be found here: https://open-data-ls-osp-sdg.hub.arcgis.com/
Categories are ussually classified by policy field (e.g. environment, citizens, culture, social protection, health and etc.). For example, the State Data agency has identified the most popular fields – Covid-19 data, population and housing census, agricultural cesus and economic entities in operation and local units. 
The State Data Agency provides not only open geospatial data of population and housing censuses, agricultural censuses, operating business entities, but also data on other topics. For example, the data of the Register of Cultural Values, the Register of Educational and Scientific Institutions, the General Help Center, etc. GIS applications are created operating open data. The demand for GIS applications comes from the Government, external (e.g. private sector), projects funded by EU. (https://open-data-ls-osp-sdg.hub.arcgis.com/)
Furthermore, it is created the portal for Sustainable Development Goals. There each goal has dashboards of indicators which are created by using open data. (https://lithuaniasdg-ls-osp-sdg.hub.arcgis.com/)"
I12;"Is any data on the impact created by open data on governmental challenges (e.g. efficiency, effectiveness, transparency, decision-making capacity) available in your country such as from research studies, impact assessments, or other systematic investigations that quantify the results or broader effects of open data being reused?

For Explanation:
* If yes, please (1) specify what kind of data source proves this impact and (2) provide the URLs to this data.";yes;"To advance data opening and digital transformation across different fields of public administration, the Government has established an Open Data and Digital Transformation Centre of Excellence, which is responsible for assisting institutions in their activities regarding planning of data opening and digital transformation and project implementation, coordination of inter-institutional activities, initiating of shared solutions and ensuring quality of implementation, dissemination of knowledge needed to open data and implement digital transformation, and monitoring of the implementation of initiatives. (https://lrv.lt/en/news/green-light-to-initiative-to-proceed-with-open-data-and-digital-transformation-centre-of-excellence)

In the middle of 2022 Open Data Progress and Impact Assessment survey was conducted by Ministry of Economy and Innovation and Information Society Development Committee. 165 state and municipal institutions and bodies participated in it. The results showed that the majority of respondents positively assess the impact of open data on the economy, social and political environment. Institutional respondents used open data in implementing regulatory policies. (https://data.gov.lt/news/30)

Datasets regarding different topics can be found on our national data portal, here are some examples classified by topics: Government and Public sector datasets - https://data.gov.lt/datasets?category_id=231 ; Justice, legal system and public safety datasets - https://data.gov.lt/datasets?category_id=139

State Enterprise Centre of Registers is one of the main state data managers, which has its Open data strategy (https://www.registrucentras.lt/bylos/dokumentai/duomenys/aduomenys/Duomenu_atverimo_strategija_2020-06-26_Final_papildyta_2020-08-17.pdf).

The Government of the Republic of Lithuania uses national and international resources of open data in solving the deep problems, decision making, preparation of strategic management documents, such as annual activity reports (https://lrv.lt/lt/aktuali-informacija/xvii-vyriausybe/strateginis-valdymas/vyriausybes-veiklos-ataskaitos-seimui).";Complement;;"To advance data opening and digital transformation across different fields of public administration, the Government has established an Open Data and Digital Transformation Centre of Excellence, which is responsible for assisting institutions in their activities regarding planning of data opening and digital transformation and project implementation, coordination of inter-institutional activities, initiating of shared solutions and ensuring quality of implementation, dissemination of knowledge needed to open data and implement digital transformation, and monitoring of the implementation of initiatives. (https://lrv.lt/en/news/green-light-to-initiative-to-proceed-with-open-data-and-digital-transformation-centre-of-excellence)

In the middle of 2022 Open Data Progress and Impact Assessment survey was conducted by Ministry of Economy and Innovation and Information Society Development Committee. 165 state and municipal institutions and bodies participated in it. The results showed that the majority of respondents positively assess the impact of open data on the economy, social and political environment. Institutional respondents used open data in implementing regulatory policies. (https://data.gov.lt/blog/2022/09/29/kvieciame-susipazinti-su-pirminiais-atviru-duomenu-pazangos-ir-poveikio-vertinimo-apklausos-rezultatais/)

The Ministry of Foreign Affairs uses national and international open data sources to preparate strategic management documents such as annual activity reports of the Ministry  (https://www.urm.lt/ministerija/veikla/veiklos-ataskaita/171). 
In order to ensure the safety of its citizens and provide information about travel to other countries, as well as the need for visas, the Ministry of Foreign Affairs of Lithuania has created and uses the website https://keliauk.urm.lt/, which is updated taking into account international challenges, natural cataclysms and bilateral agreements. The Ministry of Foreign Affairs has opened a data set ""Data of consular information for those traveling and living abroad"" (https://data.gov.lt/datasets/1046/), which is updated in cases of changes in the visa regime.

Datasets regarding different topics can be found on our national data portal, here are some examples classified by topics: Government and Public sector datasets - https://data.gov.lt/datasets/?selected_facets=category_exact:231; Justice, legal system and public safety datasets - https://data.gov.lt/datasets/?selected_facets=category_exact:139

State Enterprise Centre of Registers is one of the main state data managers, which has its Open data strategy (https://www.registrucentras.lt/bylos/dokumentai/duomenys/aduomenys/Duomenu_atverimo_strategija_2020-06-26_Final_papildyta_2020-08-17.pdf).

The Government of the Republic of Lithuania uses national and international resources of open data in solving the deep problems, decision making, preparation of strategic management documents, such as annual activity reports (https://lrv.lt/lt/apie-vyriausybe/strateginis-valdymas/ataskaitos-1/vyriausybes-veiklos-ataskaitos-seimui/ ; https://lrv.lt/lt/apie-vyriausybe/strateginis-valdymas/ataskaitos-1/nacionalinio-pazangos-plano-igyvendinimo-ataskaitos/)."
I13;"Is the use of open data in your country having an impact on the efficiency and effectiveness of the government (at any level) in delivering public services? 

For Explanation:
* If yes, please provide an example of one reuse case. For this reuse case, please provide (1) a URL to the reuse case, (2) a URL to the open dataset used by the reuse case, and (3) a description of the reuse case and its impact in this sub-domain.";new question;new question;Change;Yes;"The Department of Environmental Protection, strengthening waste management in the country, created an interactive map  at www.tvarkaulietuva.lt in 2023. It can be used to mark contaminated places in nature, damaged forest roads and destroyed forest floor and monitor the progress of management. From May of 2024, it is possible to mark the bark-boring typographer and its likely breeding sites on the map. There are online platform and app.
 URL to reuse case: https://tvarkaulietuva.lt/
URL to the open data dataset, related to reuse case: https://www.geoportal.lt; https://www.geoportal.lt/metadata-catalog/catalog/search/resource/details.page?uuid=%7B83C067E7-7EE1-4AF2-B573-2CC09250E70C%7D"
I14;"Is the use of open data in your country having an impact on transparency and accountability of public administrations?

For Explanation:
* If yes, please provide an example of one reuse case. For this reuse case, please provide (1) a URL to the reuse case, (2) a URL to the open dataset used by the reuse case, and (3) a description of the reuse case and its impact in this sub-domain.";new question;new question;Change;Yes;"Open Lithuanian finance lietuvosfinansai.lt  website opens up systemized and detailed data on Lithuanian public finances, the sources of which are sets of budget execution and financial statements. Also, the website automatically generate some financial reports, statistics and applications on the specific area or indicator. The purpose of data opening is to ensure the publicity of state financial data, to stimulate interest in the state financial management processes, to create preconditions for greater transparency and comprehensibility of the activities of public sector entities.
URL to reuse case: https://lietuvosfinansai.lt/
URL to the open data datasets, related to reuse case: https://rinkiniai.lietuvosfinansai.lt/dataset/
"
I15;"Is the use of open data in your country having an impact on policy-making processes (i.e. are public administrations making use of the data as evidence for the problem identification and policy formulation)? 

For Explanation:
* If yes, please provide an example of one reuse case. For this reuse case, please provide (1) a URL to the reuse case, (2) a URL to the open dataset used by the reuse case, and (3) a description of the reuse case and its impact in this sub-domain.";new question;new question;Change;Yes;"The State Data Agency publishes operational and detailed statistics of migrants who have crossed the state border illegally. These data allow to perform a detailed analysis of the situation, make reasonable decisions on its management and forecast the course of the situation. The number of migrants who crossed the state border illegally, their number by declared citizenship, gender, age groups, statistics of illegal migrants by municipality is published on the light board . 
URL to reuse case: https://www.arcgis.com/apps/dashboards/9b0a008b1fff41a88c5efcc61a876be2 
URL to the open data datasets, related to reuse case: https://data.gov.lt/datasets/?q=migracij&selected_facets=organization_exact%3A78"
I16;"Is the use of open data in your country having an impact on decision-making processes (i.e. are public administrations making use of the data as evidence to be included in their daily operations)?

For Explanation:
* If yes, please provide an example of one reuse case. For this reuse case, please provide (1) a URL to the reuse case, (2) a URL to the open dataset used by the reuse case, and (3) a description of the reuse case and its impact in this sub-domain.";new question;new question;Change;Yes;"Road traffic information system of state importance, called EIS. The purpose of creating this system is to enable road users and road maintenance companies to use traffic data collected automatically and stored in one place. Data is collected into the EIS from several automatic weather stations, called KOS stations. These are roadside devices with sensors that measure parameters needed to determine road condition and traffic conditions (road surface temperature, air temperature and relative humidity, dew point, wind direction, speed and gusts, intensity and type of precipitation, visibility, road surface condition, frozen depth of road structures, etc.). The system also collects video data, which is collected from cameras installed and additionally installed at KOS stations. Another and no less important goal of EIS is to inform road users about traffic conditions, traffic disturbances, applied traffic management measures on roads and to provide users with the opportunity to perform automated traffic data analysis. 
URL to reuse case: https://eismoinfo.lt/#!/
URL to the open data datasets, related to reuse case: https://data.gov.lt/datasets/1250/ ; https://data.gov.lt/datasets/1249/; https://data.gov.lt/datasets/1248/"
I17;"Is any data on the impact created by open data on social challenges (e.g. inequality, healthcare, education) available in your country such as from research studies, impact assessments, or other systematic investigations that quantify the results or broader effects of open data being reused?

For Explanation:
* If yes, please (1) specify what kind of data source proves this impact and (2) provide the URLs to this data.";yes;"In 2022 Open Data Progress and Impact Assessment survey‘s results showed that open data created impact on social challenges - 73 % respondents from 165 state and municipal institutions and bodies (please look at the chart No. 12,  https://data.gov.lt/news/30)

==Original===
During the action of the plan for the implementation of the provisions of the program of the Eighteenth Government of the Republic of Lithuania “Create a common platform for monitoring NGO funding and develop an NGO database in order to ensure the collection of high-quality open data on the NGO sector” in 2022 a feasibility study was carried out, discussions were held with interested organizations and institutions, data on the sector was collected and analyzed in order to better prepare for the database development works (https://socmin.lrv.lt/uploads/socmin/documents/files/veikla/planavimo-dokumentai/2023/2023-03-20%20SADM%202022%20m_%20veiklos%20ataskaita_teikti.pdf).

VAPRIS - medicinal products information system (https://vapris.vvkt.lt/vvkt-web/public/medications), where we can find any information about medicinal product that is of interest to society (medicines, personal licenses, company licenses, submit ADR (for patients or specialists)).

Datasets regarding different topics can be found on our national data portal, here are some examples classified by topics: Social security datasets - https://data.gov.lt/datasets?category_id=85 ; Healthcare datasets - https://data.gov.lt/datasets?category_id=96 ; Education - https://data.gov.lt/datasets?category_id=115 ; Culture datasets - https://data.gov.lt/datasets?category_id=63";Complement;;"In 2022 Open Data Progress and Impact Assessment survey‘s results showed that open data created impact on social challenges - 73 % respondents from 165 state and municipal institutions and bodies (https://data.gov.lt/blog/2022/09/29/kvieciame-susipazinti-su-pirminiais-atviru-duomenu-pazangos-ir-poveikio-vertinimo-apklausos-rezultatais/)
Quality and sustainable NGO development policy making requires reliable data on the NGO sector. In implementing action 3.6.1 of the plan of the Government of the Republic of Lithuania, ""To create a common platform for the monitoring of NGO funding and to develop an NGO database in order to ensure the collection of high-quality open data on the NGO sector"" in 2023 the first sets of required data are obtained. At the beginning of the year, after evaluating the alternatives, separate NGO databases (as separate systems) development and maintenance costs, a decision was made instead of the planned acquisition of the database, those collect the data itself in cooperation with the State Data Agency. It was formulated and coordinated during the year requesting the necessary data and receiving the first data, which are currently being processed and prepared for analysis. (https://socmin.lrv.lt/media/viesa/saugykla/2024/3/pAyPc83xHZE.pdf).

Datasets regarding different topics can be found on our national data portal, here are some examples classified by topics: Social security datasets - https://data.gov.lt/datasets/?selected_facets=category_exact:85; Healthcare datasets - https://data.gov.lt/datasets/?selected_facets=category_exact:96 ; Education - https://data.gov.lt/datasets/?selected_facets=category_exact:229; Culture datasets - https://data.gov.lt/datasets/?selected_facets=category_exact:63"
I18;"Is the use of open data in your country having an impact on society´s ability to reduce inequality and better include minorities, migrants, and/or refugees? 

For Explanation:
* If yes, please provide an example of one reuse case. For this reuse case, please provide (1) a URL to the reuse case, (2) a URL to the open dataset used by the reuse case, and (3) a description of the reuse case and its impact in this sub-domain.";new question;new question;Change;Yes;"1. The State Data Agency collects and publishes daily data on war refugees from Ukraine. This information includes details on daily immigration flows categorized by age, gender, and profession, as well as the distribution of refugees across various regions in Lithuania. Journalists frequently monitor and reference this data. Notably, we have received numerous requests from citizens seeking contact information for refugees in specific professions (e.g., IT sector, engineers, scientists) to offer them employment. As a result of this extensive open data on refugees, a new website was created to coordinate efforts by Lithuanians who wish to provide aid to refugees, including housing, food, and household items.
URL to the open data dataset, related to reuse case: https://data.gov.lt/datasets/2566/
URL to reuse cases:
  https://experience.arcgis.com/experience/7b39dbfae2b74f4491dc69afdd2ba0a5/
  https://stipruskartu.lt/"
I19;"Is the use of open data in your country having an impact on issues about housing in urban areas? 

For Explanation:
* If yes, please provide an example of one reuse case. For this reuse case, please provide (1) a URL to the reuse case, (2) a URL to the open dataset used by the reuse case, and (3) a description of the reuse case and its impact in this sub-domain.";new question;new question;Change;Yes;"Kurgyvenu.lt collects and analyzes all the relevant information about the real estate and living environment. This data/information comes from local governments, public authorities, heat supply companies and other institutions. Here you will find utility taxes, real estate market value, crime rate, air pollution, noise level, distances, demographic situation of your district, school rankings and all the other useful information. 
URL to the reuse case: https://kurgyvenu.lt/
URL to the open data datasets, related to reuse case (an example of the city of Vilnius) : https://opendata.vilnius.lt/lt/dataset/vilnius-addresses; https://opendata.vilnius.lt/lt/dataset/vilniaus-miesto-triuksmo-prevencines-zonos; https://opendata.vilnius.lt/lt/dataset/vilniaus-miesto-administracines-ribos; https://opendata.vilnius.lt/lt/dataset/viesojo-transporto-stoteles and etc."
I20;"Is the use of open data in your country having an impact on the issues of health and wellbeing? 

For Explanation:
* If yes, please provide an example of one reuse case. For this reuse case, please provide (1) a URL to the reuse case, (2) a URL to the open dataset used by the reuse case, and (3) a description of the reuse case and its impact in this sub-domain.";new question;new question;Change;Yes;"The Ministry of Health, in collaboration with the State Patient Fund and the State Data Agency, has created a dataset and a dashboard to monitor patient waiting times for doctor appointments. The dashboard displays data from the Advance Patient Registration Information System, enabling the monitoring of queue dynamics, identification of problematic areas, and assessment of the effectiveness of implemented measures.
URL to the reuse case: https://osp.stat.gov.lt/pacientu-eiles
  announcement: (https://sam.lrv.lt/lt/news/pradejo-veikti-naujas-eiliu-stebejimo-irankis-interaktyvi-svieslente/)
URL to the open data datasets, related to reuse case: https://data.gov.lt/datasets/1516/; https://data.gov.lt/datasets/1536/; https://data.gov.lt/datasets/1801/ and etc."
I21;"Is the use of open data in your country having an impact on the society´s level of education and skills (e.g. data literacy)?

For Explanation:
* If yes, please provide an example of one reuse case. For this reuse case, please provide (1) a URL to the reuse case, (2) a URL to the open dataset used by the reuse case, and (3) a description of the reuse case and its impact in this sub-domain.";new question;new question;Change;Yes;"During a project „Strengthening Results Oriented Management Capacities“ (https://lrv.lt/lt/vyriausybes-kanceliarija-1/apie-lrvk/lrvk-projektu-portfelis/igyvendinami-projektai/valdymo-gebejimu-stiprinimas/) at he begining of 2023, there were organized workshops „Aplication of data and open data in strategic management documents“. Target group strengthened knowledge and skills in the field of application of open data reuse in the preparation of annual reports (https://www.delfi.lt/uzsakomasis-turinys/premium/duomenu-ir-atviru-duomenu-valdymas-dalis-viesojo-sektoriaus-specialistu-kompetenciju-92395709). For example,  the Ministry of Economy and Innovation held in 2022 performance report based on different data sources, including open data. The target group practiced to base decisions on data and open data and to form analytical conclusions in strategic management documents.
URL to the reuse case (example of the Ministry of Economy and Innovation): https://eimin.lrv.lt/lt/ekonomikos-ir-inovaciju-ministerija/administracine-informacija/veiklos-ataskaitos/
URL to the open data datasets, related to reuse case: https://data.gov.lt/datasets/1787/, https://data.gov.lt/datasets/665/, https://data.gov.lt/datasets/500/, https://data.gov.lt/datasets/2482/, https://data.gov.lt/datasets/1671/, https://data.gov.lt/datasets/2472/ and etc.

Additional information:
1. The State Data Agency employs and promotes a hiring practice in which candidates are given an openly accessible dataset to analyze, allowing them to demonstrate their competence and showcase their creativity.
2. The State Data Agency organizes school competitions that require participants to use open data.
3. Various educational institutions, such as Turing College, LSMU, and CodeAcademy, organize hackathons that utilize national open data.
4. Students are enthusiastic about shifting from synthetic or small real datasets to using real-world data, where the number of rows often reaches tens of millions.
5. The State Data Agency conducts hands-on analytical workshops and seminars for public sector employees (25 teaching hours during February-May 2024, attendance ~300 individuals). These events exclusively use open data, aiming to uncover various phenomena within the data.
6. Governmental institutions are adopting a new approach to public requests: instead of calculating statistical indicators on-demand, they refer users to detailed open data, allowing users to aggregate and analyze the data themselves (and instructing how to do it).
7. A new trend is emerging in investigative and analytical journalism, where journalists use open data to identify societal issues through systematic methods. Examples include: 
  https://www.facebook.com/sienalt
  https://www.facebook.com/RedakcijaLT
  https://www.facebook.com/laisvestv
  https://www.facebook.com/skirmantas.malinauskas.tiesayrasvarbu
8. Another new trend is the emergence of ""pop-science"": Facebook pages and content creators who use open data to derive insights through engaging visualizations and statistical methods:
  https://www.facebook.com/gytis.dudas
  https://www.facebook.com/vzemlys
  https://www.facebook.com/duomenureikalai
  https://www.facebook.com/mazvydasj
  https://www.facebook.com/nerijus.maciulis
  https://www.facebook.com/raminta.pp"
I22;"Is any data on the impact created by open data on environmental challenges (e.g. climate change and environmental degradation, as highlighted in the Eurpean Green Deal) available in your country such as from research studies, impact assessments, or other systematic investigations that quantify the results or broader effects of open data being reused?

For Explanation:
* If yes, please specify (1)  what kind of data source proves this impact and (2) provide the URLs to this data.";yes;"In 2022 Open Data Progress and Impact Assessment survey‘s results showed that open data created impact on environmental challenges - 40 % respondents from 165 state and municipal institutions and bodies (please look at the chart No. 14,  https://data.gov.lt/news/30)

==Original==


1.	Portal “Tvarkau miestą” (https://tvarkaumiesta.lt/)  allows users to inform the relevant city municipality about problems in the city (abandoned cars, garbage, lighting, etc.)/ The portal uses and shows data for 8 cities on real time. 
2.	Unified information system for accounting for products, packaging and waste – GPAIS (https://www.gpais.eu/web/guest) .GPAIS is dedicated to the collection, analysis and control of product, packaging and waste (GPA) accounting data. With its help, accounting of waste generation, management, supply of products and packaging to the domestic market is carried out, and other GPA accounting data is processed. In addition, GPAIS is a directory of manufacturers and importers. GPAIS functions include reporting and other document submission, report verification, data analysis and processing, and other processes.
3.	Datasets on different domains can be found on our national data portal, here are some examples classified by topics: 
Energy datasets - https://data.gov.lt/datasets?category_id=62; 
environment datsets - https://data.gov.lt/datasets?category_id=1;
transport datasets - https://data.gov.lt/datasets?category_id=161;
regions and cities - https://data.gov.lt/datasets?category_id=244.";Complement;;In 2022 Open Data Progress and Impact Assessment survey‘s results showed that open data created impact on environmental challenges - 40 % respondents from 165 state and municipal institutions and bodies (please look at the chart No. 14,  https://data.gov.lt/blog/2022/09/29/kvieciame-susipazinti-su-pirminiais-atviru-duomenu-pazangos-ir-poveikio-vertinimo-apklausos-rezultatais/).
I23;"Is the use of open data in your country having an impact on the level of protection of biodiversity (e.g. maintaining a good air and water quality)? 

For Explanation:
* If yes, please provide an example of one reuse case. For this reuse case, please provide (1) a URL to the reuse case, (2) a URL to the open dataset used by the reuse case, and (3) a description of the reuse case and its impact in this sub-domain.";new question;new question;Change;Yes;"Kurgyvenu.lt/  collects and analyzes all the relevant information about the real estate and living environment. This data/information comes from local governments, public authorities, heat supply companies and other institutions. Here you will find utility taxes, real estate market value, crime rate, air pollution, noise level, distances, demographic situation of your district, school rankings and all the other useful information. Data about air pollution level and etc. allows to identify most polluted areas in the city, and stimulate the necessary protection decisions to change situation for the better. 
Kurgyvenu.lt is an open data reuse case, because this tool represents short reports about the place wanted to know. Reports are generated using open data. This service helps citizens to know about the place topics in different areas. Also the State and municipalities, others stakeholders can  perform various researches and propose solutinios how to manage, for instanse, air pollution quality.
URL to the reuse case: https://kurgyvenu.lt/
URL to the open data datasets, related to reuse case: https://data.gov.lt/datasets/500/; https://data.gov.lt/datasets/2073/; https://data.gov.lt/datasets/360/ and etc."
I24;"Is the use of open data in your country having an impact on the achievement of more environment-friendly cities (e.g., environment-friendly transport systems, waste management etc.)? 

For Explanation:
* If yes, please provide an example of one reuse case. For this reuse case, please provide (1) a URL to the reuse case, (2) a URL to the open dataset used by the reuse case, and (3) a description of the reuse case and its impact in this sub-domain.";new question;new question;Change;Yes;"""Park and Ride"" sites are designed for drivers who prefer to switch to public transportation mid-journey. These sites are conveniently located near public transport stops. Use cases include mobile apps and websites that provide information about the locations of these sites and real-time positions of nearby public transportation. These products leverage various open datasets to deliver this information.

URL to the reuse case: https://judu.lt/vairuotojams/statyk-ir-vaziuok-aiksteles/;  https://judu.lt/vairuotojams/
URL to the open data datasets, related to reuse case: https://opendata.vilnius.lt/lt/dataset/viesojo-transporto-stoteles; https://opendata.vilnius.lt/lt/dataset/vilniaus-m-gatviu-ir-privaziavimu-asines-linijos-wgs-84; https://opendata.vilnius.lt/lt/dataset/vilniaus-miesto-transportiniai-rajonai; https://opendata.vilnius.lt/lt/dataset/vilnius-addresses and etc."
I25;"Is the use of open data in your country having an impact on the fight against climate change, for example by undertaking predictive monitoring, preventive actions, or a differentiated response to connected disasters?

For Explanation:
* If yes, please provide an example of one reuse case. For this reuse case, please provide (1) a URL to the reuse case, (2) a URL to the open dataset used by the reuse case, and (3) a description of the reuse case and its impact in this sub-domain.";new question;new question;Change;Yes;"A valuable tool for monitoring flood risks in Lithuania has been developed. This public web map utilizes open data and serves various target groups, including emergency services, nature conservation officers, waterway institutions, road and railway authorities, municipalities, and citizens. Certain areas in Lithuania become particularly hazardous in the spring or after severe storms. This tool plays a significant role in proactively informing stakeholders about impending or current floods, enabling them to prepare and respond appropriately. Moreover, it assists in the development of essential infrastructure in high-risk areas to prevent disasters. The government relies on the flood threat and risk data provided by this tool to make informed decisions and develop effective strategies and plans (https://e-seimas.lrs.lt/portal/legalAct/lt/TAD/394a366681fc11edbdcebd68a7a0df7e(https://aaa.lrv.lt/uploads/aaa/documents/files/2023%2004%2026%20Visas%20planas.pdf; https://www.e-tar.lt/portal/lt/legalAct/03eba4c0e41e11ed9978886e85107ab2)
URL to the reuse case: https://potvyniai.aplinka.lt/map
URL to the open data datasets, related to reuse case: https://data.gov.lt/datasets/1779/; https://data.gov.lt/datasets/548/; https://data.gov.lt/datasets/2045/; https://data.gov.lt/datasets/2008/; https://data.gov.lt/datasets/2002/; https://data.gov.lt/datasets/1982/ and etc."
I26;"Is the use of open data in your country having an impact on the consumption of energy based on fuel and the switch to renewables? 

For Explanation:
* If yes, please provide an example of one reuse case. For this reuse case, please provide (1) a URL to the reuse case, (2) a URL to the open dataset used by the reuse case, and (3) a description of the reuse case and its impact in this sub-domain.";new question;new question;Change;Yes;"Registration system for public charging stations for electric vehicles. Map of electric vehicle charger stations shows their location across the country, inspiring people to use green energy. 
URL to the reuse case: https://ev.lakd.lt/
URL to the open data dataset, related to reuse case: https://data.gov.lt/datasets/1854/"
I27;"Is any data on the economic impact (e.g. GDP, employment, productivity, innovation,  new businesses created etc.) of open data available in your country such as from research studies, impact assessments, or other systematic investigations that quantify the results or broader effects of open data being reused?

For Explanation:
* If yes, please specify what kind of data source proves this impact and provide the URLs to this data.

";yes;"In 2022 Open Data Progress and Impact Assessment survey‘s results showed that open data created impact on economic - 53 % respondents from 165 state and municipal institutions and bodies (please look at the chart No. 11,  https://data.gov.lt/news/30)

===Original====
1.	Open data is a significant resource for developing services and products. Natural and legal persons (companies, startups and etc.) can use open data published on the Lithuanian open data portal free of charge. It is also possible to submit a request for missing data on the open data portal. We conduct different projects, which bring together public and private sector or create some other value. Our lasts projects: https://govtechlab.lt/lt/version_winner/4-0/.  
2.	Datasets on different domains can be found on our national data portal, here are some examples classified by topics: sience and technology datasets - https://data.gov.lt/datasets?category_id=229.";Complement;;"In 2022 Open Data Progress and Impact Assessment survey‘s results showed that open data created impact on economic - 53 % respondents from 165 state and municipal institutions and bodies (please look at the chart No. 11,  https://data.gov.lt/blog/2022/06/20/atlikta-duomenu-atverimo-pazangos-ir-poveikio-vertinimo-apklausa/). An overview of this study was published in September 2022 - https://data.gov.lt/blog/2022/09/29/kvieciame-susipazinti-su-pirminiais-atviru-duomenu-pazangos-ir-poveikio-vertinimo-apklausos-rezultatais/). 
he Ministry of Economy and Innovation made carried out predictive calculations of the impact of open data on the Lithuanian economy according to the methodology of the European Commission (https://eimin.lrv.lt/uploads/eimin/documents/files/Open%20data%20Poveikis%20ekonomikai.pdf)."
I28;"Is the use of open data in your country having an impact on the level of employment? 

For Explanation:
* If yes, please provide an example of one reuse case. For this reuse case, please provide (1) a URL to the reuse case, (2) a URL to the open dataset used by the reuse case, and (3) a description of the reuse case and its impact in this sub-domain.";new question;new question;Change;Yes;"A private company ""Neurotechnology"" has developed a solution that automates the collection of freely available data to analyze labor market trends and forecast future needs. This tool offers a comprehensive and systematic forecast of regional labor market demands, aiding in the targeted organization of local vocational guidance and the development of training and retraining programs, while reducing human and financial resource requirements.
URL to the reuse case: https://www.neurotechnology.com/case-study-panevezys-now-netgeist-hr.html  or https://data.gov.lt/projects/32
URL to the open data datasets, related to reuse case: https://data.gov.lt/datasets/224/; https://data.gov.lt/datasets/223/; https://data.gov.lt/datasets/222/; https://data.gov.lt/datasets/211/ and etc."
I29;"Is the use of open data in your country having an impact on the level of innovation and the adoption of new technologies? 

For Explanation:
* If yes, please provide an example of one reuse case. For this reuse case, please provide (1) a URL to the reuse case, (2) a URL to the open dataset used by the reuse case, and (3) a description of the reuse case and its impact in this sub-domain.";new question;new question;Change;Yes;"The three-dimensional map of the real situation allows not only to see the city virtually, but also to assess the changes taking place in it. The interactive map helps to see public spaces, residential buildings, roads and other projects planned in the residential area. Everyone is given the opportunity to see ongoing and planned projects, to assess their importance for the quality of life. The 3D city map allows the municipality and design, real estate companies and all those contributing to the city's well-being to understand what impact the planned projects will have on the city's development and the well-being of the citizens. Five interactive maps are presented to the public:
 - 3D model of a real image - the current situation of the city is presented, it provides an opportunity to get acquainted with the changes and directions of development of the city.
 - 3D city model - detailed representation of city buildings and objects.
 - Oblique view aerial photos - the territory and the objects in it are depicted from different sides. You can see the park near your house from different angles.
 - Project proposals and technical projects - information about the planned construction design and solutions.
 - Solar Energy Potential - provides general information on solar radiation indicators, allowing you to assess the potential of solar panels in your office building or apartment building.
URL to the reuse case: https://3d.vilnius.lt/
URL to the open data datasets, related to reuse case: https://opendata.vilnius.lt/lt/dataset/vilniaus-miesto-seniunaitiju-ribos; https://opendata.vilnius.lt/lt/dataset/vilniaus-miesto-nomenklatura-500-trapecine; https://opendata.vilnius.lt/lt/dataset/vilniaus-miesto-adresai-taskai; https://opendata.vilnius.lt/lt/dataset/vilniaus-miesto-administracines-ribos and etc."
I30;"Is the use of open data in your country having an impact on the level of entrepreneurship (especially of women and minorities) and business creation (especially with Small- and Medium-sized Enterprises)? 

For Explanation:
* If yes, please provide an example of one reuse case. For this reuse case, please provide (1) a URL to the reuse case, (2) a URL to the open dataset used by the reuse case, and (3) a description of the reuse case and its impact in this sub-domain.";new question;new question;Change;Yes;"Lithuanian startup ""Ocredo"" enables small European companies to take advantage of greater business opportunities. By using different open datasets, this company creates a product that makes it easy to understand data and help businesses solve problems.
URL to the reuse case: https://okredo.com/lt-lt/atviru-duomenu-platforma (https://bznstart.lt/verslas/startuolis/vilniuje-isikurusi-okredo-pritrauke-650-tukst-euru-uz-atviru-duomenu-platforma/, https://www.facebook.com/OkredoLT/videos/561536649037977/)
URL to the open data datasets, related to reuse case: https://data.gov.lt/datasets/1633/; https://data.gov.lt/datasets/1666/; https://data.gov.lt/datasets/1710/; https://data.gov.lt/datasets/1212/; https://data.gov.lt/datasets/1938/; https://data.gov.lt/datasets/1911/ and etc."
I31;"Is the use of open data in your country having an impact on the level of productivity? 

For Explanation:
* If yes, please provide an example of one reuse case. For this reuse case, please provide (1) a URL to the reuse case, (2) a URL to the open dataset used by the reuse case, and (3) a description of the reuse case and its impact in this sub-domain.";new question;new question;Change;Yes;"An open dataset detailing the locations of ATM machines is being used to develop applications and maps that assist citizens in finding the nearest ATM. Journalists and citizen scientists are leveraging this data to calculate the average travel time to the closest ATM, which helps estimate accessibility for residents in remote or suburban areas.
  dataset: https://data.gov.lt/datasets/2003/
  reuse cases:  
  https://bankomatas.lt/#bankomatu-vietu-gidas
  https://www.delfi.lt/verslas/verslas/igyvendintas-100-bankomatu-regionuose-pazadas-ketvirtis-milijono-salies-gyventoju-issigryninti-pinigus-gales-lengviau-91540375"