ID;Question;Answer from 2023;Explanation from 2023;Confirm, change or complement answer/explanation from 2023;Provide updated answer (if applicable);Provide updated explanation (if applicable)
P1;"Is there a national open data policy in your country and, if your country is an EU Member State, does this include a national legislation for the transposition of the Open Data Directive?

For Explanation:
* If yes, please provide (1) the URL and (2) title of the policy document and (3) briefly describe.
* If ‘other’, please provide (1) a brief explanation to support your answer choice and (2) provide the URL and indicate the policy section which explicitly references open data.";yes;"The Ministry of Digital Affaires (MDA) (formerly the Chancellery of the Prime Minister(CPM)) pursues an open data policy in Poland based on several documents: Open Data Programme and the Open Data Act (regulations), but also Open Data Projects, Open Data Standards and the project of the National Repository of Scientific and Cultural Resources.
1. Open Data Programme: 
a. Open Data Programme 2016-2020 (pol.: Program Otwierania Danych Publicznych na lata 2016-2020)
In 2016-2020 MDA implemented first Polish open data strategy: Open Data Programme 2016-2020 (completed). The five Programme evaluation reports and one Programme finale research are published on dane.gov.pl.
b. Open Data Programme 2021-2027 (pol.: Program otwierania danych na lata 2021-2027)
The programme is a continuation of the open data strategy implemented by the MDA under the previous Open Public Data Programme 2016-2020. The new programme was adopted by a resolution of the Council of Ministers in February 2021. The Programme complements the Open Data Act and concentrates more on practical and technical mechanisms for opening data at the government level. Its main goal is among other to improve the quality and increase the amount of public data made available in an open manner. Examples of the planned activities include: increasing the amount of data resources made available by API on the dane.gov.pl portal, in particular dynamic data and high-value data and strengthening cooperation with data providers (e.g. conferences, hackathons, workshops, working meetings), increasing re-use and exchange of data, education, consolidation of Network of Open Data Officers. The Programme is addressed to the government administration but can also be implemented by other entities, e.g. public bodies at local level (cities/municipalities and regions) or private sector.                                               
URL: 
Open Data Programme 2021-2027: 
https://dane.gov.pl/pl/knowledgebase/useful-materials/program-otwierania-danych-na-lata-2021-2027                                                       
2. Regulations:
a. Act on access to public information
b. Open Data Act
In Poland constitutional right to the information is realised by Act on access to public information (Act of 6 September 2001 on access to public information). Moreover in accordance with the new Polish Open Data Act (Act of 11 August 2021 on open data and the re-use of public sector information) every person shall have the right to re-use public sector information (the right to re-use) (previously Act of 25 February 2016 on the re-use of public sector information). The Polish Open Data Act implement Directive 2019/1024 and introduces the foundations for opening and re-use data. As a general rule, all public sector content can be re-used free of charge and without any conditions (or under minimum requirements). Among the new developments, the Act emphasizes the automated and real-time provision of data via the portal and through the application programming interfaces (API), and introduces the foundations for data sharing by new entities, like public undertakings and research and scientific institutions and also data sharing by private sector on dane.gov.pl portal.                                                                                                                                                                  
URL:
Act on access to public information: https://www.dziennikustaw.gov.pl/DU/rok/2022/pozycja/902 
Open Data Act: https://dziennikustaw.gov.pl/DU/2021/1641
3. Open data projects: 
a.  Open data - access, standard, education 
b.  Open data plus
Open data projects support implementation of Open Data Programme 2016-2020/2021-2027. Main goal is to provide open data in manner that facilitates re-use of PSI; API development; open data portal development (dane.gov.pl); Open Data Laboratory (support data providers in the legal, technical and security areas of opening data); education; promotion open data in Poland.   
4. Project: National Repository of Science and Culture Objects (KRONIK@)
KRONIK@ (kronika.gov.pl) is a platform that collects Polish culture, science and administration heritage dispersed until recently in the digital space. It has been equipped with a multi-search engine so that it is possible to search the collected resources in both simple and advanced way, as well as on the OCR text layer. In addition, KRONIK@ provides a free repository for archiving resources and their long-term storage, securing them against removal or loss. The successive increase in the number of entities that will make their resources available on the KRONIK@ will contribute to the increase in the number of digitally available science and culture works. Currently, Kronik@ collects more than 16 million objects grouped within 70 searchable categories. In addition, Kronik@ provides anyone interested with access to the digital resources provided, as well as the opportunity to re-use these resources in their work, projects or research. Currently, the number of resources played and downloaded by Kronik@ has exceeded 2 million.
The project also developed a metadata standard introducing uniform data management rules enabling the exchange of information and integration between digital sources.
URL:
https://www.gov.pl/web/cyfryzacja/kronik-krajowe-repozytorium-obiektow-nauki-i-kultury 
https://kronika.gov.pl/  
5. New projects:
a. open data (general): continuation and development of the projects: Open Data Access, Standard, Education and Open Data Plus 
b. open data (science and culture ): continuation and development of the projeck: National Repository of Science and Culture Objects (KRONIK@)
The new projects is expected to increase the quantity and quality of public sectro information available for re-use, in particular high-value data and dynamic data.
URL: https://www.rozwojcyfrowy.gov.pl/strony/dowiedz-sie-wiecej-o-programie/o-programie/
6. Open data standards (legal, security, technical and API):
a. first version of the standards (2018)
b. standards after evaluation and public consultations (2020)
The standards provide guidelines on: legal regulations, data security and privacy protection, technical aspects and API standards
URL: https://dane.gov.pl/pl/knowledgebase/useful-materials/standardy-otwartosci-danych";Complement;;"The Ministry of Digital Affaires (MDA)  pursues an open data policy in Poland based on several documents: Open Data Programme and the Open Data Act (regulations), but also Open Data Projects, Open Data Standards and the projects of the National Repository of Scientific and Cultural Resources.

1. Open Data Programme: 
a. Open Data Programme 2016-2020 (pol.: Program Otwierania Danych Publicznych na lata 2016-2020)
In 2016-2020 MDA implemented first Polish open data strategy: Open Data Programme 2016-2020 (completed). The five Programme evaluation reports and one Programme finale research are published on dane.gov.pl.
b. Open Data Programme 2021-2027 (pol.: Program otwierania danych na lata 2021-2027)
The programme is a continuation of the open data strategy implemented by the MDA under the previous Open Public Data Programme 2016-2020. The new programme was adopted by a resolution of the Council of Ministers in February 2021. The Programme complements the Open Data Act and concentrates more on practical and technical mechanisms for opening data at the government level. Its main goal is among other to improve the quality and increase the amount of public data made available in an open manner. Examples of the planned activities include: increasing the amount of data resources made available by API on the dane.gov.pl portal, in particular dynamic data and high-value data and strengthening cooperation with data providers (e.g. conferences, hackathons, workshops, working meetings), increasing re-use and exchange of data, education, consolidation of Network of Open Data Officers. The Programme is addressed to the government administration but can also be implemented by other entities, e.g. public bodies at local level (cities/municipalities and regions) or private sector.      
An evaluation study (on-going) of the Programme was conducted in December 2023, and the results were published on data.gov.pl.                                                   
URL: 
Open Data Programme 2021-2027: 
https://dane.gov.pl/pl/knowledgebase/useful-materials/program-otwierania-danych-na-lata-2021-2027                                                       

2. Regulations:
a. Act on access to public information
b. Open Data Act
In Poland constitutional right to the information is realised by Act on access to public information (Act of 6 September 2001 on access to public information). Moreover in accordance with the new Polish Open Data Act (Act of 11 August 2021 on open data and the re-use of public sector information) every person shall have the right to re-use public sector information (the right to re-use) (previously Act of 25 February 2016 on the re-use of public sector information). The Polish Open Data Act implement Directive 2019/1024 and introduces the foundations for opening and re-use data. As a general rule, all public sector content can be re-used free of charge and without any conditions (or under minimum requirements). Among the new developments, the Act emphasizes the automated and real-time provision of data via the portal and through the application programming interfaces (API), and introduces the foundations for data sharing by new entities, like public undertakings and research and scientific institutions and also data sharing by private sector on dane.gov.pl portal.       
In 2023 MDA conducted an ex-post evaluation of the Open Data Act (one year after its entry in force), and its results were presented in the report. The report also contains proposals regarding the Open Data Directive.                                                                                                                                                           
URL:
Act on access to public information: https://www.dziennikustaw.gov.pl/DU/rok/2022/pozycja/902 
Open Data Act: https://dziennikustaw.gov.pl/DU/2021/1641
Report on the ex-post evaluation of the Open Data Act:
https://dane.gov.pl/pl/knowledgebase/useful-materials/prawo

3. Projects completed:
a.  Open data - access, standard, education 
b.  Open data plus
c. National Repository of Science and Culture Objects (KRONIK@)
Open data projects supported implementation of Open Data Programme 2016-2020/2021-2027. Main goal was to provide open data in manner that facilitates re-use of PSI; API development; open data portal development (dane.gov.pl); Open Data Laboratory (support data providers in the legal, technical and security areas of opening data); education; promotion open data in Poland.   

Project: National Repository of Science and Culture Objects (KRONIK@)  (completed)
KRONIK@ (kronika.gov.pl) is a platform that collects Polish culture, science and administration heritage dispersed until recently in the digital space. It has been equipped with a multi-search engine so that it is possible to search the collected resources in both simple and advanced way, as well as on the OCR text layer. In addition, KRONIK@ provides a free repository for archiving resources and their long-term storage, securing them against removal or loss. The successive increase in the number of entities that will make their resources available on the KRONIK@ will contribute to the increase in the number of digitally available science and culture works. Currently, Kronik@ collects more than 16 million objects grouped within 70 searchable categories. In addition, Kronik@ provides anyone interested with access to the digital resources provided, as well as the opportunity to re-use these resources in their work, projects or research. The number of resources played and downloaded by Kronik@ has exceeded 2 million.
The project also developed a metadata standard introducing uniform data management rules enabling the exchange of information and integration between digital sources.
URL:
https://www.gov.pl/web/cyfryzacja/otwarte-dane-dostep-standard-edukacja2
ttps://www.gov.pl/web/cyfryzacja/otwarte-dane-plus
https://www.gov.pl/web/cyfryzacja/kronik-krajowe-repozytorium-obiektow-nauki-i-kultury 
https://kronika.gov.pl/  

4. New projects (from 2024):
a. open data (general): Data 3.0_exchange, value continuation and development of the projects: Open Data - Access, Standard, Education and Open Data Plus 
b. open data (science and culture ): Kronik@ 2.0 continuation and development of the project: National Repository of Science and Culture Objects (KRONIK@)
The new project is expected to increase the quantity and quality of public sector information available for re-use, in particular high-value data and dynamic data made available via API. 
c) educational projects (from 2025)
URL: https://www.rozwojcyfrowy.gov.pl/strony/dowiedz-sie-wiecej-o-programie/o-programie/

5. Open data standards (legal, security, technical and API):
a. first version of the standards (2018)
b. standards after evaluation and public consultations (2020)
The standards provide guidelines on: legal regulations, data security and privacy protection, technical aspects and API standards
URL: https://dane.gov.pl/pl/knowledgebase/useful-materials/standardy-otwartosci-danych"
P2;"Is there a national open data strategy in your country?

For Explanation:
* If yes, please provide (1) the URL to the strategy and (2) describe the main highlights.  
* If 'not applicable', please provide (1) a brief explanation to support your answer choice and provide (2) the URL and indicate the policy section which explicitly references objectives, actions/measures, delivery timelines etc.";yes;"In 2016-2020 the MDA implemented first Polish open data strategy: Open Data Programme 2016-2020 (completed). The five Programme evaluation reports and one Programme finale research are published on dane.gov.pl. In 2020 the MDA developed a new comprehensive open data strategy: Open Data Programme 2021-2027. New document has been adopted by resolution of the Council of Ministers in February 2021. The Programme complements the Open Data Act and concentrates more on practical and technical mechanisms for opening data at the government level. Its main goal is among other to improve the quality and increase the amount of public data made available in an open manner and also creating an environment where economic and social benefits from open data are noticed and make provide a new services, products, business models and new jobs, and will be support strategic decision making.Open Data Programme 2021-2027 implement the key issues of open data and data management. Programm provides strategic tasks for 7 years.
Examples of the planned activities include: increasing the amount of data resources made available by API on the dane.gov.pl portal, in particular dynamic data and high-value data and strengthening cooperation with data providers (e.g. conferences, hackathons, workshops, working meetings), increasing re-use and exchange of data, education, consolidation of  Network of Open Data Officers. The Programme is addressed to the government administration but can also be implemented by other entities, e.g. public bodies at local level (cities/municipalities and regions) or private sector.                                                                                                                                                                                      
URL:
Open Data Programme 2021-2027: 
https://dane.gov.pl/pl/knowledgebase/useful-materials/program-otwierania-danych-na-lata-2021-2027";Complement;;"In 2016-2020 the MDA implemented first Polish open data strategy: Open Data Programme 2016-2020 (completed). The five Programme evaluation reports and one Programme finale research are published on dane.gov.pl. In 2020 the MDA developed a new comprehensive open data strategy: Open Data Programme 2021-2027. New document has been adopted by resolution of the Council of Ministers in February 2021. The Programme complements the Open Data Act and concentrates more on practical and technical mechanisms for opening data at the government level. Its main goal is among other to improve the quality and increase the amount of public data made available in an open manner and also creating an environment where economic and social benefits from open data are noticed and make provide a new services, products, business models and new jobs, and will be support strategic decision making.Open Data Programme 2021-2027 implement the key issues of open data and data management. Programme provides strategic tasks for 7 years.
Examples of the planned activities include: increasing the amount of data resources made available by API on the dane.gov.pl portal, in particular dynamic data and high-value data and strengthening cooperation with data providers (e.g. conferences, hackathons, workshops, working meetings), increasing re-use and exchange of data, education, consolidation of  Network of Open Data Officers. The Programme is addressed to the government administration but can also be implemented by other entities, e.g. public bodies at local level (cities/municipalities and regions) or private sector.                                                                                                                                                                                      
URL:
Open Data Programme 2021-2027: 
https://dane.gov.pl/pl/knowledgebase/useful-materials/program-otwierania-danych-na-lata-2021-2027  
The Programme is subject to ongoing evaluation: the evaluation and the review is planned after two, four and then seven years after its adoption.
The first review has already been done in December 2023.
At that time, an evaluation (on-going) study of the Open Data Programme 2021-2027 was conducted among those responsible for the implementation of the Programme and other stakeholders (representatives of local administration, the private sector, the scientific community, NGOs, individual users). The main objective of the study was an overall evaluation of the Programme and its implementation process, as well as identification of areas that need to be changed in order to increase the effectiveness of the utility and relevance of the Program's activities.
URL:
Open Data Programme 2021-2027 evaluation study report:
https://dane.gov.pl/pl/knowledgebase/useful-materials/program-otwierania-danych-na-lata-2021-2027"
P3;"Is there an open data policy/strategy at regional or local level?

For Explanation:
* If yes, please (1) provide the URL and (2) title of the document(s) and (3) briefly describe.";yes;"Public bodies at local level (e.g. cities/municipalities and regions) purse independent open data policy, many of them have a policies for open data and run open data portals. Aslo entieties al local level are actively encouraged to publish data on dane.gov.pl. Moreover Open Data Programme 2021-2027 can be voluntary implemented by public bodies at local level, e.g. cities will be able to develop an annual schedule for opening selected data and making relevant data sets available at dane.gov.pl. Dane.gov.pl plans to harvest a new datasets from other local open data portals. 
Also the MDA plans training/education event for employees of bodies at local level. Example is MDA's new practical guide of opening data, which is the second edition of the handbook of open data. 
Second edition handbook of open data:
https://dane.gov.pl/pl/knowledgebase/useful-materials/podreczniki-dot-otwartosci-danych
Examples of local open data policies:
Kraków: https://www.bip.krakow.pl/?dok_id=167&sub_dok_id=167&sub=uchwala&query=id%3D20610%26typ%3Du
Poznań: https://www.poznan.pl/mim/wos/-,doc,1017,38312/-,91567.html 
Szczecin: http://bip.um.szczecin.pl/chapter_131308.asp?soid=979DF167A1C9499993C72E96C4B41D63 
Kołobrzeg http://umkolobrzeg.esp.parseta.pl/index.php?id=122698
Examples of local open data portals:
Górnośląsko-Zagłębiowska Metropolia (eng: Metropolis GZM): https://otwartedane.metropoliagzm.pl/ 
Warszawa: https://api.um.warszawa.pl/# 
Wrocław: https://www.wroclaw.pl/open-data/
Rzeszów: https://otwartedane.erzeszow.pl/ 
Jaworzno: https://otwartedane.um.jaworzno.pl/ 
Gdynia: https://otwartedane.gdynia.pl/ 
Gliwice: https://open-data-gliwice.hub.arcgis.com/
Gdańsk: https://www.gdansk.pl/otwarte-dane-w-gdansku";Complement;;"Public bodies at local level (e.g. cities/municipalities and regions) purse independent open data policy, many of them have a policies for open data and run open data portals. Aslo entieties al local level are actively encouraged to publish data on dane.gov.pl. Moreover Open Data Programme 2021-2027 can be voluntary implemented by public bodies at local level, e.g. cities will be able to develop an annual schedule for opening selected data and making relevant data sets available at dane.gov.pl. Dane.gov.pl plans to harvest a new datasets from other local open data portals. 
The MDA also successively conducts training/education for staff of public bodies at the local level. An example is the online workshop on data opening. Within this framework 240 employees of public bodies at the local level were trained. Due to high interest, another workshop is planned for 2024.
Online workshop on opening data:
https://www.gov.pl/web/cyfryzacja/wez-udzial-w-bezplatnych-warsztatach-o-otwieraniu-danych
Another example is the second edition of the new Open Data Handbook, which is the MDA's practical guide to opening data. 
Second edition Open Data Handbook:
https://dane.gov.pl/pl/knowledgebase/useful-materials/podreczniki-dot-otwartosci-danych
Examples of local open data policies:
Kraków: https://www.bip.krakow.pl/?dok_id=167&sub_dok_id=167&sub=uchwala&query=id%3D20610%26typ%3Du
Poznań: https://www.poznan.pl/mim/wos/-,doc,1017,38312/-,91567.html 
Szczecin: http://bip.um.szczecin.pl/chapter_131308.asp?soid=979DF167A1C9499993C72E96C4B41D63 
Kołobrzeg http://umkolobrzeg.esp.parseta.pl/index.php?id=122698
Examples of local open data portals:
Górnośląsko-Zagłębiowska Metropolia (eng: Metropolis GZM): https://otwartedane.metropoliagzm.pl/ 
Warszawa: https://api.um.warszawa.pl/# 
Wrocław: https://www.wroclaw.pl/open-data/
Rzeszów: https://otwartedane.erzeszow.pl/ 
Jaworzno: https://otwartedane.um.jaworzno.pl/ 
Gdynia: https://otwartedane.gdynia.pl/ 
Gliwice: https://open-data-gliwice.hub.arcgis.com/
Gdańsk: https://www.gdansk.pl/otwarte-dane-w-gdansku
Kraków: https://otwartedane.um.krakow.pl/
Lublin: https://otwartedane.lublin.eu/
Przemyśl: https://otwartedane.przemysl.eu/
Legnica: https://opendata.legnica.eu/open-data.php
Siemianowice Śląskie: https://dane.siemianowice.pl/
Województwo Małopolskie: https://www.malopolska.pl/aktualnosci/fundusze-europejskie/otwarte-dane-wartosciowe-informacje-dla-kazdego"
P4;"Does the national strategy/policy include an action plan with measures to be implemented in the open data field?

For Explanation:
If yes, please briefly describe the main measures described by the action plan.";yes;"Open Data Programme 2021-2027 provides strategic tasks for 2021-2027 and schedule for opening selected data and sharing relevant data sets on the dane.gov.pl. The Programme has an action plan for its implementation: 
a) Action plan - table/schedule with among others directions of intervention, responsible entities and deadlines,
b) APIs development plan - table/schedule with data sets, data providers and deadlines.
See: Open Data Program 2021-2027 Appendix No. 1.
Also the Programme provides indicators of target measurement:                               
1. Number of datasets, dynamic data and high-value datasets available for re-use on dane.gov.pl;
2. Number of datasets at higher level of openness or better quality available for re-use on dane.gov.pl;
3. Number of datasets provided via APIs for re-use on dane.gov.pl;
4. Number of activities leading to removal or limitations of barriers in exchange of data;
5. Number of culture and science datasets available for re-use on dane.gov.pl;
6. Number of entities publishing data for re-use on dane.gov.pl;
7. Number of people participating in trainings/educational events;
8. Number of recipients activities information and promotion (e.g.: conferences, hackathons, campaign in media).
After two and four years after the Programme was adopted and in the seventh year of the document implemented, Programme will be review and evaluation.
As two years have passed since its adoption, the Programme is currently being reviewed and evaluated.
In addition working group of strategic directions for data management (on Semptember 2022) was set up as part of the Task force for the implementation of the Programme Open Data 2021-2027. One of the objectives of the this group is to evaluate Programme Open Data 2021-2027, as well as: share knowledge, good practices and learne about the needs of different groups in areas such as data sharing and management, share new categories of data, data market research in Poland, data openness, communication and personal data protection.
URL: https://www.gov.pl/web/cyfryzacja/grupa-robocza-ds-strategicznych-kierunkow-zarzadzania-danymi
First meeting:
https://m.facebook.com/story.php?story_fbid=pfbid03CVA9VJFfBabbRL1Wk2i3Lu1RbH1AyUHCNDzAUdtnLLsvhqFW6Hu3bbaSSJy397Wl&id=107789623943313
Others meetings:
https://m.facebook.com/story.php?story_fbid=pfbid02E9m4TBh6ZAU5DZmeWaLpQNm75mWw6WQiRs5qzJkW79JBt8o6mYoFMDwK4VJGzDcVl&id=107789623943313
https://m.facebook.com/story.php?story_fbid=pfbid0SZTQbzJ3wZ4HTXbQad9n2HPDXGMB8N36NExGmGuG2QVgzNGUQhsW1vz9YwLY8c5yl&id=107789623943313
https://m.facebook.com/story.php?story_fbid=pfbid0259jdDCRH7L2ViBgrASVTRVdWw42J9syhRzF9NKGqkXNiMa4xPfposnjYmKnz6uk2l&id=107789623943313
https://m.facebook.com/story.php?story_fbid=pfbid02jwuCWxyhEZagnP36RoZ5J9QxH3DNW2a9frcL8qixgCXZCxuAe5paXK6BABNPSkujl&id=107789623943313
https://m.facebook.com/story.php?story_fbid=pfbid0jHndPTUWfa1d5vbGABoQDXgMSjFTEbVRsMPCR82AeUNqvgMg8YiNyehvFQheYhb7l&id=107789623943313";Complement;;"Open Data Programme 2021-2027 provides strategic tasks for 2021-2027 and schedule for opening selected data and sharing relevant data sets on the dane.gov.pl. The Programme has an action plan for its implementation: 
a) Action plan - table/schedule with among others directions of intervention, responsible entities and deadlines,
b) APIs development plan - table/schedule with data sets, data providers and deadlines.
See: Open Data Programme 2021-2027 Appendix No. 1.
Also the Programme provides indicators of target measurement:                               
1. Number of datasets, dynamic data and high-value datasets available for re-use on dane.gov.pl;
2. Number of datasets at higher level of openness or better quality available for re-use on dane.gov.pl;
3. Number of datasets provided via APIs for re-use on dane.gov.pl;
4. Number of activities leading to removal or limitations of barriers in exchange of data;
5. Number of culture and science datasets available for re-use on dane.gov.pl;
6. Number of entities publishing data for re-use on dane.gov.pl;
7. Number of people participating in trainings/educational events;
8. Number of recipients activities information and promotion (e.g.: conferences, hackathons, campaign in media).
After two and four years after the Programme was adopted and in the seventh year of the document implemented, Programme will be review and evaluated.
The Programme is subject to ongoing evaluation: the evaluation and the review is planned after two, four and then seven years after its adoption.
As two years have passed since its adoption, the Programme was reviewed and evaluated. The research was conducted among those responsible for the implementation of the Programme and other stakeholders (representatives of local government, the private sector, the scientific community, NGOs, individual users).The main objective of the research was an overall evaluation of the Programme and its implementation process, as well as identification of areas that need to be changed in order to increase the effectiveness of the utility and relevance of the Programe's activities.
URL:
Open Data Programme 2021-2027 evaluation study report:
https://dane.gov.pl/pl/knowledgebase/useful-materials/program-otwierania-danych-na-lata-2021-2027
In 2022-2023, the group on strategic directions for data management operated. It was the  part of the Task force for the implementation of the Open Data Programme 2021-2027. One of the objectives of the this group was to evaluate Open Data Programme 2021-2027, as well as: to share knowledge, good practices and learn about the needs of different groups of stakeholders in areas such as data sharing and data management, including new categories of data, data market research in Poland, data openness, communication and personal data protection.
URL: https://www.gov.pl/web/cyfryzacja/grupa-robocza-ds-strategicznych-kierunkow-zarzadzania-danymi
First meeting:
https://m.facebook.com/story.php?story_fbid=pfbid03CVA9VJFfBabbRL1Wk2i3Lu1RbH1AyUHCNDzAUdtnLLsvhqFW6Hu3bbaSSJy397Wl&id=107789623943313
Others meetings:
https://m.facebook.com/story.php?story_fbid=pfbid02E9m4TBh6ZAU5DZmeWaLpQNm75mWw6WQiRs5qzJkW79JBt8o6mYoFMDwK4VJGzDcVl&id=107789623943313
https://m.facebook.com/story.php?story_fbid=pfbid0SZTQbzJ3wZ4HTXbQad9n2HPDXGMB8N36NExGmGuG2QVgzNGUQhsW1vz9YwLY8c5yl&id=107789623943313
https://m.facebook.com/story.php?story_fbid=pfbid0259jdDCRH7L2ViBgrASVTRVdWw42J9syhRzF9NKGqkXNiMa4xPfposnjYmKnz6uk2l&id=107789623943313
https://m.facebook.com/story.php?story_fbid=pfbid02jwuCWxyhEZagnP36RoZ5J9QxH3DNW2a9frcL8qixgCXZCxuAe5paXK6BABNPSkujl&id=107789623943313
https://m.facebook.com/story.php?story_fbid=pfbid0jHndPTUWfa1d5vbGABoQDXgMSjFTEbVRsMPCR82AeUNqvgMg8YiNyehvFQheYhb7l&id=107789623943313"
P5;"Does the national strategy/policy outline measures to incentivise the publication of and access to real-time or dynamic data?

For Explanation:
* If yes, please briefly describe the measures.";yes;"The Open Data Act act implementing of Open Data Directive provides dynamic data are publish immediately after collection, via APIs and where relevant, as a bulk download (see art. 24). Sharing and re-use of PSI by API is strongly recommended by Open Data Standards. Moreover Open Data Programme 2021-2027 has an APIs development plan - table/schedule with data sets, data providers and deadlines (See: Open Data Program 2021-2027 Appendix No. 1.). Also MDA developed report and research on sharing of dynamic data via APIs by polish cities.
In addition working group on strategic directions for data management (on September 2022) was set up as part of the Task force for the implementation of the Programme Data Open 2021-2027. 
This working group is to support different groups in areas such as data sharing and management, sharing new data categories. 
URL:
https://dziennikustaw.gov.pl/DU/2021/1641 
https://dane.gov.pl/knowledgebase/useful-materials/standardy-otwartosci-danych 
https://dane.gov.pl/pl/knowledgebase/useful-materials/program-otwierania-danych-na-lata-2021-2027
https://dane.gov.pl/pl/article/badanie-api-w-miastach
https://www.gov.pl/web/cyfryzacja/grupa-robocza-ds-strategicznych-kierunkow-zarzadzania-danymi
https://m.facebook.com/story.php?story_fbid=pfbid03CVA9VJFfBabbRL1Wk2i3Lu1RbH1AyUHCNDzAUdtnLLsvhqFW6Hu3bbaSSJy397Wl&id=107789623943313
Others meetings see q.5.";Complement;;"Open Data Programme 2021-2027 provides strategic tasks for 2021-2027 and schedule for opening selected data and sharing relevant data sets on the dane.gov.pl. The Programme has an action plan for its implementation: 
a) Action plan - table/schedule with among others directions of intervention, responsible entities and deadlines,
b) APIs development plan - table/schedule with data sets, data providers and deadlines.
See: Open Data Programme 2021-2027 Appendix No. 1.
Also the Programme provides indicators of target measurement:                               
1. Number of datasets, dynamic data and high-value datasets available for re-use on dane.gov.pl;
2. Number of datasets at higher level of openness or better quality available for re-use on dane.gov.pl;
3. Number of datasets provided via APIs for re-use on dane.gov.pl;
4. Number of activities leading to removal or limitations of barriers in exchange of data;
5. Number of culture and science datasets available for re-use on dane.gov.pl;
6. Number of entities publishing data for re-use on dane.gov.pl;
7. Number of people participating in trainings/educational events;
8. Number of recipients activities information and promotion (e.g.: conferences, hackathons, campaign in media).
After two and four years after the Programme was adopted and in the seventh year of the document implemented, Programme will be review and evaluation.
As two years have passed since its adoption, the Programme is currently being reviewed and evaluated.
The Programme is subject to ongoing evaluation: the evaluation and the review is planned after two, four and then seven years after its adoption.
As two years have passed since its adoption, the Programme was reviewed and evaluated as part of an evaluation study . The research was conducted among those responsible for the implementation of the Programme and other stakeholders (representatives of local government, the private sector, the scientific community, NGOs, individual users).The main objective of the research was an overall evaluation of the Programme and its implementation process, as well as identification of areas that need to be changed in order to increase the effectiveness of the utility and relevance of the Programe's activities.
URL:
Open Data Programme 2021-2027 evaluation study report:
https://dane.gov.pl/pl/knowledgebase/useful-materials/program-otwierania-danych-na-lata-2021-2027
In 2022-2023, the group on strategic directions for data management operated. It was the  part of the Task force for the implementation of the Open Data Programme 2021-2027. One of the objectives of the this group was to evaluate Open Data Programme 2021-2027, as well as: to share knowledge, good practices and learn about the needs of different groups of stakeholders in areas such as data sharing and data management, including new categories of data, data market research in Poland, data openness, communication and personal data protection.
URL: https://www.gov.pl/web/cyfryzacja/grupa-robocza-ds-strategicznych-kierunkow-zarzadzania-danymi
First meeting:
https://m.facebook.com/story.php?story_fbid=pfbid03CVA9VJFfBabbRL1Wk2i3Lu1RbH1AyUHCNDzAUdtnLLsvhqFW6Hu3bbaSSJy397Wl&id=107789623943313
Others meetings:
https://m.facebook.com/story.php?story_fbid=pfbid02E9m4TBh6ZAU5DZmeWaLpQNm75mWw6WQiRs5qzJkW79JBt8o6mYoFMDwK4VJGzDcVl&id=107789623943313
https://m.facebook.com/story.php?story_fbid=pfbid0SZTQbzJ3wZ4HTXbQad9n2HPDXGMB8N36NExGmGuG2QVgzNGUQhsW1vz9YwLY8c5yl&id=107789623943313
https://m.facebook.com/story.php?story_fbid=pfbid0259jdDCRH7L2ViBgrASVTRVdWw42J9syhRzF9NKGqkXNiMa4xPfposnjYmKnz6uk2l&id=107789623943313
https://m.facebook.com/story.php?story_fbid=pfbid02jwuCWxyhEZagnP36RoZ5J9QxH3DNW2a9frcL8qixgCXZCxuAe5paXK6BABNPSkujl&id=107789623943313
https://m.facebook.com/story.php?story_fbid=pfbid0jHndPTUWfa1d5vbGABoQDXgMSjFTEbVRsMPCR82AeUNqvgMg8YiNyehvFQheYhb7l&id=107789623943313"
P6;"Does the national strategy/policy outline measures to incentivise the publication of and access to citizen-generated data?

For Explanation:
* If yes, please briefly describe the measures.";yes;"In Polish open data policy ""citizen-generated data"" and ""private sector data"" are included in one definitions - ""private data"". 
1. Open Data Act
Open Data Act introduces the foundations for data sharing by by private sector on dane.gov.pl portal (e.g. enterprises, NGO's) (Article 35). Also the Act defines the concept of private data (Article 2.5). Examples of private data sets sharing dane.gov.pl: 
https://dane.gov.pl/pl/dataset/2762,wyniki-projektu-br-zwiekszenie-konkurencyjnosci-vt.
https://dane.gov.pl/pl/dataset/2880,iv-badanie-odpornosci-oprawek-na-dzialanie-niskich
https://dane.gov.pl/pl/dataset/2900,wyniki-badan-prototypu-pasywnej-igly-bezpiecznej-w
2. Open Data Programme 2021-2027
Open Data Programme 2021-2027 include activity encouraging private entities to sharing own data on the Dane.gov.pl portal (see p. 38). Also the Programme can be implemented by entities different than government administration, e.g. private sector. The goals of the Programme focus on the key 
elements of the open data policy, both in terms of the public sector and the sector private (see p. 29).
3. Report 
Report ""Challenges and prospects in sharing private sector data with recommendations for government administration"" (The Open Data Laboratory).The report presents a diagnosis, benefits and recommendations in the area of re-use and exchange data, describes the legal status of sharing of private data, barriers and models for data exchanges (B2G, B2B, C2G). 
ULR:
https://dziennikustaw.gov.pl/DU/2021/1641
https://dane.gov.pl/pl/knowledgebase/useful-materials/program-otwierania-danych-na-lata-2021-2027
https://dane.gov.pl/pl/knowledgebase/useful-materials/raporty-laboratorium-otwartych-danych";Complement;;"In Polish open data policy ""citizen-generated data"" and ""private sector data"" are included in one definition - ""private data"". 
1. Open Data Act
Open Data Act introduces the foundations for data sharing by private sector on dane.gov.pl portal (e.g. enterprises, NGO's) (Article 35). Also the Act defines the concept of private data (Article 2.5). Examples of private data sets  published on?dane.gov.pl: 
https://dane.gov.pl/pl/dataset/2762,wyniki-projektu-br-zwiekszenie-konkurencyjnosci-vt.
https://dane.gov.pl/pl/dataset/2880,iv-badanie-odpornosci-oprawek-na-dzialanie-niskich
https://dane.gov.pl/pl/dataset/2900,wyniki-badan-prototypu-pasywnej-igly-bezpiecznej-w
https://dane.gov.pl/pl/dataset/3407,opracowanie-innowacyjnych-rozwiazan-technologiczny
https://dane.gov.pl/pl/dataset/3575,surowce-do-produkcji-swiec
2. Open Data Programme 2021-2027
Open Data Programme 2021-2027 include activity encouraging private entities to sharing own data on the Dane.gov.pl portal (see p. 38). Also the Programme can be implemented by entities different than government administration, e.g. private sector. The goals of the Programme focus on the key 
elements of the open data policy, both in terms of the public sector and the sector private (see p. 29).
3. Report 
Report ""Challenges and prospects in sharing private sector data with recommendations for government administration"" (The Open Data Laboratory).The report presents a diagnosis, benefits and recommendations in the area of re-use and exchange data, describes the legal status of sharing of private data, barriers and models for data exchanges (B2G, B2B, C2G). 
ULR:
https://dziennikustaw.gov.pl/DU/2021/1641
https://dane.gov.pl/pl/knowledgebase/useful-materials/program-otwierania-danych-na-lata-2021-2027
https://dane.gov.pl/pl/knowledgebase/useful-materials/raporty-laboratorium-otwartych-danych"
P7;"Does the national strategy/policy foster the discoverability of the aforementioned types of data from your country on data.europa.eu?

For Explanation:
* If yes, please briefly describe how.";yes;"Dane.gov.pl introduced DCAT-AP. Open Data Programme 2021-2027 recommends to use the specifications  to describe public sector datasets and enable exchange of descriptions of data sets between the Dane.gov.pl portal and other national and European portals sharing public data (see p. 129). Also the Programme recommends to sharing local data / metadata on the Dane.gov.pl portal. The data is also published on an automatic sharing basis on data.europa.eu (see p. 75).
URL:
https://dane.gov.pl/pl/knowledgebase/useful-materials/program-otwierania-danych-na-lata-2021-2027";Confirm;;
P8;"Does the national strategy/policy outline measures to support the reuse of open data by the public sector?

For Explanation:
* If yes, please briefly describe the measures.";yes;"MDA issued a second edition of the handbook of open data to promote re-use culture among public sector as well as business and NGOs.
The updated handbook is intended to more help build a culture of data re-use in offices. This handbook is a response to the information and education needs of the many offices that MDA has worked with the last 5 years. This edition introduces new categories of data, the use of regulations in the development of open data policies and ready-made solutions for data sharing such as the data.gov.pl and kronika.gov.pl services. Similarily to the previous edition, the current handbook does not explicitly foresee measures, but indicates the steps necessary to build an appropriate organizational structure, responsibility for opening data in the office (company) and re-use. These steps constitute a checklist for building a culture of re-use in an office (company).
In addition Open Data Standards (in particular Legal Standard) play such role (""openness template""). Also the Open Data Programme 2021-2027 and the Legal Standard introduced the Pillars of Openness (see. p. 58-59 Open Data Programme 2021 -2027). Meeting the these guidelines on public data sharing should mean giving data the attribute of openness. The Pillars of Openness was implemented to the Open Data Act  - definition of open data and principle of openness (Article 2.11 and Article 10.1). Appendix to the Legal Standard is also Check list (data providers can check that their data is open and in line with the Pillars of Openness). Moreover expert group (including MDA and Institute of Urban and Regional Development) developed a handbook ""Data management in cities. Handbook for local governments
 
URL:
https://dziennikustaw.gov.pl/DU/2021/1641
https://dane.gov.pl/pl/knowledgebase/useful-materials/program-otwierania-danych-na-lata-2021-2027
https://dane.gov.pl/pl/knowledgebase/useful-materials/standardy-otwartosci-danych
https://dane.gov.pl/pl/knowledgebase/useful-materials/podreczniki-dot-otwartosci-danych
http://obserwatorium.miasta.pl/wp-content/uploads/2021/10/IRMiR_Zarzadzaniedanymi_20210922-4.pdf";Confirm;;
P9;"Does the national strategy/policy outline measures to support the reuse of open data by the private sector?

For Explanation:
* If yes, please briefly describe the measures.";yes;"See q. 6c
Open data projects supporting implementation of Open Data Programme 2021-2027 outline such measures. Main goal is to provide open data for private sector in manner that facilitates re-use of public sector information. Number of new resources at dane.gov.pl at least at the 3rd level of openness; number of downloads/consolidation of relevant data set.";Complement;;"See q. 6.
Open data projects supporting implementation of Open Data Programme 2021-2027 outline such measures. Main goal is to provide open data for private sector in a manner that facilitates re-use of public sector information. Number of new resources at dane.gov.pl at least at the 3rd level of openness; number of downloads/consolidation of relevant data set. MDA is now working on launching the next project: “Data 3.0 - exchange, value”, which is a continuation of the actions taken so far. This project builds on previous projects: “Open Data: Access, Standard, Education” and “Open Data +”. The new project will contribute to the Programme's goal of increasing the availability and improving the quality of data available on the dane.gov.pl portal, including high-value datasets.
In addition,  European Funds for Digital Development 2021-2027 includes, among other things, Unit 2.3, “Digital Accessibility and Information Reuse.” Support in that unit Includes, among others, projects that will aim to provide access to data, including dynamic data through application programming interfaces, the use of data and business analytics in enterprises, and support for mutual data sharing between enterprises, including the development of standards for cooperation in organizational, technical and legal terms.
URL: https://www.rozwojcyfrowy.gov.pl/strony/dowiedz-sie-wiecej-o-programie/o-programie/
https://www.gov.pl/web/popcwsparcie/fundusze-europejskie-na-rozwoj-cyfrowy-2021-2027-ferc-czyli-co-przyniesie-jednostkom-administracji-publicznej-nowy-okres-programowania"
P10-a;"Does the national strategy/policy mandate carrying out and maintaining a data inventory by public bodies, whether at national or local level?

For Explanation:
* If yes, please briefly specify.";yes;"Local level
Public bodies at local level (cities/municipalities and and regions) are actively encouraged to publish data on dane.gov.pl. It is not mandatory, cities as well as all institutions from local level purse independent open data policy, many of them run open data portal. For example: 
Warszawa: https://dane.gov.pl/institution/organization-65,miasto-stoleczne-warszawa
Wrocław: https://dane.gov.pl/institution/46,gmina-wroclaw
Open Data Programme 2021-2027 can be voluntary implemented by public bodies at local level, e.g. cities will be able to develop an annual schedule for opening selected data and making relevant data sets available at dane.gov.pl (e.g. p. 38); dane.gov.pl plans to harvest a new datasets from other local open data portals; MDA plans training/education event for employees of bodies at local level. 
National level
Open Data Officers monitor timely publication of public data on portal dane.gov.pl according to a defined roadmap  and quality of data. Schedules are published on dane.gov.pl. 
Open Data Programme 2021-2027 indicates activities public bodies for sharing new datasets. Also data providers determined by law (i.e. central public sector organisations) are obliged to share data sets on the portal in line with data sharing schedules (developed every six months) as an implementation of Open Data Programme 2021-2027 (p. 38, 88). Also Open Data Programme 2021-2027 has an APIs development plan - table/schedule with data sets, data providers and deadlines (Open Data Programme 2021-2027 Appendix No. 1).";Complement;;"Local level
Public bodies at local level (cities/municipalities and and regions) are actively encouraged to publish data on dane.gov.pl. It is not mandatory, cities as well as all institutions from local level purse independent open data policy, many of them run open data portal. 
Examples of portals of the largest cities in Poland:
Warszawa: https://dane.gov.pl/institution/organization-65,miasto-stoleczne-warszawa
Wrocław: https://dane.gov.pl/institution/46,gmina-wroclaw
Kraków: https://otwartedane.um.krakow.pl/
Poznań: https://www.poznan.pl/opendata 
Gdańsk: https://www.gdansk.pl/otwarte-dane-w-gdansku
Metropolis GZM (Metropolis GZM consists of 41 cities and communes located in the center of the Silesian Province): https://otwartedane.metropoliagzm.pl/en/ 
Open Data Programme 2021-2027 can be voluntarily implemented by public bodies at local level, e.g. cities will be able to develop an annual schedule for opening selected data and making relevant data sets available at dane.gov.pl (e.g. p. 38); dane.gov.pl plans to harvest a new datasets from other local open data portals; MDA offers? training/education event for employees of bodies at local level. 
One such training course was an online workshop organized by MDA for employees of bodies at the local level. The training program included a theoretical part focused on explaining to participants the basic concepts and regulations of data openness. The practical part consisted of exercises on preparing data for release on the data.gov.pl portal and the publication process. Due to high interest, another edition of the workshop is planned for 2024.
URL: https://www.gov.pl/web/cyfryzacja/wez-udzial-w-bezplatnych-warsztatach-o-otwieraniu-danych
National level
Open Data Officers monitor timely publication of public data on portal dane.gov.pl according to a defined roadmap  and quality of data. Schedules are published on dane.gov.pl. 
Open Data Programme 2021-2027 indicates activities public bodies for sharing new datasets. Also data providers determined by law (i.e. central public sector organisations) are obliged to share data sets on the portal in line with data sharing schedules (developed every six months) as an implementation of Open Data Programme 2021-2027 (p. 38, 88). Also Open Data Programme 2021-2027 has an APIs development plan - table/schedule with data sets, data providers and deadlines (Open Data Programme 2021-2027 Appendix No. 1)."
P10-b;"Do these data inventories include the data collected by public bodies that cannot be published as open data (e.g. in relation to the EU Data Governance Act (EU) 2022/868)? 

For Explanation:
* If yes, please briefly specify.";yes;"As a rule, this can happen. Data sets are subjects to validation. In case when the data cannot be published as open data, Open data team from MDA and Open data portal administrators support data providers to improve data quality (data sets at least at the 3rd level of openness). No matter if data sets can be published as open data, data sets published on dane.gov.pl always have an informative value. Moreover Open Data Act implemented the principle of openness – each public entities is obligate to shall make a data (public sector information) as open data (if it possible) (Article 10.1). Open Data Act defines the public sector information definition (any content or part thereof, regardless of the format used for recording, held by public entities - all data) (Article 2.8) and the open data definition (Article 2.11).
Also according to proposal for a Polish Data Governance Act (the act will ensure the application of the DGA in national law) the single information point will provide a list of the datasets referred to in the DGA (Article 8.2 DGA). In Poland, the single information point will be Polish Open Data Portal (dane.gov.pl).   
https://dziennikustaw.gov.pl/DU/2021/1641";Complement;;"As a rule, this can happen. Data sets are subjects to validation. In case when the data cannot be published as open data, Open data team from MDA and Open data portal administrators support data providers to improve data quality (data sets at least at the 3rd level of openness). No matter if data sets can be published as open data, data sets published on dane.gov.pl always have an informative value. Moreover Open Data Act implemented the principle of openness – each public entities is obligate to shall make a data (public sector information) as open data (if it possible) (Article 10.1). Open Data Act defines the public sector information definition (any content or part thereof, regardless of the format used for recording, held by public entities - all data) (Article 2.8) and the open data definition (Article 2.11). MDA opened a Polish single information point (Article 8 DGA) in the data portal (dane.gov.pl). The single information point shall make available a searchable asset list containing an overview of protected data held by public sector bodies.
In addition, the MDA has also started  a series of training courses for public administrations on protected data (DGA) . The first training (for voivodeship offices - 16 regions  and  the biggest cities ) was held in November 2023.
URL: 
https://dziennikustaw.gov.pl/DU/2021/1641
https://dane.gov.pl/en/dga
https://dane.gov.pl/pl/dataset?page=1&per_page=20&q=dga&sort=relevance&model%5Bterms%5D=dataset
https://www.facebook.com/danegovpl/posts/pfbid0CDvnmMG4YZsH5SiuK5UzmDcb8GqsdUBPwhBni39ZKEs7BNtpTaYvc5VrpgKKez1ul?locale=pl_PL"
P11;"Is your country applying the implementing regulation (EU) 2023/138 on high-value datasets?

For Explanation:
* If yes, how is it progressing? 
* If you are an EFTA or a candidate country to the EU, please select 'not applicable'.
** In the table below, please indicate your progress with respect to a) organisation, b) legal aspects, c) technical aspects on a scale from 1 to 5. 1 = no progress; 2 = few progress; 3 = some progress; 4 = considerable progress; 5 = works are finalised.";new question;new question;Change;Yes;"MDA monitors the progress of public sector bodies in the work related to the implementation of Regulation (UE) 2023/138 on high-value data sets (including an inventory of data they hold - in particular high-value data sets from Regulation (UE) 2023/138). Specific high-value data sets inventoried in this way can be divided into two groups.
The first group includes datasets that are already being made available in accordance with the requirements of the Regulation (UE) 2023/138. The second group includes datasets on which work is underway or planned in order to make them available in accordance with the requirements of the Regulation (UE) 2023/138. The first group may include, for example, datasets on geospatial data, statistical data, or data on companies and company ownership. The second group may include, for example, certain data sets on Earth observation and environmental data.
Currently, MDA is working on launching another project “Data 3.0 - exchange, value”, under which it is planned to increase the amount of high-value data published with an API on the data portal (dane.gov.pl). The project will be implemented in partnership with a number of public sector bodies, such as the Ministry of Economic Development and Technology, the Statistics Poland and the Chief Inspectorate of Environmental Protection.
In addition, European Funds for Digital Development 2021-2027   will provide for, among other things, Unit 2.3, “Digital Accessibility and Reuse of Information.” Support will include, among others, projects that prioritize increasing the quantity and quality of public sector information available for reuse, particularly high-value and dynamic data.
Some public sector bodies are already carrying out their own work to bring these datasets into compliance with the Regulation. Such bodies include, for example, the Ministry of Climate and Environment and the Ministry of Justice. In most cases, this work primarily involves technical aspects (for example it involves modifying the system or adding a new API). As such, in addition to being time-consuming, they also require a lot of money. Therefore, they will be co-financed under the new financial perspective of the European Funds Program for Digital Development 2021-2027."
P12;"Have the public bodies in your country denoted relevant datasets as high-value datasets in their metadata following the publication of the implementing regulation (EU) 2023/138 on high-value datasets?

For Explanation:
*  If yes, please specify how and highlight challenges, if any. 
* If you are an EFTA or a candidate country to the EU, please select 'not applicable'.";new question;new question;Change;Yes;"When sharing data on dane.gov.pl portal, public entities indicate whether specific data is HVD by checking the metadata ""Contains high-value data"". This data is visible with the mark ""Contains high-value data"" and marked with an appropriate icon.
Description of HVD was published on portal in 2023: https://dane.gov.pl/pl/knowledgebase/useful-materials/dane-o-wysokiej-wartosci-hvd"
P13;"Is there a governance structure in place that enables the participation and/or inclusion of various open data stakeholders? 

For Explanation:
*  If yes, please briefly describe the governance structure and its operating model ";new question;new question;Change;Yes;"Stakeholders from the public and private sectors can participate in open data policy at the local and national levels. This ranges from being consulted on drating new open data regulations,  participating in research and various initiatives such as conferences, training, to making their own data available as open data or through the reuse of open data on national or local data portals.
Stakeholder participation can be divided into indirect and direct. 
Indirect participation
Already at the stage of drafting national/local laws and other regulations on data openness, stakeholders can participate in consultations on such drafts. Every public and private stakeholder has the opportunity to comment on the proposed regulations. 
Consultation on the Open Data Act:
https://legislacja.rcl.gov.pl/projekt/12337400 
Public pre-consultation of the new Open Data Programme 2021-202: 
https://www.gov.pl/web/cyfryzacja/program-otwierania-danych-na-lata-2021-2027--ruszaja-prekonsultacje-spoleczne
Evaluation of the Open Data Act and Open Data Programme 2021-2027:
https://dane.gov.pl/pl/knowledgebase/useful-materials/program-otwierania-danych-na-lata-2021-2027 
In addition, there are permanent legal mechanisms for requesting changes to laws already in force, such as the universal right of petition. Under these mechanisms the stakeholders can make requests not only to, for example, change open data regulations, but also to take action on open data. 
Furthermore, various stakeholders are regularly invited to participate in surveys on the open data reuse market. Depending on the purpose of the survey, these can be public sector and/or private sector stakeholders. The results of the surveys can be the basis for open data actions, such as educational or legal regulatory actions.
See the research reports here:
https://dane.gov.pl/pl/knowledgebase/useful-materials/raport-z-badania-wsrod-przedsiebiorcow-na-temat-wielkosci-i-charakterystyki-rynku-ponownego-wykorzystania-danych-publicznych-w-polsce
Besides, stakeholders are also invited to participate in various national/local initiatives, such as conferences, trainings, which, in addition to their educational value, provide a space for the exchange of views faced by both obligated entities and data users.
Direct participation 
Stakeholders can also directly participate in the open data reuse market through, among others, the national data portal (dane.gov.pl), as well as local portals (for examples of local portals see q. 3) , as open data contributors and as open data users. 
In addition, the Open Data Act introduces the basis for private sector stakeholders to share data on the data.gov.pl portal (e.g., businesses, NGOs) (see q. 6).
As an example of another space that allows stakeholders to participate in data openness policy, one should mention participation in the working group on strategic directions for data management (see q. 4). 
In addition, one can mention:
Open Data Officers Network (see q. 19):
https://www.gov.pl/web/cyfryzacja/pelnomocnicy-ds-otwartosci-danych
Task force for the implementation of the  Open Data Programme 2021-2027:
http://www.gov.pl/web/cyfryzacja/zespol-zadaniowy-do-spraw-programu-otwierania-danych-publicznych
 The Future is Data Conference (see q. 20)."
P14;"How would you classify the model used for governing open data in your country? 

For Explanation:
*  Please briefly explain why this model was chosen/works best for your country";hybrid;The MDA is a central hub for open data policy in Poland. MDA pursues public policy in open data at governmental level. It means that top – down model is used on the central administration level. In the same time there are plenty initiatives carried on by local governments (mostly cities, e.g. Warsaw, Gdańsk, Kraków, Wrocałw, Starachowice). Obviously there are many events or initiatives organised in cooperation between central and local level, but as a principle local governments are independent. ;Confirm;;
P15;"Does the governance structure ensure that the local and regional open data initiatives are facilitated and supported at national level?

For Explanation:
* If yes, please give an example of what kind of support.
* If not applicable, please explain why.";new question;new question;Change;Yes;"Open data activities addressed to local and regional bodies supporting them in their endeavours are carried out by open data team as part of our strategy. (see for example Measure 3– p. 36 https://dane.gov.pl/en/knowledgebase/useful-materials/program-otwierania-danych-na-lata-2021-2027). Open data team carries out this task within its normal governance structure. Specific focus in put on such activities as trainings, promotion, information and knowledge dissemination.
A example of targeted support we give to local and regional initiatives is the letter of intent with the Górnoślasko-Zagłębiowska Metropolia (eng: Metropolis GZM), which already resulted in its local resources being made available on the data.gov.pl portal at the highest levels of openness.
https://metropoliagzm.pl/2024/05/17/metropolia-i-ministerstwo-cyfryzacji-zainicjowaly-wspolprace-w-dziedzinie-otwartych-danych/
Apart from supporting local initiatives, we also try to actively promote them and ensure the presence of the topic of open data at events addressed to local and regional participants. At this conference representatives from our open data team and cities’ data integrators initiative together promoted open data.
https://dane.gov.pl/pl/article/o-otwieraniu-danych-na-forum-we-wrocawiu
Apart from these targeted activities we also offer within our governance structure more general support to local and regional initiatives in form of trainings. An example of this type of training is an online workshop organised by MDA for local government employees. The training programme included a theoretical part focusing on explaining to participants the basic concepts and regulations of data openness. The practical part consisted of exercises on how to prepare data for release on the data.gov.pl portal and the publication process. Due to high interest, the next edition of the workshop has been planned for 2024.
URL: https://www.gov.pl/web/cyfryzacja/wez-udzial-w-bezplatnych-warsztatach-o-otwieraniu-danych
Currently MDA is working on launching another project “Data 3.0 - exchange, value” (this September). As part of this project, a series of educational activities are planned to enhance the knowledge and skills of officials, including at the local level, in preparing data for sharing and using data at work.
In addition to this, MDA has prepared for local government employees the second edition of the Open Data Handbook, which is a practical guide on opening data, pointing out the benefits of making open data available. The more data is made available as open data, the less work local government bodies have to do when dealing with requests for re-use. 
Second edition of the open data handbook:
https://dane.gov.pl/pl/knowledgebase/useful-materials/podreczniki-dot-otwartosci-danych
In addition, the data made available by local government bodies is promoted nationally through campaigns organised by MDA, e.g. on social media.
Through all these activities, many cities, as well as institutions at the local level, have independent open data policies. Moreover, but all activities described above, public bodies at the local and regional level are thus actively encouraged to publish their data on the national data portal (dane.gov.pl) maintained by MDA. By using the national data portal, these bodies can share their data without having to build their own (local) portal. They receive a free tool for publishing data nationwide. The portal offers them technical support as well. 
Examples of local bodies data published on the national data portal:
Warszawa: https://dane.gov.pl/pl/institution/65,miasto-stoleczne-warszawa
Wrocław: https://dane.gov.pl/pl/institution/46,gmina-wroclaw
Opole: https://dane.gov.pl/pl/institution/274,urzad-miasta-opola
Sulejówek: https://dane.gov.pl/pl/institution/85,urzad-miasta-sulejowek"
P16;"To what degree do local/regional public bodies conduct open data initiatives? 

For Explanation:
* If not applicable, please explain why.";all public bodies;;Confirm;;
P17;"Is a document describing the responsibilities and governance structure of the national (and/or regional/local) open data team publicly available?

For Explanation:
* If yes, please provide the URL where this information is published. ";yes;"Open Data Act:
https://dziennikustaw.gov.pl/DU/2021/1641 
Open Data Programme 2021-2027:
https://dane.gov.pl/pl/knowledgebase/useful-materials/program-otwierania-danych-na-lata-2021-2027 
Network of Open Data Officers:
https://www.gov.pl/web/cyfryzacja/pelnomocnicy-ds-otwartosci-danych
Task force for the Open Data Programme 2021-2027:
https://www.gov.pl/web/cyfryzacja/zespol-zadaniowy-do-spraw-programu-otwierania-danych-publicznych 
Working group of strategic directions for data management:
https://www.gov.pl/web/cyfryzacja/grupa-robocza-ds-strategicznych-kierunkow-zarzadzania-danymi";Confirm;;
P18;"Is there a regular exchange of knowledge or experiences between the national open data team and the team maintaining the national portal? 

For Explanation:
* If yes, please briefly describe how this exchange takes place and provide evidence supporting your answer (e.g. meeting agendas, URLs to news items).";yes;"In Poland the national open data team and the team maintaining the national portal are joined together into one open data team (Data Management Department) from the MDA. 
https://www.gov.pl/web/cyfryzacja/departament-zarzadzania-danymi
https://www.gov.pl/web/cyfryzacja/otwarte-dane-publiczne

";Confirm;;
P19;"Does the governance model include the appointment of official roles in civil services that are dedicated to open data (e.g. open data officers)?

For Explanation:
* If yes, please describe how this task is fulfilled at public body level.";yes;"The Open Data Act provides a legal basis for appointing official roles in civil service as part of open data governance and policy implementation. it is further developed by the Open Data Programme 2021-2027 that elaborates in more details on these implementation system and governance structure:
1. Task force for the Open Data Programme 2021 - 2027 - policy level (in each ministry a management member is assigned to the Task force)
2. Programme Implementers and Network of Open Data Officers – operational level.
The implementers of the Programme are members of the Council of Ministers and the President of the Statistics Poland, supported by Open Data Officers. Each ministry (and Statistics Poland) appoints civil servants responsible for implementation of the Programme, but also as a target for open data policy in institution. Their role is to remain in constant contact with Open data team in MDA and recommends new data sets to be released on the open data portal. They monitor among other:
- timely publication of public data on portal according to a defined roadmap 
- quality of data – the Programme sets standards and guidelines of data formats.
Every year the Implementers of the Programme (supported by Open Data Officers) are obliged to file a report on the implementation process and realized undertakings in the area of open data. On this basis MDA (Programme Coordinator) elaborates final report that is approved by ministerial task force and filed to the Council of Ministers. The final report is open to the public. 
3. Programme Coordinator – MDA 
4. Open data team from MDA (Data Management Department)
Open data team from the MDA constantly offers legal and technical support for Open Data Officers. 
See: Unit 6.2 in Open Data Programme 2021-2027
https://dane.gov.pl/pl/knowledgebase/useful-materials/program-otwierania-danych-na-lata-2021-2027
Moreover part of issues concerning significant tasks on open data field civil service was regulated in Open Data Act (see: Chapter 6 - ""Open Data Programme"", chapter 7 - ""Data portal"", Chapter 8 - ""Open Data Officers"").";Confirm;;
P20;"Is there a regular exchange of knowledge or experiences between the national open data team and the wider network of open data officers in your country? 

For Explanation:
* If yes, please briefly describe how this exchange takes place and provide evidence supporting your answer (e.g. meeting agendas, URLs to news items).";yes;"1. Regular meetings with Open Data Officers. 
Network of Open Data Officers functions in all ministries and Statistics Poland. They are among other responsible for publication of new datasets on the portal dane.gov.pl and they supervise data quality and compliance with standards. They prepare annual schedules for opening and sharing selected data sets on the portal and report on the Open Data Programme implementation and other open data activities to the Prime Minister. Open data team from the MDA constantly offers legal and technical support for Open Data Officers (see: Unit 6.2 in Open Data Programme 2021-2027).
URL: https://m.facebook.com/story.php?story_fbid=pfbid02E3XzCQ2qoEdY7XF1nbEvsWG2MZPjH5Ua6BGUuz5Rmzsk23wPG8ajpfEpGdPsuhM2l&id=107789623943313
https://m.facebook.com/story.php?story_fbid=pfbid032tMYEAaErDmhxBbLQ1CdaRzcy2FccGpg6AmLt3CGiQMQiaxcNrgmN1Y1aLrZ8BLul&id=107789623943313
https://dane.gov.pl/pl/article/spotkanie-z-penomocnikami-ds-otwartosci-danych
https://dane.gov.pl/pl/article/rozmowy-w-ansku-o-perspektywach-otwierania-danych-w-polsce
https://www.gov.pl/web/cyfryzacja/pelnomocnicy-ds-otwartosci-danych
https://dane.gov.pl/pl/knowledgebase/useful-materials/program-otwierania-danych-na-lata-2021-2027
2. Open Data Laboratory (open data team in MDA)
The Laboratory supports data providers and Open Data Officers in the legal, technical and security areas of opening data. Until today open data team developed in Laboratory nine reports with recommendation for stakeholders of open data (e.g. for data providers, administraction, Open Data Officers, users etc.). For example: 
Report with recommendations on the use of marks in data sets made available at dane.gov.pl.
URL:
https://dane.gov.pl/pl/knowledgebase/useful-materials/raporty-laboratorium-otwartych-danych
3. Conferences.
a. “The future is data. Przyszłośc to dane” 2020. (first edition) 
b. „The future is data. Przyszłośc to dane” 2021 (second edition)
c. „The future is data. Przyszłość to dane” 2023 (third edition) 
The main aim of the conference was to exchange knowledge and experience on the opportunities and challenges in the field of data opening, to promote their potential and to encourage their use in innovative products and services. The conferences were addressed to representatives of central and local government administration, entrepreneurs, non-governmental organizations as well as Polish and foreign experts. The events was also an opportunity to exchange experience and best practices in increasing the availability and re-use of public data.
The reports from the events are available on the website: 
https://dane.gov.pl/pl/promotion/the-future-is-data-przyszosc-to-dane?lang=pl 
https://dane.gov.pl/pl/promotion/the-future-is-data-przyszosc-to-dane-2021?lang=pl&rev=-1
https://dane.gov.pl/pl/promotion/the-future-is-data-przyszosc-to-dane-r2023?lang=pl&rev=-1
4. Handbooks/guides.
a. Handbook for local governments:
Expert group (including MDA) and Institute of Urban and Regional Development) developed a handbook ""Data management in cities. Handbook for local governments""
https://irmir.pl/news/zarzadzanie-danymi-w-miastach-podrecznik-dla-samorzadow/
b. Handbook of open data. 
Opening data. Good practice guide (first edition)
https://dane.gov.pl/knowledgebase/useful-materials/ministerstwo-cyfryzacji-pomaga-urzedom-w-otwierani
Opening data. Good practice guide (second edition)
https://dane.gov.pl/pl/knowledgebase/useful-materials/podreczniki-dot-otwartosci-danych
c. Guide for data providers:
https://dane.gov.pl/knowledgebase/useful-materials/nowy-przewodnik-dla-dostawcow-danych
5. Open data standards (legal, security, technical and API)
a. First version of the Open data standards (2018)
https://dane.gov.pl/knowledgebase/useful-materials/standardy-otwartosci-danych
b. Open data standards after evaluation and public consultations (2020)
https://dane.gov.pl/pl/article/standardy-otwartosci-danych-po-konsultacjach-publicznych";Complement;;"1.	Regular meetings with Open Data Officers. 
Network of Open Data Officers functions in all ministries and Statistics Poland. They are among other responsible for publication of new datasets on the portal dane.gov.pl and they supervise data quality and compliance with standards. They prepare annual schedules for opening and sharing selected data sets on the portal and report on the Open Data Programme implementation and other open data activities to the Prime Minister. Open data team from the MDA constantly offers legal and technical support for Open Data Officers (see: Unit 6.2 in Open Data Programme 2021-2027).
URL: https://m.facebook.com/story.php?story_fbid=pfbid02E3XzCQ2qoEdY7XF1nbEvsWG2MZPjH5Ua6BGUuz5Rmzsk23wPG8ajpfEpGdPsuhM2l&id=107789623943313
https://m.facebook.com/story.php?story_fbid=pfbid032tMYEAaErDmhxBbLQ1CdaRzcy2FccGpg6AmLt3CGiQMQiaxcNrgmN1Y1aLrZ8BLul&id=107789623943313
https://dane.gov.pl/pl/article/spotkanie-z-penomocnikami-ds-otwartosci-danych
https://www.facebook.com/danegovpl/posts/pfbid0nQrauxLs7Fwgs17kzxu4CuzxvMEoHs7fwLWKG1rKncwawrqNMGapyZ6HxmgvgM7Rl
https://www.facebook.com/danegovpl/posts/pfbid02KFVtVFPhwpy9yeNWJ4YxsU1R3LpcvfEAS1oFzEyxyZsXFqTZuSeCChpsuDtzuxLVl
https://www.facebook.com/danegovpl/posts/pfbid0325q3zJaGZxk5X1C3Sa4htgQavJqNZazkGA7VAJhFkMJT9Pe6ka6LskLpha51sMiYl
https://dane.gov.pl/pl/article/rozmowy-w-ansku-o-perspektywach-otwierania-danych-w-polsce
https://www.gov.pl/web/cyfryzacja/pelnomocnicy-ds-otwartosci-danych
https://dane.gov.pl/pl/knowledgebase/useful-materials/program-otwierania-danych-na-lata-2021-2027
2. Open Data Laboratory (open data team in MDA)
The Laboratory supports data providers and Open Data Officers in the legal, technical and security areas of opening data. Until today open data team developed in Laboratory nine reports with recommendation for stakeholders of open data (e.g. for data providers, administration, Open Data Officers, users etc.). For example: 
Report with recommendations on the use of marks in data sets made available at dane.gov.pl.
In addition, the Open Data team also presented a report on the evaluation study (on-going) of the Open Data Programme 2021-2027, whose stakeholders included Open Data Plenipotentiaries.
URL:
https://dane.gov.pl/pl/knowledgebase/useful-materials/raporty-laboratorium-otwartych-danych
https://dane.gov.pl/pl/knowledgebase/useful-materials/program-otwierania-danych-na-lata-2021-2027
3. Conferences.
a. “The future is data. Przyszłośc to dane” 2020. (first edition) 
b. „The future is data. Przyszłośc to dane” 2021 (second edition)
c. „The future is data. Przyszłość to dane” 2023 (third edition) 
The main aim of the conference was to exchange knowledge and experience on the opportunities and challenges in the field of data opening, to promote their potential and to encourage their use in innovative products and services. The conferences were addressed to representatives of central and local government administration, entrepreneurs, non-governmental organizations as well as Polish and foreign experts. The events was also an opportunity to exchange experience and best practices in increasing the availability and re-use of public data.
The next conference is scheduled for April 2025, and preparatory work is currently underway.
The reports from the events are available on the website: 
https://dane.gov.pl/pl/promotion/the-future-is-data-przyszosc-to-dane?lang=pl 
https://dane.gov.pl/pl/promotion/the-future-is-data-przyszosc-to-dane-2021?lang=pl&rev=-1
https://dane.gov.pl/pl/promotion/the-future-is-data-przyszosc-to-dane-r2023?lang=pl&rev=-1
4. Handbooks/guides.
a. Handbook for local governments:
Expert group (including MDA) and Institute of Urban and Regional Development) developed a handbook ""Data management in cities. Handbook for local governments""
https://irmir.pl/news/zarzadzanie-danymi-w-miastach-podrecznik-dla-samorzadow/
b. Handbook of open data. 
Opening data. Good practice guide (first edition)
https://dane.gov.pl/pl/knowledgebase/useful-materials/podreczniki-dot-otwartosci-danych
Opening data. Good practice guide (second edition)
https://dane.gov.pl/pl/knowledgebase/useful-materials/podreczniki-dot-otwartosci-danych
c. Guide for data providers:
https://dane.gov.pl/knowledgebase/useful-materials/nowy-przewodnik-dla-dostawcow-danych
5. Open data standards (legal, security, technical and API)
a. First version of the Open data standards (2018)
https://dane.gov.pl/knowledgebase/useful-materials/standardy-otwartosci-danych
b. Open data standards after evaluation and public consultations (2020)
https://dane.gov.pl/pl/article/standardy-otwartosci-danych-po-konsultacjach-publicznych"
P21;"Is there a regular exchange of knowledge or experiences between public sector bodies (i.e. the providers) and open data reusers (e.g. academia, citizens, businesses)?

For Explanation:
* If yes, please briefly describe how this exchange takes place and provide evidence supporting your answer (e.g. meeting agendas, URLs to news items).";yes;"In recent years, there was an Open data working party established by the MDA. Operation the working party was limited during pandemic COVID-19. As a matter of the expansion of the scope of data issues the MDA in September 2022 developed a new working group of strategic directions for data management. Working group activities include areas such as data exchange and management; providing new categories of data; data market research in Poland; data openness and personal data protection. Working group consists of the representatives of NGOs, business and public administration.
https://www.gov.pl/web/cyfryzacja/grupa-robocza-ds-strategicznych-kierunkow-zarzadzania-danymi
https://m.facebook.com/story.php?story_fbid=pfbid03CVA9VJFfBabbRL1Wk2i3Lu1RbH1AyUHCNDzAUdtnLLsvhqFW6Hu3bbaSSJy397Wl&id=107789623943313
Others meetings see q. 5. 
2. Evaluation of Open Data Standards (public consultations). Suplementing the standards with new issues (e.g. based on experiences) identified by NGOs, businesses, law firms, citizens, self-government administration etc. (significant issues for these entities). 
a. Report based on the results of public consultations
https://dane.gov.pl/pl/article/standardy-otwartosci-danych-raport-z-konsultacji-publicznych
b. Open Data Standards after evaluation
https://dane.gov.pl/pl/article/standardy-otwartosci-danych-po-konsultacjach-publicznych
3. Public pre-consultations of new Open Data Programme 2021-2027
https://www.gov.pl/web/cyfryzacja/program-otwierania-danych-na-lata-2021-2027--ruszaja-prekonsultacje-spoleczne
4. Public consultation of new Open Data Act
https://legislacja.rcl.gov.pl/projekt/12337400 
5. International conference „The Future is Data. Przyszłość to dane” editions 2020, 2021, 2023 (see q. 19)
https://dane.gov.pl/pl/promotion/the-future-is-data-przyszosc-to-dane?lang=pl 
https://dane.gov.pl/pl/promotion/the-future-is-data-przyszosc-to-dane-2021?lang=pl&rev=-1
https://dane.gov.pl/pl/promotion/the-future-is-data-przyszosc-to-dane-r2023?lang=pl&rev=-
6. Report on a qualitative research of NGOs about the Open Data Act:
https://dane.gov.pl/pl/knowledgebase/useful-materials/raport-z-badania-wsrod-przedsiebiorcow-na-temat-wielkosci-i-charakterystyki-rynku-ponownego-wykorzystania-danych-publicznych-w-polsce
7. Webinar for research institutes of the Polish Academy of Sciences:
https://m.facebook.com/story.php?story_fbid=pfbid0oqXiJ8oLWySCdaNsHPeSU9w1WzU27XJci4z34tyBmt7eT2p4J9XNLNCX2LHbph6al&id=107789623943313";Complement;;"In recent years, there was an Open data working party established by the MDA. Operation of the working party was limited during pandemic COVID-19. Due to expansion of the scope of data issues, in September 2022 the MDA set up a new working group for strategic directions for data management. Working group activities included areas such as data exchange and management; providing new categories of data; data market research in Poland; data openness and personal data protection. Working group consisted of the representatives of NGOs, business and public administration.
https://www.gov.pl/web/cyfryzacja/grupa-robocza-ds-strategicznych-kierunkow-zarzadzania-danymi
https://m.facebook.com/story.php?story_fbid=pfbid03CVA9VJFfBabbRL1Wk2i3Lu1RbH1AyUHCNDzAUdtnLLsvhqFW6Hu3bbaSSJy397Wl&id=107789623943313
Others meetings and information about group see q. 4. 
2. Evaluation of Open Data Standards (public consultations). Suplementing the standards with new issues (e.g. based on experiences) identified by NGOs, businesses, law firms, citizens, self-government administration etc. (significant issues for these entities). 
a. Report based on the results of public consultations
https://dane.gov.pl/pl/article/standardy-otwartosci-danych-raport-z-konsultacji-publicznych
b. Open Data Standards after evaluation
https://dane.gov.pl/pl/article/standardy-otwartosci-danych-po-konsultacjach-publicznych
3. Public pre-consultations of new Open Data Programme 2021-2027
https://www.gov.pl/web/cyfryzacja/program-otwierania-danych-na-lata-2021-2027--ruszaja-prekonsultacje-spoleczne
4. Public consultation of new Open Data Act
https://legislacja.rcl.gov.pl/projekt/12337400 
5. International conference „The Future is Data. Przyszłość to dane” editions 2020, 2021, 2023 (see q. 20 and 29)
https://dane.gov.pl/pl/promotion/the-future-is-data-przyszosc-to-dane?lang=pl 
https://dane.gov.pl/pl/promotion/the-future-is-data-przyszosc-to-dane-2021?lang=pl&rev=-1
https://dane.gov.pl/pl/promotion/the-future-is-data-przyszosc-to-dane-r2023?lang=pl&rev=-
6. Data reuse market research:
See the research reports here:
https://dane.gov.pl/pl/knowledgebase/useful-materials/raport-z-badania-wsrod-przedsiebiorcow-na-temat-wielkosci-i-charakterystyki-rynku-ponownego-wykorzystania-danych-publicznych-w-polsce
7. As part of the evaluation of the Open Data Act two research studies were conducted:
- the nationwide quantitative research titled “Open Data Act in the opinion of the public sector” 
- the expert qualitative research about the Open Data Act in the opinion of the non-governmental sector:
https://dane.gov.pl/pl/knowledgebase/useful-materials/raport-z-badania-wsrod-przedsiebiorcow-na-temat-wielkosci-i-charakterystyki-rynku-ponownego-wykorzystania-danych-publicznych-w-polsce
8.Webinar for research institutes of the Polish Academy of Sciences:
https://m.facebook.com/story.php?story_fbid=pfbid0oqXiJ8oLWySCdaNsHPeSU9w1WzU27XJci4z34tyBmt7eT2p4J9XNLNCX2LHbph6al&id=107789623943313
9. Meetings with various stakeholders
For example, participation in a meeting with the municipalities of the Górnośląsko- Zagłębiowska Metropolia (eng. Metropolis GZM): 
https://www.facebook.com/danegovpl/posts/pfbid0Rj5ErgTusznSPSMBW9wkVbLUi3qM5upBWcduCWwAXQbDkMPygyEp4Z97ZPKH977wl?locale=pl_PL"
P22;"Do data publication plans exist at public body level?

For Explanation:
* If yes, please provide the URL and briefly highlight the key aspects covered. ";yes;"1.Opening Data Schedules
Open Data Officers monitor timely publication of public data on portal dane.gov.pl according to a defined roadmap  and quality of data. Schedules are published on dane.gov.pl. 
https://dane.gov.pl/pl/knowledgebase/useful-materials/harmonogramy-udostepniania-danych
2. APIs development plan. 
Open Data Programme 2021-2027 has an APIs development plan - table/schedule with data sets, data providers and deadlines (See: Open Data Program 2021-2027 Appendix No. 1.).
https://dane.gov.pl/pl/knowledgebase/useful-materials/program-otwierania-danych-na-lata-2021-2027";Confirm;;
P23;"Are there processes to ensure that the open data policies/strategy previously mentioned are implemented (e.g. monitoring)?

For Explanation:
* If yes, please specify the process(es).";yes;"MDA coordinates the implementation of the Open Data Program, regularly checks the availability of data reported by the Open Data officers, organizes meetings and prepares annual reports on the implementation of the Programme.
Open Data Officers monitor timely publication of public data on portal according to a defined roadmap and quality of data. Open Data Programme 2021-2027 has an action plan for its implementation and provides indicators of target measurement (See: q. 5). Moreover every year the Implementers of Open Data Programme 2021-2027 (supported by Open Data Officers) are obliged to file a report on the implementation process and realized undertakings in the area of open data. On this basis MDA (Programme Coordinator) develop annual report. Also MDA develop final report that is approved by ministerial task force and filed to the Council of Ministers. The report is open to the public. Reports and Opening up Data Schedules submitted by Implementers of Programme/Open Data Officers are recognised as monitoring mechanism. Thanks to these documents MDA may track progress of data publications and control potential delays and negligence’s. Also after two and four years after the Open Data Programme 2021-2027 was adopted and in the seventh year of the document implemented, Programme will be review and evaluation.
Now (as two years have passed since its adoption), the Programme is subject to review and evaluation.
In addition the working group of strategic directions for data management was set up as part of the Task force for the implementation of the Open Data Programme 2021-2027. One of the objectives of this group is to evaluate the Open Data Programme 2021-2027.
URL:
https://www.gov.pl/web/cyfryzacja/grupa-robocza-ds-strategicznych-kierunkow-zarzadzania-danymi
https://m.facebook.com/story.php?story_fbid=pfbid03CVA9VJFfBabbRL1Wk2i3Lu1RbH1AyUHCNDzAUdtnLLsvhqFW6Hu3bbaSSJy397Wl&id=107789623943313
Others meeting see q. 5.
Finally, systematic research activities carried out by the MDA form a part of monitoring mechanism as findings from analysis and reports inform the open data team about implementation process, its progress and effectiveness.
See for example the report here:https://cms.dane.gov.pl/documents/125/Raport_z_badania_Ustawa_sektor_publiczny.docx";Complement;;"MDA coordinates the implementation of the Open Data Programme, regularly checks the availability of data reported by the Open Data officers, organizes meetings and prepares annual reports on the implementation of the Programme.
Open Data Officers monitor timely publication of public data on portal according to a defined roadmap and quality of data. Open Data Programme 2021-2027 has an action plan for its implementation and provides indicators of target measurement (See: q. 5). Moreover every year the Implementers of Open Data Programme 2021-2027 (supported by Open Data Officers) are obliged to file a report on the implementation process and realized undertakings in the area of open data. On this basis MDA (Programme Coordinator) develop annual report. Also MDA develop final report that is approved by ministerial task force and filed to the Council of Ministers. The report is open to the public. Reports and Opening up Data Schedules submitted by Implementers of Programme/Open Data Officers are recognised as monitoring mechanism. Thanks to these documents MDA may track progress of data publications and control potential delays and negligence. Also, the Open Data Programme 2021-2027 is subject to ongoing evaluation: the evaluation and the review is planned after two, four and then seven years after its adoption. 
Currently (as two years have passed since its adoption) the Programme has been reviewed and evaluated.
In December 2023, an evaluation (on-going) research study about the Programme was conducted among those responsible for the implementation of the Programme and other stakeholders (representatives of local government, private sector, academia, NGOs, individual users). The main purpose of the research was a general evaluation of the Programme and the process of its implementation, as well as identification of areas where certain changes should be made in order to increase the effectiveness of the utility and relevance of programme activities.  
Report on the evaluation research study on the Data Opening Programme 2021-2027:
https://dane.gov.pl/pl/knowledgebase/useful-materials/program-otwierania-danych-na-lata-2021-2027
In addition, the Task force for the implementation of the Open Data Programme 2021-2027 in 2022-2023 included a working group on strategic directions for data management. One of the goals of this group was to evaluate the Open Data Programme 2021-2027.
URL:
https://www.gov.pl/web/cyfryzacja/grupa-robocza-ds-strategicznych-kierunkow-zarzadzania-danymi
https://m.facebook.com/story.php?story_fbid=pfbid03CVA9VJFfBabbRL1Wk2i3Lu1RbH1AyUHCNDzAUdtnLLsvhqFW6Hu3bbaSSJy397Wl&id=107789623943313
Others meeting see q. 4.
Finally, systematic research activities carried out by the MDA form a part of monitoring mechanism as findings from analysis and reports inform the open data team about implementation process, its progress and effectiveness.
See for example the reports here: here:https://cms.dane.gov.pl/documents/125/Raport_z_badania_Ustawa_sektor_publiczny.docx"
P24;"Do you update your policy/strategy as appropriate to ensure its success, such as based on data collected for monitoring?

For explanation:
* If yes, please describe the process and any recent updates made to strategy/policy";new question;new question;Change;Yes;"In addition to ongoing monitoring process of the national open data policy, MDA also conducts activities focused on evaluating its individual elements (such as documents, data portal - data.gov.pl). 
The course of the evaluation process depends on the type of open data policy element under examination. The evaluation includes, for example, research, analysis, public consultations, or commissioned expert reports.
Examples of such activities: 
1.	Evaluation research on the Open Data Programme 2021-2027: 
The Open Data Programme 2021-2027 is subject to ongoing evaluation: the evaluation and the review is planned after two, four and then seven years after its adoption Two years after the adoption of the Programme, an evaluation was carried out evaluated as part of an evaluation research (on-going). The evaluation research consisted of two research studies (an in-depth interview and a questionnaire research) conducted among those responsible for the implementation of the Programme and other stakeholders (representatives of local administration, the private sector, the scientific community, NGOs, individual users). The main objective of the research was an overall evaluation of the Programme and its implementation process, as well as identification of areas that need to be changed in order to increase the effectiveness of the utility and relevance of the Programme's activities.
Based on the assessments and opinions of the respondents, the Programme, including the direction chosen by MDA regarding the expansion of the data portal (data.gov.pl), was generally positively assessed. The final report included recommendations  regarding in particular conducting an information campaign on new possibilities and benefits of opening data and conducting long-term and cyclical training for employees of public sector bodies, especially at the local level. 
Moreover, the report indicated the need to implement activities promoting the policy of open access to data aimed at gradually increasing the number of users and resources on the portal dane.gov.pl
The next edition online workshops on data opening are a response to these recommendations (see q. 3). Another project “Data 3.0 - exchange, value” also aims, among other things, to increase knowledge and skills among officials in preparing data for sharing and using data in work.The actions taken after the evaluation research of the Programme, including their impact on the open data policy, require a longer time perspective.

2. Ex-post evaluation of the Open Data Act
When designing the Open Data Act, we assumed an ex-post evaluation of this act at least one year after its implementation into the national legal order. 
As part of the evaluation, the provisions of the Open Data Act were analyzed and two studies were conducted: a study among public sector entities and a study of non-governmental organizations (22 non-governmental organizations were invited to participate). The evaluation results showed that, in general, the Open Data Act functions properly. The main area requiring intervention is primarily the issue of correct of applying the provisions of the Act. Therefore, MDA has undertaken extensive non-legislative activities, in particular information, educational and promotional activities. The implementation of these activities, as well as their impact on open data policy, requires a longer-term perspective. 
Examples of such activities include online workshops on opening data. 240 employees of local public authorities were trained as part of the training. Due to great interest, another edition of the workshop is planned in 2024. 
In addition, MDA is working on launching another project: “Data 3.0 – exchange, value”. One of the planned activities is to expand knowledge and skills of administration employees, including at the local level, in the field of preparing data for sharing and using data in official work.

3. Update of the open data standards document 
The revision of open data standards was preceded by public consultations. As a result of the consultations and evaluation of the existing standards, the need to update the document was diagnosed. The effect was to supplement the standards with new issues (e.g., based on experience) identified by NGOs, entrepreneurs, law firms, citizens, local administration, etc.
URL:
Report on the evaluation research of the Data Opening Program 2021-2027:
https://dane.gov.pl/pl/knowledgebase/useful-materials/program-otwierania-danych-na-lata-2021-2027
Report on the ex-post evaluation of the Open Data Act:
https://dane.gov.pl/pl/knowledgebase/useful-materials/prawo
Online workshop on opening data:
https://www.gov.pl/web/cyfryzacja/wez-udzial-w-bezplatnych-warsztatach-o-otwieraniu-danych
Open Data Standards after evaluation
https://dane.gov.pl/pl/article/standardy-otwartosci-danych-po-konsultacjach-publicznych
Public pre-consultations of new Open Data Programme 2021-2027
https://www.gov.pl/web/cyfryzacja/program-otwierania-danych-na-lata-2021-2027--ruszaja-prekonsultacje-spoleczne"
P25;"Are there any processes in place to assess if public sector bodies are charging for data above marginal cost? (please see directive (EU) 2019/1024 on open data and the reuse of public sector information).

For Explanation:
* If yes, please specify the process(es).";yes;"In accordance with the Open Data Act public sector information might be re-use for any purposes, commercial or uncommercial. Data is released on line free of charge, while data on request is distributed as a principle free of charge or only direct cost  might be calculated (in Polish national law marginal cost was implemented as direct cost). The only exception is for state museums and local government museums. When making available or providing public sector information for re-use with purpose other than non-commercial research, scientific or educational purpose, these entities may charge fees higher than charges established under direct cost (Article 19 Open Data Act). Minister of Culture and National Heritage establish, by way of an ordinance, the maximum charges for re-use imposed by state museums and local government museums. 
In last year we  explained that possibility charging for data above marginal cost is limited and rarely used. Early on this year MDA developed report and large research/survey on implementation Polish Open Data Act by public sector bodies. Research covered over 2.5 thousand entities (various types: local governments, courts, central administration, central institutions etc.). Surveys were completed by over 1,300 entities. According to the results of the surveys in practice public sector bodies don't charge.
Report on a qualitative research of public sector about the Open Data Act:
https://dane.gov.pl/pl/knowledgebase/useful-materials/raport-z-badania-wsrod-przedsiebiorcow-na-temat-wielkosci-i-charakterystyki-rynku-ponownego-wykorzystania-danych-publicznych-w-polsce";Complement;;"In accordance with the Open Data Act public sector information might be re-use for any purposes, commercial or uncommercial. Data is released on line free of charge, while data on request is distributed as a principle free of charge or only direct cost  might be calculated (in Polish national law marginal cost was implemented as direct cost). The only exception is for state museums and local government museums. When making available or providing public sector information for re-use with purpose other than non-commercial research, scientific or educational purpose, these entities may charge fees higher than charges established under direct cost (Article 19 Open Data Act). Minister of Culture and National Heritage establish, by way of an ordinance, the maximum charges for re-use imposed by state museums and local government museums. 
Previously, we indicated that possibility of charging for data above marginal cost is limited and rarely used. In 2023 MDA developed report and large research/survey on implementation Polish Open Data Act by public sector bodies. Research covered over 2.5 thousand entities (various types: local governments, courts, central administration, central institutions etc.). Surveys were completed by over 1,300 entities. According to the results of the surveys in practice public sector bodies don't charge.
Report on a qualitative research of public sector about the Open Data Act:
https://dane.gov.pl/pl/knowledgebase/useful-materials/raport-z-badania-wsrod-przedsiebiorcow-na-temat-wielkosci-i-charakterystyki-rynku-ponownego-wykorzystania-danych-publicznych-w-polsce"
P26-a;"What are the top 3 challenges that your country is facing in the implementation of the mentioned open data policies/strategy?

For Explanation:
* Please briefly describe.";N/A;"1.Increasing availability of specific categories of data on the Dane.gov.pl portal (HVD, dynamic)
2. Insufficient knowledge and skills of public sector employees from local/peripheral offices in the area of opening and governing data 
3. Improving quality of data at the highest levels (linked data)";Change;N/A;"1 Increase the availability of high-value datasets from Regulation 2023/138 made available through APIs. 
2. Increase knowledge and skills among public sector employees, especially from local, peripheral offices in opening and managing data.
3. Insufficient knowledge and skills of public sector employees from local/peripheral offices in the area of opening and governing data
4. Improving quality of data at the highest levels (linked data)"
P26-b;"Are there activities in place to address these challenges in your country (e.g. with specific national/regional/local plans or initiatives)?

For Explanation:
* If yes, please briefly describe the measures that you have adopted or plan to adopt to address these challenges. 
* If no, please specifiy what is hampering finding a strategic approach to solve these challenges.";yes;"1.appointment of Open Data Officers
2.public data publishing schedules
3.training courses, conferences, webinars, including dedicated series of workshops for local authorities 
4. reports prepared by the Open Data Laboratory with expert knowledge on open data related issues addresssed to practicioners in publiv sector bodies
5. developing the Dane.gov.pl portal and adding new functionalities (for example: DCAT compatibility, notifications for editors about the need to update data)
6. adresssing these challenges in Open Data Programme 2021-27 - an evaluation will of the programme is planned to analyse the progress made and adjust the programme accordingly
7. the above is applied to the Open Data Act - an evaluation is on-going to analyse how the legal framwork help to address the challenges";Complement;;"1.cooperation within  Open Data Officers network 
2.public data publishing schedules
3.training courses, conferences, webinars, including dedicated series of workshops for local authorities 
4. reports prepared by the Open Data Laboratory with expert knowledge on open data related issues addresssed to practicioners in publiv sector bodies
(e.g. Report with recommendations on the use of contract marks in datasets made available on data.gov.pl)
5. developing the Dane.gov.pl portal and adding new functionalities (for example: DCAT compatibility, notifications for editors about the need to update data)
6. Open Data Programme 2021-2027
7. ex-post evaluation of the Open Data Act
4. another project Data 3.0 - exchange, value (including opening new databases through API)
5. monitoring of obligated entities (disposers) to share high-value datasets as stipulated in Regulation 2023/138"
P27;"Are there any activities in place to assist data holders with publishing their data as open data (i.e. to help them with the data opening process)?

For Explanation:
* If yes, please describe/provide examples of these activities.";new question;new question;Change;Yes;"There are a number of activities to help data holders publish their data as open data. 
1.The new Open Data Act, which implements Directive 2019/1024 and introduces the foundations for opening and re-use data. The Act includes a definition of open data and the principle of openness (Article 2.11 and Article 10.1). 
URL: https://dziennikustaw.gov.pl/DU/2021/1641
2.Implementation of the new national Open Data Programme 2021-2027, which complements the Open Data Act and concentrates more on practical and technical mechanisms for data opening at the government level. Its main goal is, among others, to improve the quality and increase the amount of public data made available in an open manner (see q. 1). The programme is addressed to the government administration, but can also be implemented by other entities, such as public bodies at the local level (cities/municipalities and regions) or the private sector.  
URL: https://dane.gov.pl/pl/knowledgebase/useful-materials/program-otwierania-danych-na-lata-2021-2027        
3.Projects, in particular, on data opening to support national Open Data Programmes (see q. 1). This includes the Data 3.0 - exchange, value project currently being prepared for start-up, which is a continuation and development of previous projects: “Open Data Access, Standard, Education” and “Open Data Plus”. The main goals of these projects are to provide open data in the manner that facilitates re-use of PSI; API development; open data portal development (dane.gov.pl); the functioning of the Open Data Laboratory (support for data providers in the legal, technical and security areas of opening data); education; promotion of open data in Poland.
URL:https://www.gov.pl/web/cyfryzacja/otwarte-dane-dostep-standard-edukacja2
https://www.gov.pl/web/cyfryzacja/otwarte-dane-plus
https://www.rozwojcyfrowy.gov.pl/strony/dowiedz-sie-wiecej-o-programie/o-programie/
4.Open data standards (legal, security, technical and API)(see q. 1 and 8)
The Legal Standard (“openness template”) plays a special role.  Open Data Programme 2021-2027 and the Legal Standard introduced the Pillars of Openness (see pp. 58-59 of Open Data Program 2021-2027). Meeting these guidelines on public data sharing should mean giving data the attribute of openness. As an appendix to the Legal Standard, the Check list is also provided (data providers can check whether their data is open and in line with the Pillars of Openness).
URL: https://dane.gov.pl/pl/knowledgebase/useful-materials/standardy-otwartosci-danych
5.Open Data Officers Network (see q. 19-20)
Network of Open Data Officers functions in all ministries and Statistics Poland. Open Data Officers are public officials designated in their respective entities who are responsible for the implementation of open data policy. They are among other responsible for publication of new datasets on the portal dane.gov.pl and they supervise data quality and compliance with standards. They prepare annual schedules for opening and sharing selected data sets on the portal and they report on the Open Data Programme implementation and other open data activities to the Prime Minister. Open data team from the MDA constantly offers legal and technical support for Open Data Officers (see: Unit 6.2 in Open Data Programme 2021-2027).
URL: https://www.gov.pl/web/cyfryzacja/pelnomocnicy-ds-otwartosci-danych
6.reports prepared by the Open Data Laboratory with expert knowledge on open data related issues addressed to practitioners in public sector bodies (e.g. Report with recommendations on the use of contract marks in datasets made available on data.gov.pl)
URL: https://dane.gov.pl/pl/knowledgebase/useful-materials/raporty-laboratorium-otwartych-danych
7.  developing the dane.gov.pl portal and adding new functionalities (for example: DCAT compatibility, notifications for editors about the need to update data; see q. 7)
8. Regular exchange of knowledge or experience between MDA, and data holders, including Open Data Officers (see q. 20). For example: regular meetings with Open Data Officers (see q. 20). 
9. Regular exchange of knowledge or experience between public sector bodies (i.e. providers) and users of open data (e.g., academia, citizens, businesses) (see q. 21). For example: a meeting with the municipalities of the Metropolis GZM (see q. 21)
URL:https://www.facebook.com/danegovpl/posts/pfbid0Rj5ErgTusznSPSMBW9wkVbLUi3qM5upBWcduCWwAXQbDkMPygyEp4Z97ZPKH977wl?locale=pl_PL
10. Training courses, conferences, webinars, including dedicated series of workshops for local authorities (see q. 28-29). For example: in 2023 MDA again held a 2-day online workshop on data opening for representatives of local government units, during which 240 participants were trained. Due to the great interest, another edition of the workshop is planned in 2024. In addition, MDA is working on launching another project: Data 3.0 – exchange, value. One of the planned activities is to expand knowledge and skills of administration employees, including at the local level, in the field of preparing data for sharing and using data in official work. 
URL: https://www.gov.pl/web/cyfryzacja/wez-udzial-w-bezplatnych-warsztatach-o-otwieraniu-danych
11. Second edition of MDA's open data handbook (see q. 8)
The updated handbook is intended to provide more assistance in building a culture of data re-use among officials. . The handbook is the answer to the information and educational needs of the many offices that MDA has worked with for the last 5 years. This edition introduces new categories of data, describes? the use of regulations in development of open data policies, and proposes? ready-made solutions for data sharing, such as the data.gov.pl and kronika.gov.pl services. 
URL: https://dane.gov.pl/pl/knowledgebase/useful-materials/podreczniki-dot-otwartosci-danych"
P28;"Is there a professional development or training plan for civil servants working with data in your country? 

For Explanation:
* If yes, please briefly describe these training activities.";yes;"Open data plus project provided Open Data Academy - series of 8 free three-month courses for employees of ministries and entities subordinate or supervised (e.g. central offices, but also scientific and research institutions). Academy is central training hub in the area of open data. Open Data Academy ended in 2021 with altogether 159 participants. The Open Data Academy was evaluated positively and is scheduled to be continued. In 2022, 4 pilot online 2-day workshops  (launched on 26th September) on opening data for representatives of local self- government units were organised by the MDA with 79 participants. 
URL: 
https://dane.gov.pl/pl/article/rusza-akademia-otwartych-danych
https://dane.gov.pl/pl/article/otwieramy-akademie-otwartych-danych
https://m.facebook.com/story.php?story_fbid=pfbid0TjPJ9HNyE41PFmp3Mss84Ud5CqgneHGvWGLtVQEjgZ143Rg9ZsrewdYP6JvttsCyl&id=107789623943313
https://www.facebook.com/danegovpl/?locale=pl_PL";Complement;;"Yes. Open data plus project provided Open Data Academy - series of 8 free three-month courses for employees of ministries and entities subordinate or supervised (e.g. central offices, but also scientific and research institutions). Academy is central training hub in the area of open data. Open Data Academy ended in 2021 with altogether 159 participants. The Open Data Academy was evaluated positively and is scheduled to be continued. In 2022, 4 pilot online 2-day workshops  (launched on 26th September) on opening data for representatives of local self- government units were organised by the MDA with 79 participants. 
In 2023 MDA again held a 2-day online workshop on opening data for representatives of local government units, during which 240 participants were trained. Due to great interest, another edition of the workshop is planned in 2024. 
In addition, MDA is working on launching another project: Data 3.0 – exchange, value. One of the planned activities is to expand knowledge and skills of administration employees, including at the local level, in the field of preparing data for sharing and using data in official work.
URL: 
https://dane.gov.pl/pl/article/rusza-akademia-otwartych-danych
https://dane.gov.pl/pl/article/otwieramy-akademie-otwartych-danych
https://m.facebook.com/story.php?story_fbid=pfbid0TjPJ9HNyE41PFmp3Mss84Ud5CqgneHGvWGLtVQEjgZ143Rg9ZsrewdYP6JvttsCyl&id=107789623943313
https://www.facebook.com/danegovpl/?locale=pl_PL
https://www.gov.pl/web/cyfryzacja/wez-udzial-w-bezplatnych-warsztatach-o-otwieraniu-danych"
P29;"Are there annually held national, regional or local events (e.g. hackathons, courses, conferences, users meet-ups, summer/winter schools) to promote open data and open data literacy in your country beyond the target group of public servants? 
 
For Explanation:
* If yes, please provide examples (e.g. title, date, location of the event and URL).";yes, >9;"1)Hackyeah hackathon 19-20.11.2022; https://2022.hackyeah.pl/
2)3rd CASSINI Hackathon The aim of  the event was to develop intelligent solutions to support the sustainable tourism and to promote thoughtful and responsible exploration of European nature resources. Participants had access to: European space data, Copernicus satellite data (Earth Observation data), Galileo and EGNOS positioning and navigation services. 12-14.05.2022 https://www.kpt.krakow.pl/startupy/cassini-hackathon/
3)  Hackathon City Coders https://hackathon.plock.eu/ 24-25.09.2022; Open databases made available by the City of Płock to create an applications that would increase the quality of life of residents and improve their communication with the Office.
4) A conference Open data and reuse of public sector information. 8.12.2022; https://www.uni.lodz.pl/wydarzenia/szczegoly/otwarte-dane-i-ponowne-wykorzystywanie-informacji-sektora-publicznego
5) Second meeting of the Working Group on strategic data management directions . The main topic of the meeting was a presentation of the report: “Unleashing the potential of data. Managing Data as a Shared Resource” 04.11.2022; https://www.facebook.com/danegovpl/?locale=pl_PL
6) The first meeting of Data management and exchange subgroup within the Working group on strategic data management directions. Polish Economic Institute presented the results of the study: ""Do we want to share private data?"" 21.10.2022 https://pie.net.pl/tylko-co-trzeci-polak-udostepnilby.../  ; https://www.facebook.com/danegovpl/?locale=pl_PL
7) A panel discussion “Data-driven economy: what are the benefits for consumers and socio-economic development?” during IGF Poland. 20.10.2022; https://www.facebook.com/danegovpl/?locale=pl_PL
8) A panel discussion “Limited access to data - Data Act, difficult identification and selection of parts"" at  the 17th Congress of Automotive Industry and Market. 12.10.2022; https://www.facebook.com/danegovpl/?locale=pl_PL
9) A panel discussion “Urban big data - information management in local government” at the 20th Local Government Capital and Finance Forum. 12.10.2022; https://www.samorzadoweforum.pl/program/miejskie-big-data-zarzadzanie-informacjami-w-samorzadzie/
10) The Future is Data/ Przyszłość to dane was a conference organized online by the MDA - the third edition. The aim of the conference was to exchange knowledge and experience on current, most important data-related issues taking into consideration their European dimension as well. It gathered experts and practitioners including data management and cyber security specialists. The conference promoted the potential of data encouraged its reuse in innovative products and services. It was addressed to representatives of central and local government, entrepreneurs, non-governmental organizations as well as Polish and foreign data practitioners. 18.04.2023; https://dane.gov.pl/pl/promotion/the-future-is-data-przyszosc-to-dane-r2023?lang=en
11) VI Open Science Conference https://pg.edu.pl/wydarzenia/12572-vi-pomorska-konferencja-open-science 1-2.12.2022;
The nationwide scientific conference intended to summarize the current activities in the field of creating policies and tools supporting the opening of research results, including research data, and to discuss the directions of development of this type of services.";Complement;Yes, >9;"1)7-9.06.2024 Hackathon „Hack4change”
The goal of the event was to develop the prototypes of environmentally friendly devices and applications based on environmental data, among other things.
URL: https://hack4change.tech/#forWho
2)29.02.2024 Konferencja ""Dostęp do informacji publicznej i otwarte dane. Perspektywy i wyzwania 
A national scientific conference (online) to exchange knowledge and experience on current and key issues related to access to public information and data opening.
URL: https://www.uni.lodz.pl/wydarzenia/szczegoly/dostep-do-informacji-publicznej-i-otwarte-dane-perspektywy-i-wyzwania
3) 17-19.11.2023 Hackathon #Supervision_Hack 2023 
This was the third edition of the hackathon organized by the Polish Financial Supervision Authority, which aimed to create informative solutions based on financial data to support financial market supervision.
URL: https://supervisionhack.pl/
4) 09.11. -12.12.2023 Data for City - Hackathon Otwartych Danych w Dzielnicy Ursynów
The idea of the event was to open the databases controlled by the Ursynów District in Warsaw in order to create applications that improve the quality of life of residents and improve their services of  the Office.
URL: https://www.dataforcity.pl/
5)21-22.10.2023 Hackathon mObywatel mHack 
The challenge for the participants was to develop, based on open public data (e.g. from the data.gov.pl portal), tools to improve the government application mCitizen 2.0 intended for citizens.
URL: https://mhack.pl/
6)10.10.2023 Konferencja Dane podstawą funkcjonowania i rozwoju rynku finansowego
A national conference to discuss the role of data in financial market development.
URL: https://cad.knf.gov.pl/#sp-position4
7)7-8.10.2023 Hackathon NASA Space Apps Challenge Rzeszów
The goal of the event was to develop smart solutions to challenges prepared by NASA based on NASA's open source data.
URL: https://hackathon.pcinn.space/
8)04.10.2023 Szczyt Cyfrowy IGF Polska 2023, 
URL: https://www.gov.pl/web/igf-polska/igf-polska-2023
https://youtube.com/live/khdMeJwEKHE?feature=share
9)30.09.- 01.10.2023 Hackathon HackYeah 2023
Annual major hackathon (one of the largest in Europe) edition 2023: https://www.tauronarenakrakow.pl/event/hackyeah-hackathon-2023/
edition 2024: https://hackyeah.pl
11) 02.10.2023 spotkanie z gminami Górnośląsko-Zagłębiowska Metropolia (eng. Metropolis GZM)
The topic for discussion was the project Open data of the GZM as a base for the implementation of public services addressed to residents and investors in the Metropolis GZM. During the meeting, they talked about the importance of opening data for the development of local governments and improving the quality of life of residents.
URL:https://www.facebook.com/danegovpl/posts/pfbid0Rj5ErgTusznSPSMBW9wkVbLUi3qM5upBWcduCWwAXQbDkMPygyEp4Z97ZPKH977wl
12)21-22.09.2023 XXIX Forum Teleinformatyki w Miedzeszynie
One of the Forum's topics during the panel discussion “Public statistics - role and importance in the state information system” was the use of public data.
URL: https://piit.org.pl/wydarzenia/xxix-forum-teleinformatyki-system-informacyjny-panstwa-dylematy-rozwoju
13)13-14.06.2023 Forum Danych Miejskich  
National conference on problems and challenges of data use in local government .
URL: https://danemiejskie.pl/forum-danych-miejskich/
14) The Future is Data/ Przyszłość to dane was a conference organized online by the MDA - the third edition. The aim of the conference was to exchange knowledge and experience on current, most important data-related issues taking into consideration their European dimension as well. It gathered experts and practitioners including data management and cyber security specialists. The conference promoted the potential of data and encouraged their reuse in innovative products and services. It was addressed to representatives of central and local government, entrepreneurs, non-governmental organizations as well as Polish and foreign data practitioners. 18.04.2023; https://dane.gov.pl/pl/promotion/the-future-is-data-przyszosc-to-dane-r2023?lang=en
15) 7-8.10.2023 City Coders Hackathons in Plock (https://hackathon.plock.eu/) - city open data was used to develope solutions for defined problems. 2023 motto of the event was ""Smart city - better life"""
PT1;"Is there a national portal in your country for that enables users to search for open datasets and find where to download open data? 

For Explanation:
* If yes, please provide the URL of the national portal.";yes;https://dane.gov.pl/;Confirm;;
PT2;"For Explanation:
* What is the technology stack of your portal (e.g. based on uData, CKAN, etc.)";new question;new question;Change;yes;Dane.gov.pl as a whole is a system based on a microservices architecture, with clearly defined layers of presentation, business logic and data. From the perspective of system components, these are three-layer monolithic applications in a classic client-server architecture. Most websites operate as containers, which allows them to be easily scaled, deployed and managed later. The dominant interface for communication between services is the REST API. The system portal, i.e. the frontend element, is written using TypeScript using the Angular framework, while backend services are written using Python 3 frameworks including: Falcon, Django, RDFLib, Wagtail CMS. Depending on the type of user, individual pages are rendered on the client side (CSR) or server side (SSR). The system components are located on the VMware vSphere virtualization platform.
PT3;"Does the national portal offer to its users a way to programmatically query the metadata via an API?

For Explanation:
* If yes, please provide the direct-URL to this feature.";new question;new question;Change;Yes;"The API is described in Regulation of the Council of Ministers on the data portal.
Technical description of API is provided at: https://api.dane.gov.pl/spec/1.4"
PT4;"Does the national portal offer to its users a way to programmatically query the metadata via a SPARQL access point?

For Explanation:
* If yes, please provide the direct-URL to this feature.";new question;new question;Change;Yes;There is a SPARQL search engine available at: https://dane.gov.pl/en/dataset/sparql
PT5;"Does the national portal offer/link to documentation on the use of APIs?

For Explanation:
* If yes, please provide the direct-URL to this feature.  ";new question;new question;Change;Yes;API documentation is available at: https://api.dane.gov.pl/doc
PT6;"Does the national portal offer/link to documentation on the use of SPARQL? 

For Explanation:
* If yes, please provide the direct-URL to this feature.  ";new question;new question;Change;Yes;"On the SPARQL search page: https://dane.gov.pl/en/dataset/sparql there are examples of queries;
link to SPARQL documentation: https://www.w3.org/TR/sparql11-query/"
PT7;"Does the national portal provide functionality for users to contribute datasets they have produced or enriched? 

For explanation:
* If yes, please (1) explain how  the portal facilitate the linking of documentation and supporting materials to these user-contributed datasets and (2) provide the direct-URL to this feature.";new question;new question;Change;Yes;"Users report the applications they have created in PoCoTo section: https://dane.gov.pl/en/showcase?page=1&per_page=50&q=&sort=-date. 
Users who upload data on portal may enrich it via adding supporting documents. Supporting documents can be added to data sets or resources.
Example of a data set with a supporting documents: https://dane.gov.pl/en/dataset/2904,zbior-danych-z-badania-ilosciowego-zrealizowanego
Example of a resource with a supporting document: https://dane.gov.pl/en/dataset/3520,dane-podmiotow-swiadczacych-uslugi-publiczne-z-kat/resource/57229/table?page=1&per_page=20&q=&sort="
PT8;"Does the national portal offer a mechanism for users to provide general feedback, such  a 'Contact us' or 'Feedback' button that is placed in a visible spot and would allows users to send a general comment concerning the portal?

For Explanation:
* If yes, please provide the direct-URL to this feature or describe how this functionality is provided.";yes;"See section ""Stay in touch with us""
https://dane.gov.pl/pl/forms/ankieta-o-portalu It is a survey for users and its last question can  be used to submit general comments, suggestions and remarks.
There are other forms of contact available that can be used by portal users apart from general e-mail address - these are thematic contact forms for subbmitting new proposals for datasets reuse cases to be published - https://dane.gov.pl/en/dataset/submissions and https://dane.gov.pl/en/showcase/suggest";Complement;;"See section ""Stay in touch with us"" (at the bottom of a portal page)
https://dane.gov.pl/pl/forms/ankieta-portal-2024 It is a survey for users and its P5 question can  be used to submit general comments, suggestions and remarks.
There are other forms of contact available that can be used by portal users apart from general e-mail address - these are thematic contact forms for subbmitting new proposals for datasets and reuse cases to be published - https://dane.gov.pl/en/dataset/submissions and https://dane.gov.pl/en/showcase/suggest
Contact information regarding the list of protected data is provided on the DGA section: https://dane.gov.pl/en/dga/information"
PT9;"Does the national portal offer a mechanism for users to provide feedback on specific datasets, such as a 'feedback button' or a comment/discussion section under the dataset?

For Explanation:
* If yes, please provide the direct-URL to this feature or describe how this functionality is provided.";yes;"See red buttom ""Send feedback"", e.g. https://dane.gov.pl/en/dataset/609,areas-susceptible-to-groundwater-flooding";Complement;;"See red button ""Send feedback"" available for data sets, e.g. https://dane.gov.pl/en/dataset/609,areas-susceptible-to-groundwater-flooding
The same button is available for resources, e.g. https://dane.gov.pl/en/dataset/609,areas-susceptible-to-groundwater-flooding/resource/39368/table"
PT10;"Does the national portal provide a mechanism for users to rate datasets?

For Explanation:
* If yes, please provide the direct-URL to this feature or describe how this functionality is provided.";No;"The user can rate data by submitting feedback in the box ""Enter your rate or feedback on the above suggestion"" https://dane.gov.pl/en/dataset/submissions/accepted - click on the dataset title to go to the appropriate form.
ANSWER TO REVIEWER 2 COMMENT:
There is at the moment no such rating mechanism in place.";Change;Yes;"The user can rate data by submitting feedback in the box ""Enter your rate or feedback on the above suggestion"" https://dane.gov.pl/en/dataset/submissions/accepted - click on the dataset title to go to the appropriate form.
It is possible to like suggestions for new data - see print screen;
The form of rating are the statistics of the most popular data sets on the portal - see print screen.
Another way to rate the portal is a survey in which users answer questions related to the functioning of the portal: https://dane.gov.pl/pl/forms/ankieta-portal-2024"
PT11;"Does the national portal enable users to find information and news on relevant open data topics in the country?

For Explanation:
* If yes, please provide the direct-URL to this feature.  ";yes;https://dane.gov.pl/pl/article;Complement;;"News section: https://dane.gov.pl/pl/article
Events section: https://dane.gov.pl/en/knowledgebase/events
Calendar of upcoming events related to open data: https://dane.gov.pl/pl/knowledgebase/useful-materials/kalendarium
The latest examples of data use available on the main page of the portal - PoCoTo - Data reuse: https://dane.gov.pl/en
"
PT12;"Does the national portal offer the possibility for users to receive notifications when new datasets are available on the national portal (RSS, ATOM feeds, email notifications etc.)?

For Explanation:
* If yes, please provide the direct-URL to this feature.  ";yes;"""The """"Follow"""" function notifies the user about changes in selected collections.
Users are invited to subscribed to a newsletter.
This functionallyty is available only for logged in users so providing a link is difficult. To see how it look like for a user, please use this link https://dane.gov.pl/en/dataset/2913,dane-pomiarowe-esa-edukacyjna-siec-antysmogowa - there is a ""follow"" button just at the top of the dataset list (on the left). If this explenation is not enought we can provide you with some printscreen to illustrate how it functions
There is another possibility to be notified about new datasets for users that are subscribed to the newsletter - the most notable datasets recently added to the portal are endorsed in each issue.";Confirm;;
PT13;"Does the national portal enable users to request datasets, such as through a ""request data"" button? 

For Explanation:
* If yes, please provide the direct-URL to this feature or describe how this functionality is provided.";yes;https://dane.gov.pl/en/dataset/submissions;Confirm;;
PT14;"Are requests for datasets and their progress status presented in a transparent manner on the national portal? 

For Explanation:
* If yes, please provide the direct-URL to this feature.  ";yes;https://dane.gov.pl/pl/dataset/submissions/accepted;Confirm;;
PT15;"Does the team monitor the extent to which requests (either via the portal or otherwise) result in the publication of the requested data?

For Explanation:
* If yes, please describe how this monitoring is conducted.";yes;Open data team from MDA monitors these requests remaing in contact with data providers (or directly cooperating with relevant open data officers).;Confirm;;
PT16;"Does the national portal offer a mechanism for users to exchange with others, such as a discussion forum?

For Explanation:
* If yes, please provide the direct-URL to this feature or describe how this functionality is provided.";yes;Logged in users with the status of a representative can use the forum. The forum is available only for logged in users so providing URL to this functionality is difficult. We are providing you with some print screens illustrating how the forum looks like for the  users (these are attached to the email this questionnair is send back to you).;Confirm;;
PT17;"Does the national portal showcase reuse cases, such as in a designated section of the portal?

For Explanation:
* If yes, please provide the direct-URL to this feature. ";yes;https://dane.gov.pl/pl/showcase;Confirm;;
PT18;"Does the national portal reference the datasets that the showcased reuse cases are based on (i.e. there is a link between the reuse case in the showcase and the underlying dataset on the portal)?

For Explanation:
* If yes, please provide the URL to this feature/to an example documenting this feature.";yes;"https://dane.gov.pl/en/showcase/1261,aleocom see section ""related datasets"" towards the bottom of the page
https://dane.gov.pl/en/dataset/1176,lista-beneficjentow-projektow-funduszy-europejskich-2014-2020, see section ""Related reuse examples"" towards the bottom of the page";Confirm;;
PT19;"Does the national portal provide the possibility for users to submit their own reuse cases?

For Explanation:
* If yes, please provide the direct-URL to this feature. ";yes;https://dane.gov.pl/en/showcase/suggest;Confirm;;
PT20;"Does the national portal offer a preview function for tabular data?

For Explanation:
* If yes, please provide the URL to an example documenting this feature.";yes;https://dane.gov.pl/pl/dataset/2715/resource/38594,zarejestrowane-wnioski-o-nadanie-statusu-ukr-w-zwiazku-z-konfliktem-na-ukrainie-stan-na-12052022-r/table?page=1&per_page=20&q=&sort=;Confirm;;
PT21;"Does the national portal offer a preview function for geospatial data?

For Explanation:
* If yes, please provide the URL to an example documenting this feature.";yes;https://dane.gov.pl/pl/dataset/1673/resource/37820,rejestr-instalacji-posiadajacych-pozwolenia-zintegrowane-wedug-stanu-na-31032022-r/map?q=;Confirm;;
PT22;"Do you promote high-value datastes on your national portal (e.g. use filtering features for reusers to easily find such datasets, use editorial features to promote the datasets, etc.))?

For Explanation:
* If yes, please specify how and highlight challenges if any. 
* If you are an EFTA or a candidate country to the EU, please select 'not applicable'.";new question;new question;Change;Yes;"The portal allows you to filter high-value data sets and resources. The filter is accessible in the Data tab on the left (""High value data""): https://dane.gov.pl/en/dataset
There is a section dedicated to HVD: https://dane.gov.pl/pl/knowledgebase/useful-materials/dane-o-wysokiej-wartosci-hvd
High-value data is promoted on the portal. Example of promoted HVDs:
https://dane.gov.pl/pl/dataset/3101,morze-baltyckie-hydrologia-z-rejsow-badawczych; https://dane.gov.pl/pl/dataset/3016,morze-baltyckie-meteorologia-rejsy-badawcze; https://dane.gov.pl/pl/dataset/780,panstwowy-rejestr-nazw-geograficznych-prng;
All HVD is graphically marked"
PT23;"Do you monitor the portal's traffic (e.g. in terms of number of unique visitors, visitor profiles, percentage of machine traffic, number of downloads according to the number of datasets etc.)? 

For Explanation:
* If yes, which tool(s) do you use?";yes;"(1) the CSV system generates reports on the state of the institution, data sets, resources and users.
(2) Kibana - system log analysis tool
(3) Matomo - website access and traffic analysis";Confirm;;
PT24;"Do you run analytics on API usage?

For Explanation:
* If yes, please briefly (1) describe your process and (2) how you use the insights to improve the portal";yes;N/A;Complement;;"The mechanism built into the portal provides regular statistics on API usage.
This information is used to obtain more data   through API from suppliers."
PT25;"Besides monitoring portal traffic, do you perform any further activities to better understand the behaviour and needs of users of your portal (e.g. web analytics, surveys, or analysis of social media feeds)?

For Explanation:
* If yes, please (1) specify the activities and explain (2) how they help you understand user needs";yes;"user surveys https://dane.gov.pl/pl/forms/ankieta-o-portalu?lang=pl
The users' responses are periodically analised and a report is prepared. The latest report is available at the link https://cms.dane.gov.pl/documents/103/Ocena_portalu_Dane.gov.pl_raport_z_badania.DOCX  
Data from the report were additionally published in the dataset https://dane.gov.pl/pl/dataset/2906 
A study was conducted to assess the advancement of the process of opening data in local government units https://cms.dane.gov.pl/documents/117/JST_2022_Raport_z_badania_final.docx 
When planning promotional activities on Facebook, we analyze the popularity of posts (coverage) and sentiment (reactions). The content published on the Open Data profile on Facebook, on thematic groups in the IT area or on influencers' profiles are received positively and commented on favourably. Users can react positively or negatively to profile posts. In the open data profile, negative reactions appear only sporadically. This is confirmed by detailed reports from interactive agencies carried out as part of online campaigns. In 2022, such reports were prepared as part of the campaigns for Datthaton and the one promoting APIs ""Adopt an API"".";Complement;Yes;"User surveys are periodically conducted. Ongoing survey is available at: https://dane.gov.pl/pl/forms/ankieta-portal-2024
The users' responses are periodically analised and a report is prepared.
Final report on the evaluation of the Act on Open Data and Re-use of Public Sector Information is available at: https://cms.dane.gov.pl/documents/144/Raport_ko%C5%84cowy_ewaluacja_ustawy_OD.pdf   
The report on the Open Data Programme for the years 2021-2027 is available at: https://cms.dane.gov.pl/documents/153/Raport_ko%C5%84cowy_MC_22.01.2024_ost.pdf
The MDA team periodically analyzes proposals for new data submitted by users
The MDA team constantly analyzes notifications and comments from suppliers and users sent to the e-mail address: kontakt@dane.gov.pl
When planning promotional activities on Facebook, we analyze the popularity of posts (coverage) and sentiment (reactions). The content published on the Open Data profile on Facebook, on thematic groups in the IT area or on influencers' profiles are received positively and commented on favourably. Users can react positively or negatively to profile posts. In the open data profile, negative reactions appear only sporadically."
PT26;"Do you used the insights about portal usage and about the behaviour and needs of portal users to improve the portal accordingly?

For Explanation:
* If yes, please explain your process for improving the portal based on user insights and feedback
* If relevant, kindly highlight some improvements made in the past year";new question;new question;Change;Yes;"Portal users submit their comments by completing periodic surveys, currently available: https://dane.gov.pl/pl/forms/ankieta-portal-2024
Users can also submit comments for each data set and resource.
Based on these activities, the portal is systematically developed. Last year activities:
- added the ""Personal data in the data portal"" section: https://dane.gov.pl/pl/knowledgebase/useful-materials/udostepnianie-w-portalu-danegovpl-zasobow-zawierajacych-dane-osobowe,
- added a ""List of protected data"" filter: https://dane.gov.pl/en/dataset?page=1&per_page=20&q=&sort=-date&contains_protected_data%5Bterm%5D=true
- added HVD section: https://dane.gov.pl/pl/knowledgebase/useful-materials/dane-o-wysokiej-wartosci-hvd
- ongoing analysis of the portal's development and introduction of new functionalities, e.g. added address for electronic delivery for suppliers
-  FERC Data 3.0 project which developes further functionalities in the portal"
PT27;"Do you undertake any activities to promote the portal and attract new users or new audiences?

For explanation:
* If yes, please (1) explain what activities your perform, and (2) mention if these activities are directed at any specific target audience (e.g. business, public sector, academia, etc.)";new question;new question;Change;Yes;"1.Promotional campaign on the Internet: ""10 years of dane.gov.pl"", addressed to the general public, with particular emphasis on businesses creating applications and programs from data and the media. Promotion of open data and dane.gov.pl (logo, press conference with the participation of the Prime Minister, media releases, film, animation, graphics, communication in social media) https://dane.gov.pl/pl/article/polska-liderem-w-otwieraniu-danych-publicznych; https://www.gov.pl/web/cyfryzacja/polska-liderem-w-otwieraniu-danych-publicznych
2. Promotion of open data and dane.gov.pl at a stand during the IGF Polska Digital Summit, Wrocław, October 4, 2023. Competition for young people and teachers. Prizes for correct answers to questions about educational films about data and the dane.gov.pl presented to the participants. 
3.Participation in a radio broadcast on the national station Polskie Radio 1 https://jedynka.polskieradio.pl/artykul/3310841,Polska-i-%C5%9Awiat-04012024 What is open data and what conditions should it meet and who mainly uses it? uses.
4.Regular promotion of dane.gov.pl through Open Data profile on Facebook and occasional press materials about data dane.gv.pl - sent out to the media and published on government websites.
5. The open data team from the Ministry of Digital Affairs takes part in other various conferences and events promoting portal and addressing prospective users - for examples see answer to Q P29 (points 2,6,8,11,12,13,14)
6. Most strategic documents contain information about the portal"
PT28;"Do you monitor what keywords are used to search for data and content on the portal?

For Explanation:
* If yes, please briefly (1) describe your process and (2) how you use the insights to improve the portal";new question;new question;Change;Yes;"The words most frequently searched by users are reported in the statistics module: https://dane.gov.pl/pl/user/dashboard/stats. The number of searches appears next to each word. Examples of the most popular are: surnames, cert, given names, dga.
This information helps, for example, position and highlight the most popular data sets (marked with a blue frame on the portal: https://dane.gov.pl/pl/dataset)
Based on searched keywords, MDA works to ensure that suppliers share as much of this type of data as possible"
PT29;"Do you monitor the most and least consulted pages?

For Explanation:
* If yes, please briefly (1) describe your process and (2) how you use the insights to improve the portal
* For informational purposes, kindly provide the URLs to the five most popular datasets on the portal";new question;new question;Change;Yes;"The most frequently viewed data sets are reported in the statistics module: https://dane.gov.pl/pl/user/dashboard/stats. Each data set has a number of views. The most popular are:
- Surnames appearing in the PESEL register https://dane.gov.pl/en/dataset/1681,nazwiska-osob-zyjacych-wystepujace-w-zdrowie-pesel
- Names given to children in Poland https://dane.gov.pl/en/dataset/219,imiona-naowane-dzieciom-w-polsce
- List of names appearing in the PESEL register https://dane.gov.pl/en/dataset/1667,lista-imion-wystepujacych-w-prezentze-pesel-osoby-zyjace
- Surnames appearing in the PESEL register, including the names of deceased persons https://dane.gov.pl/en/dataset/568,nazwiska-wystepujace-w-zdrowie-pesel
- Police personnel data https://dane.gov.pl/en/dataset/540,dane-kadrowe-policji
This information helps, for example, position and highlight the most popular data sets (marked with a blue frame on the portal: https://dane.gov.pl/pl/dataset).
We analyze the rarest data according to view statistics and their quality to enable their improvement"
PT30;"Do you take measures to optimise the search and discoverability of content (data and editorial)? 

For Explanation:
*If yes, please briefly describe how your optimise the search";yes;The words and phrases used to search collections and data are monitored on an ongoing basis. On the basis of this information, work is carried out in order to optimize the search process and facilitate the users' access to information. The search engine of the dane.gov.pl portal has been integrated with the search engine of the KRONIK@ portal (portal with open resources of culture and science). This task was carried out using the SPARQL search engine. The tool enables to search for metadata of data providers, datasets and data in the RDF database using the SPARQL query language. The tool is intended for experienced users of the SPARQL language /https://dane.gov.pl/pl/dataset/sparql;Complement;;"The words and phrases used to search collections and data are monitored on an ongoing basis. On the basis of this information, work is carried out in order to optimize the search process and facilitate the users' access to information. The search engine of the dane.gov.pl portal has been integrated with the search engine of the KRONIK@ portal (portal with open resources of culture and science). This task was carried out using the SPARQL search engine. The tool enables to search for metadata of data providers, datasets and data in the RDF database using the SPARQL query language. The tool is intended for experienced users of the SPARQL language /https://dane.gov.pl/pl/dataset/sparql
New filters have been added to optimize the search, e.g. ""high value data"", recently ""List of protected data"",
We are trying to increase search through the portal for data from regional portals."
PT31;"Is the metadata on your portal available in clear plain language to enable both humans and machines to read and understand it? 

For Explanation:
*If yes, please provide the URL to an example documenting this feature.";yes;;Complement;;"Metadata is legally established in the Regulation of the Council of Ministers on the data portal and described in the Guide for data providers
In the Open Data Programme for the years 2021-2027, we care about the quality of metadata,
API documentation is available at https://api.dane.gov.pl/doc
It is possible to download metadata for all data sets and resources on the portal. On the website https://dane.gov.pl/en/dataset there is a button ""Download metadata for the catalog"", which allows you to download data in CSV and RDF format"
PT32;"To what degree do public sector data providers contribute data to the portal? 

For Explanation:
*Please describe what is the agreed approach.
* If less than the majority of data providers, please briefly explain why (e.g. technical incompatibilities, governance aspects, low awareness etc.).";all public sector data providers;All public sector data providers contribute to the data portal. They are following the legal requirements in the Open Data Act of August 11 2021 and Open Data Program. They are supervised and coordinated In this task by to Open Data Officers and offered expert support and training form the Open Data Team.;Confirm;;
PT33;Do you identify the data providers that are not yet publishing data on the national portal?;yes, or all public sector data providers already publish data;N/A;Confirm;;N/A
PT34;"Were there concrete actions taken to assist these data providers with their publication process?

For Explanation:
* If yes, could you provide some examples of the actions taken in this regard.";yes, or all public sector data providers already publish data;"1. In 2023 new updeted version of the guide to support offices in opening data was published: “Data opening. Good Practice Handbook” https://cms.dane.gov.pl/documents/121/otwieranie_danych_praktyczny_poradnik.pdf . Previous guides are available in the knowledge base of the dane.gov.pl portal https://dane.gov.pl/pl/knowledgebase/useful-materials/podreczniki-dot-otwartosci-danych 
2. Guide for data providers was regularly updated https://dane.gov.pl/knowledgebase/useful-materials/nowy-przewodnik-dla-dostawcow-danych
3. Trainings and courses for providers (for example, pilot online workshops on opening data for representatives of local government units)
4. Regular meetings with open data officers
5. New information section for data providers regarding HVD
6. MDA informed the open data officers and portal editors in writing about the new national portal metadata (HVD, DD, data language)
7. The open data team answered questions from data providers i.e. how to prepare data for publication and how to publishing data on the national portal
8. MDA shared good practices regarding opening data with open data officers (i.e. encouraged them to create information pages on the institution's intranet dedicated to data sharing)
9. MDA organized a webinar for scientific institutes of the Polish Academy of Sciences about  the subject of data openness (26.07.2022). During the webinar, representatives of the MDA discussed i.a. the regulatory scope of the Open Data Act, principles of re-use of research data and presented the process of data sharing on the dane.gov.pl portal.
10. Open data standards (legal, security, technical and API) are available
https://dane.gov.pl/pl/knowledgebase/useful-materials/standardy-otwartosci-danych";Complement;;"1. Guide for data providers was regularly updated https://dane.gov.pl/knowledgebase/useful-materials/nowy-przewodnik-dla-dostawcow-danych
2. Continuation of trainings and courses for providers (for example, online workshops on opening data for representatives of local government units)
3. Regular meetings with open data officers
4. In 2023, MDA started a series of training sessions for local governments regarding the asset list of protected data resources
5. The open data team answered questions from data providers i.e. how to prepare data for publication and how to publish data on the national portal
6. MDA shared good practices regarding opening data with open data officers (i.e. encouraged them to create information pages on the institution's intranet dedicated to data sharing)
7. Ongoing promotion and dissemination of data standards (technical, API, legal, security): https://dane.gov.pl/pl/knowledgebase/useful-materials/standardy-otwartosci-danych
8. Keeping suppliers informed about the process of publishing data on the portal"""
PT35;"Besides the national open data portal, are there other regional and local portals? 

For Explanation:
* If yes, please provide a complete list and the links to these portals.";yes;"1) https://ckan.multimediagdansk.pl/
2) https://www.szczecin.eu/pl
3) https://otwartedane.gdynia.pl/";Confirm;;
PT36;"Are regional and local portals listed above and their data sources discoverable via the national portal? 

For Explanation:
* If not applicable, please briefly explain why. ";yes;;Confirm;;
PT37;"To what degree are  regional and local sources harvested automatically? 

For Explanation:
* If less than the majority of existing sources is harvested by the national portal, please briefly explain why.                        
* If not applicable, please briefly explain why. ";all datasets;;Confirm;;
PT38;"Does the national portal include datasets that are real-time or dynamic?

For Explanation:
* If yes, please provide URLs to real-time and/or dynamic data featured via the national portal. ";yes;https://dane.gov.pl/pl/dataset?page=1&per_page=20&q=&sort=-date&has_dynamic_data%5Bterm%5D=true;Confirm;;
PT39;"Does the national portal provide a way for non-official data (i.e. not stemming from official sources, such as community-sourced/citizen-generated data) to be published? 

For Explanation:
* If yes, please explain how non-official data is distiguished for offical data (e.g. using a different section of the portal or tags) 
* And please provide a URL to an example of a non-official dataset on the portal ";new question;new question;Change;Yes;"Non-official data can be published by private sector providers: https://dane.gov.pl/en/institution?page=1&per_page=20&q=&sort=title&institution_type%5Bterms%5D=private.
This data is assigned to the category of private providers.
Example: https://dane.gov.pl/pl/dataset/2880,iv-badanie-odpornosci-oprawek-na-dzialanie-niskich"
PT40;"Does the national portal allow users to see what data exists but cannot be made available as open data?

For Explanation:
* If yes, please (1) provide the URL to an example and (2) briefly describe the approach used to ensure this transparency.";yes;"https://dane.gov.pl/pl/dataset/submissions/accepted (The functionality that the link is connected with allows a user to see what data other users are asking for. These are data that, according to portal users, are in the possession of various institutions but are not open and are not published at dane.gov.pl. Therefore, in our opinion, this list meets the requirements specified in your question.

An inventory of public administration systems/registers is carried out periodically. https://dane.gov.pl/pl/dataset/195,systemyrejestry-gromadzace-dane-publiczne";Complement;;"https://dane.gov.pl/pl/dataset/submissions/accepted - The functionality that the link is connected with allows a user to see what data other users are asking for. These are data that, according to portal users, are in the possession of various institutions but are not open and are not published at dane.gov.pl. Therefore, in our opinion, this list meets the requirements specified in your question.

An inventory of public administration systems/registers is carried out periodically. https://dane.gov.pl/pl/dataset/195,systemyrejestry-gromadzace-dane-publiczne

Asset list of protected data resources is data that is listed but not directly available on the portal: https://dane.gov.pl/en/dataset?page=1&per_page=20&q=&sort=-date&contains_protected_data%5Bterm%5D=true"
PT41;"Does the national portal have a strategy to ensure its sustainability?

For Explanation:
* If yes, please (1) provide the URL to this document and (2) describe the main measures to keep the portal running in the long-term and continue to serve its audience";new question;new question;Change;Yes;"The portal is regulated in a document in the form of an act: Act on open data and re-use of public sector information, a regulation: Regulation of the Council of Ministers on the data portal
Resolution of the Council of Ministers on the Open Data Programme for years 2021-2027 is also such a strategy: https://dane.gov.pl/pl/knowledgebase/useful-materials/program-otwierania-danych-na-lata-2021-2027"
PT42;"Is your national portal active on social media? 

For Explanation:
* If yes, please provide the URL(s) to your social media accounts. ";yes;https://www.facebook.com/danegovpl;Confirm;;
PT43;"Are the portal’s source code and relevant documentation and artefacts made available to the public (e.g. on platforms such as GitHub or GitLab)?

For Explanation:
*If yes, please provide the (1) platform name and (2) the URL to the portal’s account on this platform.";yes;https://dane.gov.pl/source-code/;Confirm;;
PT44;"Do you monitor the characteristics of the data published on the portal, such as the distribution across categories, static vs. real-time data and how these change over time?

For Explanation:
* If yes, please provide the direct-URL to this feature";yes;"https://dane.gov.pl/pl/user/dashboard/stats

ANSWER TO REVIEWER 1 COMMENTS:
These are the following stats:
1 Ranking of institutions with the largest amount of resources
2 Number of resources
3 Number of new resources
4 Ranking of providers with the largest number of data sets
5 Number of datasets
6 Number of new datasets
7 Datasets with the most downloads
8 Most popular datasets
9 Ranking of providers with the highest number of downloads
10 Ranking of the most popular providers
11 Data ranking with the highest number of downloads
12 Ranking of the most popular resources
13 Number of resources broken down by degree of openness
14 Most popular formats
15 Most used categories
16 Most used keywords
17 Most searched words
18 Ranking of providers with the largest number of new datasets in the last month
19 Ranking of dataset observations
20 Number of dataset views
21 Number of dataset downloads
There are plans to make the access to statistics available to every user without logging in.
Also, apart from aboce, matomo statistics are used for internal use by open data team.";Complement;;"https://dane.gov.pl/pl/user/dashboard/stats

It includes the following statistics:
1 Ranking of institutions with the largest amount of resources
2 Number of resources
3 Number of new resources
4 Ranking of providers with the largest number of data sets
5 Number of datasets
6 Number of new datasets
7 Datasets with the most downloads
8 Most popular datasets
9 Ranking of providers with the highest number of downloads
10 Ranking of the most popular providers
11 Data ranking with the highest number of downloads
12 Ranking of the most popular resources
13 Number of resources broken down by degree of openness
14 Most popular formats
15 Most used categories
16 Most used keywords
17 Most searched words
18 Ranking of providers with the largest number of new datasets in the last month
19 Ranking of dataset observations
20 Number of dataset views
21 Number of dataset downloads

Also, apart from above, matomo statistics are used for internal use by open data team.

Additionally, resources illustrating the characteristics of all data on the portal are periodically published in the ""List of resources available on the data portal - Dane.gov.pl"" data set: https://dane.gov.pl/en/dataset/971,lista-zasobow-udostepnionych-w-portalu-danych-dane-gov-pl"
PT45;"Does this monitoring enable the portal team and/or data providers to take action to improve their performance on the national portal?

For Explanation:
* If yes, please (1) explain how and (2) if applicable provide the direct-URL to this feature.";yes;"https://dane.gov.pl/pl/user/dashboard/stats
Statistics allow you to monitor data published by providers

ANSWER TO REVIEWER 1 COMMENTS:
Statistics allow open data team and data providers to monitor the data published by suppliers and indicate the needs of users who reuse them. Ongoing monitoring of these statistics allows to plan cooperation with data providers to increase the amount of data from a specific category that should be available to users due to their interest in these resources, as well as to set a plan to expand the system in the infrastructural layer due to the increased amount of data. It also allows to create a concept of information and promotion activities for these new resources and the most popular resources with the potential for reuse.";Confirm;;
Q1;"Is there a pre-defined approach to ensure that metadata is kept up-to-date?

For Explanation:
* If yes, please briefly describe your approach.";yes;"Each modification of data is related to the automatic update of metadata.

Since 2020, part of the data is collected (harvested) automatically from suppliers. Their metadata is updated automatically with a frequency specified by the portal administrator for each of the data sources (at the moment most of data downloaded automatically is updated daily).";Confirm;;
Q2;"What percentage of the metadata on the national portal is obtained from the source automatically, rather than edited manually? 

For Explanation:
* Please describe (1) the workflows you have to automate the harvesting of metadata and (2) for which types of data these apply to";new question;new question;Change;100 %;Portal's functionality allows metadata of data sets and resources to be updated automatically when data sets and resources are uploaded to the portal. This mechanism includes all data sets and resources.
Q3;"What is the average delay from the moment the metadata describing a dataset is updated at the source, and the moment the change is visible on the portal?

For Explanation:
* Please explain the approach for updating metadata in a timely manner";new question;new question;Change;Within one day;Automatic daily updating of metadata is recommended
Q4;"Do you undertake efforts to ensure that published data covers the full period from when it was first published until today, for example,the complete time series?

For Explanation:
* If yes, please explain the measures in place to ensure complete series of datasets";new question;new question;Change;Yes;Open data team contacts data publishers on regular basis. To ensure that they provide data without interruption in the time series, a letter has been sent to all central and local government administration providers for this purpose. Such information has also been posted on the Forum for Open Data Officers
Q5;"Have you implemented the DCAT-AP High Value Datasets (semiceu.github.io) tag to denote the High-Value Datasets in your (national) open data portal(s)?

For Explanation:
* If yes, please specify how and highlight challenges if any.
* If you are an EFTA or a candidate country to the EU, please select 'not applicable'.";new question;new question;Change;No;Due to the relatively recent publication of the standard, it has not yet been implemented
Q6;"Besides the DCAT-AP tag mentioned above, have you implemented any other measures to ensure that high-value datasets ((EU) 2023/138) are interoperable with datasets of other country?

For Explanation:
* If yes, please specify how and highlight challenges if any.
* If you are an EFTA or a candidate country to the EU, please select 'not applicable'.";new question;new question;Change;Yes;"The Open Data Team has undertaken information activities on the portal, including in the Guide for Data Providers (pages 11, 30): https://dane.gov.pl/pl/knowledgebase/useful-materials/nowy-przewodnik-dla-dostawcow-danych and on the website in the Knowledge Base: https://dane.gov.pl/en/knowledgebase/useful-materials/dane-o-wysokiej-wartosci-hvd. These activities are intended to provide information on what HVD is, along with instructions for providers to mark the metadata ""Contains high-value data"" when uploading data on the portal. Thanks to this, foreign providers can more easily identify HVD.
An example of interoperability of HVD datasets on the portal are visits from other countries proven by the following statistics:
1. Companies’ registration data: https://dane.gov.pl/pl/dataset/265,wyszukiwarka-krs (United States, Great Britain, Turkey, Ukraine, Germany, Czech Republic, Russia),
2. Air traffic in Poland: https://dane.gov.pl/pl/dataset/3374,ruch-lotniczy-w-polsce-przewozy-pasazerskie-operac (United States, Russia, Great Britain),
3. Air quality: https://dane.gov.pl/pl/dataset/2913,dane-pomiarowe-esa-edukacyjna-siec-antysmogowa (Australia, France, Russia, United States, Great Britain),
4. Data on bussinesses: https://dane.gov.pl/pl/dataset?page=1&per_page=20&q=ceidg&sort=relevance&has_high_value_data%5Bterm%5D=true&model%5Bterms%5D=dataset (United States, Germany, Italy, Ireland)
Additionally, internal work at the MDA regarding general interoperability of public IT systems and data has a significant impact on the HVD transborder interoperability as they are part of this wider framework.
Ongoing amendment of the Act on computerization of the activities of entities performing public tasks includes:
- legal obligation to maintain public registers only using IT systems,
- imposition of a requirement to make data from public IT systems available via standardized API,
- development of the public IT systems API catalogue, as well as information on the structure and meaning of data stored in all public registers, expanded to include information on dictionaries, classification schemes, taxonomies and code lists in public registers.
Therefore interoperability of public registers or public IT systems containing HVD will be increased by providing machine-to-machine interfaces to such a data."
Q7;"Do you monitor the quality of the metadata available on your portal?

For Explanation:
* If yes, please briefly explain how this monitoring takes place. 
* If applicable, please provide the URL to this monitoring mechanism.";yes;"Metadata is monitored by administrator and relevant data providers. Regulation of the Council of Ministers of 21 November 2022 on the data portal defines mandatory metadata for data on the national data portal. The functionalities of the data portal verify the completeness of the metadata entered by the data providers.
In addition, information from portal users is used, transmitted via ""Send feedback"" button.";Confirm;;
Q8;"Do you publish information on the quality of the metadata available on the portal?

For Explanation:
* If yes, please provide the URL to this section. ";yes;"https://dane.gov.pl/pl/dataset/971,lista-zasobow-udostepnionych-w-centralnym-repozytorium-informacji-publicznej
https://api.dane.gov.pl/1.4/datasets/resources/metadata.csv";Confirm;;
Q9;"Do you publish guidelines (e.g. written materials) and have tools in place, to assist publishers in publishing high-quality metadata? 

For Explanation:
* If yes, please (1) briefly describe this material and (2) provide the URLs to these materials and/or tools.";new question;new question;Change;yes;"Guidance for providers on publishing high-quality metadata can be found in:
- Manual for data providers - https://dane.gov.pl/pl/knowledgebase/useful-materials/nowy-przewodnik-dla-dostawcow-anych
The manual provides instructions for publishing data on the data portal.
- Open Data Programme for years 2021-2027 and Annex No. 2 (Technical Standard) - https://monitorpolski.gov.pl/M2021000029001.pdf
The document defines a set of minimum technical requirements that data must meet.
- Open Data Programme for years 2021-2027 - the document provide 
- multimedia materials: https://dane.gov.pl/en/knowledgebase/multimedia-training
Tool: Data validator and data quality verifier - these tools ensure monitoring of metadata quality"
Q10;"Do you set any standards on metadata quality that data providers must abide by (e.g. on the use of licence, minimum metadata describes, use of certain DCAT-AP properties, etc)

For Explanation:
* If yes, please describe the standards you have in place, i.e. what is minimum information the metadata should describe ";new question;new question;Change;Yes;"The minimum requirements for metadata are described in the Regulation of the Council of Ministers of November 21, 2022 on the data portal (Journal of Laws of 2022, item 2415): https://dziennikustaw.gov.pl/D2022000241501.pdf
Metadata include: title, keywords, description, update frequency, category, data language"
Q11;"Do your open data publication/licensing guidelines provide recommendations for the use of Creative Commons (CC) licences, specifically CC BY 4.0 and CC0?

For Explanation:
* If yes, is this mandatory (e.g. prescribed by law) or recommended?
* Please provide a URL link to the guidelines";new question;new question;Change;Yes;"The Act on open data and re-use of public sector information recommends the use of open licenses,
License recommendations can be found in the guide for data providers: https://dane.gov.pl/pl/knowledgebase/useful-materials/nowy-przewodnik-dla-dostawcow-anych"
Q12;What percentage of the open data available on the national portal is accompanied by licensing information? ;>90%;N/A;Confirm;;N/A
Q13;How many different licences are used on your portal?;1-4;N/A;Confirm;;N/A
Q14;"Besides providing guidelines, are there regular activities conducted or mechanisms in place to  assist publishers in supplying high-quality datasets (metadata quality and data quality)?

For Explanation:
* If yes, please explain the support you provide?";new question;new question;Change;Yes;"Open data team from the MDA constantly and regularly offers legal and technical support to data provides through Open Data Officers that supperives and coordinte opening processes in their respective offices:
URL: 1. https://m.facebook.com/story.php?story_fbid=pfbid02E3XzCQ2qoEdY7XF1nbEvsWG2MZPjH5Ua6BGUuz5Rmzsk23wPG8ajpfEpGdPsuhM2l&id=107789623943313
2. https://m.facebook.com/story.php?story_fbid=pfbid032tMYEAaErDmhxBbLQ1CdaRzcy2FccGpg6AmLt3CGiQMQiaxcNrgmN1Y1aLrZ8BLul&id=107789623943313
3. https://dane.gov.pl/pl/article/spotkanie-z-penomocnikami-ds-otwartosci-danych
4. https://www.facebook.com/danegovpl/posts/pfbid0nQrauxLs7Fwgs17kzxu4CuzxvMEoHs7fwLWKG1rKncwawrqNMGapyZ6HxmgvgM7Rl
5. https://www.facebook.com/danegovpl/posts/pfbid02KFVtVFPhwpy9yeNWJ4YxsU1R3LpcvfEAS1oFzEyxyZsXFqTZuSeCChpsuDtzuxLVl
6. https://www.facebook.com/danegovpl/posts/pfbid0325q3zJaGZxk5X1C3Sa4htgQavJqNZazkGA7VAJhFkMJT9Pe6ka6LskLpha51sMiYl
7. https://dane.gov.pl/pl/article/rozmowy-w-ansku-o-perspektywach-otwierania-danych-w-polsce
8. https://www.gov.pl/web/cyfryzacja/pelnomocnicy-ds-otwartosci-danych
9. https://dane.gov.pl/pl/knowledgebase/useful-materials/program-otwierania-danych-na-lata-2021-2027
Additionally:
• When adding a file to the portal or saving an external link, the validation process is carried out, which consists of three steps:
o link validation - it consists in checking whether the resource can be downloaded (for a file) or make a connection (for API or web pages),
o file validation - consists in determining the file format,
o data validation - it consists in checking whether the structure and quality of data allow to create a tabular view (eg whether cells are merged or the date format is correct).
• Additional data quality validators in the file have been implemented with the selected technical standard rules (eg compliance of telephone number, PNA code, KRS number)
• Portal implemented the functionality of automatic notifications for editors about the need to update data.
• Dane.gov.pl has been adapted to the DCAT-AP standard.
• An evaluation of the technical and API standard of data openness was publised
https://dane.gov.pl/pl/knowledgebase/useful-materials/standardy-otwartosci-danych
• systematic training and tailored workshops addressed to data providers are carried out
• Portal functionality enables automatic conversion of xls / xlsx files to csv and json-ld
• The Guide for Data Providers is regularly updated https://dane.gov.pl/pl/knowledgebase/useful-materials/nowy-przewodnik-dla-dostawcow-danych
• The website includes multimedia training on open data and preparation of data in open formats https://dane.gov.pl/knowledgebase/multimedia-training
• The Open Data Laboratory raports are available to help data providers with knowledge on the legal, technical and security apects of opening public sector information for reuse https://dane.gov.pl/pl/knowledgebase/useful-materials/raporty-laboratorium-otwartych-danych"
Q15;"Does the national portal follow the DCAT-AP framework or, if not, are standards in place to ensure interoperability with DCAT-AP?

For explanation:
* If the  portal follow the DCAT-AP framework, please describe how compliance with DCAT-AP is ensured
* If the portal does not follow the DCAT-AP framework, please describe how interoperability with DCAT-AP is ensured";new question;new question;Change;Yes;"Portal is compliant with DCAT-AP framework: https://api.dane.gov.pl/doc?urls.primaryName=DANE.GOV.PL%20RDF%20API%20(DCAT-AP)
Additional answer:
Our preparation to DCAT-AP compliance included commissioning the preparation of an expert opinion. It can be found on our portal: https://dane.gov.pl/pl/knowledgebase/useful-materials/ekspertyza-dotyczaca-okreslenia-zasad-opisujacych-zbiory-danych-publicznych-zgodnych-z-dcat-ap
In Data Opening Programme (https://cms.dane.gov.pl/documents/29/POD_M.P._290.pdf) in 5.2.4 section: Interoperability of data exchange between European, national and local
open data systems, a diagnosis of the need to ensure interoperability was described. The tasks related to DCAT-AP were defined as:
- adapting the descriptions of resources available on the dane.gov.pl portal to the DCAT-AP standard,
- recommending the implementation of the DCAT-AP standard in local open data portals (by conducting informational and educational activities).
In addition, in Annex No. 2 to the document - Technical Standard - DCAT-AP was indicated as recommended for use when describing public sector data sets to enable the exchange of data set descriptions between the dane.gov.pl portal and other national and European portals providing public data."
Q16;What is the percentage of metadata on your portal that is DCAT-AP compliant, in terms of mandatory classes? (agent, catalogue, dataset, literal, resource);>90%;;Confirm;;N/A
Q17;What is the percentage of metadata on your portal that uses DCAT-AP recommended classes? (category, category scheme, distribution, licence document);>90%;;Confirm;;N/A
Q18;What is the percentage of metadata on your portal that uses DCAT-AP optional classes? (catalogue record, checksum, document, frequency);>90%;;Confirm;;N/A
Q19;"Is there a national extension of the DCAT-AP standard developed for your country? 

For Explanation:
* If yes, please (1) briefly outline the reasons for this decision, and (2) what the main differences between the national variation and the EU standard are.
* If applicable, please provide the URL to the documentation of the national DCAT-AP extension.";yes;"DCAT_AP_PL contains additional metadata specific to data in our country
https://dane.gov.pl/dcat-ap-pl/

ANSWER TO REVIEWER 1 COMMENTS:
(1) in Polish specificity, 5 new extensions have an additional informative value. Polish version of the DCAT-AP standard was introduced because the specificity of metadata for resources that are held by some Polish entities required it. Also, some regulations on obtaining European funds indicated the need to use the Polish version of DCAT-AP,
(2) Polish DCAT-AP-PL version (2.1.0) is compatibile with EU Portal DCAT-AP version; the difference isin the application of some additional extensions which are described here: https://dane.gov.pl/dcat-ap-pl/appendix/#comparison-to-dcat-ap-210";Confirm;;
Q20;"Do you investigate the most common causes for the lack of DCAT-AP compliance?

For Explanation:
* If yes, what are the main causes for the lack of DCAT-AP compliance?";new question;new question;Change;Yes;"Data on Portal are compliant with DCAT-AP
MDA monitors the national portal's compliance with the guidelines. At the same time, we encourage regional portals to implement the recommendations; The reasons for any lack of compliance in regional portals may be financial and organizational issues"
Q21;What is the percentage of datasets whose metadata provides a reference to where the data can be downloaded, or its API accessed (“download-URL” in the DCAT-AP specification)?;>90%;N/A;Confirm;;N/A
Q22;What is the percentage of datasets whose metadata provides a reference to a web page from where the data can be accessed (“access-URL in the DCAT-AP specification)?;>90%;N/A;Confirm;;N/A
Q23;"Do you use a model (such as the 5-Star Open Data or FAIR) to assess the quality of deployment of data in your country?

For Explanation:
* If yes, please briefly describe.";yes;We use 5-Star Open Data to assess the quality . Dane.gov.pl portal has a functionality that automatically adds levels of openness to data added by data providers.;Confirm;;
Q24;"Do you conduct activities to promote and familiarise data providers with ways to ensure higher quality data?

For Explanation:
* If yes, please briefly describe.";yes;"The 5-Star Open Data was a part of carriculum of Open Data Academy as well as e-learning tutorials at https://dane.gov.pl/en/knowledgebase/multimedia-training such as: Open data scheme; The highest levels of openness. The tutorials have been promoted on https://www.facebook.com/danegovpl

In addition, we analyze the quality of data made available on the portal during meetings with Open Data Officers. The task of the officers is to monitor data quality and to promote the topic in their institutions and among subordinate and supervised units (the tasks of the open data officers have been defined in the Open Data Act). Additionally, Open Data Officers monitor timely publication of public data on portal dane.gov.pl according to a defined roadmap  and quality of data. Schedules are published on dane.gov.pl. 
https://dane.gov.pl/pl/knowledgebase/useful-materials/harmonogramy-udostepniania-danych


In 2023, CMP published new guide to support offices in opening data “Data opening. Good Practice Handbook” https://cms.dane.gov.pl/documents/121/otwieranie_danych_praktyczny_poradnik.pdf . We explain the concept of 5-Star Open Data in the manual  Previous guides are available in the knowledge base of the dane.gov.pl portal https://dane.gov.pl/pl/knowledgebase/useful-materials/podreczniki-dot-otwartosci-danych";Complement;;"The 5-Star Open Data was a part of curriculum of Open Data Academy as well as e-learning tutorials at https://dane.gov.pl/en/knowledgebase/multimedia-training such as: Open data scheme; The highest levels of openness. The tutorials have been promoted on https://www.facebook.com/danegovpl

In addition, we analyze the quality of data made available on the portal during meetings with Open Data Officers. The task of the officers is to monitor data quality and to promote the topic in their institutions and among subordinate and supervised units (the tasks of the open data officers have been defined in the Open Data Act). Additionally, Open Data Officers monitor timely publication of public data on portal dane.gov.pl according to a defined roadmap and quality of data. Schedules are published on dane.gov.pl. 
https://dane.gov.pl/pl/knowledgebase/useful-materials/harmonogramy-udostepniania-danych

In 2023, MDA published updated previously published guide to support offices in opening data “Data opening. Good Practice Handbook” https://cms.dane.gov.pl/documents/127/Praktyczny_poradnik._Otwieranie_danych_.pdf. We explain the concept of 5-Star Open Data in the manual. Previous guides are available in the knowledge base of the dane.gov.pl portal https://dane.gov.pl/pl/knowledgebase/useful-materials/podreczniki-dot-otwartosci-danych
MDA keeps suppliers informed about data quality,
Other activities - see answer to Q14"
Q25;What percentage of datasets are made available under an open licence? ;>90%;N/A;Confirm;;N/A
Q26;What percentage of licences are provided in a structured data format?;>90%;N/A;Confirm;;N/A
Q27;What percentage of datasets are provided in an open and machine-readable format?;71-90%;N/A;Change;>90%;N/A
Q28;What percentage of datasets consistely use Uniform Resource Identifiers?;31-50%;N/A;Confirm;;N/A
Q29;What percentage of datasets link to other renowned sources to provide additional context for the users, e.g. in a linked data fashion?;<10%;N/A;Confirm;;N/A
I1;"Do you have a definition of open data reuse in your country?
 
For Explanation:
* If yes, please specify it.";yes;"There is a legal definition of reuse in the Open Data Act of 2021 - see art. 2 p.12
https://isap.sejm.gov.pl/isap.nsf/download.xsp/WDU20210001641/T/D20211641L.pdf 
Reuse is defined as ""the use by users of public sector information for any purpose other than the exchange of public sector information between obliged entities for the sole purpose of implementation of public tasks"".";Confirm;;
I2;"Are there any processes in place to monitor the level of reuse of your country's open data?
 
For Explanation:
* If yes, please (1) briefly describe these processes and (2) provide the URLs to support the answer.";yes;"The MDA monitors the reuse of data by public administration bodies via open data officers appointed in each ministry responsible for monitoring reuse of their data and reporting yearly to the MDA. The Open Data Programme implementation reports are based on their contributions. The reports comprises section showcasing the examples of such re-use.
https://dane.gov.pl/pl/knowledgebase/useful-materials/sprawozdania-z-realizacji-programu-otwierania-danych-na-lata-2021-2027 - a 2022 raport will be published shortly.

Research activities carried out by the MDA forms part of monitoring mechanism ad the findings inform the open data team about the level of reuse and its impact. See for example here:
https://cms.dane.gov.pl/documents/117/JST_2022_Raport_z_badania_final.docx

It is possible to submitt a showcase example of application using open data via a form https://dane.gov.pl/pl/showcase/suggest. There is a section of the portal dedicated to presenting submitted showcases https://dane.gov.pl/pl/showcase . For better visibility the main page of the OD portal has been redesidned and this section can now be pre-viewed and reached directly via the main page of the portal (see section PoCoTo - Data reuse), not only via upper-bar tab.To attract more attention from the visitors, the section has been renamed from generic ""applications"" to more inriguing ""PoCoTo"" which stands for ""what it is for"".";Complement;;"The MDA monitors the reuse of data by public administration bodies via open data officers appointed in each ministry responsible for monitoring reuse of their data and reporting yearly to the MDA. The Open Data Programme implementation reports are based on their contributions. The reports comprises section showcasing the examples of such re-use.
https://dane.gov.pl/pl/knowledgebase/useful-materials/sprawozdania-z-realizacji-programu-otwierania-danych-na-lata-2021-2027 - a 2023 raport will be published shortly.

Research activities carried out by the MDA forms part of monitoring mechanism and the findings inform the open data team about the level of reuse and its impact. See the reoprts from research here:
https://dane.gov.pl/pl/knowledgebase/useful-materials/raport-z-badania-wsrod-przedsiebiorcow-na-temat-wielkosci-i-charakterystyki-rynku-ponownego-wykorzystania-danych-publicznych-w-polsce

It is possible to submitt a showcase example of application using open data via a form https://dane.gov.pl/pl/showcase/suggest. There is a section of the portal dedicated to presenting submitted showcases https://dane.gov.pl/pl/showcase . For better visibility the main page of the OD portal has been redesidned and this section can now be pre-viewed and reached directly via the main page of the portal (see section PoCoTo - Data reuse), not only via upper-bar tab.To attract more attention from the visitors, the section has been renamed from generic ""applications"" to more intriguing ""PoCoTo"" which stands for ""what it is for""."
I3;"Are there any activities in place to encourage public bodies to monitor the reuse of their own published data (e.g. incentives or obligations in place for public bodies or civil servants of national government)?
 
For Explanation:
* If yes, please (1) briefly describe these activities/incentives and (2) provide the URLs to support the answer.";yes;"Open data team constantly monitors indicators regarding number of data downloaded and consulted and popularity of data sets.

Open data officers have monitoring obligations as regrds data their institutions provide (see answet to Q 30). There is a provision in the Open Data Act that obliges them to monitor PSI of their institutions regading its quality but also its  usefulness for reuse.

A questionnair on open data portal is conducted to help improve its content so that it better suits public needs and increase a number of data sets that will be attractive for reuse. All responses and other informations on this issue received from users are monitored and analysed by administrator and open data team and feedback is then passed on to data providers. https://dane.gov.pl/forms/ankieta-o-portalu . The latest report on the questionnairs provided by the portal users is also publicly available here https://dane.gov.pl/pl/knowledgebase/useful-materials/raport-z-badania-wsrod-przedsiebiorcow-na-temat-wielkosci-i-charakterystyki-rynku-ponownego-wykorzystania-danych-publicznych-w-polsce
Additionally, an extensive analysis of the questionnaires received was provided in the diagnostic section of the Open Data Programme 2021-27 https://dane.gov.pl/pl/article/1281,nowy-program-otwierania-danych-na-lata-2021-2027 (see p. 22). The Programme containes our policy on incentivising and encouraging public sector to mesure and stimulate the reuse and is described in the answer to Q30.

MDA started a series of workshops for local government employees dealing with public open data. Topics related to open data reuse's benefits (including reuse case studies and its messuring) are part of the programme. First workshop of the series that ihas been planned was conducted in 10.2022 and the next ones will follow. The information leaflet with the programme (in PL only) is attached to the questionnair.";Complement;;"Open data team constantly monitors indicators regarding number of data downloaded and consulted and popularity of data sets.

Open data officers have monitoring obligations as regards data their institutions provide (see answet to Q I3). There is a provision in the Open Data Act that obliges them to monitor PSI of their institutions regading its quality but also its  usefulness for reuse.

A questionnair on open data portal is conducted to help improve its content so that it better suits public needs and increase a number of data sets that will be attractive for reuse. All responses and other informations on this issue received from users are monitored and analysed by administrator and open data team and feedback is then passed on to data providers. https://dane.gov.pl/forms/ankieta-o-portalu . The latest report on the questionnairs provided by the portal users is also publicly available here https://dane.gov.pl/pl/knowledgebase/useful-materials/raport-z-badania-wsrod-przedsiebiorcow-na-temat-wielkosci-i-charakterystyki-rynku-ponownego-wykorzystania-danych-publicznych-w-polsce (please see ""Ocena portalu Dane.gov.pl. Raporty z badań zrealizowanych wśród użytkowników portalu Dane.gov.pl.""
Additionally, an extensive analysis of the questionnaires received was provided in the diagnostic section of the Open Data Programme 2021-27 https://dane.gov.pl/pl/article/1281,nowy-program-otwierania-danych-na-lata-2021-2027 (see p. 22). The Programme containes our policy on incentivising and encouraging public sector to mesure and stimulate the reuse and is described in the answer to Q I3.

MDA is conducting a series of workshops for local government employees dealing with public open data. These eductional activities stated  in 2022 and are still carried on (latest edition took place in September 2023 (https://dane.gov.pl/pl/article/wez-udzia-w-bezpatnych-warsztatach-o-otwieraniu-danych) and more is to follow this year. Topics related to open data reuse's benefits (including reuse case studies and its messuring) are part of the programme."
I4;"Does your country have processes in place to monitor and measure the level of reuse of high-value datasets ((EU) 2023/138)?
 
For Explanation:
* If yes, please specify how and highlight challenges if any. 
* If you are an EFTA or a candidate country to the EU, please select 'not applicable'.";new question;new question;Change;Yes;"Measuring and monitoring HVD reuse is conducted similat to other data sets (please see answer to Q I2 & I3).
Additionally, apart from applying the standard monitoring mechanism based on our network of open data officers to HVD's reuse, the MDA organised meetings with the officers devoted to the topic to increse their awarness and provide them with a forum for interinstitutional coordination and exchange of good practices and knowledge. To help the officers and reusers find information on HVD a dedicated bookmark  was added to the knowledge base section on the portal (for better and easier findability of the HVD information - see https://dane.gov.pl/pl/knowledgebase/useful-materials/dane-o-wysokiej-wartosci-hvd
Another tool for monitoring the HVD reuse is a dynamic data filter on the portal that will allow to analyze the increase in this type of data.
We do not identify any HVD-specific challenges that do not apply to monitoring ""normal"" datasets's reuse."
I5;"Has your government specified what 'impact of open data' means (e.g. in a strategy document)?
 
For Explanation:
* If yes, how do you define the impact of open data in your country? 
* If possible, please provide a URL to a public document describing it.";yes;"In the Open Data Program, the impact of open data was defined by the benefits its implementation will bring to different groups of stakeholders (see chapter 4 on page 30 - The main goal of opening data - benefits from Program implementation)
https://dane.gov.pl/pl/knowledgebase/useful-materials/program-otwierania-danych-na-lata-2021-2027
The similar approach to the definition of open data impact is included in other strategic documents related to data issues - Policy for the development of artificial intelligence in Poland https://monitorpolski.gov.pl/MP/2021/23 or the Productivity Strategy 2030 https://www.gov.pl/web/rozwoj-technologia/strategia-produktywnosci-2031";Confirm;;
I6;"Do you have a methodology in place to measure the impact of open data in your country?
 
For Explanation:
* If yes, please briefly describe the key points of this methodology.";yes;"By creating the methodology of a nationwide study on the size and characteristics of the public data re-use market in Poland, (more on the study here https://dane.gov.pl/pl/knowledgebase/useful-materials/raport-z-badania-wsrod-przedsiebiorcow-na-temat-wielkosci-i-charakterystyki-rynku-ponownego-wykorzystania-danych-publicznych-w-polsce) we defined the parameters of the impact of open data on the area of entrepreneurship, which - after some modifications and further tests - can be used to measure the impact of open data on various other aspects related to the economic and socio-cultural functioning of specific social groups, or society as such.
We measured the parameters by means of a quantitative survey, carried out using the CATI technique (computer-assisted telephone interviews) among representatives of companies responsible for data management and/or data analysis, or with people best informed about the company's situation and the area of data use. In order to achieve the assumed research goal, a stratified-random sample selection was used, while maintaining the value of representativeness due to 4 size categories of enterprises. The sample also includes the division into provinces. Such an approach in constructing the research sample allowed us to objectify our observations by generalizing them to the entire group of entrepreneurs. Based on the above criteria, 600 interviews were conducted.
In the next steps, we intend to apply (with appropriate modifications) the above solutions to other social groups and thus test and possibly verify the indicators of the impact of open data. Therefore, we treat the survey conducted among entrepreneurs as a pilot of the process of creating a methodology for measuring the impact of open data.";Confirm;;
I7;"Is there collaboration between government and civil society or academia to create open data impact in your country?

For Explanation:
* If yes, please provide an example
* If possible, URLs to such projects and collaborations.";yes;"International conference „The Future is Data. Przyszłość to dane” 18.04.2023 organised by MDA in cooperation with different stakeholders from business, academia, NGOs and local government
https://dane.gov.pl/pl/promotion/the-future-is-data-przyszosc-to-dane-r2023?lang=pl&rev=-1

MDA cooperates with leading higher education and science institutions in Poland as part of the kronika.gov.pl portal (main partners at the moment being University of Wrocław and Wrocław University of Science and Technology) to increase the reuse and impact of open data published in Kronika, ecpecially for users from academia.
https://kronika.gov.pl/instytucje

Cooperation between MDA and Polish Academy of Sciences to organise webinar for higher education institutes to raise awarness on open data/ open science (especially research data) including legal framework, data publishing and reusing, benefits, impact and monitoring (07.2022)

MDA in cooperation with NASK researach institute, Lublin local government and local universities organised a panel discussion devoted to data-based econony and its impact on social and economic development during 2022 edition of IGF Poland conference (10.2022)
https://www.gov.pl/web/igf-poland
https://www.gov.pl/web/igf-poland/igf-2022 

Cooperation between the City of Płocka and Cifal Płock (affiliated training center of UNITAR  - UN Institute for Training and Research) in the organization of the annual City Coders hackathon, which uses open city databases
https://hackathon.plock.eu/";Complement;;"As part of the ""10 years of Dane.gov.pl"" campaign, representatives of various circles, including local government organizations, cooperated with us in promotional ways - they expressed their opinions about the portal, which we published in the form of graphics on Facebook and the website.
https://www.facebook.com/photo/?fbid=777596777846408&set=a.588070820132339

MDA in cooperation with institute for Development of Cities and Regions and Wrocław Medical University organised a panel discussion about data and new technologies during 2022 edition of IGF Poland conference (10.2022)
https://dane.gov.pl/pl/article/o-otwieraniu-danych-na-forum-we-wrocawiu
https://www.gov.pl/web/igf-polska/zapraszamy-do-wroclawia-na-szczyt-cyfrowy-igf-polska-2023

Cooperation continues between the City of Płocka and Cifal Płock (affiliated training center of UNITAR  - UN Institute for Training and Research) in the organization of the annual City Coders hackathon, which uses open city databases
https://hackathon.plock.eu/
Data for City Hackathon was organised jointly by local government and NGO (Warsaw City and Architects.pl foundation) – the aim was to use open data for creating digital solutions solving city’s problems and constructing smart city plans
https://www.dataforcity.pl/index.html#about"
I8;"Have any public bodies in your country launched or performed any activities in the past year to understand which and how (open) datasets are reused?

For Explanation:
* If yes, which of the following activities?
* Multiple answers are possible.";yes;N/A;Change;Yes;N/A
I8-a;Automated feedback mechanisms tracking users´ access to datasets;new question;new question;Change;Yes;The portal administrator regularly analyses log files to provide information on data that is the most frequently re-used and is interesting for portal users
I8-b;Surveys;new question;new question;Change;Yes;"Users are encuraged to provide us feedback using survey on the portal. Among the questiones there are two that aim at monitoring re-use.
https://dane.gov.pl/pl/forms/ankieta-o-portalu
Periodic report on the findings from questionnaires can be seen here (see the one titled ""Ocena portalu Dane.gov.pl. Raport z badania zrealizowanego wśród użytkowników portalu Dane.gov.pl"") https://dane.gov.pl/pl/knowledgebase/useful-materials/raport-z-badania-wsrod-przedsiebiorcow-na-temat-wielkosci-i-charakterystyki-rynku-ponownego-wykorzystania-danych-publicznych-w-polsce"
I8-c;Interviews/workshops with reusers;new question;new question;Change;Yes;"Portal kronika.gov.pl organised workshops for reusers intereted in learning how to use the portal and its features. In November 2023, a series of meetings was held with representatives of institutions that have digital science and culture resources. They discussed how to share digital resources to avoid possible problems. https://www.facebook.com/photo/?fbid=667820595490694&set=a.588070820132339
This is another edition of similar meetings organized for the first time with the opening of the portal."
I8-d;Other;new question;new question;Change;Yes;To address the geospatial reusers needs the geospatila educational website is mentained and is expanding (latest example being training materials for children https://www.gov.pl/web/gugik/geoelementarz---odswiezona-wersja-publikacji-dla-dzieci-dostepna-do-pobrania-w-serwisie-geoportalgovpl). The e-learning courses and materials offered (see here https://www.geoportal.gov.pl/edukacja/) are addressed to reusers intersted in knowing how the geoportal works, how to use varous sevices it offers and how to use open geodata in different kind of analysis.
I9;"Have any public bodies in your country launched or performed any activities in the past year to better understand reusers' needs in order to further stimulate the reuse of open data?

For Explanation:
* If yes, which of the following activities have been performed? Please describe how the activity has helped you better stimulate reuse.
* Multiple answers are possible.";yes;N/A;Change;Yes;N/A
I9-a;Regular feedback sessions with portal users ;new question;new question;Change;Yes;"In November 2023, a series of meetings was held with representatives of institutions that have digital science and culture resources. They discussed how to share digital resources to avoid possible problems. https://www.facebook.com/photo/?fbid=667820595490694&set=a.588070820132339
This is another edition of similar meetings organized for the first time with the opening of the portal."
I9-b;Social media sentiment analysis ;new question;new question;Change;Yes;In order to create interesting content for the target group, we monitor on an ongoing basis the open data profile on Facebook with regard to the profil's fans. We profile the promoted content based on statistics about the recipients such as gender, coverage, geolocation, interests. We analyse comments in social media under content regarding data openness and select content taking into account motivations and opinions of reusers.
I9-c;Other;new question;new question;Change;Yes;"During IGF 2023 open data team had a stand during the conference to further attract attention of people interested in our open data workshop. It proved the ideal get-to-know opportunity for more direct contact with prospective reusers https://dane.gov.pl/pl/article/o-otwieraniu-danych-na-forum-we-wrocawiu 

Portal administrator periodically analysis information submitted by reusers done through the dedicated function https://dane.gov.pl/pl/dataset/submissions. By fulfilling the requests to made new datasets available that were specifically needed we are trying to further stimulate reuse."
I10;"Have any public bodies in your country developed any systematic way of gathering reuse cases?

For Explanation:
* If yes, please provide a brief explanation of the process: How does the gathering happen? ";Yes;"There is a mechanism for collecting reuse examples via dane.gov.pl through a submitting form https://dane.gov.pl/pl/showcase/suggest .
Also, open data officers are encourage to gather information on reuse cases as annual reporting on reuse of their data is a part of their obligation. The Information collected in such a way is used to prepare reports from the implementation of the Open Data Programme 2021-27.";Confirm;;
I11;"Are there any public bodies in your country that have developed a systematic ways of classifying the gathered reuse cases?

For Explanation:
* If yes, please provide a brief explanation of the process: According to which categories are reuse cases classified (e.g. by policy field)?";Yes;The reuse cases on dane.gov.pl are classified by their type into three categories: applications, web-services and others.;Confirm;;
I12;"Is any data on the impact created by open data on governmental challenges (e.g. efficiency, effectiveness, transparency, decision-making capacity) available in your country such as from research studies, impact assessments, or other systematic investigations that quantify the results or broader effects of open data being reused?

For Explanation:
* If yes, please (1) specify what kind of data source proves this impact and (2) provide the URLs to this data.";yes;"Ministerial Task Force (members are deputy ministers) which is a part of monitoring structure of the Open  Data Programme periodically monitors the implementation of the Programme through the impact of open data. The yearly implementation raports are submmited for the approval of the Task Force and then filed to the Council of Ministers. The 2022 report will be published shortly here 
UPDATE: The 2022 raport is now available here:
https://cms.dane.gov.pl/documents/134/SPRAWOZDANIE_Z_REALIZACJI_PROGRAMU_OTWIERANIA_DANYCH_NA_LATA_2021-2027_ZA_ROK_2022.pdf

There are some data on open data impact on government in Statistics Poland report ""Information Society in Poland in 2022"" see p. 51 onwards https://stat.gov.pl/obszary-tematyczne/nauka-i-technika-spoleczenstwo-informacyjne/spoleczenstwo-informacyjne/spoleczenstwo-informacyjne-w-polsce-w-2022-roku,1,16.html

Some data on the impact of open data on the efficiency of public services is available in the local government survey report of the MDA (see p. 10 et seq.)
https://cms.dane.gov.pl/documents/117/JST_2022_Raport_z_badania_final.docx

Additionally, MDA is currently conducting a survey on open data impact among open data officers. The report from the survey is not available yet but the survey that was used is attached to the questionnaire to provide some insight into the scope of the assessment.";Complement;;"Ministerial Task Force (members are deputy ministers) which is a part of monitoring structure of the Open  Data Programme periodically monitors the implementation of the Programme through the impact of open data. The yearly implementation raports are submmited for the approval of the Task Force and then filed to the Council of Ministers. The 2023 report will be published shortly here:
https://cms.dane.gov.pl/documents/134/SPRAWOZDANIE_Z_REALIZACJI_PROGRAMU_OTWIERANIA_DANYCH_NA_LATA_2021-2027_ZA_ROK_2022.pdf

There are some data on open data impact on government in Statistics Poland report ""Information Society in Poland in 2022"" see p. 51 onwards https://stat.gov.pl/obszary-tematyczne/nauka-i-technika-spoleczenstwo-informacyjne/spoleczenstwo-informacyjne/spoleczenstwo-informacyjne-w-polsce-w-2023-roku,1,17.html

Additionally, MDA is conducting a survey on open data impact among open data officers and cities that have open data portals. The report from the survey is not available yet but the survey that was used is attached to the questionnaire to provide some insight into the scope of the assessment."
I13;"Is the use of open data in your country having an impact on the efficiency and effectiveness of the government (at any level) in delivering public services? 

For Explanation:
* If yes, please provide an example of one reuse case. For this reuse case, please provide (1) a URL to the reuse case, (2) a URL to the open dataset used by the reuse case, and (3) a description of the reuse case and its impact in this sub-domain.";new question;new question;Change;Yes;"Open data, in combination with other data, is used as a basis for offering a better functioning, cost efficient, more tailored-made public services. They can be designed better both at back- and front-office ends.It helps customes to use e-services more effectively and efficiently and - at the same time - public bodies to serve them better. The whole process is purposed towards saving time, resources and money.
At the local level the SMUP system (Public Services Monitoring System) that we mentioned last year, serves the similar purpose of monitoring public services provided by local government in order to gain knowledge on how to optimise them. The system expands with trainings and analytical knowledge for users as new modules are made available.
https://smup.gov.pl/pl/ProjektSmup/O_projekcie#Kto_realizuje_projekt
https://www.smup.jst.org.pl/index.php/2023/06/15/zaproszenie-do-udzialu-w-bezplatnym-webinarium-nt-systemu-monitorowania-uslug-publicznych-smup/
chrome-extension://efaidnbmnnnibpcajpcglclefindmkaj/https://www.smup.jst.org.pl/wp-content/uploads/2022/01/SMUP_publikacja_rozklad_dwustronny.pdf
Data that the system uses can be seen here https://dane.gov.pl/en/dataset/2847,api-do-systemu-monitorowania-uslug-publicznych"
I14;"Is the use of open data in your country having an impact on transparency and accountability of public administrations?

For Explanation:
* If yes, please provide an example of one reuse case. For this reuse case, please provide (1) a URL to the reuse case, (2) a URL to the open dataset used by the reuse case, and (3) a description of the reuse case and its impact in this sub-domain.";new question;new question;Change;Yes;"Open data is a source of information for fact-checking. Due to its high availability, free and up-to-date features it is widely used as evidence and as a basis for assertions in transparency-related activities.
The fack-checking portal of the Demagog Association is offering new service dedicated to fighting disinformation on the EU parliamentary elections https://demagog.org.pl/wybory-do-parlamentu-europejskiego/fake-news/ . It uses various open data sources. For example see here in this post about European Parliament in numbers https://demagog.org.pl/analizy_i_raporty/cala-prawda-o-unii-europejskiej-1-europarlament-w-liczbach/ this data on vote results was used: https://results.elections.europa.eu/en/tools/download-datasheets/"
I15;"Is the use of open data in your country having an impact on policy-making processes (i.e. are public administrations making use of the data as evidence for the problem identification and policy formulation)? 

For Explanation:
* If yes, please provide an example of one reuse case. For this reuse case, please provide (1) a URL to the reuse case, (2) a URL to the open dataset used by the reuse case, and (3) a description of the reuse case and its impact in this sub-domain.";new question;new question;Change;Yes;"Open data can be used in numerous tools integrating various open data categories  (provided i.a. by Statistics Poland, Ministry of Finance or Ministry of Family and Social Policy) that are used while creating, evaluating and up-dating state and local policies in different areas. The benefit of such solutions is that data is attainable in one place, saving time finding it. The tools offer additional functionalities to help analyse data.
At the central level the important tool serving this purpose is the Health Needs Map 2023-2026 (https://basiw.mz.gov.pl/). It is a publicly available digital platform that allows forecasting health needs for the entire country and individual regions. The map is the diagnostic basis for strategic documents in the health sector and the development of public services in this area. The analyses underlying this project were based on a variety of open data, such as demographic data provided by Statistics Poland:
https://basiw.mz.gov.pl/mapy-informacje/mapa-2022-2026/analizy/demografia/
https://dane.gov.pl/pl/dataset/718,rocznik-demograficzny-2020/resource/51293/table"
I16;"Is the use of open data in your country having an impact on decision-making processes (i.e. are public administrations making use of the data as evidence to be included in their daily operations)?

For Explanation:
* If yes, please provide an example of one reuse case. For this reuse case, please provide (1) a URL to the reuse case, (2) a URL to the open dataset used by the reuse case, and (3) a description of the reuse case and its impact in this sub-domain.";new question;new question;Change;Yes;"Open data, in combination with other data, is used as a basis for offering a better functioning, cost efficient, more tailored-made public services. They can be designed better both at back- and front-office ends.It helps customes to use e-services more effectively and efficiently and - at the same time - public bodies to serve them better. The whole process is purposed towards saving time, resources and money.
At the local level the SMUP system (Public Services Monitoring System https://smup.gov.pl/pl/?f=f) is used by local government units to support evidence-based decision in various areas (like where to locate an investments such for example establish new school based on educational and populational data collected in one place from different sources. Some examples are describe in this document (see page 173) chrome-extension://efaidnbmnnnibpcajpcglclefindmkaj/https://www.smup.jst.org.pl/wp-content/uploads/2022/01/SMUP_publikacja_rozklad_dwustronny.pdf
Data that the system uses can be seen here https://dane.gov.pl/en/dataset/2847,api-do-systemu-monitorowania-uslug-publicznych"
I17;"Is any data on the impact created by open data on social challenges (e.g. inequality, healthcare, education) available in your country such as from research studies, impact assessments, or other systematic investigations that quantify the results or broader effects of open data being reused?

For Explanation:
* If yes, please (1) specify what kind of data source proves this impact and (2) provide the URLs to this data.";yes;"Some data on this is available in the 2022 Local Government MDA Survey Report (see p. 12 et seq.)
https://cms.dane.gov.pl/documents/117/JST_2022_Raport_z_badania_final.docx


Additionally, MDA is currently conducting a survey on open data impact among open data officers. The report from the survey is not available yet but the survey that was used is attached to the questionnaire to provide some insight into the scope of the assessment.
Update: the survej is now available here (see the last report at the bottom of the page): https://dane.gov.pl/pl/knowledgebase/useful-materials/raport-z-badania-wsrod-przedsiebiorcow-na-temat-wielkosci-i-charakterystyki-rynku-ponownego-wykorzystania-danych-publicznych-w-polsce";Complement;;MDA is currently conducting a 2024 edition of the survey on open data impact among open data officers. This year the survey is expanded to the representatives of the cities that have open data portals. The report from the survey is not available yet but the survey that was used is attached to the questionnaire to provide some insight into the scope of the assessment.
I18;"Is the use of open data in your country having an impact on society´s ability to reduce inequality and better include minorities, migrants, and/or refugees? 

For Explanation:
* If yes, please provide an example of one reuse case. For this reuse case, please provide (1) a URL to the reuse case, (2) a URL to the open dataset used by the reuse case, and (3) a description of the reuse case and its impact in this sub-domain.";new question;new question;Change;Yes;"https://danemiejskie.pl/projekt/aplikacja-smart-city-poznan/
Open data is the basis for the creation of services and tools supporting minorities and other vulnerable groups in every-day situations and helping them to function more efficiently and easily in new or difficult environment.
Smart City App integrates open data with other data and combined into one service helping to navigate your live in a city. It contains useful functionalities both for persons with disabilities or new inhabitants that are just a click away (parking, public transportation, city services like waste management, weather and air quality monitoring etc.).
Link to the data set used: https://www.ztm.poznan.pl/pl/dla-deweloperow/parkingFiles"
I19;"Is the use of open data in your country having an impact on issues about housing in urban areas? 

For Explanation:
* If yes, please provide an example of one reuse case. For this reuse case, please provide (1) a URL to the reuse case, (2) a URL to the open dataset used by the reuse case, and (3) a description of the reuse case and its impact in this sub-domain.";new question;new question;Change;Yes;"https://www.geoportal.gov.pl/aktualnosci/nowe-narzedzie-w-geoportalu-raport-o-dzialce/ 
Open data can be used in tools helping to make a better, more informed decisions about finding ideal location for your house. There are many factors that have been taken into consideration that an intelligent tool that integrates most of them is very valuable. As buying housing in the city is getting more expensive the prospective investors are looking for up-to-date and reliable information about real estates in cities.
A new service ""Real Estate Report"" has been made available on the website www.mapy.geportal.gov.pl. It integrates basic information about the estates and enriches it with information about existing environmental threats and acoustic hazards that nowadays prospective investors are very conscious about. What is important it contains also data from local spatial development plans and archival info. It can be also used to visualise how the estates changed over time and how it change in future. The above information is presented in the form of a clear and transparent report.
Link to data sets used: https://www.geoportal.gov.pl/pl/usluga/uslugi-przegladania-wms-i-wmts/"
I20;"Is the use of open data in your country having an impact on the issues of health and wellbeing? 

For Explanation:
* If yes, please provide an example of one reuse case. For this reuse case, please provide (1) a URL to the reuse case, (2) a URL to the open dataset used by the reuse case, and (3) a description of the reuse case and its impact in this sub-domain.";new question;new question;Change;Yes;"Open data helps create solutions that facilitate access to medical care. MojeTerminy.pl is an online search engine for public health system treatment dates based on open data from the National Health Fund. The website offers an intuitive search for the nearest doctor appointments for over 400 types of services. Thanks to daily updates, it provides access to information about over 145,000 queues throughout Poland.
MojeTerminy facilitates access to health services, reducing the number of necessary steps by aggregating data from numerous medical facilities in one place. They help people who have communication difficulties. They serve to rationally use available places, reducing the tendency to book numerous appointments in advance.https://dane.gov.pl/en/showcase/1302,mojeterminypl
https://dane.gov.pl/en/dataset/1455,informator-o-terminach-leczenia"
I21;"Is the use of open data in your country having an impact on the society´s level of education and skills (e.g. data literacy)?

For Explanation:
* If yes, please provide an example of one reuse case. For this reuse case, please provide (1) a URL to the reuse case, (2) a URL to the open dataset used by the reuse case, and (3) a description of the reuse case and its impact in this sub-domain.";new question;new question;Change;Yes;"Open data improves access to educational resources. It offers materials and tools for creating your own educational resources, both for students and teachers. DigiLab, an aggregator of scientific achievements, is a tool that can help in this process. The contents are bibliographic descriptions downloaded from the database ""Bibliography of publications of employees of the University of Wrocław"" https://luna.bu.uni.wroc.pl/publikacje/index.php and other sources like dane.gov.pl portal (https://dane.gov.pl/en/dataset/2934,wykaz-zrodel-muzycznych-w-zbiorach-polskich-polifo)
In DigiLab, you can supervise the entire process of digitizing and disseminating a document that does not yet have a digital version. Additionally, the user can prepare a text layer of the scanned document - thanks to this, the file will be completely searchable. This way, you can create your own resources to use while studying.
https://dane.gov.pl/en/showcase/1298,digilab-agregator-dorobku-naukowego"
I22;"Is any data on the impact created by open data on environmental challenges (e.g. climate change and environmental degradation, as highlighted in the Eurpean Green Deal) available in your country such as from research studies, impact assessments, or other systematic investigations that quantify the results or broader effects of open data being reused?

For Explanation:
* If yes, please specify (1)  what kind of data source proves this impact and (2) provide the URLs to this data.";yes;"Some data on this is available in the 2022 Local Government MDA Survey Report (see p. 13 et seq.)
https://cms.dane.gov.pl/documents/117/JST_2022_Raport_z_badania_final.docx


Additionally, MDA is currently conducting a survey on open data impact among open data officers. The report from the survey is not available yet but the survey that was used is attached to the questionnaire to provide some insight into the scope of the assessment.
Update: the survej is now available here (see the last report at the bottom of the page): https://dane.gov.pl/pl/knowledgebase/useful-materials/raport-z-badania-wsrod-przedsiebiorcow-na-temat-wielkosci-i-charakterystyki-rynku-ponownego-wykorzystania-danych-publicznych-w-polsce";Complement;;MDA is currently conducting a 2024 edition of the survey on open data impact among open data officers. This year the survey is expanded to the representatives of the cities that have open data portals. The report from the survey is not available yet but the survey that was used is attached to the questionnaire to provide some insight into the scope of the assessment.
I23;"Is the use of open data in your country having an impact on the level of protection of biodiversity (e.g. maintaining a good air and water quality)? 

For Explanation:
* If yes, please provide an example of one reuse case. For this reuse case, please provide (1) a URL to the reuse case, (2) a URL to the open dataset used by the reuse case, and (3) a description of the reuse case and its impact in this sub-domain.";new question;new question;Change;Yes;"https://drzewa.um.sopot.pl/
Trees and access to greenery play a key role in improving the quality of life of residents, mitigating the effects of air pollution, preventing drought, lowering temperature in urban areas and improving the aesthetics of urban space. The city of Sopot decided to implement an intelligent system enabling better management of urban greenery, to ensure its quality and to coordinate the activities of various organizational units of the office.  The key element of this system is the tree database, which collects rich information, such as maintenance history and a register of felling permits. Basic data is also available to all residents on the website https://drzewa.um.sopot.pl/, which enables their participation in the process of caring for urban greenery. Open data helps the city services to better manage green areas. By including public participation in the process it is ensured that both city’s and citizens’ endeavours are coordinated and people are well aware of current needs and dings.
URL to data set used: https://www.geoportal.gov.pl/pl/usluga/uslugi-przegladania-wms-i-wmts/ (ortophotomaps)"
I24;"Is the use of open data in your country having an impact on the achievement of more environment-friendly cities (e.g., environment-friendly transport systems, waste management etc.)? 

For Explanation:
* If yes, please provide an example of one reuse case. For this reuse case, please provide (1) a URL to the reuse case, (2) a URL to the open dataset used by the reuse case, and (3) a description of the reuse case and its impact in this sub-domain.";new question;new question;Change;Yes;"https://zielonamapa.waw.pl/ 
Public transport not only makes urban travel easier. It is beneficial for the environment and the health of residents. The Warsaw Green Map project presents the ecological nature of public transport. By using it, we protect urban nature and prevent serious problems such as pollution, traffic jams and noise. The projects promote active life style and fashion for everyday, conscious use of buses, trams, trains and the metro in Warsaw. It shows how our transport choices translate into the state of the environment. It encourages people to explore lesser-known nature reserves in Warsaw and spreads knowledge about the species found there.
Open transport data in Warsaw was used to show how easy it is to get to interesting green areas and reserves. Environmental data such as air quality monitoring data helps show how green public transport choices are.URL to the datasets used https://api.um.warszawa.pl/#, https://dane.gov.pl/pl/dataset/313,jakosc-powietrza-w-polsce-api"
I25;"Is the use of open data in your country having an impact on the fight against climate change, for example by undertaking predictive monitoring, preventive actions, or a differentiated response to connected disasters?

For Explanation:
* If yes, please provide an example of one reuse case. For this reuse case, please provide (1) a URL to the reuse case, (2) a URL to the open dataset used by the reuse case, and (3) a description of the reuse case and its impact in this sub-domain.";new question;new question;Change;Yes;"https://meteomodel.pl/
Open data is widely used as the basis for weather tracking systems and, above all, the increasingly common various atmospheric phenomena caused by climate warming. A useful tool for this purpose is https://meteomodel.pl/. The website provides weather data, including open meteorological data, which can be used to create personalized weather maps (current and historical) for your place of residence. such precisely located lists can be used in preventive activities and as a source of warnings against dangerous phenomena.
Data sets used: https://dane.imgw.pl/

"
I26;"Is the use of open data in your country having an impact on the consumption of energy based on fuel and the switch to renewables? 

For Explanation:
* If yes, please provide an example of one reuse case. For this reuse case, please provide (1) a URL to the reuse case, (2) a URL to the open dataset used by the reuse case, and (3) a description of the reuse case and its impact in this sub-domain.";new question;new question;Change;Yes;"https://dobrepraktyki.pl/praktyka/396,autobus-miejski-na-zamowienie-tele-bus.html
The Tele-Bus project presents the new nature of public transport. By using it, we optimise mobility patterns in urban area reducing the consumptions of fuels. Krakowski Tele-Bus is an offer of flexible, custom-made public transport, available in the city's peripheral housing estates, transporting passengers, among others, to work, to school, to regular transport hubs, enabling efficient travel to other parts of the city. Buses run at times and on routes where they are needed most. The routes are designed by the residents themselves by placing their daily orders. This allows for communication in places where regular services would not collect enough passengers and run mostly empty or where there was no public transport before and residents travelled by private cars.
The service has been operating since 2007. Thanks to open data collected in the Public Services Monitoring System, the city hall can constantly monitor the profitability and efficiency of Tele-Bus operation, which increases the durability of the solution. This data is also important when planning the expansion of the area in which Tele-Bus operates.
URL to the datasets used https://dane.gov.pl/en/dataset/2847,api-do-systemu-monitorowania-uslug-publicznych"
I27;"Is any data on the economic impact (e.g. GDP, employment, productivity, innovation,  new businesses created etc.) of open data available in your country such as from research studies, impact assessments, or other systematic investigations that quantify the results or broader effects of open data being reused?

For Explanation:
* If yes, please specify what kind of data source proves this impact and provide the URLs to this data.

";yes;"Some data on this is available in the 2022 Local Government MDA Survey Report (see p. 14)
https://cms.dane.gov.pl/documents/117/JST_2022_Raport_z_badania_final.docx


Additionally, MDA is currently conducting a survey on open data impact among open data officers. The report from the survey is not available yet but the survey that was used is attached to the questionnaire to provide some insight into the scope of the assessment.
Update: the survej is now available here (see the last report at the bottom of the page): https://dane.gov.pl/pl/knowledgebase/useful-materials/raport-z-badania-wsrod-przedsiebiorcow-na-temat-wielkosci-i-charakterystyki-rynku-ponownego-wykorzystania-danych-publicznych-w-polsce";Complement;;MDA is currently conducting a 2024 edition of the survey on open data impact among open data officers. This year the survey is expanded to the representatives of the cities that have open data portals. The report from the survey is not available yet but the survey that was used is attached to the questionnaire to provide some insight into the scope of the assessment.
I28;"Is the use of open data in your country having an impact on the level of employment? 

For Explanation:
* If yes, please provide an example of one reuse case. For this reuse case, please provide (1) a URL to the reuse case, (2) a URL to the open dataset used by the reuse case, and (3) a description of the reuse case and its impact in this sub-domain.";new question;new question;Change;Yes;"Open data on job offers from labour offices is widely available to anyone interested in finding a job. It facilitates the search for employment.
https://www.gov.pl/web/cyfryzacja-badania-i-projektowanie-praca-w-polsce/o-projekcie
“Work in Poland” portal helps Ukrainian citizens find a job in Poland. After logging in and filling out a simple form to provide information about your skills and what profession you want to work in, the portal selects appropriate job offers.
The ""Work in Poland"" website is available in Ukrainian, English and Polish.
link do zasobu danych https://dane.gov.pl/pl/dataset/538,oferty-pracy-psz"
I29;"Is the use of open data in your country having an impact on the level of innovation and the adoption of new technologies? 

For Explanation:
* If yes, please provide an example of one reuse case. For this reuse case, please provide (1) a URL to the reuse case, (2) a URL to the open dataset used by the reuse case, and (3) a description of the reuse case and its impact in this sub-domain.";new question;new question;Change;Yes;"Open data can be used to develop modern technologies, favoring the creation of innovations. An example of such data is a set of harmful and neutral content. This is a set that is a valuable source of knowledge for AI creators who can use it to train their own models. It also helps moderators of various websites offering social networking services in tracking down offensive entries on the Internet.
https://github.com/ZILiAT-NASK/BAN-PL


"
I30;"Is the use of open data in your country having an impact on the level of entrepreneurship (especially of women and minorities) and business creation (especially with Small- and Medium-sized Enterprises)? 

For Explanation:
* If yes, please provide an example of one reuse case. For this reuse case, please provide (1) a URL to the reuse case, (2) a URL to the open dataset used by the reuse case, and (3) a description of the reuse case and its impact in this sub-domain.";new question;new question;Change;Yes;"Lelio.pl website is a modern catalogue of Polish companies based on publicly available data from the Central Registration and Information on Economic Activity. Its main goal is to make it easier for users to find specific companies operating in Poland, offering various services and products. This platform aggregates information about companies, such as contact details, addresses, industry information, as well as the scope of services offered. Thanks to the intuitive interface and advanced search functions, users can quickly and effectively access data about their companies.
The Lelio.pl website is a valuable tool for new entrepreneurs who want to increase the visibility of their business on the Internet or get an idea of the level of competition.
https://dane.gov.pl/en/showcase/1301,katalog-polskich-firm-leliopl
https://dane.gov.pl/pl/dataset/646,centralna-ewidencja-i-informacja-o-dziaalnosci-gospodarczej"
I31;"Is the use of open data in your country having an impact on the level of productivity? 

For Explanation:
* If yes, please provide an example of one reuse case. For this reuse case, please provide (1) a URL to the reuse case, (2) a URL to the open dataset used by the reuse case, and (3) a description of the reuse case and its impact in this sub-domain.";new question;new question;Change;Yes;"https://dobrepraktyki.pl/praktyka/401,podatkowy-robot.html?tab=content
Using open data, you can create tools to improve productivity. The number of real estate properties in Gdansk has increased significantly, which has not kept pace with the increase in the number of city hall employees. This necessitated the search for new solutions to ensure efficient and technical service for taxpayers. The tax robot implemented in the town hall collects data from the information submitted by the taxpayer, enters it into the system, and after verification by an office employee, generates a tax decision and sends it to interested parties.
Link to data set used https://dane.gov.pl/pl/dataset/2967,ewidencja-gruntow-i-budynkow/resource/45430,ewidencja-gruntow-i-budynkow-usuga-wms/table"