ID;Question;Answer from 2023;Explanation from 2023;Confirm, change or complement answer/explanation from 2023;Provide updated answer (if applicable);Provide updated explanation (if applicable)
P1;"Is there a national open data policy in your country and, if your country is an EU Member State, does this include a national legislation for the transposition of the Open Data Directive?

For Explanation:
* If yes, please provide (1) the URL and (2) title of the policy document and (3) briefly describe.
* If ‘other’, please provide (1) a brief explanation to support your answer choice and (2) provide the URL and indicate the policy section which explicitly references open data.";yes;"The Slovenian Open Data Policy consists of a framework of the following:

-The provisions of the Access to Public Information Act that implements the EU Open Data Directive (last amended in Nov. 2022); http://pisrs.si/Pis.web/pregledPredpisa?id=ZAKO3336
- the Integrity and Prevention of Corruption Act that establishes the publication of all financial transactions from public sector bodies and their publication as Open Data on the National Open Data Portal, Art. 75b, Para 13-The respective Decree – that explicitly defines the metadata for publishing the databases; http://www.pisrs.si/Pis.web/pregledPredpisa?id=URED6941#
-The national Open Data Portal, established in 2016; https://podatki.gov.si/-The central roles of the Ministry of Public Administration – MPA (in charge of legislation) and the Ministry for Digital Transformation (MDT) that is running the national open data portal (main editors of the portal are from both ministries) and the network of editors at the other state bodies;
- The Open Data of the Public Sector – the Strategic Working Plan for 2022-2023:
https://podatki.gov.si/sites/default/files/reports/Odprti%20podatki%20JS%20-%20Strateški%20delovni%20načrt%202022%202023_0.pdf 
-the Decree on the provision and re-use of public information (last amended in November 2022), including the Annexes:
http://www.pisrs.si/Pis.web/pregledPredpisa?id=URED6941 
-The educational activities of the Administrative academy of the MPA;
-The Manual for opening of the PSI which promotes the use of the CC 4.0 licence; https://podatki.gov.si/posredovanje-podatkov
-the Study on the state of digitalised databases in the field of Culture, 2017 (Analiza stanja) ; https://podatki.gov.si/knjiznica/dodatna-gradiva
-all the various regular activities for the promotion of the Open Data and Portal OPSI



-	In March 2023, the Government adopted the national strategy in the field of digital transfromation – entitled »Digitalna Slovenija 2030« -  hereinafter: Digital (Transformation) Strategy 2030 (March 2023)that contains a special section on Digital Data Economy, including Open Data (Chapter 4: POT V PAMETNO DRUŽBO 5.0; 4.1 Podatki v korist družbe): https://www.gov.si/assets/ministrstva/MDP/Dokumenti/DSI2030-potrjena-na-Vladi-RS_marec-2023.pdf (see below).
-	
-	In Dec. 2022, the Government adopted also the Strategy of digital Public Services  which includes chapter IV. on »trusted Data Management« and refers to the Open Data regulation:
-	»We will establish a common framework of processes, rules, relations and standards for responsible data management, based on the European Data Strategy, to ensure data quality, transparency, availability, connectivity, security and legality. In cooperation with stakeholders, we will establish interoperable public administration data spaces (including in compliance with the General Data Protection Regulation (GDPR), the Data Governance Act and the Open Data and Re-use of Public Sector Information Directive, following the INSPIRE Directive and other EU and international guidelines.«
-	https://nio.gov.si/nio/asset/strategija+digitalnih+javnih+storitev
-	 (available in English, see page 26) 
-	
-	Also, in 2021, the Government adopted the National Programme for the promotion of development and use of Artificial Intelligence (2025), which recognizes Open Data and National Open Data Portal as important elements/infrastructure in the process.

According to the Access to Public Information Act, which transposes the EU Open Data Directive, (Article 10.b) – the open Data policy – obligations of the public sector bodies are as follows:
Article 10.b – Slovenian Access to Public Information Act
(1) The public sector bodies should allow re-use of public sector information by publication on the World Wide Web by publishing in open formats and in machine-readable form, together with metadata, except where this would involve disproportionate effort, going beyond a simple operation.
(2) The authorities should publish at the national open data portal a list of all databases within its competence with the relevant metadata and databases as such in the form of open data or links to websites where these are published as open data.
(3) Anyone may re-use the data published on the national open data portal, free of charge, under the conditions that:
-         Re-use of data is carried out in accordance with the law governing the protection of personal data and
-         At each re-use the user provides the source of data.

2022 amendments to the Access to Public Information Act implemented the part of the Open Data Directive on High Value Datasets.

Regarding the field of Open Science - st the end of March 2022, the National Assembly of the Republic of Slovenia adopted the Resolution on the Slovenian Scientific Research and Innovation Strategy 2030 which was published in the Official Gazette of the Republic of Slovenia in April 2022. This is a key Slovenian strategic document for research and innovation until 2030 and is based on the Article 10 of the new Scientific Research and Innovation Activities Act, which introduces Open Science as an important integral part of the scientific research. In the context of the horizontal objectives under Item 6.2., the Strategy defines six key measures in the field of Open Science, as follows:
1. Effective management and financing of the development of the national Open Science ecosystem and related national structures and infrastructures, ensuring their international alignment as well as integration into international associations and infrastructures.
2. Introduction of modern approaches to the evaluation of scientific research activity in accordance with Open Science principles to increase the quality and impact of research (e.g., DORA - San Francisco Declaration on Research Assessment, Leiden Manifesto for Research Metrics, ERAC - European Research Area and Innovation Committee Guidelines).
3. Ensuring that the results of scientific research comply with the FAIR principles (Findable, Accessible, Interoperable, and Reusable), and that full and immediate open access is provided (subject to legitimate exceptions).
4. Establishment of a National Open Science Community for the introduction and monitoring of Open Science in Slovenia, as well as its integration into ERA and beyond.
5. Promoting the development of citizen science and public involvement in scientific research.
6. Promoting the development of a national scientific publishing system to operate according to the principles of Open Science.
These measures, which are recognised as essential for the development of Open Science in Slovenia, will be the  basis for the Action Plan on Open Science, which is in the process of preparation. 
-	
Slovenian Government adopted (April 2015) a Strategy on development of public administration 2015-2020. The strategy had a special section devoted to transparency, re-use and open data (Chapter 6.4.1). On the basis of this Strategy, the Action plan of the Slovenian Government 2018-2019 provided for the following fundamental commitments  in this field, which continue to be followed by the public sector bodies - open data publishers:
oGreat emphasis has been put on the online publication of public sector open data, i.e. data in open, machine-readable formats, which enables anyone: citizens, non-governmental organisations, media, etc to further reuse them.
oGood practice in the reuse of public sector data shows that applications with significant added value may be created on the basis of raw public data.
•Therefore, it must be ensured that bodies will open their data for re-use, especially through the Slovenian open data portal – Portal OPSI 
•In accordance with the transposition of the Open Data Directive, additional activities have been anticipated in this field (legal framework, hackathons, data challenges, consultations, guidelines, up-date of the open data portal etc).
•Regarding databases of the public sector, special attention has been paid to the provision of transparency in terms of what sort of databases have been managed by public administration bodies (clear metadata), and of better connectivity between those databases, in order to provide simple access of citizens and other public administration bodies to data.

Strategic Working Plan for Open Data 2022-2023 includes the following measures (some of which have already been concluded), inter alia:
• preparing a list of high value data sets - HVDs
• amendments to the Act on Access to Public Information
• Preparation of the first amendments to the Decreeon transmission and reuse of public information
• Preparation of a list of high-value databases (based on the implementing Act of the European Commission of Dec. 2022) and preparation of the second amendment to the Decreeon transmission and reuse of public information
• International cooperation in the field of open data
• Establishment of a single information point in accordance with Article 8 of the EU Data Governance Act (DGA)
• Participation in the preparation of the new Strategy for the Development of Digital Services in Public Administration and the Development Strategy of Slovenia 2030
• Adding more datasets from the museums, public undertaking, municipalities and local governments to the national portal
• Implementation of open data training for civil servants at the Administrative Academy of the Ministry of Public Administration
• Improve the quality, quantity and scope of open data and associated metadata (applies to data providers (editors at authorities)).
• Improve the quality and range of services provided through the OPSI portal
o Stylistic redesign of the portal (renewal of menus and front page)
o Additional functionalities to help the work of content and chief editors (suggest a correction, a new collection - addition of functionality, notifications to users, etc.)
• Establishment of the OPSI API module
• Establishment of the OPSI LAB module
• Revision of the Manual for opening of public sector data (December 2023)
• Establishment of a fund to promote the reuse of open data, which will be a tool for improving the accessibility and use of data on the national open data portal. Financial support will be intended for the following contents:
o Open data awareness
o Reuse of government open data from various fields(environment, society, ...)
o Increasing the efficiency of public services
o Projects, studies on the benefits of open data
o Projects, studies on the effects of open data from an environmental, social, political or economic impact

• Cooperation with all interested stakeholders - promotion and encouragement of re-use of open data within the EZOP and OPSI HUB (see EZOP and OPSI HUB chapters):
o Organization of various events (conferences, workshops, hackathons, trainings and other activities) in which all stakeholders will participate;
o Other activities related to the opening, reuse and promotion of open data.

Link to the 2022-2023 working plan: https://podatki.gov.si/sites/default/files/reports/Odprti%20podatki%20JS%20-%20Strate%C5%A1ki%20delovni%20na%C4%8Drt%202022%202023_0.pdf";Confirm;;
P2;"Is there a national open data strategy in your country?

For Explanation:
* If yes, please provide (1) the URL to the strategy and (2) describe the main highlights.  
* If 'not applicable', please provide (1) a brief explanation to support your answer choice and provide (2) the URL and indicate the policy section which explicitly references objectives, actions/measures, delivery timelines etc.";yes;"It is included in the 

Digital (Transformation) Strategy 2030 adopted by the Government of Slovenia in March 2023; the Strategy includes a special section on Digital Data Economy including Open Data (Chapter 4: POT V PAMETNO DRUŽBO 5.0; 4.1 Podatki v korist družbe 
: https://www.gov.si/assets/ministrstva/MDP/Dokumenti/DSI2030-potrjena-na-Vladi-RS_marec-2023.pdf and Strategic Working Plan for Open Data 2022-2023

- The Digital (TRansformation) Strategy 2030 (March 2023) defines data as a strategic raw material and driver of a smart society 5.0 and emphasizes that it is extremely important to provide up-to-date, timely and comprehensive data. It emphasizes the importance of high-value data from six thematic areas: geospatial data; observing the Earth and the environment; meteorological data; statistics; businesses and business ownership; mobility. The aim of the data strategy is to facilitate the sharing of data and thereby accelerate the use of data, including open data.
-The aim is to establish a dynamic data ecosystem, with data standards and tools, in which data providers, data analysts and application developers who, in cooperation and partnership, will be able to develop data applications that will offer smart digital services as responses to social challenges. 
-The data ecosystem which will be founded upon the national open data portal will thus represent the basis of innovation and entrepreneurship.
-In this way, the 2030 Strategy follows one of the goals of the European Data Strategy, which aims to establish a single data space in the European Union, which will consist of different substantive data spaces.

-	In Dec. 2022, the Government adopted also the Strategy of digital Public Services  which includes chapter IV. on »trusted Data Management« and refers to the Open Data regulation:
-	»We will establish a common framework of processes, rules, relations and standards for responsible data management, based on the European Data Strategy, to ensure data quality, transparency, availability, connectivity, security and legality. In cooperation with stakeholders, we will establish interoperable public administration data spaces (including in compliance with the General Data Protection Regulation (GDPR), the Data Governance Act (DGA) and the Open Data and Re-use of Public Sector Information Directive (ODD), following the INSPIRE Directive and other EU and international guidelines.«
-	https://nio.gov.si/nio/asset/strategija+digitalnih+javnih+storitev
 (available in English)

Strategic Working Plan for Open Data 2022-2023 includes the following measures (some of which have already been concluded), inter alia:
• preparing a list of high value data sets - HVDs
• amendments to the Act on Access to Public Information
• Preparation of the first amendments to the Decreeon transmission and reuse of public information
• Preparation of a list of high-value databases (based on the implementing Act of the European Commission of Dec. 2022) and preparation of the second amendment to the Decreeon transmission and reuse of public information
• International cooperation in the field of open data
• Establishment of a single information point in accordance with Article 8 of the EU Data Governance Act (DGA)
• Participation in the preparation of the new Strategy for the Development of Digital Services in Public Administration and the Development Strategy of Slovenia 2030
• Adding more datasets from the museums, public undertaking, municipalities and local governments to the national portal
• Implementation of open data training for civil servants at the Administrative Academy of the Ministry of Public Administration
• Improve the quality, quantity and scope of open data and associated metadata (applies to data providers (editors at authorities)).
• Improve the quality and range of services provided through the OPSI portal
o Stylistic redesign of the portal (renewal of menus and front page)
o Additional functionalities to help the work of content and chief editors (suggest a correction, a new collection - addition of functionality, notifications to users, etc.)
• Establishment of the OPSI API module
• Establishment of the OPSI LAB module
• Revision of the Manual for opening of public sector data (December 2023)
• Establishment of a fund to promote the reuse of open data, which will be a tool for improving the accessibility and use of data on the national open data portal. Financial support will be intended for the following contents:
o Open data awareness
o Reuse of government open data from various fields(environment, society, ...)
o Increasing the efficiency of public services
o Projects, studies on the benefits of open data
o Projects, studies on the effects of open data from an environmental, social, political or economic impact

• Cooperation with all interested stakeholders - promotion and encouragement of re-use of open data within the EZOP and OPSI HUB (see EZOP and OPSI HUB chapters):
o Organization of various events (conferences, workshops, hackathons, trainings and other activities) in which all stakeholders will participate;
o Other activities related to the opening, reuse and promotion of open data.

Link to the 2022-2023 working plan: https://podatki.gov.si/sites/default/files/reports/Odprti%20podatki%20JS%20-%20Strate%C5%A1ki%20delovni%20na%C4%8Drt%202022%202023_0.pdf

In February 2023, a 4- year Programme of Government of Republic of Slovenia to strengthen integrity and transparency in Public Sector 2023-2026 was adopted. The Programme focuses on measures to strengthen the integrity of institutions, public employees, high officials, and other employees in the public sector, as well as measures to increase the transparency of operations in the public sector. 
The Programme includes the measure 3A.1c »TRANSPARENCY – PROMOTE PUBLIC DATA PUBLICATION IN OPEN FORMATS«. The purpose of the measures is to train civil servants and officials in government and ministries on the importance of data, its management and the value of opening up data in terms of transparency and its impact on the functioning of society. The final aim is to empower public officials and public servants to take into account the relevance of data for the wider benefit of society in the performance of their duties; 
Method of implementation: training in the framework of a specific training course at the Administrative Academy (ministry responsible for public administration);
Published at: https://www.gov.si/teme/integriteta/ (see below in English)";Confirm;;
P3;"Is there an open data policy/strategy at regional or local level?

For Explanation:
* If yes, please (1) provide the URL and (2) title of the document(s) and (3) briefly describe.";not applicable;In Slovenia, we do not have regions, but due to the large number of municipalities (212) and small population in municipalities (https://sl.wikipedia.org/wiki/Seznam_ob%C4%8Din_v_Sloveniji ), this type of policy is prepared at the national level and coordinated with the local level. All state policies are coordinated with all stakeholders, including the local communities, during the process. Due to the specificity of the organization of local self-government and the lack of an intermediate management level in the form of regions (no regions), all policies for the area of open data are prepared at the national level. Legal obligations under the law in relation to Open Data (including the publication of open data at the national open data portal) as well as the commitment to implement the open data policy are equal for institutions at the national level as well as for municipalities. Thus, municipalities are equally bound as other public institutions.;Confirm;;
P4;"Does the national strategy/policy include an action plan with measures to be implemented in the open data field?

For Explanation:
If yes, please briefly describe the main measures described by the action plan.";yes;"The Strategic Working Plan for Open Data 2022-2023 is an action plan and includes the following measures (some of which have already been concluded) in line with the 2030 Digital (Transformation) Strategy and other relevant programmes and strategies, inter alia:
• List of high value data set - HVD
• Preparation and adoption of the amendments to the Access to Public Information Act
• Preparation of the first amendment to the Decreeon the transmission and reuse of public information
• Preparation of a list of high-value databases (based on the implementing act of the European Commission) and preparation of the second amendment to the Decree on transmission and reuse of public information
• International cooperation in the field of open data
• Establishment of a single information point in accordance with Article 8 of the EU Data Governance Act (DGA)
• Participation in the preparation of the new Strategy for the Development of Digital Services in Public Administration and the Development Strategy of Slovenia 2030
• Adding more datasets from the museums, public undertaking, municipalities and local governments to the national portal
• Implementation of open data training for civil servants at the Administrative Academy of the Ministry of Public Administration
• Improve the quality, quantity and scope of open data and associated metadata (applies to data providers (editors at authorities)).
• Improve the quality and range of services provided through the OPSI portal
o Stylistic redesign of the portal (renewal of menus and front page)
o Additional functionalities to help the work of content and chief editors (suggest a correction, a new collection - addition of functionality, notifications to users, etc.)
• Establishment of the OPSI API module
• Revision of the Manual for opening public sector data (December 2023)
• Establishment of a fund to promote the reuse of open data, which will be a tool for improving the accessibility and use of data on the national open data portal. Financial support will be intended for the following contents:
o Open data awareness
o Reuse of government open data from various contents (environment, society, ...)
o Increasing the efficiency of public services
o Projects, studies on the benefits of open data
o Projects, studies on the effects of open data from an environmental, social, political or economic impact

• Cooperation with all interested stakeholders - promotion and encouragement of re-use of open data within the EZOP and OPSI HUB (see EZOP and OPSI HUB chapters):
o Organization of various events (conferences, workshops, hackathons, trainings and other activities) in which all stakeholders will participate;
o Other activities related to the opening, reuse and promotion of open data.

Link to the working plan:  https://podatki.gov.si/sites/default/files/reports/Odprti%20podatki%20JS%20-%20Strate%C5%A1ki%20delovni%20na%C4%8Drt%202022%202023_0.pdf

In February 2023, a Programme of Government of Republic of Slovenia to strengthen integrity and transparency in Public Sector 2023-2026 was adopted. The Programme focuses on measures to strengthen the integrity of institutions, public employees, high officials, and other employees in the public sector, as well as measures to increase the transparency of operations in the public sector. 
The Programme includes the measure 3A.1c »TRANSPARENCY – PROMOTE PUBLIC DATA PUBLICATION IN OPEN FORMATS«. The purpose of the measures is to train civil servants and officials in government and ministries on the importance of data, its management and the value of opening up data in terms of transparency and its impact on the functioning of society. The final aim is to empower public officials and public servants to take into account the relevance of data for the wider benefit of society in the performance of their duties; 
Method of implementation: training in the framework of a specific training course at the Administrative Academy (ministry responsible for public administration);
Published at: https://www.gov.si/teme/integriteta/ (see below in English)";Confirm;;
P5;"Does the national strategy/policy outline measures to incentivise the publication of and access to real-time or dynamic data?

For Explanation:
* If yes, please briefly describe the measures.";yes;"The Strategic Working Plan for Open Data 2022-2023 includes a measure - an IoT call for smart cities that will encourage local communities to establish a real-time data flow through IoT sensors. 
Also in line with the EU Directive, the national Law will be amended with an explicit obligations on providing real time data.
-  A proposal for further amendments to the Access to Public Information Act to implement the part of the Open Data Directive on High Value Datasets has been prepared and will be sent to the National Assembly in July. The draft law contains new Article 10.č which states that bodies that create or obtain dynamic data in the performance of public tasks shall enable their re-use immediately after they are collected and enable their mass transfer or transfer via application programming interfaces.                                                                                                                                                                             In addition, Strategic Working Plan for Open Data 2022-2023 includes the following measures inter alia:
• Establishment of the OPSI API module (access to the data via API)
• Improve the quality, quantity and scope of open data and associated metadata (applies to data providers (editors at authorities)).
• Improve the quality and range of services provided through the OPSI portal
• Establishment of a fund to promote the reuse of open data, which will be a tool for improving the accessibility and use of data on the national open data portal. Financial support will be intended for the following contents:
o Reuse of government open data from various contents (environment, society, ...)
o Increasing the efficiency of public services

Link to Strategic Working Plan for Open Data 2022-2023: https://podatki.gov.si/sites/default/files/reports/Odprti%20podatki%20JS%20-%20Strate%C5%A1ki%20delovni%20na%C4%8Drt%202022%202023_0.pdf";Confirm;;
P6;"Does the national strategy/policy outline measures to incentivise the publication of and access to citizen-generated data?

For Explanation:
* If yes, please briefly describe the measures.";no;;Confirm;;
P7;"Does the national strategy/policy foster the discoverability of the aforementioned types of data from your country on data.europa.eu?

For Explanation:
* If yes, please briefly describe how.";yes;"The Strategic Working Plan for Open Data 2022-2023 includes harvesting from national open data portal to EU data portal.                                                                                                                                                                                                         ""The Strategic Working Plan for Open Data 2022-2023 includes harvesting from national open data portal to EU data portal.

Link to Strategic Working Plan for Open Data 2022-2023: https://podatki.gov.si/sites/default/files/reports/Odprti%20podatki%20JS%20-%20Strate%C5%A1ki%20delovni%20na%C4%8Drt%202022%202023_0.pdf""";Confirm;;
P8;"Does the national strategy/policy outline measures to support the reuse of open data by the public sector?

For Explanation:
* If yes, please briefly describe the measures.";yes;"Strategic Working Plan for Open Data 2022-2023 includes:
 
• Training on Open Data (for open data editors at the ministries) at the Administrative Academy of the MPA

According to the Slovenian Open Data policy the central role has been performed by the Ministry of Public Administration- MPA that runs the national Open Data portal, and at the same time has the central editorial role, meaning that it is the central point to keep the network of editors at various ministries and state bodies active. 
This has been done by regular e-mails on the novelties regarding the portal, by the educational activities regarding Open Data at the Administrative Academy of the MPA, bi-lateral meetings and annual meetings for all the editors (e.g. https://podatki.gov.si/content/delovno-sre%C4%8Danje-urednikov-portala-opsi )
The opening of PSI is promoted also on the basis of the Manual of Open Data (2016): https://podatki.gov.si/posredovanje-podatkov. 
The re-use of data within the public sector has been encouraged also by the Guidelines for Development of Applications (2020): https://nio.gov.si/nio/asset/smernice+mju+za+razvoj+informacijskih+resitev-768 ; these Guidelines contain a special section on Open Data (section 6.2) which emphasizes the importance of using Open Data when developing new applications in the public sector.
Support has been given also by the national open data portal editors to the local authorities who also publish data at the national open data portal in the form of workshops (e.g. a workshop on 8. March 2021, in relation to an IoT call for smart cities that will encourage local communities to establish a real-time data flow through IoT sensors):
https://skupnostobcin.si/tedenske-novice/tedenske-novice-sos-st-9-26-2-2021-5-3-2021/#post-38852
Upgrade of the national portal with the APIs will also support greater publication of open data by the public sector bodies for re-use. 
Support will in addition be provided also by the upgrades of the portal and preparation of IT Technical standards for open data for the wider public sector.                                                                                                                                                    In addition, Strategic Working Plan for Open Data 2022-2023 includes the following measures inter alia:
• Establishment of a fund to promote the reuse of open data, which will be a tool for improving the accessibility and use of data on the national open data portal. Financial support will be intended for the following contents:
o Open data awareness
o Reuse of government open data from various contents (environment, society, ...)
o Increasing the efficiency of public services
o Projects, studies on the benefits of open data
o Projects, studies on the effects of open data from an environmental, social, political or economic impact

• Cooperation with all interested stakeholders - promotion and encouragement of re-use of open data within the EZOP and OPSI HUB (see EZOP and OPSI HUB chapters):
o Organization of various events (conferences, workshops, hackathons, trainings and other activities) in which all stakeholders will participate;
o Other activities related to the opening, reuse and promotion of open data.

Link to Strategic Working Plan for Open Data 2022-2023: https://podatki.gov.si/sites/default/files/reports/Odprti%20podatki%20JS%20-%20Strate%C5%A1ki%20delovni%20na%C4%8Drt%202022%202023_0.pdf";Confirm;;
P9;"Does the national strategy/policy outline measures to support the reuse of open data by the private sector?

For Explanation:
* If yes, please briefly describe the measures.";yes;"The measures include actions supporting the reuse of open data by the public sector:
- Collaboration with the Chamber of Commerce of Slovenia in the form of the »Open Data Hub« (regular events, consultations with the actors from the private sector)
- Collaboration with the academia, Universities and students (Hackathons, presentations on Open Data to the students, preparation of the open data projects by the students)
- Collaboration with the civil society (NGOs etc)

The national Digital (TRansformation) Strategy 2030 (adopted by the Government in March 2023) specifically emphasises the importance of supporting re-use of open data by the private sector (page 29-last paragraph and 30-first paragraph):
»Based on the example of the public sector, the private sector should also be encouraged to open up and exchange data, where appropriate. In Slovenia, the first step in this direction was the establishment of the Open Data Hub of Slovenia (OPSI Hub), whose founders were Tehnološki Park Ljubljana d.o.o. and the Chamber of Commerce of Slovenia (ZIT), with the support of the Ministry of Public Administration. The OPSI portal represents a good basis on which private sector databases (the so-called data market, etc.) will be transparently presented and made available under different conditions (e.g. different licenses, SLAs). The goal is to facilitate the voluntary publication of data by companies and in this way accelerate the use of data as a raw material of the digital society«.

In 2019 the MPA started to work with the Chamber of Commerce of Slovenia and organised a first meeting on Open Data and Digital Economy: https://ikthm.gzs.si/Novice/ArticleId/70728/odprti-podatki-javnega-sektorja-in-digitalno-gospodarstvo. In March 2020 the MPA started a long-term collaboration with the Chamber of Commerce and founded together ""the Open Data Hub"", the goal of which is to promote use of open data by the companies: https://podatki.gov.si/content/ustanovitev-sti%C4%8Di%C5%A1%C4%8Da-za-odprte-podatke-slovenije. 
Also in May 2020, the MPA and the Open Data Hub organised an on-line conference: Open Data - accelerators of the economy: https://www.gov.si/novice/2020-05-07-konferenca-odprti-podatki-pospesevalci-digitalne-ekonomije/. The minister of public administration, Mr. Bostjan Koritnik opened the conference: https://www.gov.si/assets/ministrstva/MJU/Open-Data-nagovor-ministra-07052020.docx We intend to continue this collaboration. 

Hackathon on dementia with stakeholders from the private sector (22nd, 23rd Oct 2022)
https://transformation-lighthouse.com/hackathon-roche/en/main-page/

Also the following general activities are supporting the re-use by the private sector: 
• Promotion in media (press releases); 
• promotional videos: https://www.youtube.com/watch?v=WKfLZ7kk_t0&feature=youtu.be ;
• Promotion at the fairs (for various stakeholders, eg. Students, business etc)
• Common activities with the academia intended for students, start-ups (hackathons, data challenges etc)
• Consultations and promotion with businesses and the Chamber of Commerce;
• Consultations and promotion with the NGO’s
• Preparation and publication of videos promoting the Open data and the use of Open Data
 In addition, Strategic Working Plan for Open Data 2022-2023 includes the following measures inter alia:
• Establishment of a fund to promote the reuse of open data, which will be a tool for improving the accessibility and use of data on the national open data portal. Financial support will be intended for the following contents:
o Open data awareness
o Reuse of government open data from various contents (environment, society, ...)
o Increasing the efficiency of public services
o Projects, studies on the benefits of open data
o Projects, studies on the effects of open data from an environmental, social, political or economic impact

• Cooperation with all interested stakeholders - promotion and encouragement of re-use of open data within the EZOP and OPSI HUB (see EZOP and OPSI HUB chapters):
o Organization of various events (conferences, workshops, hackathons, trainings and other activities) in which all stakeholders will participate;
o Other activities related to the opening, reuse and promotion of open data.
• Prepare a tender for smart cities.

Link to Strategic Working Plan for Open Data 2022-2023: https://podatki.gov.si/sites/default/files/reports/Odprti%20podatki%20JS%20-%20Strate%C5%A1ki%20delovni%20na%C4%8Drt%202022%202023_0.pdf";Confirm;;
P10-a;"Does the national strategy/policy mandate carrying out and maintaining a data inventory by public bodies, whether at national or local level?

For Explanation:
* If yes, please briefly specify.";yes;"According to the Access to Public Information Act (Article 8), the public bodies must publish a so called Catalogue of Public Information (data inventory). The content of the Catalogue is determined by the respective by-law, the Decree on communication and re-use of public sector information (Article 2 of the Decree). In practice this information has been published at the OPSI portal; for example metadata on 47 datasets of the MPA are available here: https://podatki.gov.si/data/search?publisher=ministrstvo_za_javno_upravo&q=Ministrstvo+za+javno+upravo  The list of metadata has been prescribed in the Annex 1 of the Decree: http://www.pisrs.si/Pis.web/npb/2016-01-0994-p1.pdf";Confirm;;
P10-b;"Do these data inventories include the data collected by public bodies that cannot be published as open data (e.g. in relation to the EU Data Governance Act (EU) 2022/868)? 

For Explanation:
* If yes, please briefly specify.";yes;Every public body needs to publish a list of metadata on all the datasets they produce or run, even if the data in a certain dataset is not open or is not published as open data. This list is published on the national OPSI portal under Katalog IJZ. The list of metadata is prescribed by the Government in the Annex 1 to the Decree: http://www.pisrs.si/Pis.web/npb/2016-01-0994-p1.pdf;Confirm;;
P11;"Is your country applying the implementing regulation (EU) 2023/138 on high-value datasets?

For Explanation:
* If yes, how is it progressing? 
* If you are an EFTA or a candidate country to the EU, please select 'not applicable'.
** In the table below, please indicate your progress with respect to a) organisation, b) legal aspects, c) technical aspects on a scale from 1 to 5. 1 = no progress; 2 = few progress; 3 = some progress; 4 = considerable progress; 5 = works are finalised.";new question;new question;Change;Yes;"In line with the Access to Public Information Act (Article 10c and 10č), the  regulation (EU) 2023/138 on high-value datasets has been implemented in Slovenia. In this two Articles we defined obligations in relation to HVDs and also for dynamic data.
In the Decree on communication and re-use of public sector information we determined a  list of national databases that fall under the definition of HVDs and we also added additional atribute in metadata schema where each database that is HVDs is defined. SO, user can filter easily such databases on the National open data portal - OPSI and see all the HVDs.

Link to Decree on communication and re-use of public sector information: https://pisrs.si/pregledPredpisa?id=URED6941
The list of metadata has been prescribed in the Annex 1 of the Decree: https://pisrs.si/api/datoteke/integracije/35924300
The list of HVDs has been prescribed in the Annex2 of the Decree: https://pisrs.si/api/datoteke/integracije/35924303"
P12;"Have the public bodies in your country denoted relevant datasets as high-value datasets in their metadata following the publication of the implementing regulation (EU) 2023/138 on high-value datasets?

For Explanation:
*  If yes, please specify how and highlight challenges, if any. 
* If you are an EFTA or a candidate country to the EU, please select 'not applicable'.";new question;new question;Change;Yes;"In line with the Access to Public Information Act (Article 10c and 10č), the  regulation (EU) 2023/138 on high-value datasets has been implemented in Slovenia. In this two Articles we defined obligations in relation to HVDs and also for dynamic data.
In the Decree on communication and re-use of public sector information we determined a  list of national databases that fall under the definition of HVDs and we also added additional atribute in metadata schema where each database that is HVDs is defined. SO, user can filter easily such databases on the National open data portal - OPSI and see all the HVDs.

Link to Decree on communication and re-use of public sector information: https://pisrs.si/pregledPredpisa?id=URED6941
The list of metadata has been prescribed in the Annex 1 of the Decree: https://pisrs.si/api/datoteke/integracije/35924300
The list of HVDs has been prescribed in the Annex2 of the Decree: https://pisrs.si/api/datoteke/integracije/35924303,"
P13;"Is there a governance structure in place that enables the participation and/or inclusion of various open data stakeholders? 

For Explanation:
*  If yes, please briefly describe the governance structure and its operating model ";new question;new question;Change;Yes;"The OPSI portal has a well-developed editorial policy. The portal's administrators and editors-in-chief are employees of the Ministry of Digital Transformation and the Ministry of Public Administration.
Other civil servants from ministries, other government bodies, municipalities and others who regularly publish information on the portal act as content editors. They publish, amend and update records and collections on the portal. Their role is to publish, modify and update their collections and some other activities on the portal.
Before a collection is published on the portal, it is reviewed by the editors-in-chief and, if the metadata is entered correctly, they approve the publication of the collection. If they consider that there are errors, they contact the authorities (refuse publication on the portal) to update the data accordingly. Once this has been done, the Chief Content Editor will publish the collection on the portal. The only exception is when the authorities only publish a new file with up-to-date data. In this case, the file is automatically published on the portal. No review and approval by the Editor-in-Chief is required. 
All portal managers, editors-in-chief and content editors cooperate with each other. They meet in meetings, training sessions (content and technical) and other events (conferences, web presentations, training sessions) organised by the Ministry of Public Administration and the Ministry of Digital Transformation. "
P14;"How would you classify the model used for governing open data in your country? 

For Explanation:
*  Please briefly explain why this model was chosen/works best for your country";top-down;In the Public Information Access Act the same obligations and procedure regarding access to and re-use of the PSI  as well as the publication of the PSI as open data has been prescribed for the state bodies and local self-government bodies. We have one common (national) open data portal. Regarding population Slovenia has been a small country and there are actually no regions (only municipalities and smaller local communities). They work hand in hand with the MPA (which is as a horizontal ministry also in charge of the system of local government in Slovenia).;Confirm;;
P15;"Does the governance structure ensure that the local and regional open data initiatives are facilitated and supported at national level?

For Explanation:
* If yes, please give an example of what kind of support.
* If not applicable, please explain why.";new question;new question;Change;Yes;"In the Public Information Access Act the same obligations and procedure regarding access to and re-use of the PSI  as well as the publication of the PSI as open data has been prescribed for the state bodies and local self-government bodies. We have one common (national) open data portal. Regarding population Slovenia has been a small country and there are actually no regions (only municipalities and smaller local communities). They work hand in hand with the MPA (which is as a horizontal ministry also in charge of the system of local government in Slovenia). Local authorities (their Open Data editors) regularly contact the main editors at the Ministry of Digital Transformation and the Ministry of Public Administration; they are also invited to the meetings of editors, same as editors from the ministries."
P16;"To what degree do local/regional public bodies conduct open data initiatives? 

For Explanation:
* If not applicable, please explain why.";all public bodies;There are no regional bodies as there are no regions. But open data obligations under the law apply eqally to the state bodies, local administrations and other public bodies. ;Confirm;;
P17;"Is a document describing the responsibilities and governance structure of the national (and/or regional/local) open data team publicly available?

For Explanation:
* If yes, please provide the URL where this information is published. ";yes;"Yes, the law - Act on Access to Public Information states that the national Open Data portal is run by the MPA. The open Data team at the MPA acts as main editors of the OPSI portal and connects the editors at other ministries, state institutions, llocal authorities and public sector bodies. The structure has been explalined also in the Strategic Work Plan for Open Data 2022-2023 (title: Upravljavska struktura portala OPSI):

Link to Strategic Working Plan for Open Data 2022-2023: https://podatki.gov.si/sites/default/files/reports/Odprti%20podatki%20JS%20-%20Strate%C5%A1ki%20delovni%20na%C4%8Drt%202022%202023_0.pdf";Confirm;;
P18;"Is there a regular exchange of knowledge or experiences between the national open data team and the team maintaining the national portal? 

For Explanation:
* If yes, please briefly describe how this exchange takes place and provide evidence supporting your answer (e.g. meeting agendas, URLs to news items).";yes;"On technical level, we have regular meeting with the developer team. 
e.g. in case of preparing APIs we had meetings with the developers and not only main editors but also editors and technical staff at other public sector bodies.
For the content of the portal, we regularly communicate with the editors from other public bodies and have annual meetings with editors of the OPSI portal. Apart form the Manual on Open Data, in 2020 the MPA prepared the Guidelines for developing the applications (within the public sector), which include a chapter on Open Data: https://nio.gov.si/nio/asset/smernice+mju+za+razvoj+informacijskih+resitev-768";Confirm;;
P19;"Does the governance model include the appointment of official roles in civil services that are dedicated to open data (e.g. open data officers)?

For Explanation:
* If yes, please describe how this task is fulfilled at public body level.";yes;"The article 9 of Public Information Access Act says:  Each body shall appoint one or more officials responsible for the transmission of public information.
Directly for the purposes of publishing the information on databases at the national Open data portal, the network of editors has been established with the central role of the main editorial team at the MPA. The communication with the editors is regular.
The Governance model therefore includes a person at a specific public sector body that is a direct contact with the main editors of the OPSI portal at the MPA. These editors are invited to regular events for editors.
In the process is also the intention to appoint open data stewards.";Confirm;;
P20;"Is there a regular exchange of knowledge or experiences between the national open data team and the wider network of open data officers in your country? 

For Explanation:
* If yes, please briefly describe how this exchange takes place and provide evidence supporting your answer (e.g. meeting agendas, URLs to news items).";yes;"Please change the answer to:
There are annual meetings with people responsible for open data;  
- Annual meetings with open data officers 
- Also sharing knowledge via OPSIHub 

The role of a data custodian for the slovenian public sector - workshop 5 june 2023 
Razvoj omrežja skrbnikov podatkov in opredelitev vloge za javni sektor | GOV.SI (https://www.gov.si/novice/2023-06-05-razvoj-omrezja-skrbnikov-podatkov-in-opredelitev-vloge-za-javni-sektor/)

Slovenia hosts international workshop for data providers - 22-23 May 2023 
Slovenija gostila mednarodno delavnico za ponudnike podatkov - 22. in 23. 5. 2023 | OPSI - Odprti podatki Slovenije (gov.si) (https://podatki.gov.si/content/slovenija-gostila-mednarodno-delavnico-za-ponudnike-podatkov-22-23-5-2023)

Open Data Day: Using open data effectively to boost innovation 
Dan odprtih podatkov: Z učinkovito rabo odprtih podatkov do večje inovativnosti | GOV.SI (https://www.gov.si/dogodki/2022-03-04-dan-odprtih-podatkov-z-ucinkovito-rabo-odprtih-podatkov-do-vecje-inovativnosti/)
Dan odprtih podatkov 2022: Z učinkovito rabo odprtih podatkov do večje inovativnosti | Tehnološki park Ljubljana (tp-lj.si) (https://www.tp-lj.si/sl/novice/dan-odprtih-podatkov-2022-z-ucinkovito-rabo-odprtih-podatkov-do-vecje-inovativnosti-2022-03-07)

10 february 2022 - opsi 2021 annual meeting of editors10. februar 2022 - Letno srečanje urednikov portala OPSI 2021 | OPSI - Odprti podatki Slovenije (gov.si) (https://podatki.gov.si/content/10-februar-2022-letno-sre%C4%8Danje-urednikov-portala-opsi-2021)

Slovenia is among the first to set up a network of data stewards
Slovenija med prvimi vzpostavlja omrežje skrbnikov | GOV.SI (https://www.gov.si/novice/2022-12-08-slovenija-med-prvimi-vzpostavlja-omrezje-skrbnikov/)";Change;Yes;"""There are annual meetings with people responsible for open data;  
- Annual meetings with open data officers 
- Also sharing knowledge via OPSIHub 

The role of a data stewards for the slovenian public sector - workshop 5 june 2023 
Razvoj omrežja skrbnikov podatkov in opredelitev vloge za javni sektor | GOV.SI (https://www.gov.si/novice/2023-06-05-razvoj-omrezja-skrbnikov-podatkov-in-opredelitev-vloge-za-javni-sektor/)

Slovenia hosts international workshop for data providers - 22-23 May 2023 
Slovenija gostila mednarodno delavnico za ponudnike podatkov - 22. in 23. 5. 2023 | OPSI - Odprti podatki Slovenije (gov.si) (https://podatki.gov.si/content/slovenija-gostila-mednarodno-delavnico-za-ponudnike-podatkov-22-23-5-2023)

ANNUAL MEETING OF EDITORS OF THE OPSI PORTAL 
8.3.2024
https://podatki.gov.si/content/letno-srečanje-vsebinskih-urednikov-portala-opsi-832024

MEETING ON THE INTERNATIONAL OPEN DATA DAY 
8.3.2024
https://podatki.gov.si/content/srečanje-ob-mednarodnem-dnevu-odprtih-podatkov-832024

ALL-SLOVENIAN HACKATHON - CO-SHAPE THE FUTURE WITH OPEN SCIENCE
April and May 2024
https://podatki.gov.si/content/vseslovenski-hackathon-z-odprto-znanostjo-sooblikuj-prihodnost

Openness and trusted artificial intelligence in practice
23. 5. 2024
https://www.gov.si/dogodki/2024-05-23-odprtost-in-zaupanja-vredna-umetna-inteligenca-v-praksi/


Round table Privacy in open data
23. 5. 2024
https://www.gov.si/dogodki/2024-05-23-okrogla-miza-zasebnost-pri-odprtih-podatkih/"""
P21;"Is there a regular exchange of knowledge or experiences between public sector bodies (i.e. the providers) and open data reusers (e.g. academia, citizens, businesses)?

For Explanation:
* If yes, please briefly describe how this exchange takes place and provide evidence supporting your answer (e.g. meeting agendas, URLs to news items).";yes;"Links:
1.	Seminar papers with students of Faculty of Computer and Information Science – October 2022 and January 2023
2.	Presentation of good practices - an event organized by the EC  Dan odprtih podatkov Slovenije - 2022 Tickets, Fri, Mar 4, 2022 at 10:00 AM | Eventbrite: https://www.eventbrite.com/e/dan-odprtih-podatkov-slovenije-2022-tickets-273719601697?keep_tld=1
3.	Quality Conference 2022 Jubilejna letna konferenca kakovosti 2022 | GOV.SI: https://www.gov.si/novice/2022-05-06-jubilejna-letna-konferenca-kakovosti-2022/
4.	Data Analytics Forum Program - Forum podatkovne analitike (planetgv.si): https://www.planetgv.si/forum-podatkovne-analitike/program/
5.	Legal Clinic - transparentnost.in.integriteta_.razpored.predavanj_za.objavo_.pdf (uni-lj.si): https://www.pf.uni-lj.si/media/transparentnost.in.integriteta_.razpored.predavanj_za.objavo_.pdf
6.	Environmental data and public services Podatki o okolju in javne storitve – 4PDIH: https://4pdih.com/2022/06/01/podatki-o-okolju-in-javne-storitve/";Change;Yes;"""Links:
1.	Seminar papers with students of Faculty of Computer and Information Science – October 2023 and January 2024
2.	15th International Conference """"Corporate Security Days""""
13. 05. — 14. 05. 2024
https://www.ics-institut.si/assets/uploads/images/15-med-2/Program-Dnevi-korporativne-varnosti-2024.pdf

3. Openness and trusted artificial intelligence in practice
23. 5. 2024
https://www.gov.si/dogodki/2024-05-23-odprtost-in-zaupanja-vredna-umetna-inteligenca-v-praksi/

4. Round table Privacy in open data
23. 5. 2024
https://www.gov.si/dogodki/2024-05-23-okrogla-miza-zasebnost-pri-odprtih-podatkih/"""
P22;"Do data publication plans exist at public body level?

For Explanation:
* If yes, please provide the URL and briefly highlight the key aspects covered. ";yes;"The publication plans are included in the Strategic Work Plan for Open Data 2022-2023 with the main focus on municipalities data and datasets of companies providing public services in 2021 – public undertakings (in line with the EU Open Data Directive).
Also, based on the amendments to the Access to Public Information Act as well as the implementaion of the EU regulation- implementating act on HVDs – the current publications plans include the prioritisation of publication of HVDS as Open Data.

At public body level, specific plans to open HVDs and offer them via API is included in the Government Decree that was adopted immediately after the amendments of teh Access to Public Information Act, fully implementing the provisons of the EU Directive on HVDs,in November 2022. The Decree explixitly mentiones the datasets of the Statistical Office, the Surveying and Mapping Authority, the Agency that runs the Slovenian Business Register inter alia.                                                                                                                                                                                    The Strategic Work Plan for Open Data 2022-2023 has taken this into consideration.

Link to Strategic Working Plan for Open Data 2022-2023 : https://podatki.gov.si/sites/default/files/reports/Odprti%20podatki%20JS%20-%20Strate%C5%A1ki%20delovni%20na%C4%8Drt%202022%202023_0.pdf";Confirm;;
P23;"Are there processes to ensure that the open data policies/strategy previously mentioned are implemented (e.g. monitoring)?

For Explanation:
* If yes, please specify the process(es).";yes;"Every month our Open Data Portal team reports to the Project Office at the Ministry of Public Administration on the progress made (regular monthly written reports and meetings).
The implementation according to the action plan is also recorded in the annual report.";Confirm;;
P24;"Do you update your policy/strategy as appropriate to ensure its success, such as based on data collected for monitoring?

For explanation:
* If yes, please describe the process and any recent updates made to strategy/policy";new question;new question;Change;No;"The Strategic Working Plan for Open Data 2022-2023 includes 8. PLANNED MEASURES AND ACTIVITIES IN THE FIELD OF PUBLIC SECTOR DATA OPENING IN 2022 - 2023.                                                                       
Link to Strategic Working Plan for Open Data 2022-2023: https://podatki.gov.si/sites/default/files/reports/Odprti%20podatki%20JS%20-%20Strate%C5%A1ki%20delovni%20na%C4%8Drt%20MJU.pdf"
P25;"Are there any processes in place to assess if public sector bodies are charging for data above marginal cost? (please see directive (EU) 2019/1024 on open data and the reuse of public sector information).

For Explanation:
* If yes, please specify the process(es).";yes;"The article 34a of Public Information Access Act says:
(1) The authority may charge marginal costs for the re-use of data, but may not charge a price.
(2) Notwithstanding the preceding paragraph, it may charge a price for re-use:
-         a body which, in accordance with a plan or program of work or financing, must generate revenue in addition to the budget to cover at least 30% of its costs related to the performance of its public tasks, and
-         library, museum and archive.
(3) In the cases referred to in the preceding paragraph, a price shall be charged for the re-use of information, which may not exceed the costs of collecting, preparing, reproducing and disseminating information and the normal return on investment. The price must be cost-oriented and determined in the normal accounting period and in accordance with the prescribed accounting rules for the authority. The calculation basis for the price is information of a public nature.
(6) The Ministry shall decide that the body may charge a price on the basis of the first indent of the second paragraph of this Article for a period of two years, on the basis of a proposal which must be substantiated by figures from the adopted annual substantive and financial program and report. The body's appeal against the ministry's decision is not allowed, but an administrative dispute is allowed.";Confirm;;
P26-a;"What are the top 3 challenges that your country is facing in the implementation of the mentioned open data policies/strategy?

For Explanation:
* Please briefly describe.";N/A;"Top 3 challenges: 
- Provision of all HVDs via APIs
On the bases of the amendments to the Access to Public Information Act and the Decree (to implement the Open Data Directive in relation to High Value Datasets) as well as the implementing regulation (EU) 2023/138 on high-value datasetsThe PSBs that run datasets categorized as HVDs have been now providing these via APIs.
- The establishment of the new Data Economy unit within the newly established Ministry for Digital Transformation.
-organise trainings for civil servants on Open Data in line with the Programme of Government of Republic of Slovenia to strengthen integrity and transparency in Public Sector 2023-2026 which was adopted in Feb 2023 (measure 3A.1c »TRANSPARENCY – PROMOTE PUBLIC DATA PUBLICATION IN OPEN FORMATS).";Confirm;N/A;
P26-b;"Are there activities in place to address these challenges in your country (e.g. with specific national/regional/local plans or initiatives)?

For Explanation:
* If yes, please briefly describe the measures that you have adopted or plan to adopt to address these challenges. 
* If no, please specifiy what is hampering finding a strategic approach to solve these challenges.";yes;"Activities:
- Provision of HVDs via APIs

We have been co-organising  the “first face-to-face data.europa.eu Workshop” that will take place in Ljubljana from 22-23 May and will be hosted by the Slovenian Ministry of Digital Transformation and the Ministry of Public Administration. The event will bring together member states’ administrations and the EC’s expertise to ensure smooth adoption of the new policy. In the workshop, we will cover the EU policy landscape and discuss how to translate policy to practice ensuring an aligned implementation. Bi-lateral meetings with the public sector bodies - Open Data providers - will follow. 

- The establishment of the new Data Economy unit within new Ministry for Digitalisation.
- Hackathon in September 2022 in Ljubljana, Slovenia, on Health

-	organise trainings for civil servants on Open Data in line with the Programme of Government of Republic of Slovenia to strengthen integrity and transparency in Public Sector 2023-2026 which was adopted in Feb 2023 (the measure 3A.1c »TRANSPARENCY – PROMOTE PUBLIC DATA PUBLICATION IN OPEN FORMATS«). The final aim is to empower public officials and public servants to take into account the relevance of data for the wider benefit of society in the performance of their duties; A specific training course will be prepared anew at the Administrative Academy of the Ministry of Public Administration.
-	Published at: https://www.gov.si/teme/integriteta/ (see below in English)";Change;Yes;"""Activities:
- Provision of HVDs via APIs

ALL-SLOVENIAN HACKATHON - CO-SHAPE THE FUTURE WITH OPEN SCIENCE
April and May 2024
https://podatki.gov.si/content/vseslovenski-hackathon-z-odprto-znanostjo-sooblikuj-prihodnost

-	organise trainings for civil servants on Open Data in line with the Programme of Government of Republic of Slovenia to strengthen integrity and transparency in Public Sector 2023-2026 which was adopted in Feb 2023 (the measure 3A.1c »TRANSPARENCY – PROMOTE PUBLIC DATA PUBLICATION IN OPEN FORMATS«). The final aim is to empower public officials and public servants to take into account the relevance of data for the wider benefit of society in the performance of their duties; A specific training course will be prepared anew at the Administrative Academy of the Ministry of Public Administration.
-	Published at: https://www.gov.si/teme/integriteta/ (see below in English)"""""""
P27;"Are there any activities in place to assist data holders with publishing their data as open data (i.e. to help them with the data opening process)?

For Explanation:
* If yes, please describe/provide examples of these activities.";new question;new question;Change;Yes;"Yes, we have core opendata team (main editors) at the Ministry of Digital Transformation and the Ministry of Public Administration, which helps data holders to publish their data.
On technical level, we have regular meetings with the developer team. 
e.g. in case of preparing APIs we had meetings with the developers and not only main editors but also editors and technical staff at other public sector bodies.
For the content of the portal, we regularly communicate with the editors from other public bodies and have annual meetings with editors of the OPSI portal. Apart form the Manual on Open Data, in 2020 the MPA prepared the Guidelines for developing the applications (within the public sector), which include a chapter on Open Data: https://nio.gov.si/nio/asset/smernice+mju+za+razvoj+informacijskih+resitev-768"
P28;"Is there a professional development or training plan for civil servants working with data in your country? 

For Explanation:
* If yes, please briefly describe these training activities.";yes;"We have several courses for data governance.
This is the list of courses:
1. Data literacy - data gives strength
2. Creating a data opening plan
3. Public sector data management, open data and the OPSI portal
4. From questionnaires to content for decision making
5. Basic statistical methods for data analytics
6. Data analytics
7. Introduction to text mining
8. Data Science for Beginners
9. Data collection with online survey questionnaires
Detailed description for each are here: https://ua.gov.si/aktivnosti/?Tag=459&category=b7dc9176-8c97-e711-8382-00155d010a0f";Change;Yes;"""We have several courses for data governance.
This is the list of courses:
1. """"Data management, interoperability and advanced tools""""
2. """"Data analytics - practical examples""""
3. """"Basic training for working with GIS within GeoHub-SI""""
4. """"The concept of open data and the creation of a plan for opening data""""
5. """"Training of Data Stewards"""""""
P29;"Are there annually held national, regional or local events (e.g. hackathons, courses, conferences, users meet-ups, summer/winter schools) to promote open data and open data literacy in your country beyond the target group of public servants? 
 
For Explanation:
* If yes, please provide examples (e.g. title, date, location of the event and URL).";yes, >9;"1.	Data Analytics Forum Program - Forum podatkovne analitike (planetgv.si): https://www.planetgv.si/forum-podatkovne-analitike/program/
2.	Legal Clinic - transparentnost.in.integriteta_.razpored.predavanj_za.objavo_.pdf (uni-lj.si): https://www.pf.uni-lj.si/media/transparentnost.in.integriteta_.razpored.predavanj_za.objavo_.pdf
3.	Seminar papers with students of Faculty of Computer and Information Science
4.	Annual meeting of content editors 
5.	Quality conference: https://www.gov.si/novice/2022-05-06-jubilejna-letna-konferenca-kakovosti-2022/ 
6.	Dementia – Our Common Challenge https://transformation-lighthouse.com/hackathon-roche/en/main-page/
7.	Days of Slovenian Administration (Digital Breakthrough in the Field of JU) / Open data-based development of e-services XXIX. Dnevi slovenske uprave (29. - 30. 9. 2022) - Svetovalno-izobraževalni center (sic.si)
8.	Heritage project  Predstavitev rezultatov projekta eDediščina: https://www.gov.si/dogodki/2022-11-16-predstavitev-rezultatov-projekta-edediscina/
9.	Environmental data and public services Podatki o okolju in javne storitve – 4PDIH: https://4pdih.com/2022/06/01/podatki-o-okolju-in-javne-storitve/
10.	DEAS Strategy Field Trip: https://www.ljubljana.si/sl/moja-ljubljana/evropska-sredstva-za-ljubljano/projekt-deas/novice-projekta-deas/deas-strategy-field-trip/
11.	Povezujmo z gradniki: https://www.gov.si/dogodki/2022-10-13-povezujmo-z-gradniki/ 
12.	Dogodek Informacijskega pooblaščenca ob Svetovnem dnevu pravice vedeti: https://www.ip-rs.si/novice/dogodek-informacijskega-pooblaščenca-ob-svetovnem-dnevu-pravice-vedeti";Change;Yes, 6-9;"""There are events to promote open data:  

1. The role of a data stewards for the slovenian public sector - workshop 5 june 2023 
Razvoj omrežja skrbnikov podatkov in opredelitev vloge za javni sektor | GOV.SI (https://www.gov.si/novice/2023-06-05-razvoj-omrezja-skrbnikov-podatkov-in-opredelitev-vloge-za-javni-sektor/)

2. Slovenia hosts international workshop for data providers - 22-23 May 2023 
Slovenija gostila mednarodno delavnico za ponudnike podatkov - 22. in 23. 5. 2023 | OPSI - Odprti podatki Slovenije (gov.si) (https://podatki.gov.si/content/slovenija-gostila-mednarodno-delavnico-za-ponudnike-podatkov-22-23-5-2023)

3. ANNUAL MEETING OF EDITORS OF THE OPSI PORTAL 
8.3.2024
https://podatki.gov.si/content/letno-srečanje-vsebinskih-urednikov-portala-opsi-832024

4. MEETING ON THE INTERNATIONAL OPEN DATA DAY 
8.3.2024
https://podatki.gov.si/content/srečanje-ob-mednarodnem-dnevu-odprtih-podatkov-832024

5. ALL-SLOVENIAN HACKATHON - CO-SHAPE THE FUTURE WITH OPEN SCIENCE
April and May 2024
https://podatki.gov.si/content/vseslovenski-hackathon-z-odprto-znanostjo-sooblikuj-prihodnost

6. Openness and trusted artificial intelligence in practice
23. 5. 2024
https://www.gov.si/dogodki/2024-05-23-odprtost-in-zaupanja-vredna-umetna-inteligenca-v-praksi/


7. Round table Privacy in open data
23. 5. 2024
https://www.gov.si/dogodki/2024-05-23-okrogla-miza-zasebnost-pri-odprtih-podatkih/"""
PT1;"Is there a national portal in your country for that enables users to search for open datasets and find where to download open data? 

For Explanation:
* If yes, please provide the URL of the national portal.";yes;https://podatki.gov.si;Confirm;;
PT2;"For Explanation:
* What is the technology stack of your portal (e.g. based on uData, CKAN, etc.)";new question;new question;Change;Yes;we use CKAN
PT3;"Does the national portal offer to its users a way to programmatically query the metadata via an API?

For Explanation:
* If yes, please provide the direct-URL to this feature.";new question;new question;Change;Yes;https://podatki.gov.si/api/view/store/
PT4;"Does the national portal offer to its users a way to programmatically query the metadata via a SPARQL access point?

For Explanation:
* If yes, please provide the direct-URL to this feature.";new question;new question;Change;No;
PT5;"Does the national portal offer/link to documentation on the use of APIs?

For Explanation:
* If yes, please provide the direct-URL to this feature.  ";new question;new question;Change;No;
PT6;"Does the national portal offer/link to documentation on the use of SPARQL? 

For Explanation:
* If yes, please provide the direct-URL to this feature.  ";new question;new question;Change;No;
PT7;"Does the national portal provide functionality for users to contribute datasets they have produced or enriched? 

For explanation:
* If yes, please (1) explain how  the portal facilitate the linking of documentation and supporting materials to these user-contributed datasets and (2) provide the direct-URL to this feature.";new question;new question;Change;No;
PT8;"Does the national portal offer a mechanism for users to provide general feedback, such  a 'Contact us' or 'Feedback' button that is placed in a visible spot and would allows users to send a general comment concerning the portal?

For Explanation:
* If yes, please provide the direct-URL to this feature or describe how this functionality is provided.";yes;https://podatki.gov.si/kontakt;Confirm;;
PT9;"Does the national portal offer a mechanism for users to provide feedback on specific datasets, such as a 'feedback button' or a comment/discussion section under the dataset?

For Explanation:
* If yes, please provide the direct-URL to this feature or describe how this functionality is provided.";yes;"We have both, a feedback button on a dataset level and a comment section under all datasets. 
https://podatki.gov.si/dataset/report_opsi_issue/prvic-registrirana-vozila-po-mesecih
 https://podatki.gov.si/dataset/prvic-registrirana-vozila-po-mesecih";Complement;;"the feedback given via the ""Piši uredniku"" button goes directly to the editor of the dataset."
PT10;"Does the national portal provide a mechanism for users to rate datasets?

For Explanation:
* If yes, please provide the direct-URL to this feature or describe how this functionality is provided.";yes;every dataset has a like button https://podatki.gov.si/dataset/prvic-registrirana-vozila-po-mesecih;Confirm;;
PT11;"Does the national portal enable users to find information and news on relevant open data topics in the country?

For Explanation:
* If yes, please provide the direct-URL to this feature.  ";yes;https://podatki.gov.si/knjiznica/novice;Confirm;;
PT12;"Does the national portal offer the possibility for users to receive notifications when new datasets are available on the national portal (RSS, ATOM feeds, email notifications etc.)?

For Explanation:
* If yes, please provide the direct-URL to this feature.  ";no ;;Confirm;;
PT13;"Does the national portal enable users to request datasets, such as through a ""request data"" button? 

For Explanation:
* If yes, please provide the direct-URL to this feature or describe how this functionality is provided.";yes;https://pops-test.xlab.si/datarequest;Change;Yes;"URL: https://podatki.gov.si/datarequest 
there was a problem on our end, it should be working now"
PT14;"Are requests for datasets and their progress status presented in a transparent manner on the national portal? 

For Explanation:
* If yes, please provide the direct-URL to this feature.  ";yes;https://pops-test.xlab.si/datarequest;Change;Yes;"URL: https://podatki.gov.si/datarequest 
there was a problem on our end, it should be working now"
PT15;"Does the team monitor the extent to which requests (either via the portal or otherwise) result in the publication of the requested data?

For Explanation:
* If yes, please describe how this monitoring is conducted.";yes;Open Data team are the ones who approve every new dataset and we monitor the responsiveness of the organs.;Confirm;;
PT16;"Does the national portal offer a mechanism for users to exchange with others, such as a discussion forum?

For Explanation:
* If yes, please provide the direct-URL to this feature or describe how this functionality is provided.";yes;Each dataset has a comments section, example: https://podatki.gov.si/dataset/spremljanje-covid-19-v-bolnisnicah-episari, Disscussion forum is at the bottom of the page.;Confirm;;
PT17;"Does the national portal showcase reuse cases, such as in a designated section of the portal?

For Explanation:
* If yes, please provide the direct-URL to this feature. ";yes;https://podatki.gov.si/aplikacije/vse;Confirm;;
PT18;"Does the national portal reference the datasets that the showcased reuse cases are based on (i.e. there is a link between the reuse case in the showcase and the underlying dataset on the portal)?

For Explanation:
* If yes, please provide the URL to this feature/to an example documenting this feature.";yes;Every use case has a feild Used datasets example: https://podatki.gov.si/aplikacije/avtolog  ;Confirm;;
PT19;"Does the national portal provide the possibility for users to submit their own reuse cases?

For Explanation:
* If yes, please provide the direct-URL to this feature. ";yes;https://podatki.gov.si/aplikacije/dodaj;Confirm;;
PT20;"Does the national portal offer a preview function for tabular data?

For Explanation:
* If yes, please provide the URL to an example documenting this feature.";yes;https://podatki.gov.si/dataset/stevilo-zaposlenih-na-podlagi-opravljenih-ur/resource/45acd4e2-1bda-478e-a57a-b387fcff964e;Confirm;;
PT21;"Does the national portal offer a preview function for geospatial data?

For Explanation:
* If yes, please provide the URL to an example documenting this feature.";yes;https://podatki.gov.si/dataset/urejene-kolesarske-poti-v-mestni-obcini-koper/resource/fe4cfd84-6a56-44fe-9c9f-2adaf6d987c9;Confirm;;
PT22;"Do you promote high-value datastes on your national portal (e.g. use filtering features for reusers to easily find such datasets, use editorial features to promote the datasets, etc.))?

For Explanation:
* If yes, please specify how and highlight challenges if any. 
* If you are an EFTA or a candidate country to the EU, please select 'not applicable'.";new question;new question;Change;Yes;"We added a filter for HVD 
"
PT23;"Do you monitor the portal's traffic (e.g. in terms of number of unique visitors, visitor profiles, percentage of machine traffic, number of downloads according to the number of datasets etc.)? 

For Explanation:
* If yes, which tool(s) do you use?";yes;Matomo;Confirm;;
PT24;"Do you run analytics on API usage?

For Explanation:
* If yes, please briefly (1) describe your process and (2) how you use the insights to improve the portal";yes;N/A;Confirm;;
PT25;"Besides monitoring portal traffic, do you perform any further activities to better understand the behaviour and needs of users of your portal (e.g. web analytics, surveys, or analysis of social media feeds)?

For Explanation:
* If yes, please (1) specify the activities and explain (2) how they help you understand user needs";yes;"Please change the answer to:
We gained information about which datasets were popular amongst users. With the information about which datasets are popular we could make sure those datasets are always up to date.  
They are under the microscope for quality and timely refreshing.

We gather web analytics with Matomo. And based on this data we prepare some activities to promote different datasets and change data format if this is user demand.";Change;Yes;"We also regularly monitor social media networks and news in the media.
Based on these activities, we then take a proactive approach to addressing the challenges highlighted."
PT26;"Do you used the insights about portal usage and about the behaviour and needs of portal users to improve the portal accordingly?

For Explanation:
* If yes, please explain your process for improving the portal based on user insights and feedback
* If relevant, kindly highlight some improvements made in the past year";new question;new question;Change;Yes;Based on regular analyses of the use of the portal, we have added new functionalities, such as an additional request to publish new data, additional filters to make it easier to search the HVDs datasets and local community data.
PT27;"Do you undertake any activities to promote the portal and attract new users or new audiences?

For explanation:
* If yes, please (1) explain what activities your perform, and (2) mention if these activities are directed at any specific target audience (e.g. business, public sector, academia, etc.)";new question;new question;Change;Yes;We take part in different promotional activities, such as hackathons, lectures at universities, organize different events for businesses and public sector..
PT28;"Do you monitor what keywords are used to search for data and content on the portal?

For Explanation:
* If yes, please briefly (1) describe your process and (2) how you use the insights to improve the portal";new question;new question;Change;Yes;We do so using Matomo. We make sure that proper datasets are aquipt with the right keywords.
PT29;"Do you monitor the most and least consulted pages?

For Explanation:
* If yes, please briefly (1) describe your process and (2) how you use the insights to improve the portal
* For informational purposes, kindly provide the URLs to the five most popular datasets on the portal";new question;new question;Change;Yes;"We use matomo to see which dataset is the most visited. With the information about which datasets are popular we could make sure those datasets are always up to date.  They are under the microscope for quality and timely refreshing.
1. https://podatki.gov.si/dataset/prvic-registrirana-vozila-po-mesecih
2. https://podatki.gov.si/dataset/evidenca-registriranih-vozil-presek-stanja
3. https://podatki.gov.si/dataset/surs0400605s
4. https://podatki.gov.si/dataset/stevilo-zaposlenih-na-podlagi-opravljenih-ur
5. https://podatki.gov.si/dataset/najvisja-izplacila-v-javnem-sektorju-po-mesecih"
PT30;"Do you take measures to optimise the search and discoverability of content (data and editorial)? 

For Explanation:
*If yes, please briefly describe how your optimise the search";yes;We add searched words to appropriate datasets as keywords;Confirm;;
PT31;"Is the metadata on your portal available in clear plain language to enable both humans and machines to read and understand it? 

For Explanation:
*If yes, please provide the URL to an example documenting this feature.";yes;;Complement;;https://podatki.gov.si/dataset/poslovni-register-slovenije
PT32;"To what degree do public sector data providers contribute data to the portal? 

For Explanation:
*Please describe what is the agreed approach.
* If less than the majority of data providers, please briefly explain why (e.g. technical incompatibilities, governance aspects, low awareness etc.).";all public sector data providers;We have two approaches to publishing datasets on the portal. The first is by harvesting the datasets from data provider’s servers or services (Statistical Office, Bank of Slovenia, Ministry of Foreign Affairs,.. ). The second method is were data providers publish datasets manually. They can appoint one editor to collect all of their metadata and datasets and then he/she publishes it on the national portal. Or they mandate that each editor must publish their own metadata and datasets.  ;Confirm;;
PT33;Do you identify the data providers that are not yet publishing data on the national portal?;yes, or all public sector data providers already publish data;N/A;Confirm;;
PT34;"Were there concrete actions taken to assist these data providers with their publication process?

For Explanation:
* If yes, could you provide some examples of the actions taken in this regard.";yes, or all public sector data providers already publish data;"We have 2-way approach.
One is through chambers or other organisational structure of such is Community of the municipalities of Slovenia.
Second is meetings with every state body individually to assess what would be the best approach to publishing for them, either harvesting or for the editors to manually publish the data. If publishers had problems we helped them step-by-step.";Confirm;;
PT35;"Besides the national open data portal, are there other regional and local portals? 

For Explanation:
* If yes, please provide a complete list and the links to these portals.";yes;https://mol-ljubljana.hub.arcgis.com/;Confirm;;
PT36;"Are regional and local portals listed above and their data sources discoverable via the national portal? 

For Explanation:
* If not applicable, please briefly explain why. ";yes;;Confirm;;
PT37;"To what degree are  regional and local sources harvested automatically? 

For Explanation:
* If less than the majority of existing sources is harvested by the national portal, please briefly explain why.                        
* If not applicable, please briefly explain why. ";not applicable;"There are no regional bodies as there are no regions. But open data obligations under the law apply eqally to the state bodies, local administrations and other public bodies. 
Since we have a lot of small municipalities there in no economic reason to have local open data portals, since they publish their data on national open data portal. Only one exception is for the capital of Ljubljana.";Confirm;;
PT38;"Does the national portal include datasets that are real-time or dynamic?

For Explanation:
* If yes, please provide URLs to real-time and/or dynamic data featured via the national portal. ";yes;"The dataset Data on the quality of ambient air and precipitation features real time data (https://podatki.gov.si/dataset/podatki-o-kakovosti-zunanjega-zraka-in-padavin-pm10-o3-so2-co-nox-voc-sestava-delcev-kakovost-padavi).
Application made with dynamic data for traffic closed roads and traffic density (https://podatki.gov.si/aplikacije/cestne-kamere).";Confirm;;
PT39;"Does the national portal provide a way for non-official data (i.e. not stemming from official sources, such as community-sourced/citizen-generated data) to be published? 

For Explanation:
* If yes, please explain how non-official data is distiguished for offical data (e.g. using a different section of the portal or tags) 
* And please provide a URL to an example of a non-official dataset on the portal ";new question;new question;Change;No;
PT40;"Does the national portal allow users to see what data exists but cannot be made available as open data?

For Explanation:
* If yes, please (1) provide the URL to an example and (2) briefly describe the approach used to ensure this transparency.";yes;Here is the link to all datasets which are comply with EU Data Governance Act: https://podatki.gov.si/data/search . From this list, we have a filter for datasets which are published as open data. Here is the link to open data: https://podatki.gov.si/data/search?open_data=True;Confirm;;
PT41;"Does the national portal have a strategy to ensure its sustainability?

For Explanation:
* If yes, please (1) provide the URL to this document and (2) describe the main measures to keep the portal running in the long-term and continue to serve its audience";new question;new question;Change;Yes;"We have updated this in new Strategic Work Plan for Open Data 2022-2023.

Link to Strategic Working Plan for Open Data 2022-2023: https://podatki.gov.si/sites/default/files/reports/Odprti%20podatki%20JS%20-%20Strate%C5%A1ki%20delovni%20na%C4%8Drt%202022%202023_0.pdf"
PT42;"Is your national portal active on social media? 

For Explanation:
* If yes, please provide the URL(s) to your social media accounts. ";yes;"https://twitter.com/mju_RS 
https://www.facebook.com/MinistrstvoZaJavnoUpravo/ 
https://www.instagram.com/mju_RS";Complement;;"As of April 2023 the team is divided between two ministries, therefore the posts are also on social media of Ministry of Digital Transformation
https://www.facebook.com/digitalSLO
https://www.linkedin.com/company/digitalslo
https://twitter.com/digitalSLO
https://www.instagram.com/digitalslo"
PT43;"Are the portal’s source code and relevant documentation and artefacts made available to the public (e.g. on platforms such as GitHub or GitLab)?

For Explanation:
*If yes, please provide the (1) platform name and (2) the URL to the portal’s account on this platform.";yes;"https://podatki.gov.si/assets/PortalOPSI.zip

Additional clarification:
For now, the source code is made available on the actual portal in a zip file, due to our internal security measures. ";Confirm;;
PT44;"Do you monitor the characteristics of the data published on the portal, such as the distribution across categories, static vs. real-time data and how these change over time?

For Explanation:
* If yes, please provide the direct-URL to this feature";yes;"Please change the answer to:
Every year we publish an annual report with statistics regarding openness, distribution across categories. There is also a chapter where we compare the changes through time. 
https://podatki.gov.si/sites/default/files/reports/poro%C4%8Dilo%202022.pdf

Distribution across categories is also visible on the first page of the portal.";Complement;;new report https://podatki.gov.si/sites/default/files/reports/poro%C4%8Dilo%202023.pdf
PT45;"Does this monitoring enable the portal team and/or data providers to take action to improve their performance on the national portal?

For Explanation:
* If yes, please (1) explain how and (2) if applicable provide the direct-URL to this feature.";yes;"Please change the answer to:
They can see the number of visitors of every dataset and the annual reports are publicly available. 
https://podatki.gov.si/sites/default/files/reports/poro%C4%8Dilo%202022.pdf

We see what dataset is in demand and make sure it is up to date. The publishers who see their datasets are frequently visited also have more incentive to update the dataset more often.";Complement;;new report https://podatki.gov.si/sites/default/files/reports/poro%C4%8Dilo%202023.pdf
Q1;"Is there a pre-defined approach to ensure that metadata is kept up-to-date?

For Explanation:
* If yes, please briefly describe your approach.";yes;"The approach is actually well defined in the Governmental decision on Editorial Policy which obliges all ministries and public bodies (sectoral editors) to publish and maintain data. The data or datasets to be published must first be approved by the Sectoral Editor and after that also by the Chief Editor. The task of the editors is also to maintain data, that is make sure that they are up to date
Gov. decision n.b.38200-17/2013/3  (http://vrs-3.vlada.si/MANDAT13/vladnagradiva.nsf/71d4985ffda5de89c12572c3003716c4/384a4d9329d25d8fc1257c4400332ab0?OpenDocument)

In addition, the Manual on Open Data enlists as one of the main principles, the principle that the data provided must be up to date; see:  the principle No. 3: »Ažurnost« (https://podatki.gov.si/posredovanje-podatkov/principi-odprtih-podatkov)";Confirm;;
Q2;"What percentage of the metadata on the national portal is obtained from the source automatically, rather than edited manually? 

For Explanation:
* Please describe (1) the workflows you have to automate the harvesting of metadata and (2) for which types of data these apply to";new question;new question;Change;90-99%;Sources prepare three csv files (New, Update, Delete) with new metadata which we then modify.
Q3;"What is the average delay from the moment the metadata describing a dataset is updated at the source, and the moment the change is visible on the portal?

For Explanation:
* Please explain the approach for updating metadata in a timely manner";new question;new question;Change;Within one day;We run the scripts every night, between one and three AM.
Q4;"Do you undertake efforts to ensure that published data covers the full period from when it was first published until today, for example,the complete time series?

For Explanation:
* If yes, please explain the measures in place to ensure complete series of datasets";new question;new question;Change;Yes;"In cases where there is a time series of datasets, data owners are also obliged to publish time series from the date of creation.
We offer help with publishing, either manually or via APIs."
Q5;"Have you implemented the DCAT-AP High Value Datasets (semiceu.github.io) tag to denote the High-Value Datasets in your (national) open data portal(s)?

For Explanation:
* If yes, please specify how and highlight challenges if any.
* If you are an EFTA or a candidate country to the EU, please select 'not applicable'.";new question;new question;Change;Yes;"Yes, we are ensuring the interoperability of high-value datasets with other countries. To enable this, we are fully implemented INSPIRE directive, which have a common data model and it is enablig users to use datasets from different countries in interoperable way. Also we enabling meteorogical dataset to be used in another country. Also is possible for the statistical data and datasets from bussines registry.
Also environmental data which we report to European bodies, have data model, which enable to user can use this data in interoperable way.
We also harmonize the metadata from the national Geoportal with national Open Data Portal. In the metadata profile we also use international standards (DAT-AP, ISO, ...)."
Q6;"Besides the DCAT-AP tag mentioned above, have you implemented any other measures to ensure that high-value datasets ((EU) 2023/138) are interoperable with datasets of other country?

For Explanation:
* If yes, please specify how and highlight challenges if any.
* If you are an EFTA or a candidate country to the EU, please select 'not applicable'.";new question;new question;Change;Yes;All HVDs data have a legal basis in other EU rules, which also ensure adequate interoperability. And this measures are enough to ensure interoperability with other countries.
Q7;"Do you monitor the quality of the metadata available on your portal?

For Explanation:
* If yes, please briefly explain how this monitoring takes place. 
* If applicable, please provide the URL to this monitoring mechanism.";yes;"Please change the answer to:
Each metadata description of dataset is subject to editorial review. With this we managing the quality of metadata. Also we have set of 18 atributes which are mandatory to be filled up. The following procedure in describet in the internal document, which we can send it to you. Also every metadata also have star rating for openess based on Tim Berner's Lee openess. 
 
Editorial review procedure: 
When the content editor has submitted the collection for publication, the editor-in-chief receives a notification that the draft description is in confirmation. 
The editor-in-chief has the option to approve or reject the collection. If he approves the collection, the collection is accessible public, the content editor receives a notification that the collection has been approved and published. In case of refusal, he must the editor-in-chief to write the reason why the collection is rejected. In this case, the content editor receives a notification, that the publication is rejected and must be corrected in accordance with the instructions, or to complete and after completion resend to editing for approval.";Confirm;;
Q8;"Do you publish information on the quality of the metadata available on the portal?

For Explanation:
* If yes, please provide the URL to this section. ";yes;"Please change the answer to:
We have an internal dashboard, that shows the compliance with DCAT-AP. We publish this data periodicaly for the public. 
DCAT-AP | OPSI - Odprti podatki Slovenije (gov.si): https://podatki.gov.si/content/dcat-ap";Confirm;;
Q9;"Do you publish guidelines (e.g. written materials) and have tools in place, to assist publishers in publishing high-quality metadata? 

For Explanation:
* If yes, please (1) briefly describe this material and (2) provide the URLs to these materials and/or tools.";new question;new question;Change;Yes;"There are two chapters in the Open Data Publication Manual that help editors to produce high-quality metadata descriptions.

1. Metadata 
- Human and machine reading of metadata 
- Descriptive, locational, structural and administrative metadata 
- Metadata principles 
- Open standards for metadata 
- List of mandatory metadata under the Access to Public Information Act 
2. Establishment and maintenance of data and metadata 
- Data and metadata lifecycle"
Q10;"Do you set any standards on metadata quality that data providers must abide by (e.g. on the use of licence, minimum metadata describes, use of certain DCAT-AP properties, etc)

For Explanation:
* If yes, please describe the standards you have in place, i.e. what is minimum information the metadata should describe ";new question;new question;Change;Yes;The Regulation on the provision and re-use of public information sets out the attributes that data providers must fulfil (url: https://pisrs.si/pregledPredpisa?id=URED6941). Before public release, these descriptions are reviewed by the Editor-in-Chief, who will approve or reject the publication of the metadata description of the dataset if it does not meet the required standards.
Q11;"Do your open data publication/licensing guidelines provide recommendations for the use of Creative Commons (CC) licences, specifically CC BY 4.0 and CC0?

For Explanation:
* If yes, is this mandatory (e.g. prescribed by law) or recommended?
* Please provide a URL link to the guidelines";new question;new question;Change;Yes;We are using CC BY by default and there is no need to have any other licence.
Q12;What percentage of the open data available on the national portal is accompanied by licensing information? ;>90%;N/A;Confirm;;N/A
Q13;How many different licences are used on your portal?;1-4;N/A;Confirm;;N/A
Q14;"Besides providing guidelines, are there regular activities conducted or mechanisms in place to  assist publishers in supplying high-quality datasets (metadata quality and data quality)?

For Explanation:
* If yes, please explain the support you provide?";new question;new question;Change;Yes;"Each metadata description of dataset is subject to editorial review. With this we managing the quality of metadata. Also we have set of 18 atributes which are mandatory to be filled up. 

Editorial review procedure: 
When the content editor has submitted the collection for publication, the editor-in-chief receives a notification that the draft description is in confirmation. 
The editor-in-chief has the option to approve or reject the dataset. If he approves the dataset, the dataset is accessible public, the content editor receives a notification that the datasez has been approved and published. In case of refusal, he must the editor-in-chief to write the reason why the dataset is rejected. In this case, the content editor receives a notification, that the publication is rejected and must be corrected in accordance with the instructions, or to complete and after completion resend to editing for approval.  

We always provide assistance to all the editors if they need help bettering their metadata or the data itself e.g. converting xls to open formats."
Q15;"Does the national portal follow the DCAT-AP framework or, if not, are standards in place to ensure interoperability with DCAT-AP?

For explanation:
* If the  portal follow the DCAT-AP framework, please describe how compliance with DCAT-AP is ensured
* If the portal does not follow the DCAT-AP framework, please describe how interoperability with DCAT-AP is ensured";new question;new question;Change;Yes;Link: https://podatki.gov.si/content/profil-aplikacije-dcat-ap-povezave-do-dodatnih-gradiv
Q16;What is the percentage of metadata on your portal that is DCAT-AP compliant, in terms of mandatory classes? (agent, catalogue, dataset, literal, resource);>90%;;Confirm;;N/A
Q17;What is the percentage of metadata on your portal that uses DCAT-AP recommended classes? (category, category scheme, distribution, licence document);>90%;;Confirm;;N/A
Q18;What is the percentage of metadata on your portal that uses DCAT-AP optional classes? (catalogue record, checksum, document, frequency);>90%;;Confirm;;N/A
Q19;"Is there a national extension of the DCAT-AP standard developed for your country? 

For Explanation:
* If yes, please (1) briefly outline the reasons for this decision, and (2) what the main differences between the national variation and the EU standard are.
* If applicable, please provide the URL to the documentation of the national DCAT-AP extension.";no ;;Confirm;;
Q20;"Do you investigate the most common causes for the lack of DCAT-AP compliance?

For Explanation:
* If yes, what are the main causes for the lack of DCAT-AP compliance?";new question;new question;Change;No;"Since we have more than 90% we do not see the significance after detailed research. Each published collection is DCAT-AP compliance. We have a dashboard in which we see the % of complience, the dashboard is visible only for general editors. 
We didn’t investigate because the compliance is high."
Q21;What is the percentage of datasets whose metadata provides a reference to where the data can be downloaded, or its API accessed (“download-URL” in the DCAT-AP specification)?;71-90%;N/A;Confirm;;N/A
Q22;What is the percentage of datasets whose metadata provides a reference to a web page from where the data can be accessed (“access-URL in the DCAT-AP specification)?;71-90%;N/A;Confirm;;N/A
Q23;"Do you use a model (such as the 5-Star Open Data or FAIR) to assess the quality of deployment of data in your country?

For Explanation:
* If yes, please briefly describe.";yes;We are using 5-star open data model rating system.;Confirm;;
Q24;"Do you conduct activities to promote and familiarise data providers with ways to ensure higher quality data?

For Explanation:
* If yes, please briefly describe.";yes;The publishers learn about 5-star open data at the courses at the Administrative Academy. A whole chapter/segment is dedicated to 5-star open data.;Confirm;;
Q25;What percentage of datasets are made available under an open licence? ;>90%;N/A;Confirm;;N/A
Q26;What percentage of licences are provided in a structured data format?;71-90%;N/A;Confirm;;N/A
Q27;What percentage of datasets are provided in an open and machine-readable format?;71-90%;N/A;Confirm;;N/A
Q28;What percentage of datasets consistely use Uniform Resource Identifiers?;<10%;N/A;Confirm;;N/A
Q29;What percentage of datasets link to other renowned sources to provide additional context for the users, e.g. in a linked data fashion?;>90%;N/A;Confirm;;N/A
I1;"Do you have a definition of open data reuse in your country?
 
For Explanation:
* If yes, please specify it.";yes;The article 4 of Public Information Access Act says: (3) Re-use of information of a public nature means use by natural or legal persons for gainful or non-gainful purposes except for the original purpose within the public task for which the documents were prepared. The use of information for the performance of public tasks in a body or the exchange of information between bodies for the performance of public tasks shall not be considered as re-use of information.;Confirm;;
I2;"Are there any processes in place to monitor the level of reuse of your country's open data?
 
For Explanation:
* If yes, please (1) briefly describe these processes and (2) provide the URLs to support the answer.";yes;"New monitoring frameworks are added at upgrades of the portal OPSI, the monitoring app Matomo is in the process of upgrade.

As part of access to public information, we are aware that monitoring re-use by public institutions is important for raising quality. Therefore, we encourage individual data providers to monitor and measure reuse. Therefore, some public organizations, such as GURS (Surveying and Mapping Authority), have prepared an agreement on the use of access services in the form of SLA. The use of data has been monitored, systematically since 2005, also for electronic transmission and access services. Application monitoring is performed with the help of business analytics within the BI data warehouse and through web analytics at the portal level. With advanced users who have specific business requirements for the use of services and information in real time, they conclude simple mutual agreements in which mutual relations are defined. The purpose of monitoring the use and concluding agreements is to provide users with an appropriate service and a stable environment according to their needs. All information relevant to users is regularly published on the web portal. A helpdesk is also available to users.";Confirm;;
I3;"Are there any activities in place to encourage public bodies to monitor the reuse of their own published data (e.g. incentives or obligations in place for public bodies or civil servants of national government)?
 
For Explanation:
* If yes, please (1) briefly describe these activities/incentives and (2) provide the URLs to support the answer.";yes;For public access to data through the OPSI portal, a central web-analytics system is used, which is used by all bodies that publish data on the OPSI portal. We use Matomo software to measure web-analytics. Access to this system is internal, but we also publish annual report of re-use. Here is link to annual report: https://podatki.gov.si/sites/default/files/reports/poro%C4%8Dilo%202022.pdf;Confirm;;
I4;"Does your country have processes in place to monitor and measure the level of reuse of high-value datasets ((EU) 2023/138)?
 
For Explanation:
* If yes, please specify how and highlight challenges if any. 
* If you are an EFTA or a candidate country to the EU, please select 'not applicable'.";new question;new question;Change;Yes;For public access to data through the OPSI portal, a central web-analytics system is used, which is used by all bodies that publish data on the OPSI portal. We use Matomo software to measure web-analytics.
I5;"Has your government specified what 'impact of open data' means (e.g. in a strategy document)?
 
For Explanation:
* If yes, how do you define the impact of open data in your country? 
* If possible, please provide a URL to a public document describing it.";yes;"A definition is contained in the Strategic Working Plan for Open Data 2022-2023. It states that the Open Data have impacts primarily on 4 main areas: 1) transparency of the work of public institutions (anti-corruption; political impact), 2) innovative digital economy, 3) solving environment related problems (smart cities), 4) efficient functioning and data-driven decisions of the public institutions.
Yes, this definition is still valid.

Link to Strategic Working Plan for Open Data 2022-2023: https://podatki.gov.si/sites/default/files/reports/Odprti%20podatki%20JS%20-%20Strate%C5%A1ki%20delovni%20na%C4%8Drt%202022%202023_0.pdf";Confirm;;
I6;"Do you have a methodology in place to measure the impact of open data in your country?
 
For Explanation:
* If yes, please briefly describe the key points of this methodology.";no;;Confirm;;
I7;"Is there collaboration between government and civil society or academia to create open data impact in your country?

For Explanation:
* If yes, please provide an example
* If possible, URLs to such projects and collaborations.";yes;"We have established cooperation with several Faculties:
- Faculty of Computer and Information Science, University of Ljubljana
- Faculty of Electrical Engineering (FEE), University of Ljubljana
- Faculty of Electrical Engineering and Computer Science, University of Maribor
- Faculty of Public Administration, University of Ljubljana
-Faculty of Law, University of Ljubljana

Links to FRI collaboration with students.
12. 1. 2021 Predstavitev seminarskih nalog na temo odprtih podatkov s področjih dela državnih organov: https://podatki.gov.si/content/predstavitev-seminarskih-nalog-%C5%A1tudentov-fri                                                                 

Links of cooperation with academia:
- https://podatki.gov.si/content/predstavitev-seminarskih-nalog-%C5%A1tudentov-fri
- https://4pdih.com/opsi-pomoc-delavnica/
- https://ltfe.org/blog/odprti-podatki-slovenije-delavnica-o-uporabi-portala-opsi/
- https://dih.um.si/oglejte-si-posnetek-delavnice-opsi-hub-izkoristimo-moc-odprtih-podatkov/";Confirm;;
I8;"Have any public bodies in your country launched or performed any activities in the past year to understand which and how (open) datasets are reused?

For Explanation:
* If yes, which of the following activities?
* Multiple answers are possible.";yes;N/A;Confirm;;N/A
I8-a;Automated feedback mechanisms tracking users´ access to datasets;new question;new question;Change;Yes;For public access to data through the OPSI portal, a central web-analytics system is used, which is used by all bodies that publish data on the OPSI portal. We use Matomo software to measure web-analytics. And in that system is also automated feedback mechanisms tracking users´ access to datasets.
I8-b;Surveys;new question;new question;Change;No;
I8-c;Interviews/workshops with reusers;new question;new question;Change;Yes;We organized workshop with use cases.
I8-d;Other;new question;new question;Change;No;
I9;"Have any public bodies in your country launched or performed any activities in the past year to better understand reusers' needs in order to further stimulate the reuse of open data?

For Explanation:
* If yes, which of the following activities have been performed? Please describe how the activity has helped you better stimulate reuse.
* Multiple answers are possible.";yes;N/A;Change;Yes;N/A
I9-a;Regular feedback sessions with portal users ;new question;new question;Change;Yes;We are organizing regular events where users can share their views and give us feedback. Also inthe portal we have feedback mechanism.
I9-b;Social media sentiment analysis ;new question;new question;Change;Yes;We have Linkedin profile, where can users also send us feedback. We also analysing feedback in our social media.
I9-c;Other;new question;new question;Change;No;
I10;"Have any public bodies in your country developed any systematic way of gathering reuse cases?

For Explanation:
* If yes, please provide a brief explanation of the process: How does the gathering happen? ";yes;On national Open Data Portal which is managed by Ministry of Public Administration (managing the editors and policy) and Ministry of digital transformation (managing the technical part of portal and also working on policy), the users are encouraged to publish their aplications reusing open data as the use case of the reuse.  The OPSI portal thus serves as the one -stop-point for showing various OD use cases.;Confirm;;
I11;"Are there any public bodies in your country that have developed a systematic ways of classifying the gathered reuse cases?

For Explanation:
* If yes, please provide a brief explanation of the process: According to which categories are reuse cases classified (e.g. by policy field)?";yes;"On national Open Data Portal which is managed by Ministry of Public Administration (managing the editors and policy) and Ministry of digital transformation (managing the technical part of portal and also working on policy, we have options for the users to publish their aplications where have reuse open data. During the process of publishing their application, they must describe it by filling the required fields: These are:
- Name of application
- Summary
- URL
- Name of developer
- Publisher name
- Publisher e-mail
- Some images of aplications
- Category of re-use
So, the re-use cases, that is applications,  are classified by categories, which are the same as they are on the Open Data Portal in Slovenia, which are also similar to data.europe.com categories.";Confirm;;
I12;"Is any data on the impact created by open data on governmental challenges (e.g. efficiency, effectiveness, transparency, decision-making capacity) available in your country such as from research studies, impact assessments, or other systematic investigations that quantify the results or broader effects of open data being reused?

For Explanation:
* If yes, please (1) specify what kind of data source proves this impact and (2) provide the URLs to this data.";yes;"Please change the answer to: 
1. The present studyis based on the results of the target research project (CRP) Design of information solutions for decision-making about CAP (ITzaCAP) based on data. The purpose of CRP ITzaSKP was to encourage the opening of public administrative (micro) data in agriculture in Slovenia for as many purposes as possible, including or above all those that were not defined when the data was created. The project took place in the context of new social expectations and needs in the field of agriculture and in related fields and in the context of the possibility of using information technology. 

It was based on data science – the disciplines of social science and information science. In this way, it complemented other related projects, mostly in the field of agrarian economics, which pursued the goal of using data for a specific objective and/or in a specific area of agriculture. The project was financed by the Ministry of Agriculture, Forestry and Food (MKGP) and the Public Research Agency of the Republic of Slovenia.
Link to study OPENING DATA IN SLOVENE AGRICULTURE FOR FACT-BASED DECISION-MAKING: https://www.fdv.uni-lj.si/docs/default-source/zalozba/acmo-22-21-12-2021.pdf?sfvrsn=2 


2. The Slovenian case  of ERAR (a web site of the Slovenian Commission for Prevention of corruption providing for the transparency of public spending via publishing open data) has been recognised as a best practice by the EC in their 2023 Handbook of good practices in the fight against corruption. 

https://home-affairs.ec.europa.eu/news/handbook-good-practices-fight-against-corruption-2023-02-15_en  

See page 46: 

2.2.4 Slovenia: Combining Open Data sources for public reuse - ERAR online application


Additional clarification:
In terms of data demand, there is a comparison with the FLINT project indicators which was focused on the FADN base, showed that it is possible in Slovenia with help of public administrative resources to provide (at least partial) microdata for as much as a third from around 30 economic ones (investments and insurance - based on measures, duration of farms, quality schemes, exposure to risks - non-agricultural activities), environmental (permanent grasslands, areas with ecological importance, potential calculations TGP with the help of standard factors) and social indicators (involvement in Education and Training).

On the basis of expressed needs and assessed possibilities for data analytics, we within the  framework of the experiment, obtained data from AKTRP for farms included in the system of agricultural subsidies (approximately 57,000 farms) for the period 2015-2019 (the current CAP cycle), which include up to about 400 variables on an annual basis. From MKGP (RKG) also obtained data on land (using) surfaces. We are data combined at the KMG unit level and performed some test tasks in the freely available and open source software environment (Orange). It was not the purpose of the experiment identifying individual cause-and-effect relationships and predicting, but also showing the potential of data for various analytical tasks in a more time-efficient way and generally accessible way and evaluating data systems from the point of view of data analytics based on practical IT problems that arose during the experiment appeared.

The experiment confirmed that the data has tremendous potential, but the obstacles are the knowledge of the structure of the resources and the necessary different knowledge and competences for meaningful use and interpretation. Obtaining, combining and editing data for individual purposes is due to its complex structure, fragmentation into areas and in time, lack of documentation, also in relation to quality and methods of use, various single-purpose systems, the absence of standard interfaces and others demanding in terms of time and human resources.
Several suggestions emerge from the conducted research, which are presented in bold in more detail in the conclusions of the chapters of the monograph, and we summarize them in the following Table 1 on page 277.

In the end, we can conclude that the conducted research complements existing research, which pointed out the non-targeting of measures in Slovenian agriculture and the problems access to individual data in a manner indicative of general public benefits and specific options for opening administrative data for various purposes use both in the social and technical-information sense.";Confirm;;
I13;"Is the use of open data in your country having an impact on the efficiency and effectiveness of the government (at any level) in delivering public services? 

For Explanation:
* If yes, please provide an example of one reuse case. For this reuse case, please provide (1) a URL to the reuse case, (2) a URL to the open dataset used by the reuse case, and (3) a description of the reuse case and its impact in this sub-domain.";new question;new question;Change;Yes;"1) https://e-uprava.gov.si/podrocja/izobrazevanje-kultura/visoka-in-visja-sola/subvencionirana-vozovnica.html_x000D_
2) https://podatki.gov.si/dataset/register-prostorskih-enot_x000D_
3) Reuse of open data of house address, government created this service and based on this data user can get subsidized ticket._x000D_
Anyone who resides in the Republic of Slovenia or abroad and is not employed or does not perform an independent registered activity or is not entered in the register of unemployed persons with the competent authority or is not a managing person of a commercial company or a director of a private institute and is in education is entitled to a subsidized ticket. according to the valid education and study programs and from the records of the ministry responsible for education, it follows that you have the following status:_x000D_
- a student simultaneously enrolled in the professional part of the secondary school education program,_x000D_
- a student, in accordance with the regulations governing secondary education,_x000D_
- persons who receive an extraordinary education according to a program of vocational, professional and general secondary school education and higher professional education, until the age of 26, if they do not receive education in accordance with the regulations on the regulation of the labor market,_x000D_
- a student._x000D_
_x000D_
Registered athletes who are entitled to a subsidized ticket, regardless of the distance between the place of residence and the place of education, you have the right to a free ticket for the area of"
I14;"Is the use of open data in your country having an impact on transparency and accountability of public administrations?

For Explanation:
* If yes, please provide an example of one reuse case. For this reuse case, please provide (1) a URL to the reuse case, (2) a URL to the open dataset used by the reuse case, and (3) a description of the reuse case and its impact in this sub-domain.";new question;new question;Change;Yes;"1) https://proracun.gov.si/Public/BudgetVisualization_x000D_
2) https://podatki.gov.si/dataset/proracun-republike-slovenije_x000D_
3) Budget of the Republic of Slovenia_x000D_
In front of you is an interactive graphic display of the data, where you can learn more about what we finance from the state budget and how much money the state allocates to individual areas each year. At the same time, you can continuously monitor how much money we have already collected in this year's budget and how much we have spent. We also make it possible to display more detailed information about projects financed from the budget._x000D_
_x000D_
The state budget is only one of the four public financing funds and accounts for slightly less than half of all public financial expenditures. Public financial resources also flow into the pension fund (from which, among other things, pensions and disability benefits are paid monthly), the health fund (which, among other things, covers the costs of operating medical centers, hospitals and medicines), and the municipal budgets represent the income and expenditure of all 212 municipalities (which municipalities regulated independently and only applies to residents of individual municipalities)."
I15;"Is the use of open data in your country having an impact on policy-making processes (i.e. are public administrations making use of the data as evidence for the problem identification and policy formulation)? 

For Explanation:
* If yes, please provide an example of one reuse case. For this reuse case, please provide (1) a URL to the reuse case, (2) a URL to the open dataset used by the reuse case, and (3) a description of the reuse case and its impact in this sub-domain.";new question;new question;Change;Yes;"1) https://www.geoprostor.net/piso/ewmap.asp?obcina=trzic&cx=449096&cy=138060.5&CS=D96&scale=64&catprj=piso.trzic_goso&bckcat=piso.base_tile_hv&ovllys=000000000000&defaultuser=true_x000D_
2) https://podatki.gov.si/dataset/obmocja-belih-lis-v-obcini-trzic-goso_x000D_
3) Areas of white spots in the municipality of Tržič (GOŠO)_x000D_
The thematic set shows the white spot areas: these are individual households in areas where it has been established that operators do not provide broadband networks that would allow these households to access broadband electronic communications services at a speed of at least 100 Mb/s and where in the market interest testing procedures there was no expressed market interest in building such broadband networks in the next three years."
I16;"Is the use of open data in your country having an impact on decision-making processes (i.e. are public administrations making use of the data as evidence to be included in their daily operations)?

For Explanation:
* If yes, please provide an example of one reuse case. For this reuse case, please provide (1) a URL to the reuse case, (2) a URL to the open dataset used by the reuse case, and (3) a description of the reuse case and its impact in this sub-domain.";new question;new question;Change;Yes;"1) https://geohub.gov.si/portal/apps/webappviewer/index.html?id=f89cc3835fcd48b5a980343570e0b64e_x000D_
2) https://podatki.gov.si/dataset/vodovarstvena-obmocja_x000D_
3) Water protection areas_x000D_
_x000D_
A water protection zone is an area in which a water protection regime applies in order to protect a body of water that is used for abstraction or is intended for the public supply of drinking water against pollution or other types of stress that could affect the health suitability of the water or its quantity. Due to the different level of protection, internal zones are formed in the water protection zone, namely the narrowest water protection zones with the strictest water protection regime, narrower water protection zones with a stricter protection regime and wider water protection zones with a milder water protection regime. The measures, conditions and restrictions of the water protection regime refer to the prohibition or setting of special conditions for encroachment on space, the prohibition or restriction of carrying out activities or the prohibition or restriction on the use of water in the water protection area._x000D_
_x000D_
In order to protect the water body, which is used for abstraction or is intended for the public supply of drinking water, against pollution or other types of stress that could affect the health suitability of the water or its quantity, but the water protection area is not defined, until the regulations come into force The governments of the Republic of Slovenia apply municipal regulations (as a rule, decrees) that define (water) protection zones, issued on the basis of the Water Act (Official Gazette of the Republic of Slovenia, No. 38/81, 29/86 and 42/89 and Official Gazette of the Republic of Slovenia, No. 15 /91-I, 32/93 - ZGJS, 29/95 - ZPDF, 52/00 and 67/02 - ZV-1)._x000D_
_x000D_
Water protection areas are presented in the data layer:_x000D_
- water protection areas, determined on the basis of the regulation of the Government of the Republic of Slovenia and_x000D_
- water protection areas, determined on the basis of municipal decrees."
I17;"Is any data on the impact created by open data on social challenges (e.g. inequality, healthcare, education) available in your country such as from research studies, impact assessments, or other systematic investigations that quantify the results or broader effects of open data being reused?

For Explanation:
* If yes, please (1) specify what kind of data source proves this impact and (2) provide the URLs to this data.";No;"Please change the answer to:
1) Trends in regional development in Slovenia in the light of the goals of sustainable development (http://eurogeojournal.eu/articles/03_EJG_12_2_MALLY_036_051.pdf) 
This study was conducted for the whole of Slovenia, i.e., for all twelve statistical regions. Of central interest was the question of whether Slovenian regions are making long-term progress towards the goals of sustainable development, or whether they may even be backsliding relative to their starting position. The relative positions of Slovenian regions were investigated at three levels. On the first level, the positions of the regions are assessed in relation to the national average, based on particular aspects of development, which are covered by the selected 32 indicators of sustainable development in the economic, social and environmental areas. 
Social indicators: 
- Unemployed with uncompleted or completed primary school, 2019 (%) - Share of unemployed women, 2019 (%) 
- Population density, 2019 (people/km2) 
- Population growth index, 2015–2019 
- Aging index, 2019 
- Average age at death, 2019 (years) 
- At-risk-of-poverty or social exclusion rate, 2019 (%) - Usable floor area, 2018 (m2/capita) 
- Registered unemployment rate, 2019 (%) 
- Students, 2018/2019 (no. of students/1,000 people) - PC users, 2019 (% of households) 
- College degree holders (25–64 yrs), 2019 (%)

Additional clarification:
The research presented in the article was designed with this in mind and shows that based on changes in the values of individual indicators found, there has been an improvement in most of the studied socio-economic aspects of sustainable development in Slovenia in the last decade, but at the same time a worsening in most of the environmental aspects analyzed. This is yet another indicator that the socio-economic development of the country continues to take place at the expense of the environment: depletion of its resources and pollution. This worsens the long-term development prospects of the regions; hence the country will need to systematically address the problems exposed through well-thought-out measures.
As in previous periods, the assumption that in 2015–2019 the largest differences among the Slovenian regions are in the economic area and the smallest in the environmental area was confirmed. Compared to the period 2010–2014, the extent of interregional differences in the economic area has slightly decreased, while this cannot be quantifiably confirmed for differences in the environmental and social areas. The development divide between the more prosperous western part of the country and the lagging eastern part is also maintained; for the most part, the latter also has poorer prospects for implementing sustainable development in the future. These findings are
therefore, unfavorable both from the standpoint of achieving more balanced regional development and from the standpoint of achieving the goals of sustainable development, both of which are among Slovenia’s strategic goals.";Change;Yes;"""Development Report 2023
In Chapters 3.2 A healthy and active life and 3.3 A decent life for all
https://www.umar.gov.si/fileadmin/user_upload/razvoj_slovenije/2023/slovenski/POR2023-splet.pdf

Source:
3.2 A healthy and active life: https://nijz.si/zivljenjski-slog/nekemicne-zasvojenosti/
nekemicne-zasvojenosti/

3.3 A decent life for all: https://pxweb.stat.si/SiStatData/pxweb/sl/Data/Data/0888010S.px/"""
I18;"Is the use of open data in your country having an impact on society´s ability to reduce inequality and better include minorities, migrants, and/or refugees? 

For Explanation:
* If yes, please provide an example of one reuse case. For this reuse case, please provide (1) a URL to the reuse case, (2) a URL to the open dataset used by the reuse case, and (3) a description of the reuse case and its impact in this sub-domain.";new question;new question;Change;Yes;"""1. INTEGRATION OF IMMIGRANTS IN THE LOCAL ENVIRONMENT
2. URL to dataset:  http://mnz.arhiv-spletisc.gov.si/si/mnz_za_vas/tujci_v_sloveniji/statistika/index.html
3. The results of the research on the intercultural approach in the management of diversity and integration of immigrants in cities within the framework of the Intercultural Cities program, prepared by the Migration Policy Group of the Council of Europe in 2018 (Web resource 1), confirm a strong statistical connection between local intercultural policies and local prosperity. In cities with stronger intercultural policies, residents are more likely to believe that immigrants have a positive impact on city development and that local services are reliable and efficient. The strong and positive correlation shows that the public opinion of residents of cities with strong inclusive policies is favorable to immigrants. In addition, residents in cities with a strong intercultural integration policy show greater satisfaction with public services and local administration, find employment more easily and feel safer. """
I19;"Is the use of open data in your country having an impact on issues about housing in urban areas? 

For Explanation:
* If yes, please provide an example of one reuse case. For this reuse case, please provide (1) a URL to the reuse case, (2) a URL to the open dataset used by the reuse case, and (3) a description of the reuse case and its impact in this sub-domain.";new question;new question;Change;Yes;"""1. URL: https://podcrto.si/stanovanjska-problematika-kdo-si-lahko-privosci-lasten-dom-v-ljubljani/
2. URL: https://podatki.gov.si/dataset/surs2640010s
3. Housing issues: Who can afford their own home in Ljubljana?
In the first part, we analyze the needs for apartments and our collection of advertisements for the sale of new buildings in Ljubljana."""
I20;"Is the use of open data in your country having an impact on the issues of health and wellbeing? 

For Explanation:
* If yes, please provide an example of one reuse case. For this reuse case, please provide (1) a URL to the reuse case, (2) a URL to the open dataset used by the reuse case, and (3) a description of the reuse case and its impact in this sub-domain.";new question;new question;Change;Yes;"""1. INEQUALITIES IN HEALTH: THE CHALLENGE FOR THE FUTURE IN INTERSECTORAL CONNECTION
URL: https://nijz.si/wp-content/uploads/2022/07/neenakosti_e_verzija.pdf
2. URL: https://podat""Vir: ZRSZ (2022b) (levo) in CEDEFOP (2022) (desno).

1. Chapter 2.1 Education: https://www.umar.gov.si/fileadmin/user_upload/razvoj_slovenije/2023/slovenski/POR2023-splet.pdf
2. https://podatki.gov.si/dataset/sursh104s
3. Knowledge and skills for quality life and work (development goal 2)
The content of the goal is to promote quality and accessible learning for and throughout life to achieve greater
competitiveness of the economy and social welfare. The realization of the goal will be supported by the promotion of lifelong
learning across the population, encouraging low-educated and other disadvantaged groups of adults to engage in
education, improving the functional literacy of young people and adults, ensuring efficiency and quality
education, connecting the education system with the economy and skills to improve employability
individual. Achieving the goal is important for a healthy and active life, which is addressed in the SRS in the development section
to goal 1, for an inclusive labor market and quality jobs addressed in development goal 7, decent
life for all, which is addressed in development goal 3, for the competitiveness and digital transformation of the economy, which
is addressed in development goal 6, for and for sustainable development, which is addressed in development goals 8 and 9.""i.gov.si/dataset/surs0886501s
3. Public health is a socially oriented medical profession that deals with population health. General
public health data and information give us a basic insight into the state of health in a certain population.
However, we perceive the real challenges of individual population subgroups only when data on the state of health and
various circumstances that affect health are properly broken down - mainly by gender, age, region of residence, etc
especially by education and socio-economic status. In this way, we determine which groups of residents
they have particularly unfavorable health outcomes due to their living conditions and are compared to the general population
in an unequal position regarding their health. We talk about health inequalities and how the country should
or its stakeholders take action to reduce unfair inequalities (1). Inequalities in health today are
in the center of the Sustainable Development Goals of the United Nations, where the first goal, """"Elimination of poverty"""", is also announced
related goals: 'End hunger', 'Health and well-being', 'Quality education' and 'Gender equality'"""
I21;"Is the use of open data in your country having an impact on the society´s level of education and skills (e.g. data literacy)?

For Explanation:
* If yes, please provide an example of one reuse case. For this reuse case, please provide (1) a URL to the reuse case, (2) a URL to the open dataset used by the reuse case, and (3) a description of the reuse case and its impact in this sub-domain.";new question;new question;Change;Yes;"1. Chapter 2.1 Education: https://www.umar.gov.si/fileadmin/user_upload/razvoj_slovenije/2023/slovenski/POR2023-splet.pdf
2. https://podatki.gov.si/dataset/sursh104s
3. Knowledge and skills for quality life and work (development goal 2)
The content of the goal is to promote quality and accessible learning for and throughout life to achieve greater
competitiveness of the economy and social welfare. The realization of the goal will be supported by the promotion of lifelong
learning across the population, encouraging low-educated and other disadvantaged groups of adults to engage in
education, improving the functional literacy of young people and adults, ensuring efficiency and quality
education, connecting the education system with the economy and skills to improve employability
individual. Achieving the goal is important for a healthy and active life, which is addressed in the SRS in the development section
to goal 1, for an inclusive labor market and quality jobs addressed in development goal 7, decent
life for all, which is addressed in development goal 3, for the competitiveness and digital transformation of the economy, which
is addressed in development goal 6, for and for sustainable development, which is addressed in development goals 8 and 9."""
I22;"Is any data on the impact created by open data on environmental challenges (e.g. climate change and environmental degradation, as highlighted in the Eurpean Green Deal) available in your country such as from research studies, impact assessments, or other systematic investigations that quantify the results or broader effects of open data being reused?

For Explanation:
* If yes, please specify (1)  what kind of data source proves this impact and (2) provide the URLs to this data.";No;"Please change the answer to:
1) Trends in regional development in Slovenia in the light of the goals of sustainable development (http://eurogeojournal.eu/articles/03_EJG_12_2_MALLY_036_051.pdf)
Additional explanation for example 1. 
This study was conducted for the whole of Slovenia, i.e., for all twelve statistical regions. Of central interest was the question of whether Slovenian regions are making long-term progress towards the goals of sustainable development, or whether they may even be backsliding relative to their starting position. The relative positions of Slovenian regions were investigated at three levels. On the first level, the positions of the regions are assessed in relation to the national average, based on particular aspects of development, which are covered by the selected 32 indicators of sustainable development in the economic, social and environmental areas. 
They used this indicators: 
Environmental indicators: 
- Organically farmed land, 2020 (%) 
- Wooded areas, 2019 (m2/capita) 
- Road freight transport growth index, 2010–2019 
- Intensively farmed land, 2019 (m2/capita) 
- Households in polluted environment, 2019 (%, self-assessment) 
- Municipal waste, 2019 (kg/capita) 
- Natura 2000 sites, 2019 (%) 
- Water consumption, 2019 (m3/capita) 
- Average expenditure on environmental protection, 2017–2019 (% GDP) - Built-up areas, 2019 (%) 
- Treated wastewater, 2019 (%) 
- Housing with district heating in place, 2018 (%) 
- Motorization rate, 2019 (cars/1,000 people) 
- Livestock density index, 2016 (LSU/ha) 


2) The influence of climate change on discharge fluctuations in Slovenian rivers (https://ojs.zrc-sazu.si/ags/article/view/9942)

Additional explanation for example 2. 
In the study, statistical trends in seasonal and annual mean, maximum, extreme and low discharge values were investigated using the Mann Kendall test. The results show a temporal and spatial variability of trends in discharge. In general, a decreasing trend in water quantities in the rivers was observed. However, results at some gauging stations indicate statistically significant increasing trends, especially formaximum and extreme discharges. Additional analyses show that the discharge trends depend on the location of the gauging station. 


3) Green scheme of Slovenian tourism: the case of Ljubljana (http://www.cek.ef.uni-lj.si/vps_diplome/kurtovic1219.pdf) 

Additional explanation for example 3. 
The purpose of the study is to determine the advantages and disadvantages of Ljubljana in the field of sustainability with the help of the Green Destination Standard, which are used in the Green Scheme of Slovenian tourism, and to make suggestions for improving this area. For the purpose of the study, I set out to examine the Green Destination Standards, which destinations take into account when introducing sustainable tourism, and based on these to get the advantages and disadvantages of Ljubljana as a sustainable destination and thus formulate suitable proposals for improvement. 

4) Opening data in Slovenian agriculture for fact-based decision-making
https://www.fdv.uni-lj.si/docs/default-source/zalozba/acmo-22-21-12-2021.pdf?sfvrsn=2
The present monograph is based on the results of the target research project (CRP) Design of information solutions for decision-making about CAP (ITzaCAP) based on data. The purpose of CRP ITzaSKP was to encourage the opening of public administrative (micro)data in agriculture in Slovenia for as many purposes as possible, including or especially those that were not defined when the data was created. The project took place in the context of new social expectations and needs in the field of agriculture and in related fields and in the context of the possibility of using information technology.

Additional explanation for example 4.  
The study was made on the basis of existing data, and among other things, it also prepared certain recommendations regarding the use of data for the field of nature protection as part of agricultural policy, as one of the important parts of biodiversity and solving environmental challenges. All recommendations are also based on existing open data.

Additional clarification:
1)	Trends in regional development in Slovenia in the light of the goals of sustainable development: 
The research presented in the article was designed with this in mind and shows that based on changes in the values of individual indicators found, there has been an improvement in most of the studied socio-economic aspects of sustainable development in Slovenia in the last decade, but at the same time a worsening in most of the environmental aspects analyzed. This is yet another indicator that the socio-economic development of the country continues to take place at the expense of the environment: depletion of its resources and pollution. This worsens the long-term development prospects of the regions; hence the country will need to systematically address the problems exposed through well-thought-out measures. As in previous periods, the assumption that in 2015–2019 the largest differences among the Slovenian regions are in the economic area and the smallest in the environmental area was confirmed. Compared to the period 2010–2014, the extent of interregional differences in the economic area has slightly decreased, while this cannot be quantifiably confirmed for differences in the environmental and social areas. The development divide between the more prosperous western part of the country and the lagging eastern part is also maintained; for the most part, the latter also has poorer prospects for implementing sustainable development in the future. These findings are therefore unfavorable both from the standpoint of achieving more balanced regional development and from the standpoint of achieving the goals of sustainable development, both of which are among Slovenia’s strategic goals.
2)	The influence of climate change on discharge fluctuations in Slovenian rivers:
The results of the study show that climate variability during the considered period (1961–2013) influences the temporal and spatial variability of discharges and associated floods and droughts in Slovenia. In general, a decrease in water quantities in the rivers was observed. Similar conclusions were drawn also by Frantar, Kobold and Ulaga (2008) using the data for the whole observation period until 2005. Thus, it seems that similar trends continue also a decade later. Mean annual discharges are decreasing at all stations considered, statistically significant at most of them. Furthermore, the rivers of the Adriatic catchment demonstrate a statistically significant decrease in mean discharges in the summer season and the rivers of the Black Sea catchment in the summer and spring sea-sons. On the other hand, the maximum mean daily discharges do not show such uniform trends as the mean discharges as some gauging stations exhibit statistically significant trends in annual maximum dis-charge series. However, despite the fact that the results of the trends of the maximum annual discharge indicate regional differences, a predominantly decreasing trend was observed. The rivers of the Adriatic Sea catchment mostly demonstrate a statistically significant decreasing trend in the maximum discharges in the spring and summer seasons, while the rivers of the Black Sea catchment do not show uniform trends. The extreme annual discharge values also do not show a uniform trend; however, even more gauging stations show a statistically increasing trend compared to the trends in maximum discharges. Most of them are in the Ljubljanica and the Krka River catchments. Furthermore, the results of the trend analysis of low discharges demonstrate statistically significant decrease for the rivers of the Black Sea catchment, while for the rivers of the Adriatic Sea catchment some stations do not show statistically significant changes. Low discharges decrease in summer at most stations, while in some catchments they also decrease in autumn and spring. The results show that the discharge trends depend to some extent on the location of the gauging station. This was to be expected due to the great climatic and landscape diversity in Slovenia. The findings of the study related to the trends of different types of discharge data series should be taken into account in practice, e.g. for effective water management, flood protection, granting permits for water abstraction, designing of irrigation systems.
3)	Green scheme of Slovenian tourism: the case of Ljubljana:
In the final assignment, the aim was to determine the strengths and weaknesses of Ljubljana in the field of sustainability with the help of the Green Destination Standard, which are used in the Green Scheme of Slovenian tourism, and to make suggestions for improving this area. Therefore, the basic concepts of sustainable tourism, environmental labeling and the Green Scheme of Slovenian tourism were described in more detail in the theoretical part.

Since descriptive methods were used throughout the study, the Green Destination Standard was used for the purposes of the empirical work. First, the topics, subtopics and indicators that are used in the Green Destination Standard were examined, so that the display had a better idea of which data and from which areas are needed for the analysis of Ljubljana in the field of sustainability. The open data used for each theme of the Green Destination Standard is of a secondary nature and has already been obtained. With the help of this data, Ljubljana's strengths, and weaknesses in the field of sustainability were revealed, and proposals for improvement were prepared on the basis of this.
4)	In terms of data demand, there is a comparison with the FLINT project indicators which was focused on the FADN base, showed that it is possible in Slovenia with help of public administrative resources to provide (at least partial) microdata for as much as a third from around 30 economic ones (investments and insurance - based on measures, duration of farms, quality schemes, exposure to risks - non-agricultural activities), environmental (permanent grasslands, areas with ecological importance, potential calculations TGP with the help of standard factors) and social indicators (involvement in Education and Training). 

Based on expressed needs and assessed possibilities for data analytics, we within the framework of the experiment, obtained data from AKTRP for farms included in the system of agricultural subsidies (approximately 57,000 farms) for the period 2015-2019 (the current CAP cycle), which include up to about 400 variables on an annual basis. From MKGP (RKG) also obtained data on land (using) surfaces. We are data combined at the KMG unit level and performed some test tasks in the freely available and open-source software environment (Orange). It was not the purpose of the experiment identifying individual cause-and-effect relationships and predicting, but also showing the potential of data for various analytical tasks in a more time-efficient way and generally accessible way and evaluating data systems from the point of view of data analytics based on practical IT problems that arose during the experiment appeared. 
The experiment confirmed that the data has tremendous potential, but the obstacles are the knowledge of the structure of the resources and the necessary different knowledge and competences for meaningful use and interpretation. Obtaining, combining, and editing data for individual purposes is due to its complex structure, fragmentation into areas and in time, lack of documentation, also in relation to quality and methods of use, various single-purpose systems, the absence of standard interfaces and others demanding in terms of time and human resources. 
Several suggestions emerge from the conducted research, which are presented in bold in more detail in the conclusions of the chapters of the monograph, and we summarize them in the following Table 1 on page 277. 
In the end, we can conclude that the conducted research complements existing research, which pointed out the non-targeting of measures in Slovenian agriculture and the problems access to individual data in a manner indicative of public benefits and specific options for opening administrative data for various purposes use both in the social and technical-information sense.";Change;Yes;"""1. Development of an agricultural management strategy for the conservation of biodiversity in the agricultural landscape: https://repozitorij.upr.si/Dokument.php?id=28457&lang=slv
2. https://podatki.gov.si/dataset/surs1561901s"""
I23;"Is the use of open data in your country having an impact on the level of protection of biodiversity (e.g. maintaining a good air and water quality)? 

For Explanation:
* If yes, please provide an example of one reuse case. For this reuse case, please provide (1) a URL to the reuse case, (2) a URL to the open dataset used by the reuse case, and (3) a description of the reuse case and its impact in this sub-domain.";new question;new question;Change;Yes;"""1. ASSESSMENT OF THE IMPACT OF AIR POLLUTION WITH PM2.5 PARTICLES
ON MORTALITY IN PLACES WITH EXCESS
AIR POLLUTION: https://www.nijz.si/sites/www.nijz.si/files/uploaded/porocilo_pm_2017-2019.pdf
2. https://podatki.gov.si/dataset/podatki-o-kakovosti-zunanjega-zraka-in-padavin-pm10-o3-so2-co-nox-voc-sestava-delcev-kakovost-padavi"""
I24;"Is the use of open data in your country having an impact on the achievement of more environment-friendly cities (e.g., environment-friendly transport systems, waste management etc.)? 

For Explanation:
* If yes, please provide an example of one reuse case. For this reuse case, please provide (1) a URL to the reuse case, (2) a URL to the open dataset used by the reuse case, and (3) a description of the reuse case and its impact in this sub-domain.";new question;new question;Change;Yes;"""1. Waste logistics and its utilization: https://dk.um.si/Dokument.php?id=170060&lang=slv
2. hhttps://podatki.gov.si/dataset/surs2779405s
3. The thesis consists of theoretical and empirical work. In the theoretical part, we defined load-relieving logistics, presented its goals and explained the subject of load-relieving logistics. This is followed by a presentation of the types of waste and their description. The theoretical part also covers the presentation of the circular economy, its importance and advantages. In the chapter Hierarchy of waste management, we explained the priority management of waste, according to the principle of an inverted pyramid, which shows the priority management of waste, from top to bottom. In the empirical work, we analyzed the key indicators of waste generation and waste management in the European Union (hereinafter: EU) and Slovenia. This is followed by a discussion in which the conclusions reached by analyzing the indicators are given. We found that the amount of waste produced in Slovenia has not decreased since the adoption of the EU action plan for the circular economy in 2015. We also found that the rate of recycled waste did not increase during the same period, as we found a drop in growth in e-waste and construction waste. At the end, we presented the proposals and measures of the European Union, with which it aims to speed up the transition to a circular economy. We also made our own proposals for additional solutions, with which we as consumers can contribute to a more sustainable system."""
I25;"Is the use of open data in your country having an impact on the fight against climate change, for example by undertaking predictive monitoring, preventive actions, or a differentiated response to connected disasters?

For Explanation:
* If yes, please provide an example of one reuse case. For this reuse case, please provide (1) a URL to the reuse case, (2) a URL to the open dataset used by the reuse case, and (3) a description of the reuse case and its impact in this sub-domain.";new question;new question;Change;Yes;"""""""1. Development of an agricultural management strategy for the conservation of biodiversity in the agricultural landscape: https://repozitorij.upr.si/Dokument.php?id=28457&lang=slv
2. https://podatki.gov.si/dataset/surs1561901s
3. In addition to cultivated areas, the agricultural landscape also consists of other agricultural elements
landscape. These are t. i. landscape features that are important habitats for many organisms. In recent decades, the agricultural landscape in Europe and Slovenia has been changing, which leads to the loss and reduction of the quality of habitats that are important for the preservation of biodiversity. As part of the master's thesis, we wanted to gain insight into the implementation of nature conservation measures that are currently available for the preservation of landscape features or biodiversity in the agricultural landscape. With the aim of evaluating the level of knowledge and use of nature conservation measures and financial mechanisms by farmers, and with the aim of understanding the potential reasons for (non)use of financial mechanisms, we: reviewed the available measures and financial mechanisms that are currently available for the preservation of landscape features; prepared an online questionnaire using the lKA Arnes tool, which we shared with various stakeholders (farmers, agricultural associations and organizations), and carried out an in-depth analysis based on the so-called i. the Delphi method. The results of the analysis of the online questionnaire showed that the majority of farmers have a positive attitude towards biodiversity, although only a small part recognizes the benefits of preserving the great biodiversity of the agricultural landscape. The majority of farmers recognize the landscape features well, but only a small proportion apply the financial mechanisms that are currently available for conservation. The results showed the following potential reasons for not using financial mechanisms: difficult understanding of professional terminology in the documentation for obtaining financial resources; too demanding acquisition procedures; financial mechanisms are not available for all farm types. Based on the obtained results, we made t. i. a decision tree and manual that facilitates farmers' identification of landscape features, measures and financial mechanisms available for their conservation."""
I26;"Is the use of open data in your country having an impact on the consumption of energy based on fuel and the switch to renewables? 

For Explanation:
* If yes, please provide an example of one reuse case. For this reuse case, please provide (1) a URL to the reuse case, (2) a URL to the open dataset used by the reuse case, and (3) a description of the reuse case and its impact in this sub-domain.";new question;new question;Change;Yes;"""1. Possibilities of using drones for food delivery: hhttps://dk.um.si/Dokument.php?id=164820&lang=slv
2. https://podatki.gov.si/dataset/podatki-o-meritvah-na-samodejnih-meteoroloskih-postajah
3. Recently, we have noticed changes in the eating habits of consumers. Smart solutions and digitization make it possible to order food to a selected address. Although the food delivery service has been around for a long time, it has only recently experienced a boom of global proportions. One of the potential options for food delivery is the use of drones for food delivery. In order to investigate the possibilities of unmanned food delivery, we reviewed the literature and legislation in the field of unmanned aviation and conducted a test flight in the area of"
I27;"Is any data on the economic impact (e.g. GDP, employment, productivity, innovation,  new businesses created etc.) of open data available in your country such as from research studies, impact assessments, or other systematic investigations that quantify the results or broader effects of open data being reused?

For Explanation:
* If yes, please specify what kind of data source proves this impact and provide the URLs to this data.

";yes;"Please change the answer to:
1) Report on the economic impact of open data in Slovenia (https://podatki.gov.si/sites/default/files/reports/Economic-social%20impact%20of%20open%20data%20in%20Slovenia.pdf) 

The main objective of the report is to quantitatively estimate the economic-social impact of open data in Slovenia. Analysis is based on a direct application of Huyer & Van Knippenberg’s 2020 methodology for quantitatively estimating the economic impact of open data in all those fields, where relevant data for Slovenia is currently available. The study reveals an estimated potential of 293 million € for Slovenia’s open data market size growth until 2025 and estimated 7,441 open data employees in 2025 according to optimistic scenario forecasts. Moreover, the study estimates several potential efficiency gains and cost savings due to application of open data in Slovenia (e.g. 216 – 403 lives saved due to faster arrival of emergency services, 29 – 48 lives saved due to CPR administered by first responders, 97 thousand hours saved for train users, 885 terajoule saved in household energy consumption). At the end, two brief case studies of Slovenian organizations that have been using open data as part of their business model are presented.";Confirm;;
I28;"Is the use of open data in your country having an impact on the level of employment? 

For Explanation:
* If yes, please provide an example of one reuse case. For this reuse case, please provide (1) a URL to the reuse case, (2) a URL to the open dataset used by the reuse case, and (3) a description of the reuse case and its impact in this sub-domain.";new question;new question;Change;No;
I29;"Is the use of open data in your country having an impact on the level of innovation and the adoption of new technologies? 

For Explanation:
* If yes, please provide an example of one reuse case. For this reuse case, please provide (1) a URL to the reuse case, (2) a URL to the open dataset used by the reuse case, and (3) a description of the reuse case and its impact in this sub-domain.";new question;new question;Change;Yes;"SentinelHUB (https://www.sentinel-hub.com/about/) 
Originally produced by a Slovenian company Sinergise (in Aug 2023 aquired by Planet). 

https://www.businesswire.com/news/home/20230814730942/en/Planet-Completes-Acquisition-of-Sinergise-Set-to-Expand-Planet%E2%80%99s-Earth-Data-Platform  
Sentinel Hub is a highly innovative engine for processing of petabytes of satellite data. It is opening the doors for machine learning and helping hundreds of application developers worldwide. It makes Sentinel, Landsat, and other Earth observation imagery easily accessible for browsing, visualization and analysis. Scale your system globally with an intuitive and user-friendly interface, without any hassle. System is using open data. 

Earth observation data provided by the Sentinel satellites are revolutionizing the market of space applications. Sentinel-2A is producing thousands of high resolution scenes every day. These data are now openly accessible and Sentinel Hub service can provide you with high resolution imagery almost instantly after they are made available.  

Sentinel data provided by Copernicus program and ESA is freely available to anyone. 

More info: https://www.sinergise.com/en/solutions/gis-tools/satellite-imagery-archive-within-gis-cloud"
I30;"Is the use of open data in your country having an impact on the level of entrepreneurship (especially of women and minorities) and business creation (especially with Small- and Medium-sized Enterprises)? 

For Explanation:
* If yes, please provide an example of one reuse case. For this reuse case, please provide (1) a URL to the reuse case, (2) a URL to the open dataset used by the reuse case, and (3) a description of the reuse case and its impact in this sub-domain.";new question;new question;Change;No;
I31;"Is the use of open data in your country having an impact on the level of productivity? 

For Explanation:
* If yes, please provide an example of one reuse case. For this reuse case, please provide (1) a URL to the reuse case, (2) a URL to the open dataset used by the reuse case, and (3) a description of the reuse case and its impact in this sub-domain.";new question;new question;Change;No;