ID;Question;Answer from 2023;Explanation from 2023;Confirm, change or complement answer/explanation from 2023;Provide updated answer (if applicable);Provide updated explanation (if applicable)
P1;"Is there a national Open Data policy in your country and, if your country is an EU Member State, does this include a national legislation for the transposition of the Open Data Directive?

For Explanation:
* If yes, please provide (1) the URL and (2) title of the policy document and (3) briefly describe.
* If ‘other’, please provide (1) a brief explanation to support your answer choice and (2) provide the URL and indicate the policy section which explicitly references Open Data.";yes;"The policy of Open Data in Ukraine includes the following basic documents that regulate Open Data sphere:
Law of Ukraine ""On Information"" https://zakon.rada.gov.ua/laws/show/2657-12#Text 
The law defines the basic principles of access to information, and establishes the categorization of information that is in the possession of state bodies                                                                                                                                                                                       The Law of Ukraine ""On Access to Public Information"" https://zakon.rada.gov.ua/laws/show/2939-17#Text  which contains a separate article on Open Data, and establishes the general principles of access to public information.
Resolution of the Cabinet of Ministers of Ukraine dated October 21, 2015 No. 835 ""On approval of the regulation on data sets that are subject to publication in the form of Open Data"" https://zakon.rada.gov.ua/laws/show/835-2015-%D0%BF#Text 
The regulation defines the procedure for publishing  Open Data, requirements for its metadata, and a list of sets of data that must be published in the form of Open Data.
In addition, the provision contains implemented principles of the International Open Data Charter                                                                                                                                                                                                                                    Resolution of the Cabinet of Ministers of Ukraine dated November 30, 2016 No. 867 ""Some issues of public information disclosure in the form of Open Data"" https://zakon.rada.gov.ua/laws/show/867-2016-%D0%BF#Text The regulation contains basic information about the functioning of the national Open Data portal, and the obligations of data providers in working with portal
Decree of the Cabinet of Ministers of Ukraine dated September 22, 2016 No. 686-r ""Some issues of joining the International Open Data Charter"" https://zakon.rada.gov.ua/laws/show/686-2016-%D1%80#Text Decree establishes Ukraine's accession to the International Open Data Charter and imposes an obligation on data providers to use the principles of the charter during the process of publishing datasets
The implementation of Directive 2019/1024/EU regarding Open Data was carried out in 2021 with the adoption of Resolution No. 407 of the Cabinet of Ministers of Ukraine dated March 3, 2021 ""On Amendments to Resolutions No. 835 and No. 30 of the Cabinet of Ministers of Ukraine dated October 21, 2015 November 2016 No. 867""";Confirm;;
P2;"Is there a national Open Data strategy in your country?

For Explanation:
* If yes, please provide (1) the URL to the strategy and (2) describe the main highlights.  
* If 'not applicable', please provide (1) a brief explanation to support your answer choice and provide (2) the URL and indicate the policy section which explicitly references objectives, actions/measures, delivery timelines etc.";yes;"In January 2022, Ukraine developed a strategy for the development of Open Data until 2025. Link to strategy https://data.gov.ua/uploads/files/2022-06-15-102752.7196282150222.pdf 
However, due to the large-scale military invasion of Russia on February 24, 2022, the Strategy wasn`t approved at the level of the Cabinet of Ministers of Ukraine, its official approval was postponed until Ukraine's victory in the war.
At the same time, the main provisions of the draft strategy for the development of Open Data in Ukraine were reflected in other strategic documents of the Government, including those adopted in response to Russia's armed aggression.
Among them: Plan for the recovery of Ukraine https://recovery.gov.ua/en/project 
The Government's priority action plan for 2023 https://zakon.rada.gov.ua/laws/show/221-2023-%D1%80#Text https://zakon.rada.gov.ua/laws/file/text/104/f524487n15.docx 
National strategy for promoting the development of civil society in Ukraine for 2021-2026 https://zakon.rada.gov.ua/laws/show/487/2021#Text 
Anti-corruption strategy for 2021-2025 https://zakon.rada.gov.ua/laws/show/2322-20#Text 
State strategy of regional development for 2021-2027 https://zakon.rada.gov.ua/laws/show/695-2020-%D0%BF#Text                    All of the strategies and action plans listed above contain separate sections on Open Data.
First of all, they concern the intensification of the publication of Open Data, the use of machine-readable formats and the support of transparency and accountability of authorities, which is necessary for the development of civil society. In addition, all strategies in one way or another encourage the reuse of Open Data by both the public and private sectors";Complement;Yes;"In January 2022, Ukraine developed a strategy for the development of Open Data until 2025. Link to strategy https://data.gov.ua/uploads/files/2022-06-15-102752.7196282150222.pdf. However, due to the large-scale military invasion of Russia on February 24, 2022, the Strategy wasn`t approved at the level of the Cabinet of Ministers of Ukraine, its official approval was postponed until Ukraine's victory in the war. At the same time, the main provisions of the draft strategy for the development of Open Data in Ukraine were reflected in other strategic documents of the Government, including those adopted in response to Russia's armed aggression. Among them: Plan for the recovery of Ukraine https://recovery.gov.ua/en/project The Government's priority action plan for 2023 https://zakon.rada.gov.ua/laws/show/221-2023-%D1%80#Text  https://zakon.rada.gov.ua/laws/file/text/104/f524487n15.docx National strategy for promoting the development of civil society in Ukraine for 2021-2026 https://zakon.rada.gov.ua/laws/show/487/2021#Text Anti-corruption strategy for 2021-2025 https://zakon.rada.gov.ua/laws/show/2322-20#Text State strategy of regional development for 2021-2027 https://zakon.rada.gov.ua/laws/show/695-2020-%D0%BF#Text. All of the strategies and action plans listed above contain separate sections on Open Data. First of all, they concern the intensification of the publication of Open Data, the use of machine-readable formats and the support of transparency and accountability of authorities, which is necessary for the development of civil society. In addition, all strategies in one way or another encourage the reuse of Open Data by both the public and private sectors.
In addition, a draft Strategy for the Development of the Open Data Sphere of Ukraine for 2025–2027 has already been developed, which defines the main directions of the formation and implementation of the state development policy in the field of Open Data of Ukraine for 2025–2027, outlines a strategic vision for the development of the sector based on ensuring national interests and fulfillment of Ukraine's international obligations. The Ministerial Open Data Team is working on the adoption of the draft. https://data.gov.ua/uploads/files/2024-06-04-131815.019620ODStrategy2025-2027.pdf"
P3;"Is there an Open Data policy/strategy at regional or local level?

For Explanation:
* If yes, please (1) provide the URL and (2) title of the document(s) and (3) briefly describe.";yes;"Lviv https://www8.city-adm.lviv.ua/Pool/Info/doclmr_1.NSF/(SearchForWeb)/7676F23B77FA4D95C22581790030B9C7?OpenDocument                                                                                                                                                                            
Vinnytsya http://www.vmr.gov.ua/Docs/MajorOrdersR/2017/%E2%84%96181-%D1%80%2018-10-2017%20%D0%9F%D1%80%D0%BE%20%D0%B7%D0%B0%D1%85%D0%BE%D0%B4%D0%B8.pdf 
Ternopil https://ternopilcity.gov.ua/normative-documents/vidkriti-dani/28627.html                                                                                                                                                                                                                                                                                                                                                           
The key points of such strategy are                                                                                                                                                                           Development, adoption, improvement of the internal regulatory framework, such as provisions on Open Data, job descriptions, procedures and maintenance and publication of registers, etc.
Information audit of data sets, creation of the register of data sets of the data provider.
Improving the skills of employees in the publication and use of data in training, courses, programs.
Establishment of a structural subdivision (department, sector) or position in the field of Open Data.
Modernization of information systems for data export in open machine-readable formats CSV, JSON, XML, creation of open APIs (application programming interfaces) for publishing sets.
Establishment and strengthening of information exchange between structural subdivisions and with other authorities.
Development of electronic services, analytical dashboards, chatbots and other products based on Open Data.
Consulting and establishing partnerships with business and the public to open new sets, improve data quality.
Introduction of own Open Data portal.
Promotion of Open Data: holding hackathons, competitions for projects based on Open Data.";Complement;Yes;"At the regional level, local self-government bodies adopt action plans for the implementation of the Open Data policy - regional strategies for the development of the Open Data Sphere. In particular, the adoption of such action plans may be connected with the joining of such cities to the International Open Data Charter. And accordingly, such regional strategies recognize the principles of the International Open Data Charter at the regulatory level.
Lviv https://www8.city-adm.lviv.ua/Pool/Info/doclmr_1.NSF/(SearchForWeb)/7676F23B77FA4D95C22581790030B9C7?OpenDocument  
Vinnytsya https://www.vmr.gov.ua/media/OpenData/Laws/%E2%84%96181-%D1%80%2018-10-2017%20%D0%9F%D1%80%D0%BE%20%D0%B7%D0%B0%D1%85%D0%BE%D0%B4%D0%B8.pdf (The link has been updated, but it may not open in other countries due to security measures). 
Ternopil https://ternopilcity.gov.ua/normative-documents/vidkriti-dani/28627.html  
Kropyvnytsiy http://www.kr-rada.gov.ua/uploads/documents/21804-rozp_154_27-12-2018.pdf 
Zaporizhzhia https://zp.gov.ua/upload/content/o_1ejueqnfg1oj1g7eq3i18kmtfmdb.pdf  
Zhmerynka https://zhmerinka-adm.gov.ua/media/files/dAGR2sbih32derFhS2QHi58as.doc 
Haisyn https://haisyn-municipality.gov.ua/documents/139634-pro-organizaciiu-roboti-shhodo-realizaciyi-politiki-vidkritix-danix-gaisinskoyi-miskoyi-radi  
Dubno https://dubno-adm.gov.ua/fileadmin/user_upload/Arhiv/Dokumenti_Proekti_dokumentiv/PR_vuk_11_20_06_19.doc 
Chervonohrad https://www.chg.gov.ua/get_blog_files.php?id=12678&name=d0a759a74d7bb2f759879d90996aec1f 
Sambir https://sambircity.gov.ua/2024/04/26/pro-priyednannya-do-mizhnarodno%D1%97-xarti%D1%97-vidkritix-danix/  
Ulanivka https://rada.info/upload/users_files/04331834/f3782e0f175e2233991b3db6aad82633.docx  
Boryslav https://boryslavrada.gov.ua/post/documents/rozporiadzhennia-miskoho-holovy-pro-realizatsiiu-polityky-vidkrytykh-danykh-u-boryslavskii-miskii-radi  
In addition, as part of Open Government Week, all locsl governments of Lviv Oblast submitted an application to join the International Open Data Charter https://loda.gov.ua/news/105967. Accordingly, at their internal organizational level, all 71 local governments of Lviv Region approved action plans recognizing the principles of the International Open Data Charter. https://drive.google.com/drive/folders/135Qaexpu2dDUvn8o9zo34dOw2MYwZjsb  
The key points of such strategies are development, adoption, improvement of the internal regulatory framework, such as instruments on Open Data, job descriptions, procedures and maintenance and publication of registers, etc.:
Information audit of public information, creation of the register of datasets by the data provider. Improving the skills of employees in the publication and use of Open Data within trainings, courses, programs. 
Establishment of a structural subdivision (department, sector) or position in the field of Open Data. 
Modernization of information systems for data export in open machine-readable formats CSV, JSON, XML, creation of open APIs (application programming interfaces) for publishing datasets. 
Establishment and strengthening of information exchange between structural subdivisions and with other authorities. 
Development of electronic services, analytical dashboards, chatbots and other products based on Open Data. 
Consulting and establishing partnerships with business and the public to open new sets, improve data quality. 
Introduction of own Open Data portal. 
Promotion of Open Data: holding hackathons, competitions for projects based on Open Data etc."
P4;"Does the national strategy/policy include an action plan with measures to be implemented in the Open Data field?

For Explanation:
If yes, please briefly describe the main measures described by the action plan.";yes;"Action plan for implementation of Open Data strategy is available via link https://data.gov.ua/uploads/files/2022-06-15-120043.7877993140222-1.pdf The key-points of action plan are: 1. Disclosure in the form of Open Data of all available public information (implementation of the principles ""open by default"" and ""open by design"") 2. Increasing the level of reuse of public information in the form of Open Data 3. Compliance of the datasets published on the National Portal with the principles International Open Data Charter";Complement;Yes;"Action plan for implementation of Open Data strategy is available via link https://data.gov.ua/uploads/files/2022-06-15-120043.7877993140222-1.pdf
The key-points of action plan are: 1. Disclosure in the form of Open Data of all available public information (implementation of the principles ""open by default"" and ""open by design"") 2. Increasing the level of reuse of public information in the form of Open Data 3. Compliance of the datasets published on the National Portal with the principles International Open Data Charter
In addition, the draft Strategy for the Development of the Open Data Sphere of Ukraine for 2025-2027 defines an operational action plan for each strategic goal, specifies measures to be implemented within each task, outlines expected results with deadlines and responsible actors: https://data.gov.ua/uploads/files/2024-06-04-131815.019620ODStrategy2025-2027.pdf 
The main measures described in the action plan are reflected in the strategic goals of this document: Development of policy and legal regulation of the field of Open Data in Ukraine; Improving the quality, interoperability, quantity and scope of Open Data sets and associated metadata; Development of accessibility and capabilities of the Unified state web portal of Open Data; Creating an ecosystem of education in the field of Open Data; Building interaction between Open Data stakeholders to realize the social and economic potential of Open Data; Strengthening the institutional capacity of the state apparatus in the formation and implementation of Open Data Policy in Ukraine."
P5;"Does the national strategy/policy outline measures to incentivise the publication of and access to real-time or dynamic data?

For Explanation:
* If yes, please briefly describe the measures.";yes;"The strategy envisages measures to increase the level of publication and use of dynamic data
This is done by ensuring the disclosure of dynamic datasets at the time of creation with all the elements necessary for their reuse, which includes:
empowering the central executive body that formulates policies in the field of Open Data to approve the list of dynamic datasets and to set requirements for the deadline for publication of such datasets
organization by managers of access to dynamic data sets in real time exclusively through application programming interfaces (API) in accordance with the requirements of the legislation on their content, available elements, etc. (paragraph 7 page 11) https://data.gov.ua/uploads/files/2022-06-15-102752.7196282150222.pdf";Complement;Yes;"The strategy envisages measures to increase the level of publication and use of dynamic data. This is done by ensuring the publication of dynamic datasets at the time of creation with all the elements necessary for their reuse, which includes: empowering the central executive body that formulates policies in the field of Open Data to approve the list of dynamic datasets and to set requirements for the deadline for publication of such datasets organization by managers of access to dynamic data sets in real time exclusively through application programming interfaces (API) in accordance with the requirements of the legislation on their content, available elements, etc. (paragraph 7 page 11) https://data.gov.ua/uploads/files/2022-06-15-102752.7196282150222.pdf
In addition, the draft Open Data Development Strategy for 2025-2027 also defines an increase in the number of dynamic datasets, access to which is provided via APIs. This is defined in task 3 of strategic goal 2 (page 13): https://data.gov.ua/uploads/files/2024-06-04-131815.019620ODStrategy2025-2027.pdf"
P6;"Does the national strategy/policy outline measures to incentivise the publication of and access to citizen-generated data?

For Explanation:
* If yes, please briefly describe the measures.";yes;"The Law of Ukraine on ""Access to Public Information"" provides for the possibility of publishing information provided by individuals or legal entities under private law.

However, if a natural or legal person under private law is a provider of information of significant public interest or concerns the environment, protection of life and health of citizens - such publication is mandatory. NGO ""Save Dnipro"" publish its own data on the National portal https://data.gov.ua/organization/9b012670-b499-4923-a3c9-4c23f1d86f8f";Complement;Yes;"The Law of Ukraine ""on Access to Public Information"" provides for the possibility of publishing information provided by individuals or legal entities under private law.
However, if a natural or legal person under private law is a provider of information of significant public interest or concerns the environment, protection of life and health of citizens - such publication is mandatory. NGO ""Save Dnipro"" publish its own data on the National portal https://data.gov.ua/organization/9b012670-b499-4923-a3c9-4c23f1d86f8f.
Moreover, the draft Strategy for the Development of Open Data for 2025-2027 also defines measures to increase the intensity of publication and access to data generated by citizens. This is defined in task 3 of Strategic Goal 5 (page 25). This task is aimed at building relationships between business and government regarding the sharing of machine-readable data, which will facilitate the effective use of this data. Such exchange will promote the development of the digital economy, innovation and the implementation of modern technological solutions, and can also lead to insufficient interaction and exchange of data between sectors.
The expected results of the implementation of Task 3 of Strategic Goal 5 will be the creation of a basis for the development of a regulatory framework that regulates B2B (business-to-business) and B2G (business-to-government) relations in the field of machine-readable data exchange. The implementation of such regulation will positively affect the economic and social development of the country thanks to the exchange of information for the purpose of innovation and development of new products and services based on Open Data. In addition, the possibility of creating a special tax regime for enterprises that develop products based on Open Data was studied in order to attract investments and support startups in this area. https://data.gov.ua/uploads/files/2024-06-04-131815.019620ODStrategy2025-2027.pdf"
P7;"Does the national strategy/policy foster the discoverability of the aforementioned types of data from your country on data.europa.eu?

For Explanation:
* If yes, please briefly describe how.";yes;From 2018, datasets from the national portal are harvested by the European Open Data Portal automatically https://data.europa.eu/data/datasets?locale=en&catalog=data-gov-ua&page=1  Ukraine's Open Data policy promotes unification of datasets and its interoperability with other datasets;Confirm;;
P8;"Does the national strategy/policy outline measures to support the reuse of Open Data by the public sector?

For Explanation:
* If yes, please briefly describe the measures.";yes;"Decree 835 establishes among other things Principles For Improved Governance & Citizen Engagement and For Inclusive Development & Innovation. The last is defined as granting by data providers support and assistance in creating new information resources and services based on public information in the form of Open Data. It also sets definition of a term ""permanent applicability"" - ensuring the use of public information in the form of Open Data by public authorities and local governments in the exercise of their powers.
Realization of the Principle For Improved Governance & Citizen Engagement of Open Data Strategy provides for:
Promotion of the use of the Open Data by public bodies;
Cooperation with NGOs and business  on the creation and promotion of visualizations, tools and analytical materials based on Open Data;
Promotion of the development of skills in the use of Open Data by NGOs and other civil society organisations;
Organization of informational and educational activities for the leadership of public authorities and local governments on the development of the effective Open Data programs in their government bodies.
One of the goals of new Open Data Strategy  is the high level of re-use of public information in the form of Open Data, which also includes re-use of Open Data by the public sector";Complement;Yes;"Decree 835 establishes among other things Principles For Improved Governance & Citizen Engagement and For Inclusive Development & Innovation. The last is defined as granting by data providers support and assistance in creating new information resources and services based on Open Data. It also sets definition of a term ""permanent applicability"" - ensuring the use of Open Data by public authorities and local governments in the exercise of their powers.
Perfomance of the Principle For Improved Governance & Citizen Engagement of Open Data Strategy provides for:
Promotion of the use of the Open Data by public bodies;
Cooperation with NGOs and business on the creation and promotion of visualizations, tools and analytical materials based on Open Data;
Promotion of the development of skills in the use of Open Data by NGOs and other civil society organisations;
Organization of informational and educational activities for the leadership of public authorities and local governments on the development of the effective Open Data programs in their government bodies.
One of the goals of the draft of Open Data Strategy is the high level of re-use of public information in the form of Open Data, which also includes re-use of Open Data by the public sector.
https://data.gov.ua/uploads/files/2022-06-15-102752.7196282150222.pdf 
In addition, the draft of the Strategy for the development of Open Data for 2025-27 provides for the provision that the revision of the current legislation on Open Data, including legislative acts regulating, in particular, the reuse of data, should become a key stage in the implementation of the Strategy. In order to implement this task, it is planned to prepare systemic changes to the legislation to eliminate obstacles to access to public information and its use as Open Data. Reuse will also be ensured by increasing the quality, interoperability, quantity and completeness of Open datasets and associated metadata, which is Strategic Goal 2. https://data.gov.ua/uploads/files/2024-06-04-131815.019620ODStrategy2025-2027.pdf"
P9;"Does the national strategy/policy outline measures to support the reuse of Open Data by the private sector?

For Explanation:
* If yes, please briefly describe the measures.";yes;"One of the goals of new Open Data Strategy is the high level of re-use of public information in the form of Open Data, which also includes re-use of Open Data by the private sector. It will include the following subgoals: the functionality of the Portal allows ordinary users to use its capabilities having basic technical skills; the Portal has implemented several channels of user interaction with data providers and the holder of the Portal; dynamic data, which is in high demand in society, is updated at the time of creation and measures to achieve those subgoals.
Also as a measure to support the re-use of Open Data by priviate sector is the online course Open Data for Business that was created on the national platform of the digital education - https://osvita.diia.gov.ua/courses/opendata";Complement;Yes;"One of the goals of new Open Data Strategy is the high level of re-use of public information in the form of Open Data, which also includes re-use of Open Data by the private sector. It will include the following subgoals: the functionality of the Portal allows ordinary users to use its capabilities having basic technical skills; the Portal has implemented several channels of user interaction with data providers and the holder of the Portal; dynamic data, which is in high demand in society, is updated at the time of creation and measures to achieve those subgoals.
https://data.gov.ua/uploads/files/2022-06-15-102752.7196282150222.pdf

Also as a measure to support the re-use of Open Data by priviate sector is the online course Open Data for Business that was created on the national platform of the digital education - https://osvita.diia.gov.ua/courses/opendata. The ""Open Data Advocacy"" series was also launched https://osvita.diia.gov.ua/courses/open-data-advocation.
 
In addition, the draft of the Strategy for the development of Open Data for 2025-27 provides for the provision that the revision of the current legislation on Open Data, including legislative acts regulating, in particular, the reuse of data, should become a key stage in the implementation of the Strategy. In order to implement this task, it is planned to prepare systemic changes to the legislation to eliminate obstacles to access to public information and its use as Open Data. Reuse will also be ensured by increasing the quality, interoperability, quantity and volume of Open Data sets and associated metadata, which is Strategic Goal 2. Also, Task 6 of Strategic Goal 5 is to facilitate hackathons, competitions and support programs for projects based on on Open Data. In order to implement this task, it is envisaged to provide assistance in the organization of competitions to support acceleration and incubation programs for businesses and representatives of civil society working in the field of Open Data; provide support for the organization of hackathons for students and post-graduate students, businesses and civil society representatives who carry out their activities in the field of Open Data; provide support for the organization of grant contests for civil society to develop and increase the use and popularization of gender-disaggregated data in their activities. https://data.gov.ua/uploads/files/2024-06-04-131815.019620ODStrategy2025-2027.pdf   
In order to increase the transparency of state institutions to solve socio-economic problems and to support innovative projects, grant competitions for startups are organized based on Open Data.
In June 2023, the competition ""Open Data. Unbroken"" together with OSCE was organized. https://www.openunbroken.org/. Winners: ""Where's the shelter?"" — a chatbot for finding the nearest bomb shelter in Ukraine. https://shelteruabot.com/. ""VPO Nazar"" is a chatbot to help internally displaced persons integrate into a new environment https://citybot.pro/vpo. ""Plant Varieties"" is an information aggregator that brings together resources such as Plant Varieties and Controlled Pesticides https://agrarii-razom.com.ua/. 
Also in November 2023 the competition ""Open Datathon reUkraine"" together with TAPAS project was organized https://datathon.data.gov.ua/. Among the winners of the competition is the service for providing access to public registers for citizens and businesses ""Opendatabot"" https://opendatabot.ua/, the solution for finding barrier-free locations ""Dostupno!"" from the Ukrainian Center for Social Data https://dostupno.ua/mapa-dostupnosti/, chatbot ""I'll be a mother"" from the ""Liky Kontrol"" team https://chats.viber.com/iwillbemother_bot, a system of dashboards with analytics from the Clarity Project — Clarity Hromada https://clarity-project.info/hromada.
In addition ""Open Data Hackathon"" with support of DTA project is running now. More than 230 applications for participation were received. https://www.opendatatech.org/hackathon."
P10-a;"Does the national strategy/policy mandate carrying out and maintaining a data inventory by public bodies, whether at national or local level?

For Explanation:
* If yes, please briefly specify.";yes;"According to legislation, all public bodies must publish the result of data inventory on data.gov.ua. 
Legislation establishes the definition of the term ""information audit"" - the process of analysis by the data provider on the availability, status, formats, management processes and use of all information in his possession. An information audit is mandatory and is performed at least once a year.
The methodology of information audit is approved by the central executive body, which ensures the formation and implementation of state policy in the field of Open Data - Ministry of Digital Transformation.
The results of the information audit of the data provider are subject to mandatory publication on the National portal as a separate dataset.                                                                                                                                                                                                                  One of the modules of the Open Data for Civil Servants curriculum is devoted exclusively to the methodology of auditing Open Data, which is mandatory for all data providers and should be conducted at least once a year. more than 18,000 civil servants successfully completed the training program in 2020-2021";Complement;Yes;"According to legislation, all public bodies must publish the result of data inventory on data.gov.ua. 
Legislation establishes the definition of the term ""information audit"" - the process of analysis by the data provider on the availability, status, formats, management processes and use of all information in his possession. An information audit is mandatory and is performed at least once a year.
The methodology of information audit is approved by the central executive body, which ensures the formation and implementation of state policy in the field of Open Data - Ministry of Digital Transformation.
The results of the information audit of the data provider are subject to mandatory publication on the National portal as a separate dataset.                                                                                                                                                                                                                  One of the modules of the Open Data for Civil Servants curriculum is devoted exclusively to the methodology of auditing Open Data, which is mandatory for all data providers and should be conducted at least once a year. More than 67,000 civil servants watched the series.
One of the measures to implement the goals of the project of Strategy for Development Open Data for 2025-27 is the creation of an online course to improve the skills of civil servants and employees of local self-government bodies in conducting information audits (page 19). https://data.gov.ua/uploads/files/2024-06-04-131815.019620ODStrategy2025-2027.pdf.
Examples of datasets with the results of information audits published by providers: https://data.gov.ua/en/dataset/b687989b-aaef-4d8b-9ea3-56b03a684673, https://data.gov.ua/dataset/2396df9f-41b9-4b53-9064-91f2c36e8ccc, https://data.gov.ua/en/dataset/a9c3c00a-a176-4cc3-91cb-9bcce1e14e28/resource/88a34d3d-647e-41d7-ba0a-683994abef6f.
Decree № 409 also approved the Procedure for annual assessment of the state of publication and updating of Open Data by data providers on the Unified State Web Portal of Open Data. The purpose of the evaluation is to determine the state of compliance by data providers with the requirements of the Regulation on data sets that are subject to publication in the form of Open Data. The evaluation is carried out every year in two stages: a survey of data providers; analysis of survey results and determination of assessment. https://zakon.rada.gov.ua/laws/show/409-2019-%D0%BF#Text"
P10-b;"Do these data inventories include the data collected by public bodies that cannot be published as Open Data (e.g. in relation to the EU Data Governance Act (EU) 2022/868)? 

For Explanation:
* If yes, please briefly specify.";yes;"In accordance with the legislation, data providers shall perform information audit of all information in their possession - both that can be published as Open Data and vice versa.
Moreover, due to the ""open by default principle"", all public information is open. It means, that though containing, for example, personal data, dataset shall nevertheless be published as Open Data with anonymisation of such personal data.";Confirm;;
P11;"Is your country applying the implementing regulation (EU) 2023/138 on high-value datasets?

For Explanation:
* If yes, how is it progressing? 
* If you are an EFTA or a candidate country to the EU, please select 'not applicable'.
** In the table below, please indicate your progress with respect to a) organisation, b) legal aspects, c) technical aspects on a scale from 1 to 5. 1 = no progress; 2 = few progress; 3 = some progress; 4 = considerable progress; 5 = works are finalised.";new question;new question;Change;Not Applicable;The Decree № 835 revised the definition of high-value data sets, and also indicated which areas are priorities within the process of implementation of the policy in the field of Open Data. The publication of datasets in the spheres of justice, judiciary, health care, ecology and environmental protection, transport and infrastructure, finance and taxes is a priority area of
P12;"Have the public bodies in your country denoted relevant datasets as high-value datasets in their metadata following the publication of the implementing regulation (EU) 2023/138 on high-value datasets?

For Explanation:
*  If yes, please specify how and highlight challenges, if any. 
* If you are an EFTA or a candidate country to the EU, please select 'not applicable'.";new question;new question;Change;Not Applicable;
P13;"Is there a governance structure in place that enables the participation and/or inclusion of various Open Data stakeholders? 

For Explanation:
*  If yes, please briefly describe the governance structure and its operating model ";new question;new question;Change;Yes;"The Ministry of Digital Transformation of Ukraine is the main body responsible for the development of Open Data; ensures coordination of the publication of datasets on the portal by data providers and promotes their quality improvement.
The Data+ communication platform was created with the assistance of the Ministry of Digital Transformation of Ukraine, which was publicly presented on May 29, 2024. Within the framework of the operation of Data+, regular meetings are held with stakeholders in the field: the Ministry of Digital Transformation of Ukraine, the Ombudsman of Ukraine, data providers, experts, civil society, etc. The first meeting of participants of this platform will take place at the end of June 2024.
The first user satisfaction and demand for Open Data survey was launched on June 3, 2024. The survey is targeted towards representatives of businesses, civil servants, civil society organizations (CSOs), and the media. The collected information will help to identify gaps in Open Data and plan the framework of the Data+ platform for cooperation between MDT and stakeholders. It will also include feedback on the functionality of the Unified Open Data Portal (UODP) and what type of unpublished Open Data is important and should be made accessible. The survey is expected to conclude at the end of June 2024.  
https://www.facebook.com/share/p/dLsKweKw8m12TPhT/?
In January 2024, a survey of users of the Unified State Web Portal of Open Data was conducted to determine the needs of data users https://docs.google.com/forms/d/e/1FAIpQLScwiBCSqO3Byx8fcZlpujEbrm3DWYeuiMyd9YfyBrC2wpb4ew/viewform.
https://docs.google.com/forms/d/e/1FAIpQLSdXGQ11Jrx9zvBU_X_7BYVENqKRBgdf0WyxndbRy5zL6-TMLg/viewform - the survey for data users is conducted to determine the priorities of the Ministry of Digital Transformation in the field of Open Data and planning the operation of the Data+ communication platform.
During the research on the role of Open Data in the transition to a circular and low-carbon economy, researchers took into account business needs through surveys to develop standards for 16 datasets. https://diia.data.gov.ua/news/opublikovano-doslidzennya-roli-vidkritix-danix-u-perexodi-do-cirkulyarnoyi-ta-nizkovuglecevoyi-ekonomiki. 
During the preparing of the Open Data development strategy for 2025-2027, a survey of stakeholders was conducted: https://docs.google.com/document/d/1l_V8V8pJi_3MMbx5KEbb6Gg-RIR0CYaJLcOJX0OwJ9o/edit."
P14;"How would you classify the model used for governing Open Data in your country? 

For Explanation:
*  Please briefly explain why this model was chosen/works best for your country";hybrid;"Ukraine has implemented a bilateral system to support Open Data initiatives.
The Ministry of Digital Transformation of Ukraine is the main authority in the system of government bodies responsible for the formation and implementation of Open Data policy and strategy.
At the same time, local authorities, in accordance with their legal powers, develop the sphere of Open Data on the local level. Hence the model is hybrid where iniative for the Open Data sphere comes close from the Ministry and local goverements themselves";Confirm;;
P15;"Does the governance structure ensure that the local and regional Open Data initiatives are facilitated and supported at national level?

For Explanation:
* If yes, please give an example of what kind of support.
* If not applicable, please explain why.";new question;new question;Change;Yes;"Support for local initiatives is provided by the Ministry of Digital Transformation of Ukraine inter alia by concluding memorandums of cooperation with local councils. Within the framework of these memoranda, the Ministry supports local authorities in conducting information audits, adopting the internal legal framework of data providers, and grants a license for the deployment of local Open Data portals. Also, training on Open Data is mandatory for such bodies.
Thus, the Ministry of Digital Transformation is actively stimulating the development of regional Open Data policy, in particular to systematize work with administrators at the regional level and simplify citizens' access to Open Data. The Ministry provides interested local governments with a ""Standard software of a local Open Data portal"". https://diia.data.gov.ua/news/rozvytok-vidkrytykh-danykh-v-rehionakh.
Dozens of local governments are already a part of the abovementioned regional program.
Moreover, from the end of 2023, the Open Data Academy is implemented. It is an initiative aimed at raising the competencies of regional civil servants on Open Data. So far, such trainings have been carried out for such employees of Chernivtsi, Lviv, Zakarpattia, Vinnytsia, and Rivne regions. By the end of 2025, it is planned to cover all regions of Ukraine. https://academy.data.gov.ua/."
P16;"To what degree do local/regional public bodies conduct Open Data initiatives? 

For Explanation:
* If not applicable, please explain why.";all public bodies;;Confirm;;
P17;"Is a document describing the responsibilities and governance structure of the national (and/or regional/local) Open Data team publicly available?

For Explanation:
* If yes, please provide the URL where this information is published. ";yes;"Article 14 of the Law of Ukraine ""On Access to Public Information"" defines the main duties of the responsible structural units regarding access to information.
Article 15 of the same law defines special obligations for the publication of Open Data.
In addition, the Ministry of Digital Transformation has developed a standard provision for public information disclosure in the form of Open Data https://docs.google.com/document/d/1KKozOoDr7w_kfq52Tr1uaivA0lV3T0etLgGZatW_Meg/edit";Complement;Yes;"Article 14 of the Law of Ukraine ""On Access to Public Information"" defines the main duties of the responsible structural units regarding access to information.
Article 15 of the same law defines special obligations for the publication of Open Data.
In addition, the Ministry of Digital Transformation has developed a draft of provisions to be included in the job descriptions of civil servants responsible for Open Data publication https://docs.google.com/document/d/1KKozOoDr7w_kfq52Tr1uaivA0lV3T0etLgGZatW_Meg/edit 
Also, the issue of ensuring access to public information by executive authorities is regulated by the Presidential Decree: https://zakon.rada.gov.ua/laws/show/547/2011#Text"
P18;"Is there a regular exchange of knowledge or experiences between the national Open Data team and the team maintaining the national portal? 

For Explanation:
* If yes, please briefly describe how this exchange takes place and provide evidence supporting your answer (e.g. meeting agendas, URLs to news items).";yes;There is no separate team maintaining the national portal. National Open Data team and national opendata portal team are the same people;Confirm;;
P19;"Does the governance model include the appointment of official roles in civil services that are dedicated to Open Data (e.g. Open Data officers)?

For Explanation:
* If yes, please describe how this task is fulfilled at public body level.";yes;Since the creation of the Ministry of Digital Transformation in 2019, the position of the Chief Digital Transformation Officer was introduced. One of the responsibilities of the Chief Digital Transformation Officers is the coordination of the Open Data sphere. Furthermore, according to the Decree 835 each public body has to appoint  the person/s responsible for publication of the Open Data;Confirm;;
P20;"Is there a regular exchange of knowledge or experiences between the national Open Data team and the wider network of Open Data officers in your country? 

For Explanation:
* If yes, please briefly describe how this exchange takes place and provide evidence supporting your answer (e.g. meeting agendas, URLs to news items).";yes;Between the national Open Data team and the Chief Digital transformation Offirecs hold weekly meetings to implement the Open Data policy in a specific executive body or specific region. The agendas and sum-ups of such meetings is used exclusively for official use;Complement;;"The Ministry of Digital Transformation of Ukraine is the main body responsible for the development of Open Data; ensures coordination of the publication of datasets on the portal by data providers and promotes its quality improvement. The Data+ communication platform was created with the assistance of the Ministry of Digital Transformation of Ukraine, which was publicly presented on May 29, 2024. Within the framework of the operation of Data+, regular meetings are held with stakeholders in the field: the Ministry of Digital Transformation of Ukraine, the Ombudsman of Ukraine, data providers, experts, civil society, etc. The first meeting of participants of this platform will take place at the end of June 2024. https://www.facebook.com/share/p/dLsKweKw8m12TPhT/? 
In addition, between the national Open Data team and the Chief Digital transformation Offirecs hold weekly meetings to implement the Open Data policy in a specific executive body or specific region. The agendas and sum-ups of such meetings is used exclusively for official use.
Moreover, from the end of 2023, the Open Data Academy is implemented. This is an initiative aimed at training the regional civil servants on Open Data. So far, such trainings have been carried out for such employees of Chernivtsi, Lviv, Zakarpattia, Vinnytsia, and Rivne regions. By the end of 2025, it is planned to cover all regions of Ukraine. https://academy.data.gov.ua/. 
Also, in order to increase the level of professional knowledge and competencies of civil servants and officials of local government on ensuring rights to access to public information, proper organization of the process of access to Open Data, a general short-term training program for civil servants was developed with the support of National Agency of Ukraine for Civil Service Affairs: https://pdp.nacs.gov.ua/courses/dostup-do-publichnoi-informatsii-dlia-derzhavnykh-sluzhbovtsiv-ta-posadovykh-osib-mistsevoho-samovriaduvannia. In 2023, 497 employees completed this training program, in 2024, by the end of June, according to the plan, more than 330 employees will complete this program.
Also as an activity to develop professional skills of civil servants working with data is the online course Open Data for Civil Servants that is published on the national platform of the digital education - https://osvita.diia.gov.ua/courses/open-data. During the entire existence of this series, more than 67,000 civil servants have reviewed and successfully passed it.
In addition, the Ministry of Digital Transformation of Ukraine conducts trainings at the request of individual authorities and within the framework of the signed cooperation memoranda: trainings on Open Data for the State Environmental Inspection, the State Film Agency, the State Accounting Service, the Agency for Search and Asset Management, the Ministry of Infrastructure, the State Energy Efficiency Institute, the Institute of National Remembrance, the Vinnytsia, Dnipropetrovsk, and Ternopil regional military administrations, local government bodies of the Vinnytsia, Dnipropetrovsk, and Ternopil regions; Ministry of Veterans of Ukraine, Ukrhydrometeorological center, Bakhmut city council, Milovo, Novoaidar village military administrations, Haysyn city council, Ajam village council; for the Secretariat of the Parliamentary Commissioner for Human Rights, the State Food Safety Service, the State Customs Service, etc. More than 3 000 civil cervants took part in trainings conducted by the Ministarial Open Data Team for the last year. https://diia.data.gov.ua/news/rezultati-navcannya-z-vidkritix-danix-dlya-rozporyadnikiv-informacii
On November 28, 2023, Ukraine launched the CDTO Campus project to accelerate digital transformation across the country. Ukraine is one of the first countries in the world to introduce the position of Chief Digital Transformation Officer - CDTO both in ministries and at the regional level. Within this new strategic project, civil servants working in the field of digital transformation will be trained, and the state will be provided with specialists qualified to lead and implement digital reforms. Within this project, digital leaders are taught the basics of forming and implementing an Open Data policy. https://www.cdto-campus.com/ua/cdto-campus-ua, https://www.cdto-campus.com/ua/programs-ua/obsie-formuvannya-ta-realizaciya-politiki-vidkritih-danih-cdto-campus-copy.
In addition, in September 2023, the TAPAS project, together with the Ministry of Digital Transformation, launched a course on digitization and working with Open Data for civil servants. The training program was conducted for CDTOs of state bodies, civil servants of the ""A"" category, as well as for managers and specialists who are responsible for the development of Open Data and digital transformation in their institution. https://cdto.data.gov.ua/"
P21;"Is there a regular exchange of knowledge or experiences between public sector bodies (i.e. the providers) and Open Data reusers (e.g. academia, citizens, businesses)?

For Explanation:
* If yes, please briefly describe how this exchange takes place and provide evidence supporting your answer (e.g. meeting agendas, URLs to news items).";yes;https://www.youtube.com/watch?v=GHaDXGMBwPQ https://www.youtube.com/watch?v=kOuMopjMl4g https://www.youtube.com/watch?v=AZsGoVMnqks;Complement;Yes;"The Ministry of Digital Transformation of Ukraine constantly organizes events for communication with civil society, for example, regarding the role of Open Data in the transition to a low-carbon and circular economy, gender component in Open Data of Ukraine, compliance of European legislation with Ukrainian legislation: https://www.youtube.com/watch?v=IhmgQL0GiY0&t=2253s, https://www.youtube.com/watch?v=imjO_E2yycg, https://www.facebook.com/share/p/gSgLZ9PSMYj27kei/?
The series ""Open data for business"" was also launched on the Diya.Osvita platform https://osvita.diia.gov.ua/courses/opendata, which explains the concept of Open Data, how it can be useful to you, where you can get it, and how to use data for business development (more than 5000 views). Also In April 2024, two educational trainings ""Open data for the public and business"" were held (supported by OSCE), during which public activists, journalists and researchers learned how to use Open Data for their own research, what perspectives Open Data provides for analysis and how to ensure the transparency of decision-making by state bodies and local self-government bodies. Also during the training, representatives of successful non-commercial projects based on Open Data were invited to share their experience. https://texty.org.ua/d/opendata-showcase/. 
Also, in March, 2024 with the support of the TAPAS project, Data Driven Journalism was implemented - free training for journalists and journalism teachers who want to improve their skills in data journalism and data visualization. https://journalism-course.data.gov.ua/ 
Also, in February 2024 the Open Data Advocacy educational series was launched (more than 1600 views). Speakers of these series teach how to create and run advocacy campaigns to improve access to public information and effectively use Open Data. The series include 8 episodes, which contain a theoretical basis and practical advice. After viewing, you will learn about the possibilities of Open Data using examples of real cases from Ukrainian business, state and public sectors. As well as how to protect your right to access Open Data. https://osvita.diia.gov.ua/courses/open-data-advocation"
P22;"Do data publication plans exist at public body level?

For Explanation:
* If yes, please provide the URL and briefly highlight the key aspects covered. ";yes;"Different public bodies at national/regional/local levels publish different types of publication plans. On a local level some cities, who joined Open Data Charter, publish strategies and/or actions plans on publishing Open Data, some central bodies publish strategies and/or internal orders on publishing Open Data. There is no unified approach but in general publication plans are available. At the moment Decree states the list of the datasets that has to be published and at the same time all publishers must regalarly publish and update a register of data sets where the frequency of updating the sets is indicated. Thus,according to the Decree planning of particular datasets are divided between the national (list of datasets) and the local level (frequency of updating sets) Some example of already existing plans http://www.namvk.if.ua/dt/309482/ http://www.namvk.if.ua/ref_doc/62640 Different public bodies at national/regional/local levels publish different types of publication plans. On a local level some cities, who joined Open Data Charter, publish strategies and/or actions plans on publishing Open Data, some central bodies publish strategies and/or internal orders on publishing Open Data. There is no unified approach but in general publication plans are available. At the moment Decree states the list of the datasets that has to be published and at the same time all publishers must regalarly publish and update a register of data sets where the frequency of updating the sets is indicated. Thus,according to the Decree planning of particular datasets are divided between the national (list of datasets) and the local level (frequency of updating sets)
Ministry of the digital transformation of Ukraine developed a tempalate plan for the local self-government bodies for improving the Open Data policy https://data.gov.ua/pages/plan-dii-z-pryiednannia-odc";Confirm;;
P23;"Are there processes to ensure that the Open Data policies/strategy previously mentioned are implemented (e.g. monitoring)?

For Explanation:
* If yes, please specify the process(es).";yes;"There are three government mechanisms of the monitoring of the implementation of strategies on national and local level 
Yearly monitoring - Ministry of Digital Transformation submits yearly report to the Cabinet of Ministers on the implementation of The Open Data Strategy
Quarterly monitoring of the policy implementation.  Ministry of Digital Transformation conducts quarterly monitoring of the implementation of the policy by central authorities. The monitoring focuses on the availability of the data according to the requirements  of the legislation and its quality. 
Yearly monitoring  of Open Data programs.
Assessment focuses on the availability and quality of the published data, regulation framework inside of the pubic body, engagement and promotion of the use of the Open Data. The last monitoring is available here: https://data.gov.ua/uploads/files/2021-10-11-151345.820104--2020.pdf";Complement;Yes;"There are three government mechanisms of the monitoring of the implementation of strategies on national and local level 
Yearly monitoring - Ministry of Digital Transformation submits yearly report to the Cabinet of Ministers on the implementation of The Open Data Strategy
Quarterly monitoring of the policy implementation. Ministry of Digital Transformation conducts quarterly monitoring of the implementation of the policy by central authorities. The monitoring focuses on the availability of the data according to the requirements  of the legislation and its quality. 
Yearly monitoring  of Open Data programs.
Assessment focuses on the availability and quality of the published data, regulation framework inside of the pubic body, engagement and promotion of the use of the Open Data. The last monitoring is available here: https://data.gov.ua/uploads/files/2021-10-11-151345.820104--2020.pdf.
In order to monitor the level of data publication, state bodies and cities annually submit to the Ministry of Digital Affairs an assessment card of the state of publication and updating of Open Data. Based on the results of this assessment, reports on the state of publicizing and updating Open Data by data providers in 2021 and 2022 were created, which analyzed the level of data openness in cities and state authorities. https://diia.data.gov.ua/news/yakii-z-derzorganiv-je-liderom-za-vidkritistyu-danix-doslidzennya-mincifri-1"
P24;"Do you update your policy/strategy as appropriate to ensure its success, such as based on data collected for monitoring?

For explanation:
* If yes, please describe the process and any recent updates made to strategy/policy";new question;new question;Change;Yes;"According to the monitoring results, it was found that some data providers do not publish some datasets or, on the contrary, publish additional ones. In this regard, coordination meetings are currently being held with data providers regarding the introduction of amendments to the Decree № 835 inter alia, the updating the list of datasets to be published by data providers.
Also, an important component of the development of the field of Open Data is the approval of a new national strategy for the development of the field of Open Data for 2025-27, which will include, in particular, the following strategic goals: development of policy and legal regulation of the field of Open Data in Ukraine; improving the quality, interoperability, quantity and scope of Open Data sets and associated metadata; development of accessibility and capabilities of the Unified state web portal of Open Data; strengthening an education ecosystem in the field of Open Data; development of interaction between stakeholders in the field of Open Data in order to realize the social and economic potential of Open Data; strengthening the institutional capacity of the state apparatus in the formation and implementation of Open Data policy in Ukraine. https://data.gov.ua/uploads/files/2024-06-04-131815.019620ODStrategy2025-2027.pdf. 
In addition, as part of the development of this strategy, 304 data sets that have high value for society or demonstrate important trends in certain areas of Open Data were analyzed. The analysis was carried out for the compliance of these sets with the principles of efficiency and accessibility of use, and the quality of the published data sets was also assessed. https://docs.google.com/document/d/1zv4zB7k-Nd1k5TGY03_TqLZTgjtrTDXD9WmV9XrmMJ4/edit
In addition, the Ministry of Digital Transformation monitors the functioning of the portal on a quarterly basis regarding the number of published sets, sets that are not publicly available due to security risks.
Also, the Ministry of Digital Transformation of Ukraine carries out appropriate monitoring to improve the policy or strategy when conducting relevant research in the field of Open Data, in particular regarding the role of Open Data in the transition to a low-carbon and circular economy, the gender component in Open Data of Ukraine, compliance with European legislation Ukrainian legislation: https://diia.data.gov.ua/news/opublikovano-doslidzennya-roli-vidkritix-danix-u-perexodi-do-circulyarnoyi-ta-nizkovuglecevoyi-ekonomiki,  https://tapas.org.ua/wp-content/uploads/2023/11/OD-research_27.11UA.pdf, https://tapas.org.ua/wp-content/uploads/2024/04/Analitychnyj-zvit-shchodo-doslidzhennia-krashchykh-praktyk-i-zakonodavstva-IeS-shchodo-standartyzatsii-naboriv-danykh-vysokoi-tsinnosti.pdf, https://eef.org.ua/wp-content/uploads/2023/07/Vidpovidnist-zakonodavstva-Ukrayiny-okremym-polozhennyam-pravogo-regulyuvannya-sfery-vidkrytyh-danyh-u-YEvropejskomu-Soyuzi.pdf.
Analytical materials of stakeholders in the field can be used to improve the policy, such as the report on the status of environmental Open Data in Ukraine, prepared by the public organization ""Save Dnipro"" https://www.saveecobot.com/static/environmental-data-status.
The Data+ communication platform is created with the assistance of the Ministry of Digital Transformation of Ukraine and was publicly presented on May 29, 2024. Within the framework of the operation of Data+, regular meetings are held with stakeholders in the field: the Ministry of Digital Transformation of Ukraine, the Ombudsman of Ukraine, data providers, experts, civil society, etc. The first meeting of participants of this platform will take place at the end of June 2024. At such meetings, topical problems of the field will be discussed and common ways of solving them will be found for policy improvement. 
The first user satisfaction and demand for Open Data survey was launched on June 3, 2024. The survey is targeted towards representatives of businesses, civil servants, civil society organizations (CSOs), and the media. The collected information will help to identify gaps in Open Data and plan the framework of the Data+ platform for cooperation between MDT and stakeholders. It will also include feedback on the functionality of the Unified Open Data Portal (UODP) and what type of unpublished Open Data is important and should be made accessible. The survey is expected to conclude at the end of June 2024.  
https://www.facebook.com/share/p/dLsKweKw8m12TPhT/?.
In addition, when conducting information audits, data providers conduct public consultations and surveys in order to investigate the level of satisfaction with the data released and improve policy at the level of a specific authority. 
In January 2024, a survey of users of the Unified State Web Portal of Open Data was conducted to determine the needs of data users https://docs.google.com/forms/d/e/1FAIpQLScwiBCSqO3Byx8fcZlpujEbrm3DWYeuiMyd9YfyBrC2wpb4ew/viewform 
https://docs.google.com/forms/d/e/1FAIpQLSdXGQ11Jrx9zvBU_X_7BYVENqKRBgdf0WyxndbRy5zL6-TMLg/viewform - the survey for data users is conducted to determine the priorities of the Ministry of Digital Transformation in the field of Open Data and planning the operation of the Data+ communication platform."
P25;"Are there any processes in place to assess if public sector bodies are charging for data above marginal cost? (please see directive (EU) 2019/1024 on Open Data and the reuse of public sector information).

For Explanation:
* If yes, please specify the process(es).";yes;"According to the Law of Ukraine ""On Access to Public Information"" there is no charging for opedata datasets. All of them are free of charge";Confirm;;
P26-a;"What are the top 3 challenges that your country is facing in the implementation of the mentioned Open Data policies/strategy?

For Explanation:
* Please briefly describe.";N/A;"The war waged by Russia against Ukraine has a significant impact on the Open Data sphere and the implementation of strategies and plans for the development of the Open Data sphere.
To ensure the interests of national security and defense, the work of national and local portals was suspended. Suspended activities related to improving the level of skills in Open Data. In addition, due to the war, funding for IT development, including Open Data, has been significantly reduced";Change;N/A;"The full-scale war waged by Russia against Ukraine has a significant impact on the Open Data sphere and the implementation of strategies and plans for the development of the Open Data sphere. To ensure the interests of national security and defense, till August 2022 the work of national and local portals was temporarily suspended, as well as activities related to improving the level of skills in Open Data. In addition, due to the war, funding for IT development, including Open Data, has been significantly reduced.
At the same time, despite the full-scale invasion of the Russian Federation into Ukraine, the Ministry of Digital Transformation in every possible way ensures the safe opening of data, access to which has been restricted due to military operations. For this, it is necessary to find a balance between transparency and security, taking into account all the challenges of war. For this purpose, a method of conducting a three-part test is currently being developed (https://www.facebook.com/mintsyfra/posts/pfbid0aMQXFMTP8sk84qRa8YcF1pgV7xtC4J2RV8WfW7Lk48unLrBLz45g23TJmXeNTSStl), constant consultations are held with data providers and other stakeholders. Ministry of Digital Transformation of Ukraine proactively takes measures to renew access to datasets of high social interest, for example the Unified State Register of Legal Entities and Individual Entrepreneurs and Public Organizations, Register of Damaged and Destroyed Property in the form of Open Data taking into account security interests."
P26-b;"Are there activities in place to address these challenges in your country (e.g. with specific national/regional/local plans or initiatives)?

For Explanation:
* If yes, please briefly describe the measures that you have adopted or plan to adopt to address these challenges. 
* If no, please specifiy what is hampering finding a strategic approach to solve these challenges.";yes;"To overcome the negative consequences of the war, the Government of Ukraine established the National Council for the Recovery of Ukraine from the effects of the war, one of the tasks of which is the further development of the IT sector, including Open Data. 
It is planned that Open Data will be the basis for the reconstruction of Ukraine and ensure transparent and accountable funding for reconstruction projects https://www.kmu.gov.ua/diyalnist/nacionalna-rada-z-vidnovlennya-ukrayini-vid-naslidkiv-vijni/pro-nacionalnu-radu-z-vidnovlennya-ukrayini-vid-naslidkiv-vijni Action plan on recovery is available via link https://recovery.gov.ua/en/project ";Complement;Yes;"In addition, the new strategy for the development of the field of Open Data for 2025-27 provides for the solution of common problems in the field of Open Data, in particular by improving the regulatory and legal framework, improving the quality of data, their interoperability and availability. Also at the Open Data Day event, the Ministry of Digital Transformation presented stakeholders with a vision for the development of Open Data. In particular, coordination with the law enforcement unit and the Ombudsman's Office is important for finding optimal solutions for data publication. https://www.kmu.gov.ua/news/mintsyfry-prezentuvala-viziiu-rozvytku-vidkrytykh-danykh-v-ukraini. The event ""Open data: the path to transparency and accountability"" also discussed the possibility of reviving the publication of Open Data in the fields of energy, ecology and data for transparent business conduct, as well as presented a single space for cooperation between data providers and users of Open Data — the Data+ communication platform. https://www.facebook.com/share/p/KeMh45LUpBGvzBcB/?. 
Also, the Ministry of Digital Transformation provides consulting support to data providers during their information audits, develops recommendations for data providers to make datasets public, representatives of the Ministry participate in meetings of committees of the Verkhovna Rada of Ukraine, etc."
P27;"Are there any activities in place to assist data holders with publishing their data as Open Data (i.e. to help them with the data opening process)?

For Explanation:
* If yes, please describe/provide examples of these activities.";new question;new question;Change;Yes;"The Ministry of Digital Transformation of Ukraine is the main body responsible for the development of Open Data; ensures coordination of the publication of data sets on the portal by data providers and promotes its quality improvement.
To ensure the support of data providers, the Ministry constantly consults the responsible persons of data providers. During dataset moderation (checking by an authorized person of the portal holder of data sets uploaded to the portal for compliance with the requirements specified in the Regulation on data sets to be made public in the form of Open Data), incorrectly created sets are rejected with appropriate comments, then these comments must be made by the data provider corrected. In addition, the strategic goals of the new strategy for the development of Open Data are to strengthen an ecosystem of education in the field of Open Data, to improve the quality and interoperability of published datasets. In addition, the Ministry actively stimulates the development of the regional Open Data policy by concluding memorandums of cooperation with local self-government bodies and, accordingly, providing support to these bodies during the implementation of the Open Data policy.
Moreover, from the end of 2023, the Open Data Academy is implemented. This is an initiative aimed at training the regional civil servants on Open Data. So far, such trainings have been carried out for such employees of Chernivtsi, Lviv, Zakarpattia, Vinnytsia, and Rivne regions. By the end of 2025, it is planned to cover all regions of Ukraine. https://academy.data.gov.ua/.
Also, in order to increase the level of professional knowledge and competencies of civil servants and officials of local self-government in the field of ensuring rights to access to public information, proper organization of the process of access to Open Data, a general short-term training program for civil servants was developed in co-operation with National Agency of Ukraine for Civil Service Affairs: https://pdp.nacs.gov.ua/courses/dostup-do-publichnoi-informatsii-dlia-derzhavnykh-sluzhbovtsiv-ta-posadovykh-osib-mistsevoho-samovriaduvannia. In 2023, 497 employees completed this training program, in 2024, by the end of June, according to the plan, more than 330 employees will complete this program.
Also as a measure to develop professional skills of civil servants working with data is the online course Open Data for Civil Servants that is published on the national platform of the digital education - https://osvita.diia.gov.ua/courses/open-data. During the entire existence of this series, more than 67,000 civil servants have reviewed and successfully passed it.
In addition, the Ministry of Digital Transformation of Ukraine conducts trainings at the request of individual authorities and within the framework of the signed cooperation memoranda: trainings on Open Data for the State Environmental Inspection, the State Film Agency, the State Accounting Service, the Agency for Search and Asset Management, the Ministry of Infrastructure, the State Energy Efficiency Institute, the Institute of National Remembrance, the Vinnytsia, Dnipropetrovsk, and Ternopil regional military administrations, local self-government bodies of the Vinnytsia, Dnipropetrovsk, and Ternopil regions; Ministry of Veterans of Ukraine, Ukrhydrometeorological center, Bakhmut city council, Milovo, Novoaidar village military administrations, Haysyn city council, Ajam village council; for the Secretariat of the Parliamentary Commissioner for Human Rights, the State Food Safety Service, the State Customs Service, etc. More than 3 000 civil cervants took part in trainings conducted by the Ministarial Open Data Team for the last year. https://diia.data.gov.ua/news/rezultati-navcannya-z-vidkritix-danix-dlya-rozporyadnikiv-informacii 
On November 28, 2023, Ukraine launched the CDTO Campus project to accelerate digital transformation across the country. Ukraine is one of the first countries in the world to introduce the position of Chief Digital Transformation Officer - CDTO both in ministries and at the regional level. Within this new strategic project, civil servants working in the field of digital transformation will be trained, and the state will be provided with specialists qualified to lead and implement digital reforms. Within this project, digital leaders are taught the basics of forming and implementing an Open Data policy. https://www.cdto-campus.com/ua/cdto-campus-ua, https://www.cdto-campus.com/ua/programs-ua/obsie-formuvannya-ta-realizaciya-politiki-vidkritih-danih-cdto-campus-copy.
In addition, in September 2023, the TAPAS project, together with the Ministry of Digital Transformation, launched a course on digitization and working with Open Data for civil servants. The training program was conducted for CDTOs of state bodies, civil servants of the ""A"" category, as well as for managers and specialists who are responsible for the development of Open Data and digital transformation in their institution. https://cdto.data.gov.ua/"
P28;"Is there a professional development or training plan for civil servants working with data in your country? 

For Explanation:
* If yes, please briefly describe these training activities.";yes;"Ministry of Digital Transformation, National Agency of Ukraine for Civil Service Affairs launched the course the certified advanced training program, which is titled, ""Open Data for Civil Servants: A Practical Course."" The program aims to increase the competency of officials from public authorities and local governments who are responsible for the disclosure of public information in the form of Open Data and covers 18 different topics. https://pdp.nacs.gov.ua/courses/vidkryti-dani-dlia-derzhsluzhbovtsiv-praktychnyi-kurs
Also as a measure to develop professional skills of civil servants working with data is the online course Open Data for Civil Servants that was created on the national platform of the digital education - https://osvita.diia.gov.ua/courses/open-data. This was the first Open Data course certified by the National Agency of Ukraine for Civil Service Affairs. The course was launached on September 2020. Since then more than 132 000  goverment officials completed the course";Complement;Yes;"The Ministry of Digital Transformation of Ukraine is the main body responsible for the development of Open Data; ensures coordination of the publication of datasets on the portal by data providers and promotes its quality improvement.
From the end of 2023, the Open Data Academy is implemented. This is an initiative aimed at training regional civil servants on Open Data. So far, such trainings have been carried out for such employees of Chernivtsi, Lviv, Zakarpattia, Vinnytsia, and Rivne regions. By the end of 2025, it is planned to cover all regions of Ukraine. https://academy.data.gov.ua/.
Also, in order to increase the level of professional knowledge and competencies of civil servants and officials of local self-government in the field of ensuring rights to access to public information, proper organization of the process of access to Open Data, a general short-term training program for civil servants was developed in co-operation with the National Agency of Ukraine for Civil Service Affairs: https://pdp.nacs.gov.ua/courses/dostup-do-publichnoi-informatsii-dlia-derzhavnykh-sluzhbovtsiv-ta-posadovykh-osib-mistsevoho-samovriaduvannia. In 2023, 497 employees completed this training program, in 2024, by the end of June, according to the plan, more than 330 employees will complete this program.
Also as a measure to develop professional skills of civil servants working with data is the online course Open Data for Civil Servants thatis published on the national platform of the digital education - https://osvita.diia.gov.ua/courses/open-data. During the entire existence of this series, more than 67,000 civil servants have reviewed and successfully passed it.
In addition, the Ministry of Digital Transformation of Ukraine conducts trainings at the request of individual authorities and within the framework of the signed cooperation memoranda: trainings on Open Data for the State Environmental Inspection, the State Film Agency, the State Accounting Service, the Agency for Search and Asset Management, the Ministry of Infrastructure, the State Energy Efficiency Institute, the Institute of National Remembrance, the Vinnytsia, Dnipropetrovsk, and Ternopil regional military administrations, local self-government bodies of the Vinnytsia, Dnipropetrovsk, and Ternopil regions; Ministry of Veterans of Ukraine, Ukrhydrometeorological center, Bakhmut city council, Milovo, Novoaidar village military administrations, Haysyn city council, Ajam village council; for the Secretariat of the Parliamentary Commissioner for Human Rights, the State Food Safety Service, the State Customs Service, etc.  More than 3 000 civil cervants took part in trainings conducted by the Ministarial Open Data Team for the last year. https://diia.data.gov.ua/news/rezultati-navcannya-z-vidkritix-danix-dlya-rozporyadnikiv-informacii 
On November 28, 2023, Ukraine launched the CDTO Campus project to accelerate digital transformation across the country. Ukraine is one of the first countries in the world to introduce the position of Chief Digital Transformation Officer - CDTO. in ministries and at the regional level. Within this new strategic project, civil servants working in the field of digital transformation will be trained, and the state will be provided with specialists qualified to lead and implement digital reforms. Within this project, digital leaders are taught the basics of forming and implementing an Open Data policy. https://www.cdto-campus.com/ua/cdto-campus-ua, https://www.cdto-campus.com/ua/programs-ua/obsie-formuvannya-ta-realizaciya-politiki-vidkritih-danih-cdto-campus-copy.
In addition, in September 2023, the TAPAS project, together with the Ministry of Digital Transformation, launched a course on digitization and working with Open Data for civil servants. The training program was conducted for CDTOs of state bodies, civil servants of the ""A"" category, as well as for managers and specialists who are responsible for the development of Open Data and digital transformation in their institution. https://cdto.data.gov.ua/"
P29;"Are there annually held national, regional or local events (e.g. hackathons, courses, conferences, users meet-ups, summer/winter schools) to promote Open Data and Open Data literacy in your country beyond the target group of public servants? 
 
For Explanation:
* If yes, please provide examples (e.g. title, date, location of the event and URL).";yes, >9;"https://diia.data.gov.ua/news/provedeno-navcannya-z-vidkritix-danix-dlya-mukacivskoyi-miskoyi-radi
https://diia.data.gov.ua/news/bilocerkivska-miska-rada-dolucilasya-do-navcannya-z-vidkritix-danix
https://diia.data.gov.ua/news/cortkivska-miska-rada-pidvishhuje-kompetenciyi-v-sferi-vidkritix-danix
https://diia.data.gov.ua/news/vidkriti-dani-dlya-yuznenskoyi-miskoyi-radi
https://diia.data.gov.ua/news/navcannya-z-vidkritix-danix-dlya-berdicivskoyi-miskoyi-radi
https://loda.gov.ua/news/50402
https://diia.data.gov.ua/news/navcannya-dlya-krasnosilskoyi-silskoyi-radi
https://diia.data.gov.ua/news/vidkriti-dani-dlya-vinnickoyi-ova
https://diia.data.gov.ua/news/kropivnicka-miska-rada-intensiv-z-vidkritix-danix
https://diia.data.gov.ua/news/vidkriti-dani-dlya-zakarpatskoyi-ova
https://diia.data.gov.ua/news/vidkriti-ekologicni-dani-navcannya
https://diia.data.gov.ua/news/bilse-100-predstavnikiv-dniprovskoyi-miskoyi-radi-navciisya-pracyuvati-z-vidkritimi-danimi
https://diia.data.gov.ua/news/vidkriti-dani-uzgorodskoyi-miskoyi-radi
https://diia.data.gov.ua/news/navcannya-dlya-centralnix-organiv-vikonavcoyi-vladi
https://diia.data.gov.ua/news/vidkriti-dani-dlya-organiv-miscevogo-samovryaduvannya https://thedigital.gov.ua/news/derzhsluzhbovtsiv-navchili-pratsyuvati-z-vidkritimi-danimi-zavdyaki-programuvannyu
https://diia.data.gov.ua/news/derzekoinspekciya-nalagodzennya-sferi-vidkritix-danix
https://diia.data.gov.ua/news/antiteroristicnii-centr-pri-sbu-analitika-danix
https://diia.data.gov.ua/news/antiteroristicnii-centr-pri-sbu-analiticna-kultura
https://thedigital.gov.ua/news/do-tizhnya-vidkritogo-uryadu-vidbudetsya-krugliy-stil-vidkriti-dani-tsirkulyarna-ta-nizkovugletseva-ekonomika https://cedem.org.ua/news/trening-z-dostupu/
https://www.prostir.ua/event/treninh-dostup-do-publichnoji-informatsiji-v-umovah-vijny/";Complement;Yes, >9;"The series ""Open data for business"" was also launched on the Diya.Osvita platform https://osvita.diia.gov.ua/courses/opendata, which explain the concept of Open Data, how it can be useful to you, where you can get it, and how to use data for business development. Also In April 2024, a two trainings ""Open data for the public and business"" was held (supported by OSCE), during which public activists, journalists and researchers learned during training how to use Open Data for their own research, what perspectives Open Data provides for analysis and how to ensure the transparency of decision-making by state bodies and local self-government bodies. Also during the training, representatives of successful non-commercial projects based on Open Data were invited to share their experience. https://texty.org.ua/d/opendata-showcase/. Also, in March, 2024 with the support of the TAPAS project, Data Driven Journalism was implemented - free training for journalists and journalism teachers who want to improve their skills in data journalism and data visualization. https://journalism-course.data.gov.ua/. Also, in February 2024 the Open Data Advocacy educational series was launched. Speakers of these series teach how to create and run advocacy campaigns to improve access to public information and effectively use Open Data. The series includes 8 episodes, which contain a theoretical basis and practical advice. After viewing, you will learn about the possibilities of Open Data using examples of real cases from Ukrainian business, state and public sectors. As well as how to protect your right to access Open Data. https://osvita.diia.gov.ua/courses/open-data-advocation. In June 2023, the competition ""Open Data. Unbroken"" together with OSCE was organized. https://www.openunbroken.org/. Winners: ""Where's the shelter?"" — a chatbot for finding the nearest bomb shelter in Ukraine. https://shelteruabot.com/. ""VPO Nazar"" is a chatbot to help internally displaced persons integrate into a new environment https://citybot.pro/vpo. ""Plant Varieties"" is an information aggregator that brings together resources such as Plant Varieties and Controlled Pesticides https://agrarii-razom.com.ua/. Also in November 2023 the competition ""Open Datathon reUkraine"" together with TAPAS project was organized https://datathon.data.gov.ua/. Among the winners of the competition is the service for providing access to public registers for citizens and businesses ""Opendatabot"" https://opendatabot.ua/, the solution for finding barrier-free locations ""Dostupno!"" from the Ukrainian Center for Social Data https://dostupno.ua/mapa-dostupnosti/, chatbot ""I'll be a mother"" from the ""Liky Kontrol"" team https://chats.viber.com/iwillbemother_bot, a system of dashboards with analytics from the Clarity Project — Clarity Hromada https://clarity-project.info/hromada. In addition ""Open Data Hackathon"" with the support of DTA project is running now. More than 230 applications for participation were received. https://www.opendatatech.org/hackathon.
In addition, 10 finalist teams have already been determined. On June 22, the finalists will present their projects to the jury and the Open Data community and compete for participation in the Open Data Accelerator with a grant fund of over UAH 5,800,000. https://m.facebook.com/story.php?story_fbid=pfbid02x9b84fcQudRzc4u83AB1HS3Kt44hqn2sNpzwZbdR2UbnqbsNsFkkKTFhU9AJ2J32l&id=100070701663014"
PT1;"Is there a national portal in your country for that enables users to search for Open Datasets and find where to download Open Data? 

For Explanation:
* If yes, please provide the URL of the national portal.";yes;https://data.gov.ua/;Confirm;;
PT2;"For Explanation:
* What is the technology stack of your portal (e.g. based on uData, CKAN, etc.)";new question;new question;Change;N/A;"The Unified State Web-Portal of Open Data is based on CKAN.
This is defined on page 101 of the technical task: https://drive.google.com/file/d/15gZo1SvO3WKHWXOta7PwVQ8JZiPRSpR2/view?usp=sharing."
PT3;"Does the national portal offer to its users a way to programmatically query the metadata via an API?

For Explanation:
* If yes, please provide the direct-URL to this feature.";new question;new question;Change;Yes;In order to get access to the dataset via the API: 
PT4;"Does the national portal offer to its users a way to programmatically query the metadata via a SPARQL access point?

For Explanation:
* If yes, please provide the direct-URL to this feature.";new question;new question;Change;Yes;"The module enabled the Portal to interact with other web resources. https://data.gov.ua/sparql
https://data.gov.ua/pages/aboutuser2 
However, due to security risks and enemy cyber-attacks, the CKAN SPARQL Interface Extension module has been disabled, as the module's web form provided the ability to query other servers in order to download datasets published for public access using SPARQL search. Before full-scale invasion users had the opportunity to send a SPARQL query, view the search results and export them in RDF serializations (RDF/XML, Turtle) and in open machine-readable formats (CSV, JSON).
The new portal modernization includes the restoration of SPARQL search, but it will be limited to the Open Data portal only.
Results of the Portal's audit: https://drive.google.com/file/d/1VWDAYpzZjJ9ofsWj2soXl5RGlWEG5y2K/view?usp=sharing, technical task: https://drive.google.com/file/d/15gZo1SvO3WKHWXOta7PwVQ8JZiPRSpR2/view?usp=sharing, technical and economic justification: https://drive.google.com/file/d/19U6kVfO4SU6bnG0_yWfIiY_xUGsBIINn/view?usp=sharing."
PT5;"Does the national portal offer/link to documentation on the use of APIs?

For Explanation:
* If yes, please provide the direct-URL to this feature.  ";new question;new question;Change;Yes;Links to API usage instructions: https://data.gov.ua/pages/aboutuser2, https://data.gov.ua/faq/13, https://data.gov.ua/api/3. Also, the instructions for data providers contain a step-by-step algorithm for creating a data set and a resource through the API, updating the data set: https://data.gov.ua/uploads/files/2021-06-29-135404.275118-.pdf
PT6;"Does the national portal offer/link to documentation on the use of SPARQL? 

For Explanation:
* If yes, please provide the direct-URL to this feature.  ";new question;new question;Change;No;"Before the full-scale Russian invasion of Ukraine, SPARQL search functioned. https://data.gov.ua/pages/aboutuser2 
However, due to security risks and enemy cyber-attacks, the CKAN SPARQL Interface Extension module has been disabled, as the module's web form provided the ability to query other servers in order to download datasets published for public access using SPARQL search. This is why access to the documentation on the use of SPARQL is not available.
However, the technical task for the modernization of the portal provides for the restoration of such a search. https://drive.google.com/file/d/15gZo1SvO3WKHWXOta7PwVQ8JZiPRSpR2/view?usp =sharing"
PT7;"Does the national portal provide functionality for users to contribute datasets they have produced or enriched? 

For explanation:
* If yes, please (1) explain how  the portal facilitate the linking of documentation and supporting materials to these user-contributed datasets and (2) provide the direct-URL to this feature.";new question;new question;Change;Yes;"The National Portal provides functionality for users to contribute datasets by users in the following ways: each page of datasets has a ""Propositions"" section, for example https://data.gov.ua/en/dataset/198185ea-44d6-48f0-877c-44251c413f64/issues, as well as ""Proposed datasets"" https://data.gov.ua/requests/all. Also, data users, if they possess socially necessary information, can also be data providres.
For example, the public organization ""Save Dnipro"" publishes data on hourly concentrations and the air quality index for fine dust of the 2.5 micron fraction in populated areas of Ukraine: https://data.gov.ua/dataset/b1b08d68-52b8-48db-a9ef-5546c49a9e00"
PT8;"Does the national portal offer a mechanism for users to provide general feedback, such  a 'Contact us' or 'Feedback' button that is placed in a visible spot and would allows users to send a general comment concerning the portal?

For Explanation:
* If yes, please provide the direct-URL to this feature or describe how this functionality is provided.";yes;https://data.gov.ua/en/feedback;Confirm;;
PT9;"Does the national portal offer a mechanism for users to provide feedback on specific datasets, such as a 'feedback button' or a comment/discussion section under the dataset?

For Explanation:
* If yes, please provide the direct-URL to this feature or describe how this functionality is provided.";yes;"Authorized users can use link ""Propositions"" and left their feedback on each dataset. For example, https://data.gov.ua/en/dataset/198185ea-44d6-48f0-877c-44251c413f64/issues";Confirm;;
PT10;"Does the national portal provide a mechanism for users to rate datasets?

For Explanation:
* If yes, please provide the direct-URL to this feature or describe how this functionality is provided.";yes;"National portal provides to authorized users a voting mechanism for each dataset (plus 1 or minus 1)
https://data.gov.ua/en/dataset/1c7f3815-3259-45e0-bdf1-64dca07ddc10";Confirm;;
PT11;"Does the national portal enable users to find information and news on relevant Open Data topics in the country?

For Explanation:
* If yes, please provide the direct-URL to this feature.  ";yes;https://diia.data.gov.ua/news;Confirm;;
PT12;"Does the national portal offer the possibility for users to receive notifications when new datasets are available on the national portal (RSS, ATOM feeds, email notifications etc.)?

For Explanation:
* If yes, please provide the direct-URL to this feature.  ";yes;"National portal provides few features for users to receive notifications when new datasets are available. Users can subscribe for defenite dataset updates ""Follow"" button on each dataset. For example, https://data.gov.ua/en/dataset/follow/9c82f0ad-42b3-402f-b22e-1061fc9bac65
Also national portal provides ""Follow"" button for defenite data providers new datasets. For example, https://data.gov.ua/en/organization/ministerstvo-vnutrishnikh-sprav-ukrayiny
Portal has a chatbot telegram version https://t.me/datagovua_watchdog where users can receive notifications when new data sets are available or the existing data dets are updated";Confirm;;
PT13;"Does the national portal enable users to request datasets, such as through a ""request data"" button? 

For Explanation:
* If yes, please provide the direct-URL to this feature or describe how this functionality is provided.";yes;"National portal (its inherent part Competence center Diia.OpenData) provides ""Request Datasets"" feature via link https://diia.data.gov.ua/join It`s important to admit that abovementioned feature isn`t the only way to request datasets. The majority of Open Data users prefer to communicate (via email or other means of official communications) directly to the Ministry of digital transformation of Ukraine and to the data provider.";Confirm;;
PT14;"Are requests for datasets and their progress status presented in a transparent manner on the national portal? 

For Explanation:
* If yes, please provide the direct-URL to this feature.  ";yes;"National portal (its inherent part Competence center Diia.OpenData) provides ""Request Datasets"" feature via link https://diia.data.gov.ua/join/datasets

Response to reviewer:
It is possible to view the status of requests via the portal (transferred to the data provider, reviewed by the data provider, accepted, cancelled)";Confirm;;
PT15;"Does the team monitor the extent to which requests (either via the portal or otherwise) result in the publication of the requested data?

For Explanation:
* If yes, please describe how this monitoring is conducted.";yes;Portal team monitors all requests. Those data providers who choose a proactive approach to data publishing disclose the requested data. If data providers do not contact the requesters, the Ministry of Digital Transformation acts as an intermediary during the negotiations on data disclosure. ;Confirm;;
PT16;"Does the national portal offer a mechanism for users to exchange with others, such as a discussion forum?

For Explanation:
* If yes, please provide the direct-URL to this feature or describe how this functionality is provided.";yes;National portal provides a disscution forum https://forum.data.gov.ua/  for autorised users (data providers, Open Data users (re-users) and for everyone with account on the portal;Change;Yes;"For three years, the forum on the portal functioned, but this mechanism turned out to be ineffective. https://forum.data.gov.ua/ Therefore, new tools have been introduced for sharing the opinions of portal users.
The Data+ communication platform functions for the exchange of knowledge between portal users: data providers, users and other stakeholders. The Data+ communication platform was created with the assistance of the Ministry of Digital Transformation of Ukraine, which was publicly presented on May 29, 2024. Within the framework of the operation of Data+, regular meetings are held with stakeholders in the field: the Ministry of Digital Transformation of Ukraine, the Ombudsman of Ukraine, data providers, experts, civil society, etc. The first meeting of participants of this platform will take place at the end of June 2024. https://www.facebook.com/share/p/dLsKweKw8m12TPhT/?. In addition, The Ministry of Digital Transformation of Ukraine actively researches sentiments in social networks, in particular by responding to the comments of users on the Ministry's social media pages: https://www.facebook.com/mintsyfra?locale=uk_UA, https://x.com/mintsyfra, https://www.instagram.com/mintsyfra.official/, https://web.telegram.org/a/#-1001211257735. The employees of the Ministry definitely take these comments into account in the implementation of the Open Data policy."
PT17;"Does the national portal showcase reuse cases, such as in a designated section of the portal?

For Explanation:
* If yes, please provide the direct-URL to this feature. ";yes;National portal (its inherent part Competence center Diia.OpenData) has a special section for showcase usecases via link https://diia.data.gov.ua/services;Confirm;;
PT18;"Does the national portal reference the datasets that the showcased reuse cases are based on (i.e. there is a link between the reuse case in the showcase and the underlying dataset on the portal)?

For Explanation:
* If yes, please provide the URL to this feature/to an example documenting this feature.";yes;"All use cases published on the national portal have references to the data sets its based on.  
https://diia.data.gov.ua/services the feature describing information about use cases is realized as ""pop-up"" window.";Confirm;;
PT19;"Does the national portal provide the possibility for users to submit their own reuse cases?

For Explanation:
* If yes, please provide the direct-URL to this feature. ";yes;"To submit own application, user has to be registered and logged into the portal 
https://diia.data.gov.ua/services  The ""ADD"" buttom this feature is realized as ""pop-up"" window. ";Confirm;;
PT20;"Does the national portal offer a preview function for tabular data?

For Explanation:
* If yes, please provide the URL to an example documenting this feature.";yes;"National portal provides automatic preview function for tabular data, if data set created according to the recomendation https://data.gov.ua/pages/835-rec-index
Example of tabular data preview https://data.gov.ua/dataset/8f3e00b2-16e8-4b30-af7d-b9212837b0a6/resource/0709a8d2-69cd-4e65-a1eb-4570fb3eb7f9";Confirm;;
PT21;"Does the national portal offer a preview function for geospatial data?

For Explanation:
* If yes, please provide the URL to an example documenting this feature.";Yes;Portal offers such function, but there are no available public datasets (Due to security mesuares);Confirm;;
PT22;"Do you promote high-value datastes on your national portal (e.g. use filtering features for reusers to easily find such datasets, use editorial features to promote the datasets, etc.))?

For Explanation:
* If yes, please specify how and highlight challenges if any. 
* If you are an EFTA or a candidate country to the EU, please select 'not applicable'.";new question;new question;Change;Not Applicable;
PT23;"Do you monitor the portal's traffic (e.g. in terms of number of unique visitors, visitor profiles, percentage of machine traffic, number of downloads according to the number of datasets etc.)? 

For Explanation:
* If yes, which tool(s) do you use?";yes;Portal team monitor the portal`s traffic and usage. We use google analytics tool, google trends and other SEO tools. Internal features of CKAN platform that evaluate the main traffic and usage indicators such as datasets view and download, API usage, etc.is also being used.;Complement;Yes;"Portal team monitor the portal`s traffic and usage. We use google analytics tool, google trends and other SEO tools. Internal features of CKAN platform that evaluate the main traffic and usage indicators such as datasets view and download, API usage, etc.is also being used. 
In addition, the portal has a section with statistics and analytics on the dynamics of the creation of new data sets, the most popular labels, the frequency of data updates, the total number of data sets, the most popular sets and the largest groups https://data.gov.ua/stats2/common"
PT24;"Do you run analytics on API usage?

For Explanation:
* If yes, please briefly (1) describe your process and (2) how you use the insights to improve the portal";yes;N/A;Complement;Yes;According to the analysis of the use of the API of the Portal, it tracks changes in the database. We identify imperfections and weaknesses in the design of the structure of the database management system.
PT25;"Besides monitoring portal traffic, do you perform any further activities to better understand the behaviour and needs of users of your portal (e.g. web analytics, surveys, or analysis of social media feeds)?

For Explanation:
* If yes, please (1) specify the activities and explain (2) how they help you understand user needs";yes;Annually Ministry of the Digital transformation of Ukraine conduct survey on portal user`s level of satisfaction. The results of such servey are the basis for the further improvements of portal features and interface;Complement;Yes;"Annually Ministry of the Digital transformation of Ukraine conduct survey on portal user`s level of satisfaction. The results of such servey are the basis for the further improvements of portal features and interface. In January 2024, a survey of users of the Unified State Web Portal of Open Data was conducted to determine the needs of data users https://docs.google.com/forms/d/e/1FAIpQLScwiBCSqO3Byx8fcZlpujEbrm3DWYeuiMyd9YfyBrC2wpb4ew/viewform.
In addition, the Google Search Console functions, which allows to understand the behavior and needs of users of your portal."
PT26;"Do you used the insights about portal usage and about the behaviour and needs of portal users to improve the portal accordingly?

For Explanation:
* If yes, please explain your process for improving the portal based on user insights and feedback
* If relevant, kindly highlight some improvements made in the past year";new question;new question;Change;Yes;"For the modernization of the Unified state web portal of Open Data, a technical task and a technical and economic justification were developed, the feedback of the portal users was also taken into account during the development of these documents. 
Results of the Portal's audit: https://drive.google.com/file/d/1VWDAYpzZjJ9ofsWj2soXl5RGlWEG5y2K/view?usp=sharing, technical task: https://drive.google.com/file/d/15gZo1SvO3WKHWXOta7PwVQ8JZiPRSpR2/view?usp=sharing, technical and economic justification: https://drive.google.com/file/d/19U6kVfO4SU6bnG0_yWfIiY_xUGsBIINn/view?usp=sharing.
In January 2024, a survey of users of the Unified State Web Portal of Open Data was conducted to determine the needs of data users https://docs.google.com/forms/d/e/1FAIpQLScwiBCSqO3Byx8fcZlpujEbrm3DWYeuiMyd9YfyBrC2wpb4ew/viewform. 
The opinions of the users of the portal were taken into account during the preparation of the documents mentioned above, as well as during the previous modernizations of the portal.  Thus, it was created ""Diya.Open data"". It is a competence center in the field of Open Data, which aims to increase the level of knowledge about Open Data, its impact and benefits for everyone."
PT27;"Do you undertake any activities to promote the portal and attract new users or new audiences?

For explanation:
* If yes, please (1) explain what activities your perform, and (2) mention if these activities are directed at any specific target audience (e.g. business, public sector, academia, etc.)";new question;new question;Change;Yes;"In order to attract new users of the portal, the Ministry of Digital Transformation actively conducts trainings for data providers and data users, and annually monitors the status of publication and updating of data on the portal (https://zakon.rada.gov.ua/laws/show/409-2019- %D0%BF#Text), public events are held with the participation of key stakeholders in the field. In order to encourage data providers to publish and update data on the portal, correspondence is constantly carried out with them, as well as with the Ombudsman of Ukraine in case of violations of legislation in the field of Open Data. In addition, the issue, in particular, the restoration of public information in the form of Open Data, training on Open Data, is included in the Action Plan for the implementation of the ""Open Government Partnership"" Initiative in 2023-2025. https://zakon.rada.gov.ua/laws/show/1049-2023-%D1%80#Text"
PT28;"Do you monitor what keywords are used to search for data and content on the portal?

For Explanation:
* If yes, please briefly (1) describe your process and (2) how you use the insights to improve the portal";new question;new question;Change;Yes;Portal team monitors the portal`s traffic and usage, including keywords are used to search for data. We use Google Analytics Tool, Google Search Console. 
PT29;"Do you monitor the most and least consulted pages?

For Explanation:
* If yes, please briefly (1) describe your process and (2) how you use the insights to improve the portal
* For informational purposes, kindly provide the URLs to the five most popular datasets on the portal";new question;new question;Change;Yes;Portal team monitor the portal`s traffic and usage, including the most and least consulted pages. We use Google Analytics Tool, Google Search Console. 
PT30;"Do you take measures to optimise the search and discoverability of content (data and editorial)? 

For Explanation:
*If yes, please briefly describe how your optimise the search";yes;"Publishers are provided with standards on metadata and content of data sets https://data.gov.ua/pages/835-rec-index  

Also portal provide a search feature through  meta tags (open graph protocol) generated by the content management system and key-words";Complement;Yes;"Publishers are provided with standards on metadata and content of data sets https://data.gov.ua/pages/835-rec-index   
Also portal provide a search feature through meta tags (open graph protocol) generated by the content management system and key-words.
In addition, the Google Search Console operates, which allows to understand the behavior and needs of users of the portal.
Google search analysis and SEO optimization of the portal are also carried out."
PT31;"Is the metadata on your portal available in clear plain language to enable both humans and machines to read and understand it? 

For Explanation:
*If yes, please provide the URL to an example documenting this feature.";yes;"Guidelines for metadata implemented in Open Data standards https://data.gov.ua/pages/835-rec-index 
Machine-readable metadata published in CSV passports along with human-readable tables on datasets pages https://data.gov.ua/dataset/df12fed5-71db-40c6-835f-a4df93bfce66";Confirm;;
PT32;"To what degree do public sector data providers contribute data to the portal? 

For Explanation:
*Please describe what is the agreed approach.
* If less than the majority of data providers, please briefly explain why (e.g. technical incompatibilities, governance aspects, low awareness etc.).";all public sector data providers;According to legislation, all public sector data providers have to publish their data on the portal. On the central level, approximately 100% of providers publish their data (at least 1 data set). On the regional/local level more than 80% of data providers publish their data(at least 1 data set) Portal team constantly monitors the level of data sets publication by both central and regional/local authorities. The main reasons why not all the required datasets are published are technical incompatibilities of publishers and lack of human resource;Confirm;;
PT33;Do you identify the data providers that are not yet publishing data on the national portal?;Yes, or all public sector data providers already publish data;N/A;Confirm;;N/A
PT34;"Were there concrete actions taken to assist these data providers with their publication process?

For Explanation:
* If yes, could you provide some examples of the actions taken in this regard.";yes, or all public sector data providers already publish data;"Instruction and other materials helping data providers with their publication process are published at the portal https://data.gov.ua/pages/835-rec-index 
Data providers can get technical support through the emails, chat or calls by the portal team.

Moreover, Ministry of Digital Transformation has launched a curriculum - ""Intensive on Open Data for data providers - central executive bodies and local self-government bodies"". The purpose of the intensives is to improve the quality of datasets of central executive bodies and local self-government bodies. To this end, the participants of the Intensive together with the experts:
diagnose their own Open Data policy;
analyze its strengths and weaknesses;
draw up an action plan to help effectively publicize datasets and begin implementing it.

These intensives are carried out monthly (separated for central executive bodies and local self-government bodies) and last for 2 weeks including both intramural and asynchronous forms of work. Representatives from central executive bodies and local self-government bodies have already successfully finished 14 intensives (2023 year). In 2022 the 37 intensives were conducted.";Complement;Yes, or all public sector data providers already publish data;"Instruction (https://bit.ly/3dq9MYZ) and other materials helping data providers with their publication process are published at the portal https://data.gov.ua/pages/835-rec-index Data providers can get technical support through the emails, chat or calls by the portal team. Also Ministry of Digital Transformation has launched a curriculum - ""Intensive on Open Data for data providers - central executive bodies and local self-government bodies"". The purpose of the intensives is to improve the quality of datasets of central executive bodies and local self-government bodies. To this end, the participants of the Intensive together with the experts: diagnose their own Open Data policy; analyze its strengths and weaknesses; draw up an action plan to help effectively publicize datasets and begin implementing it. These trainings are carried out monthly (separated for central executive bodies and local self-government bodies) and last for 2 weeks including both intramural and asynchronous forms of work. Moreover, from the end of 2023, the Open Data Academy is implemented. This is an initiative aimed at training regional civil servants on Open Data. So far, such trainings have been carried out for such employees of Chernivtsi, Lviv, Zakarpattia, Vinnytsia, and Rivne regions. By the end of 2025, it is planned to cover all regions of Ukraine. https://academy.data.gov.ua/. 
Also, in order to increase the level of professional knowledge and competencies of civil servants and officials of local self-government in the field of ensuring rights to access to public information, proper organization of the process of access to Open Data, a general short-term training program for civil servants was developed in co-operation with National Agency of Ukraine for Civil Service Affairs: https://pdp.nacs.gov.ua/courses/dostup-do-publichnoi-informatsii-dlia-derzhavnykh-sluzhbovtsiv-ta-posadovykh-osib-mistsevoho-samovriaduvannia. In 2023, 497 employees completed this training program, in 2024, by the end of June, according to the plan, more than 330 employees will complete this program.
On November 28, 2023, Ukraine launched the CDTO Campus project to accelerate digital transformation across the country. Ukraine is one of the first countries in the world to introduce the position of Chief Digital Transformation Officer - CDTO both in ministries and at the regional level. Within this new strategic project, civil servants working in the field of digital transformation will be trained, and the state will be provided with specialists qualified to lead and implement digital reforms. Within this project, digital leaders are taught the basics of forming and implementing an Open Data policy. https://www.cdto-campus.com/ua/cdto-campus-ua, https://www.cdto-campus.com/ua/programs-ua/obsie-formuvannya-ta-realizaciya-politiki-vidkritih-danih-cdto-campus-copy."
PT35;"Besides the national Open Data portal, are there other regional and local portals? 

For Explanation:
* If yes, please provide a complete list and the links to these portals.";yes;"Drogobych city opendata portal  https://opendata.drohobych-rada.gov.ua/
Kharkiv city opendata portal  https://opendata.kharkivrada.gov.ua/ 
Ternopil city opendata portal  https://opendata.ternopilcity.gov.ua/
Lviv city opendata portal  https://opendata.city-adm.lviv.ua/ 
Irpin city opendata portal  https://data.imr.gov.ua/ 
Kyiv city opendata portal https://data.kyivcity.gov.ua/ 
Dubno city opendata portal  https://ckan.dubno-adm.rv.ua 
Kolomyia city opendata portal  https://dani.kolrada.gov.ua/ 
Slavuta city opendata portal  https://opendata.slavuta-mvk.gov.ua/ 
Dnipro city opendata portal  https://opendata.dniprorada.gov.ua 
Chernihiv region opendata portal  http://opendata.cg.gov.ua/ 
Vinnytsia city opendata portal  https://opendata.gov.ua/ 
Kramatorsk city opendata portal  https://odp.krm.gov.ua/ ";Complement;Yes;"Drogobych city opendata portal  https://opendata.drohobych-rada.gov.ua/
Ternopil city opendata portal  https://opendata.ternopilcity.gov.ua/
Lviv city opendata portal  https://opendata.city-adm.lviv.ua/
Lviv region opendata portal https://data.loda.gov.ua/ 
Irpin city opendata portal  https://data.imr.gov.ua/ 
Dubno city opendata portal  https://ckan.dubno-adm.rv.ua 
Kolomyia city opendata portal  https://dani.kolrada.gov.ua/ 
Slavuta city opendata portal  https://opendata.slavuta-mvk.gov.ua/ 
Dnipro city opendata portal  https://opendata.dniprorada.gov.ua 
Chernihiv region opendata portal  http://opendata.cg.gov.ua/ 
Vinnytsia city opendata portal  https://opendata.gov.ua/ 
Khmelnytskyi city opendata portal https://mycity.khm.gov.ua/OpenData 
Kryvyi Rih https://od.kr.gov.ua/
Lutsk city opendata portal https://data.lutskrada.gov.ua/
Bila Tserkva city opendata portal https://opendata-bc.gov.ua/
Zakarpattia region opendata portal https://data.carpathia.gov.ua/
Kropyvnytskyi city opendata portal https://data.kr-rada.gov.ua/
Chernihiv region opendata portal https://data.cg.gov.ua/"
PT36;"Are regional and local portals listed above and their data sources discoverable via the national portal? 

For Explanation:
* If not applicable, please briefly explain why. ";yes;;Confirm;;
PT37;"To what degree are  regional and local sources harvested automatically? 

For Explanation:
* If less than the majority of existing sources is harvested by the national portal, please briefly explain why.                        
* If not applicable, please briefly explain why. ";all datasets;;Confirm;;
PT38;"Does the national portal include datasets that are real-time or dynamic?

For Explanation:
* If yes, please provide URLs to real-time and/or dynamic data featured via the national portal. ";yes;https://data.gov.ua/dataset/b2b57c29-361c-4a6a-beb5-cec09583eac5/resource/cb998c37-7411-4290-85f1-87e1c42a1c5e https://data.gov.ua/dataset/21324354657687/resource/7ff96628-3ed1-4920-a1e3-da4c3d25ca7f;Complement;Yes;https://data.gov.ua/dataset/8eca7668-4ed0-41c8-80f6-aabdcb1daaa5, https://data.gov.ua/dataset/21324354657687/resource/7ff96628-3ed1-4920-a1e3-da4c3d25ca7f
PT39;"Does the national portal provide a way for non-official data (i.e. not stemming from official sources, such as community-sourced/citizen-generated data) to be published? 

For Explanation:
* If yes, please explain how non-official data is distiguished for offical data (e.g. using a different section of the portal or tags) 
* And please provide a URL to an example of a non-official dataset on the portal ";new question;new question;Change;Yes;"On the Unified State Web Portal of Open Data, data is made public not only by state authorities, but also by business entities and public organizations, if they have information of public interest. For example, the public organization ""Save Dnipro"" publishes data on hourly concentrations and the air quality index for fine dust of the 2.5 micron fraction in populated areas of Ukraine: https://data.gov.ua/dataset/b1b08d68-52b8-48db-a9ef-5546c49a9e00"
PT40;"Does the national portal allow users to see what data exists but cannot be made available as Open Data?

For Explanation:
* If yes, please (1) provide the URL to an example and (2) briefly describe the approach used to ensure this transparency.";no;"Acording to ""open-by-default"" principle, all public information should be made available as Open Data";Change;No;"The publication of open datasets is carried out, in particular, according to the ""Open-by-Default"" principle, which consists in ensuring that information providers publish all public information as Open Data that is in their possession, except for information that is classified by law as information with limited access, and as well as information that is not subject to publication in accordance with the Law of Ukraine ""On Access to Public Information"".
It also means that providers shall proactively open new datasets, given the presumption of openness of public information. At the same time, the transformation (in particular, downloading from databases and, if necessary, depersonalization) of public information into Open Data is mandatory.
The Ministry informed data providers about this on the Unified State Web Portal of Open Data: https://diia.data.gov.ua/news/vazlivo-do-uvagi-koristuvaciv-jedinogo-derzavnogo-veb-portalu-vidkritix-danix  
This information is available for all visitors of the Portal, both data providers and data users."
PT41;"Does the national portal have a strategy to ensure its sustainability?

For Explanation:
* If yes, please (1) provide the URL to this document and (2) describe the main measures to keep the portal running in the long-term and continue to serve its audience";new question;new question;Change;Yes;"To ensure portal's sustainability Ministry of Digital Transformation prepared technical task and technical and economic justification for Portal's modernization.
Results of the Portal's audit: https://drive.google.com/file/d/1VWDAYpzZjJ9ofsWj2soXl5RGlWEG5y2K/view?usp=sharing, technical task: https://drive.google.com/file/d/15gZo1SvO3WKHWXOta7PwVQ8JZiPRSpR2/view?usp=sharing, technical and economic justification: https://drive.google.com/file/d/19U6kVfO4SU6bnG0_yWfIiY_xUGsBIINn/view?usp=sharing.  
In addition, the draft Strategy for the Development of the Open Data Sphere of Ukraine for 2025-2027 defines an operational action plan for each strategic goal, specifies measures to be implemented within each task, outlines expected results with deadlines and responsible actors: https://data.gov.ua/uploads/files/2024-06-04-131815.019620ODStrategy2025-2027.pdf 
One of the Strategic Goals is Development of accessibility and capabilities of the Unified state web portal of Open Data."
PT42;"Is your national portal active on social media? 

For Explanation:
* If yes, please provide the URL(s) to your social media accounts. ";yes;National portal  have its own YouTube channel https://www.youtube.com/@OpenDataUA/videos Moreover all activities of the portal Is being showed on the oficial pages of the Ministry of Digital trasformation, on the official page of Minister and also on the Diia.project pages https://www.rada.gov.ua/news/news_kom/235446.html https://www.facebook.com/mintsyfra/posts/pfbid022DJamSDziWwaf6xRwjFge9hMcQpX7sFqzXRrMGmuA1FcfbEtDU59FCCDLeWMAhx7l https://www.facebook.com/mintsyfra/posts/pfbid0hTkCzNYejjj4h8yBcE6Deg5D3CBo2LgX3BFSbC93v5aU1LSHTARNmThpkKLTe32Fl;Complement;Yes;National portal has its own YouTube channel https://www.youtube.com/@OpenDataUA/videos Moreover all activities of the portal are showed on the oficial pages of the Ministry of Digital trasformation, on the official page of Minister and also on the Diia.project pages. https://www.facebook.com/share/p/KeMh45LUpBGvzBcB/?, https://www.facebook.com/share/p/2CTjLGG9jmPsnaaG/?, https://www.facebook.com/share/p/X6rTKnJF1MuxbbjA/?
PT43;"Are the portal’s source code and relevant documentation and artefacts made available to the public (e.g. on platforms such as GitHub or GitLab)?

For Explanation:
*If yes, please provide the (1) platform name and (2) the URL to the portal’s account on this platform.";no;;Complement;No;Such opportunity will be realized after the next modernization of the national portal, currently a technical task and a technical and economic rationale for the modernization have been developed. Results of the Portal's audit: https://drive.google.com/file/d/1VWDAYpzZjJ9ofsWj2soXl5RGlWEG5y2K/view?usp=sharing, technical task: https://drive.google.com/file/d/15gZo1SvO3WKHWXOta7PwVQ8JZiPRSpR2/view?usp =sharing, technical and economic justification: https://drive.google.com/file/d/19U6kVfO4SU6bnG0_yWfIiY_xUGsBIINn/view?usp=sharing .
PT44;"Do you monitor the characteristics of the data published on the portal, such as the distribution across categories, static vs. real-time data and how these change over time?

For Explanation:
* If yes, please provide the direct-URL to this feature";yes;"Statistics are displayed at https://data.gov.ua/stats2/common
number of data sets published - https://data.gov.ua/dataset  
the distribution across categories - https://data.gov.ua/group 
number of visitors - https://data.gov.ua/stats2/common
changed over time - https://data.gov.ua/stats2/common
Statistic provide information about number of datasets, dynamic of publication, most popular tags and keywords, most popular groups and datasets and also frequency of datasets updates
Also each datasets has its own statistical information displayed on dataset page
Google Analytics tools and own analytics module are also used to monitor the activity on the portal";Confirm;;
PT45;"Does this monitoring enable the portal team and/or data providers to take action to improve their performance on the national portal?

For Explanation:
* If yes, please (1) explain how and (2) if applicable provide the direct-URL to this feature.";yes;"National portal provides a few features to data providers to improve their performance on the national portal. 
Public statistics of usage their datasets https://data.gov.ua/stats2/common 
Some private feature available as part of data provider personal cabinet on portal.
Data providers also gets from the portal team the result of datasets and portal quarterly monitoring and some informationation from Google Analytics tools and own analytics module are on the portal";Confirm;;
Q1;"Is there a pre-defined approach to ensure that metadata is kept up-to-date?

For Explanation:
* If yes, please briefly describe your approach.";yes;Frequency of datasets and it`s metadata updates defined by Ukrainian legislation approximately for each type of data set. The portal automatically checks if the metadata is updated in time (according to the chosed frequency), if the datasets and it`s metadata isn`t updated in-time, the portal sends to the data provider a reminder to update the dataset and all neseccery metadata. The non-updated datasets is marked by the portal automatically.;Confirm;;
Q2;"What percentage of the metadata on the national portal is obtained from the source automatically, rather than edited manually? 

For Explanation:
* Please describe (1) the workflows you have to automate the harvesting of metadata and (2) for which types of data these apply to";new question;new question;Change;50-69%;If sets are harvested from local portals, metadata is loaded automatically. At the same time, many regional datasets, in particular from Russian-occupied territories, are currently unavailable due to security measures. At the same time, if the data is made public on sectoral portals, such as spending.gov.ua, data providers do not duplicate such datasets on the Open Data portal.
Q3;"What is the average delay from the moment the metadata describing a dataset is updated at the source, and the moment the change is visible on the portal?

For Explanation:
* Please explain the approach for updating metadata in a timely manner";new question;new question;Change;Within one day;Currently, harvesting from the source, in particular from local portals, is carried out daily on weekdays. Based on the results of the future modernization of the portal, it is planned to make harvesting from local portals automatic.
Q4;"Do you undertake efforts to ensure that published data covers the full period from when it was first published until today, for example,the complete time series?

For Explanation:
* If yes, please explain the measures in place to ensure complete series of datasets";new question;new question;Change;Yes;"The Unified State Web Portal of Open Data ensures the preservation of previous versions of published resources. These versions can be found on the dataset webpage. Example: https://data.gov.ua/dataset/2a746426-b289-4eb2-be8f-aac03e68948c/resource/e43a82da-89e1-4bbb-820c-bd04ab7a0c89  
Versioning of datasets as a functional possibility of the portal is defined in Decree № 867. In addition, Decree № 835 defines the fundamental principle of publication of datasets - openness by default, which consists in ensuring the release of all public information by data providers in the form of Open Data, which is in their possession, except for information that is classified by law as information with limited access, as well as information that is not subject to publication in accordance with the Law of Ukraine ""On Access to Public Information"".
Also, the Ministry of Digital Transformation provides a guidance and support for ensuring the data we receive is of an acceptable quality. The ministerial team has developed recommendations for the publication and updating of datasets by data providers: https://data.gov.ua/pages/835-rec-index.
Moreover, during the moderation of the dataset by an authorized person of the Ministry as the holder of the portal, the description of the set, the number of keywords, and the correct selection of the name of the set are checked. In addition, in case of inconsistency in the quality of the already published version of the dataset, the authorized person of the Ministry can reject the already published version and send it for revision.
Thus, the dataset undergoes repeated moderation, the possibility of which is determined in Decree № 867.
In addition, the ministerial team constantly provides advisory support to information providers, conducts trainings to ensure that all versions of datasets are of appropriate quality.
Moreover, information providers independently choose the frequency of updating the datasets. When choosing the frequency of updating datasets, information providers shall ensure the maximum possible frequency of their updating and maintenance in an up-to-date state on the Unified State Web Portal of Open Data. The information provider receives a push notification to his email from the portal about the need to update a certain dataset."
Q5;"Have you implemented the DCAT-AP High Value Datasets (semiceu.github.io) tag to denote the High-Value Datasets in your (national) Open Data portal(s)?

For Explanation:
* If yes, please specify how and highlight challenges if any.
* If you are an EFTA or a candidate country to the EU, please select 'not applicable'.";new question;new question;Change;Not Applicable;
Q6;"Besides the DCAT-AP tag mentioned above, have you implemented any other measures to ensure that high-value datasets ((EU) 2023/138) are interoperable with datasets of other country?

For Explanation:
* If yes, please specify how and highlight challenges if any.
* If you are an EFTA or a candidate country to the EU, please select 'not applicable'.";new question;new question;Change;Not Applicable;"Ukraine is starting the development of linked data, forming a regulatory and technical infrastructure. From July 1, 2020, the ISA2 basic dictionaries in the field of e-government entered into force (Order of SE ""UkrNDNC"" No. 124 dated 05/14/2019). They will help unify the data of state registers and ensure their publication in RDF format. The single government Open Data web portal and most local portals support the DCAT metadata publishing standard. The Ministry provided recommendations for the publication of datasets from the List, approved by Decree № 835, in linked data formats. The recommendations are based on popular basic dictionaries Core Public Organization Vocabulary, The Organization Ontology, FOAF, Schema, SKOS.
https://data.gov.ua/en/pages/835-rec-standards-reusage 
The Decree № 835 revised the definition of high-value data sets, and also indicated which areas are priorities during the implementation of the policy in the field of Open Data. The publication of datasets in the fields of justice, judiciary, health care, ecology and environmental protection, transport and infrastructure, finance and taxes is a priority area of"
Q7;"Do you monitor the quality of the metadata available on your portal?

For Explanation:
* If yes, please briefly explain how this monitoring takes place. 
* If applicable, please provide the URL to this monitoring mechanism.";yes;"There are some check-ups and monitoring instruments for dataset and it`s metadata quality: 
1. Before publishing the dataset moderator of the National portal checks correctness of metadata.
2. When dataset creating manually by dataprovider, or via API, National portal require all metadata fields to be fill in.
3. Also, National portal has BI tool for monitoring metadata https://data.gov.ua/pages/analityka";Confirm;;
Q8;"Do you publish information on the quality of the metadata available on the portal?

For Explanation:
* If yes, please provide the URL to this section. ";yes;"BI tool for metadata quality monitoring is public https://data.gov.ua/pages/analityka

Also, Ministry of  Digital transformation of Ukraine preparing annual survey on dataset and it`s metadata quality the last version is available via link https://data.gov.ua/uploads/files/2021-10-11-151345.820104--2020.pdf (Due to the russian invasion, the assessment of the publication and updating of Open Data on the national portal was last carried out in November 2021. The link to the report is attached above)";Complement;Yes;"BI tool for metadata quality monitoring is public https://data.gov.ua/pages/analityka Also, Ministry of Digital transformation of Ukraine preparing annual survey on datasets and its metadata quality for 2020 https://data.gov.ua/uploads/files/2021-10-11-151345.820104--2020.pdf. 
Reports on publicizing and updating datasets and its metadata quality for 2021 and 2022: https://diia.data.gov.ua/news/yakii-z-derzorganiv-je-liderom-za-vidkritisyu-danix-doslidzennya-mincifri-1. A similar report for 2023 is currently being prepared."
Q9;"Do you publish guidelines (e.g. written materials) and have tools in place, to assist publishers in publishing high-quality metadata? 

For Explanation:
* If yes, please (1) briefly describe this material and (2) provide the URLs to these materials and/or tools.";new question;new question;Change;Yes;"The Regulation on datasets subject to publication in the form of Open Data, approved by the Decree № 835, defines the requirements for the format and structure of datasets subject to publication in the form of Open Data, the frequency of updating and the procedure for their publication, as well as the list of such datasets. 
In addition, The Ministry of Digital Transformation of Ukraine has developed recommendations for data providers to publish high-quality datasets from the section of the Decree № 835 ""All data providers"" and ""Local Self-Government Bodies"". These recommendations are published on the National Portal.
https://data.gov.ua/pages/835-rec-index#mun.
These recommendations will also eventually become part of the new version of the Decree № 835 as a requirements for the publication of datasets.
In addition, after the data provider has created a dataset before it became publicly available, such a dataset is  reviewed by a moderator - an authorized person of the Ministry as the holder of the Open Data portal. If there are deficiencies in such dataset, the moderator provides recommendations to the data provider and returns the dataset for revision."
Q10;"Do you set any standards on metadata quality that data providers must abide by (e.g. on the use of licence, minimum metadata describes, use of certain DCAT-AP properties, etc)

For Explanation:
* If yes, please describe the standards you have in place, i.e. what is minimum information the metadata should describe ";new question;new question;Change;Yes;"To improve the quality of published data sets, the Ministry of Digital Transformation has developed recommendations for the publication and updating of data sets by data providers: https://data.gov.ua/pages/835-rec-index. Also, during the moderation of the data set by an authorized person of the Ministry as the holder of the portal, the description of the set, the number of keywords, and the correct selection of the name of the set are checked. At the same time, the name can be chosen from the drop-down list, as well as the responsible person of the data provider is entered automatically, etc. Also, when filling in metadata, it is mandatory to fill in all the proposed fields of the dataset passport.
In general, most datasets on the national portal fully correspond to both mandatory and recommended classes of DCAT-AP."
Q11;"Do your Open Data publication/licensing guidelines provide recommendations for the use of Creative Commons (CC) licences, specifically CC BY 4.0 and CC0?

For Explanation:
* If yes, is this mandatory (e.g. prescribed by law) or recommended?
* Please provide a URL link to the guidelines";new question;new question;Change;Yes;"Licencing terms of Open Data defined in the Law of Ukraine ""On Access to Public Information"". These terms are similar to CC-By and this is mandatory.
All content is available on the portal under the Creative Commons Attribution 4.0 International license.
Also licensing terms (similar to CC-By) are set forth in the above mentioned law and thus are obligatory."
Q12;What percentage of the Open Data available on the national portal is accompanied by licensing information? ;>90%;N/A;Confirm;;N/A
Q13;How many different licences are used on your portal?;1-4;N/A;Confirm;;N/A
Q14;"Besides providing guidelines, are there regular activities conducted or mechanisms in place to  assist publishers in supplying high-quality datasets (metadata quality and data quality)?

For Explanation:
* If yes, please explain the support you provide?";new question;new question;Change;Yes;"Ministry of Digital Transformation, National Agency of Ukraine for Civil Service Affairs launched the course the certified advanced training program, which is titled, ""Open Data for Civil Servants: A Practical Course."" The program aims to increase the competency of officials from public authorities and local governments who are responsible for the publication of public information in the form of Open Data and covers 18 different topics. https://pdp.nacs.gov.ua/courses/vidkryti-dani-dlia-derzhsluzhbovtsiv-praktychnyi-kurs
Also as a measure to develop professional skills of civil servants working with data is the online course Open Data for Civil Servants that was created on the national platform of the digital education - https://osvita.diia.gov.ua/courses/open-data. This was the first Open Data course certified by the National Agency of Ukraine for Civil Service Affairs. The course was launached on September 2020. Since then more than 67,000 goverment officials completed the course. The ""Open Data Advocacy"" series was also developed https://osvita.diia.gov.ua/courses/open-data-advocation.
Also Ministry of Digital Transformation has launched a curriculum - ""Intensive on Open Data for data providers - central executive bodies and local self-government bodies"". The purpose of the intensives is to improve the quality of datasets of central executive bodies and local self-government bodies. To this end, the participants of the Intensive together with the experts: diagnose their own Open Data policy; analyze its strengths and weaknesses; draw up an action plan to help effectively publicize datasets and begin implementing it. These trainings are carried out monthly (separated for central executive bodies and local self-government bodies) and last for 2 weeks including both intramural and asynchronous forms of work. Moreover, from the end of 2023, the Open Data Academy is implemented. This is an initiative aimed at training regional civil servants on Open Data. So far, such trainings have been carried out for such employees of Chernivtsi, Lviv, Zakarpattia, Vinnytsia, and Rivne regions. By the end of 2025, it is planned to cover all regions of Ukraine. https://academy.data.gov.ua/. 
Moreover, the Ministry continuously advises data providers on the creation and updating of their datasets."
Q15;"Does the national portal follow the DCAT-AP framework or, if not, are standards in place to ensure interoperability with DCAT-AP?

For explanation:
* If the  portal follow the DCAT-AP framework, please describe how compliance with DCAT-AP is ensured
* If the portal does not follow the DCAT-AP framework, please describe how interoperability with DCAT-AP is ensured";new question;new question;Change;Yes;"There is no clear answear for this question. Mandatory and recommended (optional) class of Open Data metada is prescribed by the Law. But Ukrainian legislation has no direct link to DCAT-AP standard.
In general, most datasets on the national portal fully correspond to both mandatory and recommended classes of DCAT-AP. Some problems arise with datasets that are harvested to the national portal from regional and/or local Open Data portals. First of all, this is related to the internal legal framework of data providers at the regional and local and level.
Moreover, during the moderation of the dataset by an authorized person of the Ministry as the holder of the portal, the description of the dataset, the number of keywords, and the correct selection of the name of the set are checked. At the same time, the name can be chosen from the drop-down list, as well as the responsible person of the data provider is entered automatically, etc. Also, when filling in metadata, it is mandatory to fill in all the proposed fields of the dataset passport.
Thus, an authorized person of the Ministry verifies compliance with the metadata requirements defined in the DCAT-AP framework. In general, most datasets on the national portal fully correspond to both mandatory and recommended classes of DCAT-AP.
The portal supports work with the DCAT dictionary (https://www.w3.org/TR/vocab-dcat/) and DCAT-AP, as a standard solution on the CKAN architecture and as extensions. In particular, metadata of datasets and resources are distributed using the API procedure. The portal uses typical CKAN procedures for working with API.
Transmitted through the portal's API metadata can be translated to DCAT and DCAT-AP using a typical dictionary that uses the ckanext-dcat extension (https://github.com/ckan/ckanext-dcat?tab=readme-ov-file#schemas).
The DCAT and DCAT-AP models are also supported at the level of harvesting datasets from other open data portals based on the CKAN architecture or another architecture. In this case, RDF is used. The Ministry has developed instructions for setting up the harvesting procedure, including using the DCAT and DCAT-AP models. (https://data.gov.ua/uploads/files/2021-06-29-135404.275118-.pdf).
The portal uses the common extension ckanext-dcat (https://extensions.ckan.org/extension/dcat/) which adds the following functionality for using DCAT and DCAT-AP (https://data.gov.ua/api/3/action/status_show):
- dcat - Adds DCAT (Data Catalog Vocabulary) support to CKAN. This extension allows you to describe datasets according to the DCAT-AP standard, which provides better interoperability with other data catalogs.
- dcat_rdf_harvester - This extension is used to collect RDF data (Resource Description Framework) from other portals that support DCAT and import it into CKAN.
- dcat_json_harvester - An extension for collecting and importing DCAT-compliant JSON data from other sources into CKAN.
- dcat_json_interface - An interface for working with data in JSON format that conforms to the DCAT standard. This extension allows you to interact with DCAT data by saving it in JSON format."
Q16;What is the percentage of metadata on your portal that is DCAT-AP compliant, in terms of mandatory classes? (agent, catalogue, dataset, literal, resource);>90%;;Confirm;;N/A
Q17;What is the percentage of metadata on your portal that uses DCAT-AP recommended classes? (category, category scheme, distribution, licence document);>90%;;Confirm;;N/A
Q18;What is the percentage of metadata on your portal that uses DCAT-AP optional classes? (catalogue record, checksum, document, frequency);>90%;;Confirm;;N/A
Q19;"Is there a national extension of the DCAT-AP standard developed for your country? 

For Explanation:
* If yes, please (1) briefly outline the reasons for this decision, and (2) what the main differences between the national variation and the EU standard are.
* If applicable, please provide the URL to the documentation of the national DCAT-AP extension.";no ;There is no clear answear for this question. Mandatory and recommended (optional) class of Open Data metada prescribed by the Law. But Ukrainian legislation have no direct link to DCAT-AP standard;Confirm;;
Q20;"Do you investigate the most common causes for the lack of DCAT-AP compliance?

For Explanation:
* If yes, what are the main causes for the lack of DCAT-AP compliance?";new question;new question;Change;Yes;"Functional capabilities of the portal provide moderation of datasets for further publication or their rejection with reasons. Moderation is a check by an authorized person of the portal holder of datasets uploaded to the portal for compliance with the requirements defined in Decree № 835. Metadata requirements are defined in this Decree, which is consistent with the requirements defined in DCAT-AP. During the stage of dataset moderation, the following causes are detected: incomplete or incorrect filling of metadata, namely: title, description, publisher, publication date, language attributes, identifiers, keywords and contact information.
At the same time, datasets are published on the portal already with the finalized shortcomings discovered during moderation.
DCAT-AP mismatch may occur if a dataset has been automatically uploaded to the national portal from local portals."
Q21;What is the percentage of datasets whose metadata provides a reference to where the data can be downloaded, or its API accessed (“download-URL” in the DCAT-AP specification)?;>90%;N/A;Confirm;;N/A
Q22;What is the percentage of datasets whose metadata provides a reference to a web page from where the data can be accessed (“access-URL in the DCAT-AP specification)?;>90%;N/A;Confirm;;N/A
Q23;"Do you use a model (such as the 5-Star Open Data or FAIR) to assess the quality of deployment of data in your country?

For Explanation:
* If yes, please briefly describe.";yes;"The Decree of the Cabinet of Ministers of Ukraine no 835 envisages publication of Open Data in formats of the 5-Star Open Data Model. At the portal implemented the openness rating of data sets according to the 5-Star Open Data Model for example https://data.gov.ua/dataset/1c7f3815-3259-45e0-bdf1-64dca07ddc10 
Moderation policy at the portal promotes usage of open machine-readable formats.";Confirm;;
Q24;"Do you conduct activities to promote and familiarise data providers with ways to ensure higher quality data?

For Explanation:
* If yes, please briefly describe.";yes;"Intensive on Open Data for data providers - central executive bodies and local self-government bodies. The purpose of the Intensives is to improve the quality of datasets of central executive bodies and local self-government bodies. To this end, the participants of the Intensive together with the experts:
diagnose their own Open Data policy;
analyze its strengths and weaknesses;
draw up an action plan to help effectively publicize datasets and begin implementing it.
Also, Ministry of Digital Transformation in partnership with the National Agency of Ukraine for Civil Service Affairs have prepared a practical training program containing all necessary components for effective disclosure of Open Data by data providers. The main goal of this program is to provide civil servants and local government officials with the necessary theoretical knowledge and practical skills for the effective publication of datasets. It covers 18 topics and helps to understand how Open Data policy is implemented at the national level and within a particular data provider, what components the Open Data policy includes and what impact it has on everyday life.";Complement;Yes;"Intensive on Open Data for data providers - central executive bodies and local self-government bodies. The purpose of the Intensives is to improve the quality of datasets of central executive bodies and local self-government bodies. To this end, the participants of the Intensive together with the experts: diagnose their own Open Data policy; analyze its strengths and weaknesses; draw up an action plan to help effectively publicize datasets and begin implementing it. Also, Ministry of Digital Transformation in partnership with the National Agency of Ukraine for Civil Service Affairs have prepared a practical training program containing all necessary components for effective publication of Open Data by data providers. The main goal of this program is to provide civil servants and local government officials with the necessary theoretical knowledge and practical skills for the effective publication of datasets. It covers 18 topics and helps to understand how Open Data policy is implemented at the national level and within a particular data provider, what components the Open Data policy includes and what impact it has on everyday life.
Moreover, from the end of 2023, the Open Data Academy is implemented. This is an initiative aimed at training regional civil servants on Open Data. So far, such trainings have been carried out for such employees of Chernivtsi, Lviv, Zakarpattia, Vinnytsia, and Rivne regions. By the end of 2025, it is planned to cover all regions of Ukraine. https://academy.data.gov.ua/."
Q25;What percentage of datasets are made available under an open licence? ;>90%;N/A;Confirm;;N/A
Q26;What percentage of licences are provided in a structured data format?;51-70%;N/A;Confirm;;N/A
Q27;What percentage of datasets are provided in an open and machine-readable format?;>90%;N/A;Confirm;;N/A
Q28;What percentage of datasets consistely use Uniform Resource Identifiers?;71-90%;N/A;Confirm;;N/A
Q29;What percentage of datasets link to other renowned sources to provide additional context for the users, e.g. in a linked data fashion?;51-70%;N/A;Confirm;;N/A
I1;"Do you have a definition of Open Data reuse in your country?
 
For Explanation:
* If yes, please specify it.";yes;"Definition of Open Data re-use is specifed in the Law of Ukraine on Access to Public Information https://zakon.rada.gov.ua/laws/show/2939-17#n259 in the very definition of Open Data: ""Public information in the form of Open Data is public information in a format that allows its automated electronic processing, free and free access to it, and its further re-use. Dataproviders are obliged to provide public information in the form of Open Data on request, publish and regularly update it on the national portal and on their websites. Public information in the form of Open Data is allowed for its further free re-use and dissemination. Any person is free to copy, publish, distribute, re-use, including for commercial purposes, in combination with other information or by including in their own product, public information in the form of Open Data with mandatory reference to the source of such information .";Complement;;"Definition of Open Data re-use is specifed in the Law of Ukraine on Access to Public Information https://zakon.rada.gov.ua/laws/show/2939-17#n259 in the very definition of Open Data: ""Public information in the form of Open Data is public information in a format that allows its automated electronic processing, free and free access to it, and its further re-use. Data providers are obliged to provide public information in the form of Open Data on request, publish and regularly update it on the national portal and on their websites. Public information in the form of Open Data is allowed for its further free re-use and dissemination. Any person is free to copy, publish, distribute, re-use, including for commercial purposes, in combination with other information or by including in their own product, public information in the form of Open Data with mandatory reference to the source of such information.

Also Ukraine is one of the Open Data Charter adopters since 2016 and it is set forth in the Decree № 835 of the Cabinet of Ministers of Ukraine that publication of datasets is to be in conformity with principles of For Improved Governance & Citizen Engagement (ensuring the use of public information in the form of Open Data by state authorities and local self-government bodies during the exercise of their powers) and For Inclusive Development and Innovation (providing data providers with support and facilitating the creation of new information resources and services based on public information in the form of Open Data)."
I2;"Are there any processes in place to monitor the level of reuse of your country's Open Data?
 
For Explanation:
* If yes, please (1) briefly describe these processes and (2) provide the URLs to support the answer.";yes;"There are few mechanisms on monitoring the level of Open Data re-use in Ukraine.
Key measuring mechanism  of  Open Data development across ministries and cities is institutionalised in the legislation. The mechanism has 4 key chapters - policy, capacity, publishing the data and quality and use of the data. 
Also catalogues of apps that use the Open Data are available which is regularly updated by users and the Ministry of  Digital Transformation https://diia.data.gov.ua/services                                                                                                                                                In addition, the national portal has the ability to track the level of use of data sets (number of views and downloads separately for each set) and to track which services based on Open Data use the data set";Complement;;"There are few mechanisms on monitoring the level of Open Data re-use in Ukraine.
Key measuring mechanism of Open Data development across ministries and cities is institutionalised in the legislation. The mechanism has 5 key chapters - policy, capacity, publishing the data and quality and use of the data and Open Data impact.
Also catalogues of apps that use the Open Data are available which is regularly updated by users and the Ministry of  Digital Transformation https://diia.data.gov.ua/services                                                                                                                                                In addition, the national portal has the ability to track the level of use of datasets (number of views and downloads separately for each set) and to track which services based on Open Data use the dataset"
I3;"Are there any activities in place to encourage public bodies to monitor the reuse of their own published data (e.g. incentives or obligations in place for public bodies or civil servants of national government)?
 
For Explanation:
* If yes, please (1) briefly describe these activities/incentives and (2) provide the URLs to support the answer.";yes;Key measuring mechanism  of  Open Data development across ministries and cities is institutionalised in the legislation. The mechanism has 4 key chapters - policy, capacity, quality of the data and the use of the data. The questions in the chapter regarding the use of data collects the estimation of the re-use from different public bodies.Since the measuring mechanism is institutionalised in the legislation all public bodies are  obligated to to measure their Open Data programs, including the re-use of their own or other public bodies' Open Data to measure their Open Data programs, including the re-use of their own or other public bodies' Open Data. Data is collected, analysed and reported to the Cabinet of Ministers                                                                                                                                                                         The results of such monitoring of published data by the public bodies and data providers itself are in special servey available via link https://data.gov.ua/uploads/files/2021-10-11-151345.820104--2020.pdf;Complement;Yes;"Key measuring mechanism of Open Data development across ministries and cities is institutionalised in the legislation. The mechanism has 5 key chapters - policy, capacity, quality of the data and the use of the data, Open Data impact. The questions in the chapter regarding the use of data collects the estimation of the re-use from different public bodies. Since the measuring mechanism is institutionalised in the legislation all public bodies are obligated to to measure their Open Data programs, including the re-use of their own or other public bodies' Open Data to measure their Open Data programs, including the re-use of their own or other public bodies' Open Data. Data is collected, analysed and reported to the Cabinet of Ministers                                                                                                                                                                         The results of such monitoring of published data by the public bodies and data providers itself are in special servey available via link https://data.gov.ua/uploads/files/2021-10-11-151345.820104--2020.pdf 
Based on the results of this assessment, reports on the state of publicizing and updating Open Data by data providers in 2021 and 2022 were created, which analyzed the level of data openness in cities and state authorities. https://diia.data.gov.ua/news/yakii-z-derzorganiv-je-liderom-za-vidkritistyu-danix-doslidzennya-mincifri-1"
I4;"Does your country have processes in place to monitor and measure the level of reuse of high-value datasets ((EU) 2023/138)?
 
For Explanation:
* If yes, please specify how and highlight challenges if any. 
* If you are an EFTA or a candidate country to the EU, please select 'not applicable'.";new question;new question;Change;Not Applicable;
I5;"Has your government specified what 'impact of Open Data' means (e.g. in a strategy document)?
 
For Explanation:
* If yes, how do you define the impact of Open Data in your country? 
* If possible, please provide a URL to a public document describing it.";yes;"Impact of Open Data is specified as ""Impact of Open Data means anti-corruption, social, political, economic and other effects caused by the disclosure and re-use of public information in form of Open Data.""https://data.gov.ua/uploads/files/2022-06-15-102752.7196282150222.pdf                                                                                                                                                                                                                                                                                                                                                           Also we used privious approach to specified Open Data impact in Ukraine. For micro studies that we currently conduct  to assess the impact of Open Data in particular sectors we usually follow this KPIs -  number of views of the dataset  - number of services and products that were created or additinal finctions were created or integrated  the dataset into the existing product - number of users(citizens) of these services. If there is high use of services by citizens it shows that the dataset solves particular problems for them. 
For macro economic impact study that was conducted the following metric were calculated - the rise in GDP, economic gain in UAH and  creation of jobs was calculated";Confirm;;
I6;"Do you have a methodology in place to measure the impact of Open Data in your country?
 
For Explanation:
* If yes, please briefly describe the key points of this methodology.";yes;"The Ministry of Digital Transformation employ a framework to measure the impact of Open Data. We have utilized international best practices such as NYU’s GovLab project https://odimpact.org/ . Qualitative approach to its Open Data impact measurement is used . Typical Open Data impact research involves pre-screening of potential subjects either from a bottom-up approach (a large number of Open Data products found in a specific domain or from a specific Open Dataset) or a top-down one (research into a specific governmental body or domain, e.g. ecology, state regulatory commission, health, etc). The research relies heavily on interviews and focus-groups with parties involved in opening the data (state officials, data scientists), creating and using products based on these data (NGOs, civil activists, journalists, etc). The impact is measured by analysis of several key categories, namely: does it help prevent or detect corruption; does it provide new tools for civil impact; how many users of the Open Data and tools created on the basis of the Open Data? and does it improve social standards? Interviews with the before-mentioned parties allow to gain as much of an objective view of Open Data impact as possible.";Confirm;;
I7;"Is there collaboration between government and civil society or academia to create Open Data impact in your country?

For Explanation:
* If yes, please provide an example
* If possible, URLs to such projects and collaborations.";new question;new question;Change;Yes;"In order to increase the transparency of state institutions to solve socio-economic problems and to support innovative projects, grant competitions for startups are organized based on Open Data.
In June 2023, the competition ""Open Data. Unbroken"" together with OSCE was organized. https://www.openunbroken.org/. Winners: ""Where's the shelter?"" — a chatbot for finding the nearest bomb shelter in Ukraine. https://shelteruabot.com/. ""VPO Nazar"" is a chatbot to help internally displaced persons integrate into a new environment https://citybot.pro/vpo. ""Plant Varieties"" is an information aggregator that brings together resources such as Plant Varieties and Controlled Pesticides https://agrarii-razom.com.ua/. 
Also in November 2023 the competition ""Open Datathon reUkraine"" together with TAPAS project was organized https://datathon.data.gov.ua/. Among the winners of the competition is the service for providing access to public registers for citizens and businesses ""Opendatabot"" https://opendatabot.ua/, the solution for finding barrier-free locations ""Dostupno!"" from the Ukrainian Center for Social Data https://dostupno.ua/mapa-dostupnosti/, chatbot ""I'll be a mother"" from the ""Liky Kontrol"" team https://chats.viber.com/iwillbemother_bot, a system of dashboards with analytics from the Clarity Project — Clarity Hromada https://clarity-project.info/hromada.
In addition ""Open Data Hackathon"" with support of DTA project is running now. More than 230 applications for participation received. https://www.opendatatech.org/hackathon. 
In addition, increasing the level of competence in the field of Open Data is one of the priority directions of the Open Data community in Ukraine.
With the support of international partners, a course on Open Data was prepared for journalism students and other humanities majors. Currently, this course is being implemented in the educational system of certain institutions of higher education.
This will ensure the sustainability of Open Data (a ready-made audience of interested youth), which will attract new users of Open Data, encourage data providers to publish more information in the form of Open Data, and replenish the labor market with specialists who know how to use Open Data.
In the future, the program will be implemented in other higher education institutions and in other specialties."
I8;"Have any public bodies in your country launched or performed any activities in the past year to understand which and how (open) datasets are reused?

For Explanation:
* If yes, which of the following activities?
* Multiple answers are possible.";yes;N/A;Change;Yes;N/A
I8-a;Automated feedback mechanisms tracking users´ access to datasets;new question;new question;Change;Yes;"Google Analytics tools and own analytics module are also used to monitor the activity on the portal in the real time, in the retrospective and for the whole time of functioning of portal. Statistics are displayed at https://data.gov.ua/stats2/common
number of data sets published - https://data.gov.ua/dataset  
the distribution across categories - https://data.gov.ua/group 
number of visitors - https://data.gov.ua/stats2/common
changed over time - https://data.gov.ua/stats2/common
Statistic provide information about number of datasets, dynamic of publication, most popular tags and keywords, most popular groups and datasets and also frequency of datasets updates
Also each datasets has its own statistical information displayed on dataset page."
I8-b;Surveys;new question;new question;Change;Yes;"In January 2024, a survey of users of the Unified State Web Portal of Open Data was conducted to determine the needs of data users https://docs.google.com/forms/d/e/1FAIpQLScwiBCSqO3Byx8fcZlpujEbrm3DWYeuiMyd9YfyBrC2wpb4ew/viewform.
https://docs.google.com/forms/d/e/1FAIpQLSdXGQ11Jrx9zvBU_X_7BYVENqKRBgdf0WyxndbRy5zL6-TMLg/viewform - the survey for data users is conducted to determine the priorities of the Ministry of Digital Transformation in the field of Open Data and planning the operation of the Data+ communication platform.
During the research on the role of Open Data in the transition to a circular and low-carbon economy, researchers took into account business needs through surveys to develop standards for 16 datasets. https://diia.data.gov.ua/news/opublikovano-doslidzennya-roli-vidkritix-danix-u-perexodi-do-cirkulyarnoyi-ta-nizkovuglecevoyi-ekonomiki. 
During the preparing of the Open Data development strategy for 2025-2027, a survey of stakeholders was conducted: https://docs.google.com/document/d/1l_V8V8pJi_3MMbx5KEbb6Gg-RIR0CYaJLcOJX0OwJ9o/edit.
Between 5.2 and 7 million Ukrainians use services based on open state data every month — that's 17-23% of Ukrainian Internet users. The corresponding assessment was carried out by experts of the Office of Effective Regulation of BRDO. https://brdo.com.ua/top/do-7-mln-ukrayintsiv-shhomisyatsya-korystuyutsya-servisamy-na-osnovi-vidkrytyh-derzhavnyh-danyh/
Researches on the reuse of data in various fields are conducted. Relevant stakeholder surveys were conducted when writing all these studies:
https://tapas.org.ua/wp-content/uploads/2021/09/Open-Data-Impact-Report-Energy-Sector.pdf,
https://tapas.org.ua/wp-content/uploads/2021/01/OD-Research-DABI_ed.pdf,
https://tapas.org.ua/wp-content/uploads/2021/01/Open-data-impact-road-sector.pdf,
https://tapas.org.ua/wp-content/uploads/2021/01/Healthcare-OD-impact-study_ed.pdf,
https://tapas.org.ua/wp-content/uploads/2021/03/Ecology-OD-Impact-Study.pdf,
https://tapas.org.ua/wp-content/uploads/2021/07/Open-Data-Impact-Report-Financial-Transparency.pdf,
https://tapas.org.ua/wp-content/uploads/2021/01/Impact-OD-Research-Business.pdf,
https://tapas.org.ua/wp-content/uploads/2021/05/Open-Data-Impact-Report_Municipalities-1.pdf,
https://tapas.org.ua/wp-content/uploads/2021/08/Open-Data-Impact-Report-Forestry.pdf."
I8-c;Interviews/workshops with reusers;new question;new question;Change;Yes;"On May 29, 2024, an event ""Open data: the path to transparency and accountability"" was held, at which an effective dialogue between data users and data providers took place, in particular in the fields of ecology, energy, and transparent business conduct. On this event The Data+ communication platform was presented. Within the framework of the operation of Data+, regular meetings are held with stakeholders in the field: the Ministry of Digital Transformation of Ukraine, the Ombudsman of Ukraine, data providers, experts, civil society, etc. The first meeting of participants of this platform will take place at the end of June 2024. https://www.facebook.com/share/p/dLsKweKw8m12TPhT/?  
The Ministry of Digital Transformation of Ukraine constantly organizes events for communication with reusers, for example, regarding the role of Open Data in the transition to a low-carbon and circular economy, gender component in Open Data of Ukraine, compliance of European legislation with Ukrainian legislation: https://www.youtube.com/watch?v=IhmgQL0GiY0&t=2253s, https://www.youtube.com/watch?v=imjO_E2yycg, https://www.facebook.com/share/p/gSgLZ9PSMYj27kei/?"
I8-d;Other;new question;new question;Change;Yes;"In June 2023, the competition ""Open Data. Unbroken"" together with OSCE was organized. https://www.openunbroken.org/. Winners: ""Where's the shelter?"" — a chatbot for finding the nearest bomb shelter in Ukraine. https://shelteruabot.com/. ""VPO Nazar"" is a chatbot to help internally displaced persons integrate into a new environment https://citybot.pro/vpo. ""Plant Varieties"" is an information aggregator that brings together resources such as Plant Varieties and Controlled Pesticides https://agrarii-razom.com.ua/. 
Also in November 2023 the competition ""Open Datathon reUkraine"" together with TAPAS project was organized https://datathon.data.gov.ua/. Among the winners of the competition is the service for providing access to public registers for citizens and businesses ""Opendatabot"" https://opendatabot.ua/, the solution for finding barrier-free locations ""Dostupno!"" from the Ukrainian Center for Social Data https://dostupno.ua/mapa-dostupnosti/, chatbot ""I'll be a mother"" from the ""Liky Kontrol"" team https://chats.viber.com/iwillbemother_bot, a system of dashboards with analytics from the Clarity Project — Clarity Hromada https://clarity-project.info/hromada.
In addition ""Open Data Hackathon"" with support of DTA project is running now. More than 230 applications for participation received. https://www.opendatatech.org/hackathon. 
In addition, increasing the level of competence in the field of Open Data is one of the priority directions of the Open Data community.
The portal also has the function ""Offer a data set"": https://diia.data.gov.ua/join"
I9;"Have any public bodies in your country launched or performed any activities in the past year to better understand reusers' needs in order to further stimulate the reuse of Open Data?

For Explanation:
* If yes, which of the following activities have been performed? Please describe how the activity has helped you better stimulate reuse.
* Multiple answers are possible.";Yes;N/A;Change;Yes;N/A
I9-a;Regular feedback sessions with portal users ;new question;new question;Change;Yes;"The portal provides a feedback form in which users can leave messages and suggestions for the administrator and the portal holder: https://data.gov.ua/feedback.
In January 2024, a survey of users of the Unified State Web Portal of Open Data was conducted to determine the needs of data users https://docs.google.com/forms/d/e/1FAIpQLScwiBCSqO3Byx8fcZlpujEbrm3DWYeuiMyd9YfyBrC2wpb4ew/viewform.
https://docs.google.com/forms/d/e/1FAIpQLSdXGQ11Jrx9zvBU_X_7BYVENqKRBgdf0WyxndbRy5zL6-TMLg/viewform - the survey for data users is conducted to determine the priorities of the Ministry of Digital Transformation in the field of Open Data and planning the operation of the Data+ communication platform."
I9-b;Social media sentiment analysis ;new question;new question;Change;Yes;"The Ministry of Digital Transformation of Ukraine actively researches sentiments in social networks, in particular by responding to the comments of users on the Ministry's social media pages: https://www.facebook.com/mintsyfra?locale=uk_UA, https://x.com/mintsyfra, https://www.instagram.com/mintsyfra.official/, https://web.telegram.org/a/#-1001211257735.
The employees of the Ministry definitely take these comments into account in the implementation of the Open Data policy."
I9-c;Other;new question;new question;Change;Yes;During the carrying out of information audits, the conduct of which is mandatory for all data providers, state and local self-government bodies hold consultations with the public to study the needs and interest of data users.
I10;"Have any public bodies in your country developed any systematic way of gathering reuse cases?

For Explanation:
* If yes, please provide a brief explanation of the process: How does the gathering happen? ";yes;"In Ukraine, the basis for confirming the case of reuse of a data set is a software product (application) that uses data sets in its work.  Ministry of Digital Transformation maintains a complete list of all applications/visualizations/dashboards and analytical panels in a special section of the Open Data Competence Center Diia.Open Data.
The developers themselves submit their product for publication, it is necessary to specify the datasets used in the product. After the inspection,  Ministry either approves and publishes such a product, or returns the application to the developer for revision.";Confirm;;
I11;"Are there any public bodies in your country that have developed a systematic ways of classifying the gathered reuse cases?

For Explanation:
* If yes, please provide a brief explanation of the process: According to which categories are reuse cases classified (e.g. by policy field)?";yes;"Ministry of Digital transformation has developed a comprehensive model to classify Open Data re-use cases.
1. Classification by scope (Competitive Intelligence, Transport, Health, Environment, Real Estate and Urban Development, Government Transparency and Accountability, Anti-Corruption, Jurisprudence)
2. By product type based on Open Data (information-analytical systems, decision support systems, visualizations, chatbots, mobile applications, analytical research)";Confirm;;
I12;"Is any data on the impact created by Open Data on governmental challenges (e.g. efficiency, effectiveness, transparency, decision-making capacity) available in your country such as from research studies, impact assessments, or other systematic investigations that quantify the results or broader effects of Open Data being reused?

For Explanation:
* If yes, please (1) specify what kind of data source proves this impact and (2) provide the URLs to this data.";yes;"Monitoring of the exercise of powers by deputies of local self-government. According to the latest study Social and anti-corruption impact of Open Data on local comunities (part 2) https://tapas.org.ua/wp-content/uploads/2022/07/OD_municipalities_part-2.pdf residents' understanding of the duties of deputies of local councils creates more opportunities for solving community problems, as there is no room for manipulation, instead there is a field for discussions and cooperation. Dataset ""Data on deputies of local councils, including contact details and reception schedule"" allows citizens to find out the following information: biographical data, phone number, e-mail address, pages in social networks, faction name and position in it, standing committee name and position in it, etc. Disclosure of data about MPs with reception schedule and contact information, as well as the results of MP activity can significantly simplify the processes of activity monitoring and feedback. Information collected in one place and presented in a convenient form increases the accountability of representatives in power to their constituents. ""Analytics of deputy activity"" is a service that provides the publication of projects, adopted decisions, the course of voting and analytics of the work of council deputies. Hosted on the Drohobych Smart City platform, it was launched on May 14, 2021. The system contains a created profile of each deputy with detailed information on voting statistics, proposed projects and amendments, and affiliation to factions. This helps the residents to be aware of the votes and not to allow the deputies to mislead the residents about the projects implemented in the city.";Complement;;"Monitoring of the exercise of powers by deputies of local self-government. According to the 3 parts of study on social and anti-corruption impact of Open Data on local comunities  residents' understanding of the duties of deputies of local councils creates more opportunities for solving community problems, as there is no room for manipulation, instead there is a field for discussions and cooperation. https://tapas.org.ua/wp-content/uploads/2021/05/Open-Data-Impact-Report_Municipalities-1.pdf, 
https://tapas.org.ua/wp-content/uploads/2022/07/OD_municipalities_part-2.pdf, https://tapas.org.ua/all-uk/news-uk/vidkryti-dani-munitsypalitetiv-ta-ikhnij-antykoruptsijnyj-ta-sotsialnyj-vplyv-tretia-chastyna-doslidzhennia-mintsyfry/.   
Dataset ""Data on deputies of local councils, including contact details and reception schedule"" allows citizens to find out the following information: biographical data, phone number, e-mail address, pages in social networks, faction name and position in it, standing committee name and position in it, etc. Disclosure of data about MPs with reception schedule and contact information, as well as the results of MP activity can significantly simplify the processes of activity monitoring and feedback. Information collected in one place and presented in a convenient form increases the accountability of representatives in power to their constituents. ""Analytics of deputy activity"" is a service that provides the publication of projects, adopted decisions, the course of voting and analytics of the work of council deputies. Hosted on the Drohobych Smart City platform, it was launched on May 14, 2021. The system contains a created profile of each deputy with detailed information on voting statistics, proposed projects and amendments, and affiliation to factions. This helps the residents to be aware of the votes and not to allow the deputies to mislead the residents about the projects implemented in the city. https://drohobych-rada.golos.net.ua/
In addition, research was conducted in the area of"
I13;"Is the use of Open Data in your country having an impact on the efficiency and effectiveness of the government (at any level) in delivering public services? 

For Explanation:
* If yes, please provide an example of one reuse case. For this reuse case, please provide (1) a URL to the reuse case, (2) a URL to the Open Dataset used by the reuse case, and (3) a description of the reuse case and its impact in this sub-domain.";new question;new question;Change;Yes;"Open data has an impact on the effectiveness of public service provision, particularly in the areas of state supervision and control. This is evidenced by the results of the study: https://tapas.org.ua/wp-content/uploads/2021/06/Open-Data-Impact-Report-State-Supervision-and-Control.pdf
State authorities create analytical materials, dashboards based on Open Data: https://edata.e-health.gov.ua/e-data/dashboard (used Open Datasets: https://data.gov.ua/en/dataset/3fcbfe9e-7cec-4f69-b9ca-be49daae2369, https://data.gov.ua/en/dataset/e7f426b5-7fe2-4fee-a991-b7d0d9113710, https://data.gov.ua/en/dataset/6da6e500-e3c0-4a6a-9cb1-764582b531ee, https://data.gov.ua/en/dataset/a1d554df-be4b-4d3f-8063-dd0db4d83ff5), https://mof.gov.ua/uk/the-reform-of-education (used Open Dataset: https://data.gov.ua/dataset/c4e270ef-c566-47f6-9239-a3cb77a9b0ce).
The creation of such analytical materials informs the publicity about the effectiveness of the delivering of public services and, accordingly, increases the level of transparency and openness of bodies to civil society.
Lviv City Council created a bot that provides information and answers to the most common questions of citizens: https://city-helper.com/.
In this service datasets from https://opendata.city-adm.lviv.ua/ are used.
The ""City Panel"" project is an open platform with indicators from various spheres of city life. The goal of the project is to create an opportunity for the public to have unhindered access to the main indicators of the city's development in a convenient format. https://dashboard.city-adm.lviv.ua/. In this service datasets from https://opendata.city-adm.lviv.ua/ are used."
I14;"Is the use of Open Data in your country having an impact on transparency and accountability of public administrations?

For Explanation:
* If yes, please provide an example of one reuse case. For this reuse case, please provide (1) a URL to the reuse case, (2) a URL to the Open Dataset used by the reuse case, and (3) a description of the reuse case and its impact in this sub-domain.";new question;new question;Change;Yes;"State authorities create analytical materials, dashboards based on Open Data: https://edata.e-health.gov.ua/e-data/dashboard (used Open Datasets: https://data.gov.ua/en/dataset/3fcbfe9e-7cec-4f69-b9ca-be49daae2369, https://data.gov.ua/en/dataset/e7f426b5-7fe2-4fee-a991-b7d0d9113710, https://data.gov.ua/en/dataset/6da6e500-e3c0-4a6a-9cb1-764582b531ee, https://data.gov.ua/en/dataset/a1d554df-be4b-4d3f-8063-dd0db4d83ff5), https://mof.gov.ua/uk/the-reform-of-education (used Open Dataset: https://data.gov.ua/dataset/c4e270ef-c566-47f6-9239-a3cb77a9b0ce).
The creation of such analytical materials informs the publicity about the effectiveness of the delivering of public services and, accordingly, increases the level of transparency and openness of bodies to civil society.
Clarity Hromada is a system of dashboards with analytical data that helps track key indicators of communities: budget spending, economic activity, demographics, reconstruction. Users can filter data by indicators, rate and compare communities among themselves. Information on the Clarity Hromada platform is constantly updated from the Unified State Portal of Open Data, so the indicators are always up-to-date. https://clarity-project.info/hromada. Used sourses: https://clarity-project.info/hromada/about.
Clarity Project - a service based on Open Data that allows you to search for public procurement, find and display
information about bidders and the connections between them, monitor purchases, customers or participants and, accordingly, identify potential corruption risks. Link to used sources of information: https://clarity-project.info/about.
Data journalism is also developed in Ukraine. A number of publications use publicized government data to write anti-corruption investigations and other journalistic materials. Such publications are: https://texty.org.ua/, https://bihus.info/, https://nashigroshi.org/. Examples of materials based on Open Data: https://datalogy.texty.org.ua/lost/ (dataset used: https://data.gov.ua/dataset/470196d3-4e7a-46b0-8c0c-883b74ac65f0), https: //datalogy.texty.org.ua/education/  (datasets used: https://registry.edbo.gov.ua/opendata/universities/, https://registry.edbo.gov.ua/opendata/entrant/, https://registry.edbo.gov.ua/opendata/educators/, https://registry.edbo.gov.ua/opendata/staff).
In March, 2024 with the support of the TAPAS project, Data Driven Journalism was implemented - free training for journalists and journalism teachers who want to improve their skills in data journalism and data visualization. https://journalism-course.data.gov.ua/ 
YouControl, Opendatabot, Liga Contr Agent and Vkursi.Pro services are functioning for checking potential contractors and helping to avoid financial losses, fraud and default by potential contractors.
https://youcontrol.com.ua/ (used sourses: https://youcontrol.com.ua/sources/), https://opendatabot.ua/ (used sourses: https://opendatabot.ua/open/api), https://ca.ligazakon.net/search (used sourses: https://ca.ligazakon.net/about), https://vkursi.pro/ (used API of state registers: https://vkursi.pro/apivkursi).    
In addition, with the support of the TAPAS project, three studies on the anti-corruption and social impact of Open Data of local self-government were conducted: https://tapas.org.ua/wp-content/uploads/2021/05/Open-Data-Impact- Report_Municipalities-1.pdf, https://tapas.org.ua/wp-content/uploads/2022/07/OD_municipalities_part-2.pdf, https://tapas.org.ua/wp-content/uploads/2022/ 07/Report_Municipalities-OD_part-3.pdf."
I15;"Is the use of Open Data in your country having an impact on policy-making processes (i.e. are public administrations making use of the data as evidence for the problem identification and policy formulation)? 

For Explanation:
* If yes, please provide an example of one reuse case. For this reuse case, please provide (1) a URL to the reuse case, (2) a URL to the Open Dataset used by the reuse case, and (3) a description of the reuse case and its impact in this sub-domain.";new question;new question;Change;Yes;"On the basis of Open Data, authorities form policies in various spheres of life, examples can be viewed at the following resource: https://diia.data.gov.ua/info-center/databasedpolicy.
BOOST is a budget indicator analysis tool implemented by the Ministry of Finance of Ukraine on the openbudget.gov.ua portal, developed on the basis of the World Bank methodology. The purpose of the tool is effective use of budget funds, improvement of decision-making processes, transparency and accountability.
https://openbudget.gov.ua/analytics/incomes 
The ""Renovation Map"" service promotes the preservation and use of valuable historical buildings for the harmonious renewal of cities and community development. https://renovationmap.org/ (used dataset: https://data.gov.ua/dataset/ediniy-derzhavniy-reestr-sudovih-rishen-za-2024-rik_829).
The study ""Gender component in Open Data of Ukraine"" outlined the fact that human beings and their needs are placed at the center of state decision-making. Open data, disaggregated by gender and other social indicators, helps to obtain valuable information about the current state of rights and opportunities for women, men and their various groups, including the vulnerable, to see gender gaps and possible discrimination. Such data is an important tool for the development, implementation and monitoring of gender-responsive policies, inclusive solutions and services in various spheres of life. Analysis of data not distributed by gender, in turn, leads to erroneous conclusions and a loss of resources. Thus, this research contributes to the formation of effective policies in various areas. https://tapas.org.ua/wp-content/uploads/2023/12/OD-research_EN.pdf.  
The ""City Panel"" project is an open platform with indicators from various spheres of city life. The goal of the project is to create an opportunity for the public to have unhindered access to the main indicators of the city's development in a convenient format. https://dashboard.city-adm.lviv.ua/
The research on the role of Open Data in the transition to a circular and low-carbon economy includes an overview of the current policy of the EU and Ukraine, standards for the publication of Open Data. The rapid development of states inevitably leads to an increase in resource consumption, followed by carbon and greenhouse gas emissions, volumes of waste and pollution. New strategies can solve the challenges of time: low-carbon and circular economy. The first is aimed at reducing carbon emissions in the process of production and consumption, the second - at the regeneration of natural systems, designing a system without waste and pollution. An effective transition process to new models requires digital tools. https://diia.data.gov.ua/news/opublikovano-doslidzennya-roli-vidkritix-danix-u-perexodi-do-cirkulyarnoyi-ta-nizkovuglecevoyi-ekonomiki."
I16;"Is the use of Open Data in your country having an impact on decision-making processes (i.e. are public administrations making use of the data as evidence to be included in their daily operations)?

For Explanation:
* If yes, please provide an example of one reuse case. For this reuse case, please provide (1) a URL to the reuse case, (2) a URL to the Open Dataset used by the reuse case, and (3) a description of the reuse case and its impact in this sub-domain.";new question;new question;Change;Yes;"The use of Open Data in Ukraine has an impact on decision-making processes. https://stat.loda.gov.ua/ - The portal of local statistics of the Lviv region allows to analyze statistical information from various spheres of life and make informed decisions.
BOOST is a budget indicator analysis tool implemented by the Ministry of Finance of Ukraine on the openbudget.gov.ua portal, developed on the basis of the World Bank methodology. The purpose of the tool is effective use of budget funds, improvement of decision-making processes, transparency and accountability.
https://openbudget.gov.ua/analytics/incomes.

The ""City Panel"" project is an open platform with indicators from various spheres of city life. The goal of the project is to create an opportunity for the public to have unhindered access to the main indicators of the city's development in a convenient format. https://dashboard.city-adm.lviv.ua/. In this service datasets from https://opendata.city-adm.lviv.ua/ are used."
I17;"Is any data on the impact created by Open Data on social challenges (e.g. inequality, healthcare, education) available in your country such as from research studies, impact assessments, or other systematic investigations that quantify the results or broader effects of Open Data being reused?

For Explanation:
* If yes, please (1) specify what kind of data source proves this impact and (2) provide the URLs to this data.";yes;"The report of Open Data impact on the healthcare in Ukraine is available via link https://data.gov.ua/uploads/files/2022-10-03-123908.651661Healthcare-OD-impact-study.pdf  The Ministry of Digital Transformation of Ukraine conducted a study on the impact of data discovery in the field of health care on society.
The study collects examples of the use of Open Data and analyzes how they help Ukrainians in solving medical problems. In particular, the report analyzes whether it is possible to save money when buying drugs, how to get drugs for free at your hospital, how to understand the process of signing declarations with doctors, what changes are taking place in the health care system and where the budget goes. https://diia.data.gov.ua/value/health
Open data in the medical field helps solve a number of problems in the context of low awareness of the above issues, in particular:
Open data published by the NHSU promotes transparency in the functioning of the institution and allows anyone to check the accuracy of information about the activities of the NHSU and the course of healthcare reform.
With the help of interactive services and products created on the basis of Open Data in the medical field, citizens receive information on signing declarations with physicians in a clear and informative format.
Creating services based on Open Data helps attract citizens and pharmacies to the Affordable Medicine program, providing the following information in an accessible and efficient format: to patients about the availability of medicines that can be received on a free-of-charge basis, to pharmacy owners about the location of participating pharmacies,
the level of competition in the market and the amount of payments to pharmacies and, accordingly, the analysis of opportunities to participate in the program. Informing about the results of health care reform, based on real data, stories and examples, has a positive effect on the attitude of the population to the reform and on the assessment of the state of affairs in the field as a whole";Complement;Yes;"The report of Open Data impact on the healthcare in Ukraine is available via link https://data.gov.ua/uploads/files/2022-10-03-123908.651661Healthcare-OD-impact-study.pdf.
The Ministry of Digital Transformation of Ukraine conducted a study on the impact of data discovery in the field of health care on society. The study collects examples of the use of Open Data and analyzes how they help Ukrainians in solving medical problems. In particular, the report analyzes whether it is possible to save money when buying drugs, how to get drugs for free at your hospital, how to understand the process of signing declarations with doctors, what changes are taking place in the health care system and where the budget goes. https://diia.data.gov.ua/value/health
Open data in the medical field helps solve a number of problems in the context of low awareness of the above issues, in particular: Open data published by the NHSU promotes transparency in the functioning of the institution and allows anyone to check the accuracy of information about the activities of the NHSU and the course of healthcare reform. With the help of interactive services and products created on the basis of Open Data in the medical field, citizens receive information on signing declarations with physicians in a clear and informative format. Creating services based on Open Data helps attract citizens and pharmacies to the Affordable Medicine program, providing the following information in an accessible and efficient format: to patients about the availability of medicines that can be received on a free-of-charge basis, to pharmacy owners about the location of participating pharmacies, the level of competition in the market and the amount of payments to pharmacies and, accordingly, the analysis of opportunities to participate in the program. Informing about the results of health care reform, based on real data, stories and examples, has a positive effect on the attitude of the population to the reform and on the assessment of the state of affairs in the field as a whole.
Healthcare services based on Open Data: Chatbot Marta creates opportunities to find qualified medical specialists. The bot was able to aggregate answers to the most common healthcare queries and works in a bot-to-bot format. Providing detailed information on your resources about the choice of doctors helps you choose a doctor, which increases competition and you yourself contribute to improving the level of service and the quality of the services provided. https://martabot.pro/.
Chatbot ""I will be a mother"" is a specialized service for pregnant women, developed on the basis of Open Data. It contains a step-by-step algorithm on how to get free pregnancy support, medical care during childbirth and neonatal services. Thanks to the chatbot, women planning pregnancy will find all the necessary information about their rights and services guaranteed by the state. https://t.me/IWillBeMother_bot, https://chats.viber.com/iwillbemother_bot.
(used Open Datasets in mentioned services: https://data.gov.ua/en/dataset/3fcbfe9e-7cec-4f69-b9ca-be49daae2369, https://data.gov.ua/en/dataset/e7f426b5-7fe2-4fee-a991-b7d0d9113710, https://data.gov.ua/en/dataset/6da6e500-e3c0-4a6a-9cb1-764582b531ee, https://data.gov.ua/en/dataset/a1d554df-be4b-4d3f-8063-dd0db4d83ff5).
Thanks to the ""Dostupno!"" chatbot people with disabilities, the elderly and parents with small children can find the nearest barrier-free location — a park, a hospital, or a medical center — and check its availability in the ""Dostupno!"" chatbots: http://www.viber.com/uadostupnobot, https://t.me/uadostupnobot. Used sourse: https://guide.diia.gov.ua/asc/  
The Opendatabot service has developed analytical material on the dynamics of creation and closure of Ukrainian individual entrepreneurs, data on tax fees and debts. https://opendatabot.ua/open/foponomics.
Experts from the R&D center at YouControl analyzed the influence of women on various sectors of Ukrainian business during the wartime year. They found that women significantly contributed by continuing the activities of existing companies and opening new ones. https://blog.youcontrol.market/iak-ukrayinki-pidtrimuiut-biznies-sieriedovishchie/.  
YouControl conducted research for 2023 to ascertain the professional fields and industries that women entrepreneurs gravitate toward. The study yielded findings that indicate large-scale enterprises remain a predominantly male-dominated domain. The research revealed that among the top 1,000 corporations ranked by revenue generation in 2023, a mere 7% were under the corporate ownership of women entrepreneurs, while an additional 11% operated under a mixed ownership structure involving both male and female proprietors. https://blog.youcontrol.market/zhinochie-oblichchia-bizniesu-iaki-sfieri-obiraiut-zhinki-ta-chomu-vielikii-biznies-dosi-zalishaietsia-cholovichim/.  
OpenDatabot has released the Index of the Premier Enterprises of Ukraine for the year 2024. This comprehensive index is compiled utilizing data sourced from state registries, corporate financial statements, sanctioned entities lists, and other analytical resources. It offers in-depth insights into sales performance categorized by industry sector and geographic region. The information presented in this index can serve as a tool for private entrepreneurs to strategically plan their business by identifying sectors and locations where their enterprises may achieve greater profitability.
https://opendatabot.ua/analytics/opendatabot-index-2024.
Based on Open Data, the Opendatabot project systematically analyzes the activities of private entrepreneurs, including gender distribution. According to the latest research, 59% of new private enterprises in Ukraine in 2024 were opened by women.
Women entrepreneurs most often choose the following activities:
Retail trade (68% women and 32% men);
Provision of other individual services (89% women and 11% men);
Provision of information services (63% women and 37% men)
https://opendatabot.ua/analytics/fops-gender-2024-4  
DREAM is a unique government e-ecosystem that provides a single digital route for all recovery projects. The restoration of Ukraine is a large-scale process. Its two priority areas are restoration of critical infrastructure and long-term reconstruction and modernization. Together, these are tens of thousands of projects that will take place simultaneously, at different stages, throughout the country. https://dream.gov.ua/ua. Public API: https://open-contracting.github.io/dream-api-docs/  
It is also worth noting that the analytical module DREAM (https://bi.dream.gov.ua/#/) also works exclusively on the data of the public АРI DREAM. This tool is used by government officials to understand the progress of restoration, territorial communities - to understand their own restoration projects (and compare them with other communities), project managers who help territorial communities in the implementation of restoration projects, as well as public initiatives that are engaged in monitoring restoration. The analytical module also serves as an additional source of Open Data, as it is possible to export data in tabular form - for some users, this may be more convenient than working with the JSON API.
Big Recovery Portal receives data from the public ARI DREAM, and for each project applies a risk analysis based on a set of criteria developed by itself (cost estimate, financing, type and duration of recovery, availability of tender documentation, availability of reporting). The portal team also publishes summarizing analytical materials based on DREAM data - ""Control of reconstruction costs"" and ""Reconstruction procurement"". Separately, it is worth noting the public monitoring of restoration works, which focus on accessibility. Thus, the Big Recovery Portal team inspected schools, kindergartens, and outpatient clinics in the city of Irpin to see how accessible and barrier-free the buildings are after reconstruction. https://brp.org.ua/en/analytics. 
The Clarity Project uses DREAM Open Data in the Clarity Hromada project to monitor restoration projects across territorial communities (https://clarity-project.info/hromada/UA32080150000035443/dream). For each community, the number of projects (in terms of status, nature, sectors of the economy), their budget, financing (scope and sources of, financial coverage) is listed here. DREAM data is also used as one of the criteria for rating territorial communities (by the number https://clarity-project.info/hromada/rating?indicator=dream-ideas&region=  and the cost of projects https://clarity-project.info/hromada/rating?indicator=dream-finance-amount&region=)."
I18;"Is the use of Open Data in your country having an impact on society´s ability to reduce inequality and better include minorities, migrants, and/or refugees? 

For Explanation:
* If yes, please provide an example of one reuse case. For this reuse case, please provide (1) a URL to the reuse case, (2) a URL to the Open Dataset used by the reuse case, and (3) a description of the reuse case and its impact in this sub-domain.";new question;new question;Change;Yes;"In 2023, the study ""Gender Component in Open Data of Ukraine"" was conducted, the purpose of which was to analyze and evaluate Open Data sets from the point of view of ensuring their gender sensitivity and preparing relevant recommendations. Gender-sensitive Open Data enables qualitative analysis, planning and preparation of effective solutions and fair distribution of resources. https://tapas.org.ua/wp-content/uploads/2023/11/OD-research_27.11UA.pdf. 
Speaking about the impact of Open Data on migrants, refugees, it is worth mentioning the impact on internally displaced persons due to the ongoing war.
Chatbot ""VPO Nazar"" helps internally displaced persons quickly and conveniently find work in any region of Ukraine. The service has a step-by-step mechanism in which you need to upload a short resume indicating the desired profession, position and search location. If there is a suitable vacancy, the applicant immediately receives it in the messenger.
https://citybot.pro/vpo (used dataset: https://data.gov.ua/dataset/0000000)
On the basis of Open Data of the Ministry of Internal Affairs of Ukraine, the public organization ""Agency of Data Journalism"" (texty.org.ua) prepared a study on the missing persons during the full-scale invasion. Data on missing persons is an important tool in their search. And the exchange of information with international partners makes it possible to identify Ukrainian citizens abroad or in captivity through international and humanitarian missions. https://datalogy.texty.org.ua/lost/. Data set used: https://data.gov.ua/dataset/470196d3-4e7a-46b0-8c0c-883b74ac65f0
Thanks to the ""Dostupno!"" chatbot people with disabilities, the elderly and parents with small children can find the nearest barrier-free location — a park, a hospital, or a medical center — and check its availability in the ""Dostupno!"" chatbots: http://www.viber.com/uadostupnobot, https://t.me/uadostupnobot. Used sourse: https://guide.diia.gov.ua/asc/"
I19;"Is the use of Open Data in your country having an impact on issues about housing in urban areas? 

For Explanation:
* If yes, please provide an example of one reuse case. For this reuse case, please provide (1) a URL to the reuse case, (2) a URL to the Open Dataset used by the reuse case, and (3) a description of the reuse case and its impact in this sub-domain.";new question;new question;Change;Yes;"Open data affect the solution to the problem of housing in cities, in particular, regarding monitoring the accessibility of locations, assessing the level of their barrier-free accessibility. Examples of such projects are the ""City without Borders"" map of the ""LUN.City"" service https://bit.ly/3yHHYwv, the ""Dostupno!"" chatbot, thanks to which people with disabilities, the elderly and parents with small children can find the nearest barrier-free location — a park, a hospital, or a medical center — and check its availability in the ""Dostupno!"" chatbots: http://www.viber.com/uadostupnobot, https://t.me/uadostupnobot.
Used sourse: https://guide.diia.gov.ua/asc/.  
""Monitor Estate"" is a service that provides search and collection of reliable and objective information about real estate and related persons, in particular information about construction participants, encumbrances and seizures of property, executive proceedings, court cases, availability permits from the developer, licenses from the contractor, the purpose of the land and much more. https://monitor.estate/.
The Bild.ua service provides information on all new buildings, sorting them by level of reliability. https://bild.ua/. 
The URBANDATA portal was created to collect and combine all available Open Data on urban planning objects and land plots. Today, URBANDATA contains more than 2 million records from the register of construction activities (register of permit documents), the state land cadastre and several other state registers. https://urbandata.online/. 
NORA is an analytical dashboard with a rating of budget project companies, the purpose of which is transparent tax payment. https://www.facebook.com/NORA.in.ua.
Opendatabot is a service for monitoring registration data of Ukrainian companies and the court registry for protection against raiding and control of counterparties. https://opendatabot.ua/. All these services use the API of state registers in their work: https://opendatabot.ua/open/api, https://e-construction.gov.ua/reestri, https://reyestr.court.gov.ua/, https://guide.diia.gov.ua/asc/.
An example of such influence also can be the study ""Impact of Open Data of the State Architectural and Building Inspection of Ukraine"", which is focused on Open Data of the State Architectural and Building Inspection (DABI), which has at its disposal the most complete database of information about new constructions in Ukraine - the Register of the DABI. It contains information on all permits for construction work.
https://tapas.org.ua/wp-content/uploads/2020/09/OD-Research-DABI.pdf"
I20;"Is the use of Open Data in your country having an impact on the issues of health and wellbeing? 

For Explanation:
* If yes, please provide an example of one reuse case. For this reuse case, please provide (1) a URL to the reuse case, (2) a URL to the Open Dataset used by the reuse case, and (3) a description of the reuse case and its impact in this sub-domain.";new question;new question;Change;Yes;"Chatbot ""I will be a mother"" is a specialized service for pregnant women, developed on the basis of Open Data. It contains a step-by-step algorithm on how to get free pregnancy support, medical care during childbirth and neonatal services. Thanks to the chatbot, women planning pregnancy will find all the necessary information about their rights and services guaranteed by the state. https://t.me/IWillBeMother_bot, https://chats.viber.com/iwillbemother_bot.
Chatbot ""Ask Gryts"", the purpose of which is to help every Ukrainian to take advantage of the opportunity to get medicine under the Affordable Medicines program quickly and conveniently. With the help of a chatbot, you can find out which drugs fall under the state program; as part of the ""test from Hryts"", find out for whom the program is available, etc.; organize a home first aid kit - the bot will remind you about the expiration date, components, etc. https://chats.viber.com/spytaigrytsia 
The ""Calendar of Healthy Ukrainians"" chatbot is aimed at raising awareness about the possibilities of free diagnostics and treatment, about the list of medical services financed from the state budget, and the rights of patients in general. The chatbot informs users about the state Program of Medical Guarantees, which provides and finances preventive consultations with doctors, laboratory and instrumental studies, screening medical services. The service will tell you which studies and at what age should be done, which of them are free and how to get them. https://chats.viber.com/calendarua_bot.
Chatbot ""Full Lungs"" provides information about free diagnostic and treatment services of oncological diseases, stages of the disease, treatment regimens, free drugs, reminders for receiving medical services free of charge. https://t.me/FullLungs_bot.
""Likuysya"" is a chatbot that will help anyone who has been diagnosed with breast cancer to find out which medical facility, which medical services and in what amount can be obtained free of charge. This applies both to services for the diagnosis of oncological diseases and their treatment. The chatbot user will be able to choose a service, get step-by-step instructions and the necessary information. https://t.me/likuysia_bot, https://chats.viber.com/likuysia. 
""YE LIKY"" is a web service on which every patient can check the availability of drugs purchased with budget funds in his hospital. https://eliky.in.ua/. 
""Liky Kontrol"" is an electronic service for increasing access to medicines. Users can search for analogues of medicines, check whether they have purchased genuine medicines, view official instructions for medicines, etc. The service helps to detect counterfeit medicines. The control is implemented on the basis of checking the registration number of the medicine, which the user can enter in the application for reconciliation. In the absence of this number in the database of the application, it is possible to state that the medicine is fake. https://likicontrol.com.ua/%D0%B7%D0%B0%D0%B2%D0%B0%D0%BD%D1%82%D0%B0%D0%B6%D0%B8%D1%82%D0%B8-%D0%BB%D1%96%D0%BA%D0%B8-%D0%BA%D0%BE%D0%BD%D1%82%D1%80%D0%BE%D0%BB%D1%8C/. 
Chatbot Marta creates opportunities to find qualified medical specialists. The bot was able to aggregate answers to the most common healthcare queries and works in a bot-to-bot format. Providing detailed information on your resources about the choice of doctors helps you choose a doctor, which increases competition and you yourself contribute to improving the level of service and the quality of the services provided. https://martabot.pro/.
(used Open Datasets in mentioned services: https://data.gov.ua/en/dataset/3fcbfe9e-7cec-4f69-b9ca-be49daae2369, https://data.gov.ua/en/dataset/e7f426b5-7fe2-4fee-a991-b7d0d9113710, https://data.gov.ua/en/dataset/6da6e500-e3c0-4a6a-9cb1-764582b531ee, https://data.gov.ua/en/dataset/a1d554df-be4b-4d3f-8063-dd0db4d83ff5).
The study ""Anti-corruption and social impact of Open Data of the National Health Service of Ukraine and the Ministry of Health of Ukraine"" reflects the state of affairs in the field of health care. In particular, thanks to the opening of the data, it was possible to achieve an anti-corruption effect — increasing the transparency and accountability of the National Health Service and the Ministry of Health — managers of public funds in the field of health care. The NSHU dashboards on payments to medical institutions and detailing of dispensed medicines under the reimbursement program, the ""There is medicine"" service https://eliky.in.ua/, which uses data from medical institutions on the receipt and balance of medicines, are examples of anti-corruption tools.
https://tapas.org.ua/wp-content/uploads/2021/01/Healthcare-OD-impact-study_ed.pdf

https://data.gov.ua/organization/natsionalna-sluzhba-zdorovia-ukrainy"
I21;"Is the use of Open Data in your country having an impact on the society´s level of education and skills (e.g. data literacy)?

For Explanation:
* If yes, please provide an example of one reuse case. For this reuse case, please provide (1) a URL to the reuse case, (2) a URL to the Open Dataset used by the reuse case, and (3) a description of the reuse case and its impact in this sub-domain.";new question;new question;Change;Yes;"Open data also has an impact on the field of education and the expansion of literacy in this field. 
Journalistic material on higher education in wartime was also developed on the basis of Open Data from the Unified State Electronic Database on Education.
https://datalogy.texty.org.ua/education/
In 2023, the content module ""Open data: making effective decisions based on Open Data"" was taught at the Kyiv National University of Economics named after Vadym Hetman within the academic discipline ""Digitalization of the Economy"" https://drive.google.com/file/d/1vQfrirfFmXvuFmooWwmmpWyKNqQzzpFs/view. 
Also, in 2024, a course on Open Data was developed for media majors of Ukrainian higher education institutions. Currently, the process of implementing this curriculum by universities is ongoing.
https://drive.google.com/drive/folders/1qBTKqomjz3EdjwGaswcrNR9pedcx6pvY.
The ""YOUCONTROL ACADEMY"" project provides educational services, including those related to Open Data. https://youcontrol.academy/uk. In April 2024, YouControl Academy opened the recruitment of participants for the free online course on finding information from open sources and based on Open Data ""OSINT. Working with registers"". https://business.diia.gov.ua/cases/iniciativi/bezoplatnij-onlajn-kurs-z-posuku-informacii-pro-kontragentiv-z-vidkritih-dzerel.  
Also as a measure to develop professional skills of civil servants working with data is the online course Open Data for Civil Servants that was created on the national platform of the digital education - https://osvita.diia.gov.ua/courses/open-data. During the entire existence of this series, more than 67,000 civil servants have reviewed and successfully passed it."
I22;"Is any data on the impact created by Open Data on environmental challenges (e.g. climate change and environmental degradation, as highlighted in the Eurpean Green Deal) available in your country such as from research studies, impact assessments, or other systematic investigations that quantify the results or broader effects of Open Data being reused?

For Explanation:
* If yes, please specify (1)  what kind of data source proves this impact and (2) provide the URLs to this data.";yes;"The report on the Open Data impact on environment protection is available via link https://data.gov.ua/uploads/files/2022-10-03-123559.380394Ecology-OD-Impact-Study-1.pdf The issue of environmental pollution is important for 93% of Ukrainians. Government agencies have opened dozens of registers in the field of ecology: data on the quality of surface water, licenses for hazardous waste management, permits for air emissions, subsoil use and special water use, and many others.
Publication of state data on the portal in free access is the first step. The data should be easy to understand even for non-specialists. Therefore, based on these data, developers create user-friendly services that make it easier for citizens to find information about the state of the environment, the presence of pollutants and potentially dangerous objects that can affect their health, habitat and other areas of life https://diia.data.gov.ua/value/ecology

Responce to reviewer:
The report discribes practical cases of Open Data usage on public control over compliance by enterprises environmental legislation, public air quality and water pollution monitoring, fight against illegal landfills and fighting fires in the ecosystems of Ukraine.

Also toolkit on environmental Open Dsta usage is developed. It helps to find appropriate service to solve a problem, to fsnd out what exactly you can solve with Open Data. https://toolkit.data.gov.ua/c4/environment.html";Complement;Yes;"The report on the Open Data impact on environment protection is available via link https://data.gov.ua/uploads/files/2022-10-03-123559.380394Ecology-OD-Impact-Study-1.pdf. The issue of environmental pollution is important for 93% of Ukrainians. Government agencies have opened dozens of registers in the field of ecology: data on the quality of surface water, licenses for hazardous waste management, permits for air emissions, subsoil use and special water use, and many others. Publication of state data on the portal in free access is the first step. The data should be easy to understand even for non-specialists. Therefore, based on these data, developers create user-friendly services that make it easier for citizens to find information about the state of the environment, the presence of pollutants and potentially dangerous objects that can affect their health, habitat and other areas of life https://diia.data.gov.ua/value/ecology.  Responce to reviewer: The report discribes practical cases of Open Data usage on public control over compliance by enterprises environmental legislation, public air quality and water pollution monitoring, fight against illegal landfills and fighting fires in the ecosystems of Ukraine. Also toolkit on environmental Open Dsta usage is developed. It helps to find appropriate service to solve a problem, to fsnd out what exactly you can solve with Open Data. https://toolkit.data.gov.ua/c4/environment.html.

In addition, the website of the ""Savecobot"" service contains analytical materials about the environmental challenges, in particular, the statistics of the register of environmental impact assessments, environmental taxes, inspections, and fires in Ukraine are provided. https://www.saveecobot.com/rozgornuta-statistika-reyestru-ovd-do-richnici-nabuttya-chinnosti-zakonu-ukrayini-pro-ocinku-vplivu-na-dovkillya/, https://www.saveecobot.com/analytics/ecotaxes, https://www.saveecobot.com/analytics/inspections/environmental, https://www.saveecobot.com/analytics/fires. 
The research on the role of Open Data in the transition to a circular and low-carbon economy includes an overview of the current policy of the EU and Ukraine, standards for the publication of Open Data. The rapid development of states inevitably leads to an increase in resource consumption, followed by carbon and greenhouse gas emissions, volumes of waste and pollution. New strategies can solve the challenges of time: low-carbon and circular economy. The first is aimed at reducing carbon emissions in the process of production and consumption, the second - at the regeneration of natural systems, designing a system without waste and pollution. An effective transition process to new models requires digital tools. https://diia.data.gov.ua/news/opublikovano-doslidzennya-roli-vidkritix-danix-u-perexodi-do-cirkulyarnoyi-ta-nizkovuglecevoyi-ekonomiki."
I23;"Is the use of Open Data in your country having an impact on the level of protection of biodiversity (e.g. maintaining a good air and water quality)? 

For Explanation:
* If yes, please provide an example of one reuse case. For this reuse case, please provide (1) a URL to the reuse case, (2) a URL to the Open Dataset used by the reuse case, and (3) a description of the reuse case and its impact in this sub-domain.";new question;new question;Change;Yes;"Saveecobot https://www.saveecobot.com/ is a system that combines data on pollution, polluters and environmental protection tools. On this site, you can find: an interactive map of the radiation background, detailed information on the state of the radiation background in regions and settlements, an air quality map with wind direction and speed, information on air quality from each monitoring station and data on settlements, analytics and a map fires in Ukraine with details for each of the regions, analysis of environmental taxes, statistics of the results of the ecoinspection. 
Moreover, the public organization ""Save Dnipro"" publishes data on hourly concentrations and the air quality index for fine dust of the 2.5 micron fraction in populated areas of Ukraine and uses these data in their service: https://data.gov.ua/dataset/b1b08d68-52b8-48db-a9ef-5546c49a9e00. 
In addition, the CityScale, EcoCity, LUN Mysto Air services collect air pollution data from individual state, public, and private air monitoring systems and use the permit data set published by the Ministry of Environment. https://www.cityscale.com.ua/, https://eco-city.org.ua/, https://misto.lun.ua/air/kyiv, Used datasets: https://data.gov.ua/dataset/e64b85e9-a1b4-433f-9b71-1fef1c17636d, https://data.gov.ua/dataset/b1b08d68-52b8-48db-a9ef-5546c49a9e00, https://data.gov.ua/dataset/51558857-4f00-4166-bd0b-152e8e637434, https://data.gov.ua/dataset/3eda331d-d4ec-4e7f-b11b-f21fe1f56239.

https://texty.org.ua/water/ - Interactive map of river pollution in Ukraine based on data from the State Water Resources Agency. There are more than 400 river water control points on the map. You can view up to 16 pollution parameters.
Used dataset: https://data.gov.ua/dataset/surface-water-monitoring."
I24;"Is the use of Open Data in your country having an impact on the achievement of more environment-friendly cities (e.g., environment-friendly transport systems, waste management etc.)? 

For Explanation:
* If yes, please provide an example of one reuse case. For this reuse case, please provide (1) a URL to the reuse case, (2) a URL to the Open Dataset used by the reuse case, and (3) a description of the reuse case and its impact in this sub-domain.";new question;new question;Change;Yes;"In the research on the role of Open Data in the transition to a circular and low-carbon economy normative legal acts regarding the improvement of the achievement of more environment-friendly cities (support of actions on zero pollution of cities) were investigated. Accordingly, the study also provided recommendations for the transformation of polluted and renaturalized sites into potential public green areas, identification of key urban greening needs and pollution prevention innovations. In addition, based on the results of the research, standards were developed for separate datasets on waste management.
https://diia.data.gov.ua/news/opublikovano-doslidzennya-roli-vidkritix-danix-u-perexodi-do-cirkulyarnoyi-ta-nizkovuglecevoyi-ekonomiki
From June 2022, LLC WASTE UKRAINE ANALYTICS began working on the project ""Open data on waste in Ukraine"" within the framework of the European Union Scholarship Program for civil society leaders of the Eastern Partnership countries. As part of this company's activities, analytical visualization materials about waste in Ukraine are created on the basis of Open Data: https://wua.digital/analytics/graph/. Datasets used: https://data.gov.ua/en/dataset/85bd40c9-6365-425e-b7f7-698fc27269f8, https://data.gov.ua/en/dataset/d3821f03-5bbb-477b-b099-6836db1c2fe0, https://data.gov.ua/en/dataset/ec7b2cc8-9288-432d-9a30-4c63265766fe. Also, on May 10, 2023 and February 20, 2024, events were held at which the challenges and prospects of using Open Data in the field of low-carbon and circular economy were discussed. https://www.youtube.com/watch?v=AZsGoVMnqks, https://www.youtube.com/watch?v=IhmgQL0GiY0
""Don't burn - compost!"" — a project to solve the problem of burning in households, agro-enterprises and open areas. The project ""Do not burn - compost!"" functions for communities that seek to effectively prevent the burning of stubble, fallen leaves, organic and other garden and agricultural waste in their communities. The UNDP Innovation Development Laboratory in Ukraine and the Innovation Development Center acted as initiators. The project is based on two tasks: to assess the depth, scale and causes of the incineration problem and to stimulate the search for solutions to this problem. https://cid.center/dont-burn/. But in view of the full-scale invasion, the project stopped working in order not to display the places of fires in connection with military actions. https://cid.center/dont-burn/"
I25;"Is the use of Open Data in your country having an impact on the fight against climate change, for example by undertaking predictive monitoring, preventive actions, or a differentiated response to connected disasters?

For Explanation:
* If yes, please provide an example of one reuse case. For this reuse case, please provide (1) a URL to the reuse case, (2) a URL to the Open Dataset used by the reuse case, and (3) a description of the reuse case and its impact in this sub-domain.";new question;new question;Change;Yes;"In Ukraine, there are mechanisms based on Open Data that allow monitoring of negative phenomena associated with climate change, in particular, a decrease in air quality and an increase in the number of fires. 
Saveecobot https://www.saveecobot.com/ is a system that combines data on pollution, polluters and environmental protection tools. On this site, you can find: an interactive map of the radiation background, detailed information on the state of the radiation background in regions and settlements, an air quality map with wind direction and speed, information on air quality from each monitoring station and data on settlements, analytics and a map fires in Ukraine with details for each of the regions, analysis of environmental taxes, statistics of the results of the ecoinspection. 
This allows for preventive actions in the fight against climate change and a differentiated response to related disasters.
Moreover, the public organization ""Save Dnipro"" publishes data on hourly concentrations and the air quality index for fine dust of the 2.5 micron fraction in populated areas of Ukraine and uses these data in their service: https://data.gov.ua/dataset/b1b08d68-52b8-48db-a9ef-5546c49a9e00. 
""Don't burn - compost!"" — a project to solve the problem of burning in households, agro-enterprises and open areas. The project ""Do not burn - compost!"" functions for communities that seek to effectively prevent the burning of stubble, fallen leaves, organic and other garden and agricultural waste in their communities. The UNDP Innovation Development Laboratory in Ukraine and the Innovation Development Center acted as initiators. The project is based on two tasks: to assess the depth, scale and causes of the incineration problem and to stimulate the search for solutions to this problem. https://cid.center/dont-burn/. But in view of the full-scale invasion, the project stopped working in order not to display the places of fires in connection with military actions. https://cid.center/dont-burn/"
I26;"Is the use of Open Data in your country having an impact on the consumption of energy based on fuel and the switch to renewables? 

For Explanation:
* If yes, please provide an example of one reuse case. For this reuse case, please provide (1) a URL to the reuse case, (2) a URL to the Open Dataset used by the reuse case, and (3) a description of the reuse case and its impact in this sub-domain.";new question;new question;Change;Yes;"The research on the role of Open Data in the transition to a circular and low-carbon economy includes an overview of the current policy of the EU and Ukraine, standards for the publication of Open Data. The rapid development of states inevitably leads to an increase in resource consumption, followed by carbon and greenhouse gas emissions, volumes of waste and pollution. New strategies can solve the challenges of time: low-carbon and circular economy. The first is aimed at reducing carbon emissions in the process of production and consumption, the second - at the regeneration of natural systems, designing a system without waste and pollution. An effective transition process to new models requires digital tools.
https://diia.data.gov.ua/news/opublikovano-doslidzennya-roli-vidkritix-danix-u-perexodi-do-cirkulyarnoyi-ta-nizkovuglecevoyi-ekonomiki. 
Kosatka.media is an information hub, created in 2018, containing thematic sections ""Gas"", ""Oil"", ""Coal"", ""Electricity"", ""Renewable energy"", each of which has subsections of news and analytics. In the analytical sections, the publication provides infographics created, in particular, on the Open Data of Ukrenergo and the Ministry of Energy. Also, the site has a separate section with a database from which users can download data related to each of the spheres of the energy sector, a specific category of data of this sphere (for example, regarding coal mining - from the Ministry of Energy) and for a selected period of time. The main goal of the project is to track, systematize, analyze and provide data in the field of energy in the most user-friendly way. This is mostly done by publishing infographics on various datasets. https://kosatka.media/en/category/vozobnovlyaemaya-energia. Used dataset: https://data.gov.ua/en/dataset/29a50adc-24e9-4a90-8b00-951736a7fa46. Other datasets are not released or updated due to the full-scale invasion and ongoing strikes by the Russian Federation on critical infrastructure facilities, including the energy complex.
In addition, researches were conducted on access to information in the energy sector during martial law, as well as on the anti-corruption and social impact of Open Data in the energy sector of Ukraine.
https://dixigroup.org/wp-content/uploads/2023/05/doslidzhennya-dostup-do-informacziyi-v-enrgetyczi_final-vid-08.05-1.pdf, https://tapas.org.ua/wp-content/uploads/2021/09/Open-Data-Impact-Report-Energy-Sector.pdf  
Energy Map - the largest database of official data on all energy sectors of Ukraine.
As of the end of 2022, the team of the Energy.org portal managed to collect more than 370 unique datasets from 28 Ukrainian and 6 European data owners.
The following information can be obtained from the portal: the operation of electricity and gas networks, production, import and export, electricity flows, gas revenue, transit, and gas stock in storage facilities. Furthermore, portal's users are able to gather information on tariffs for the transmission and distribution of resources, ""green"" tariffs, consumption and losses of electricity.
Datasets from the following data owners have been downloaded by users: National Energetic company ""UkrEnergo"", State Statistics Service of Ukraine, market operators, the Ministry of Energy of Ukraine,  National Commission for State Regulation of Energy and Public Utilities, etc.
https://map.ua-energy.org/uk/dashboards/. Used dataset: https://data.gov.ua/en/dataset/29a50adc-24e9-4a90-8b00-951736a7fa46. Other datasets are not released or updated due to the full-scale invasion and ongoing strikes by the Russian Federation on critical infrastructure facilities, including the energy complex.
Gazoteka project. This service allows consumers to compare gas prices, estimate potential savings, choose the best gas supplier, and fill in the application for changing the supplier. The data used by the project is the open license register of the National Commission for State Regulation of Energy and Public Utilities and information from natural gas suppliers' websites. Dataset used: https://data.gov.ua/dataset/123f9941-cc81-42b8-83af-5459df8cac61, https://gasoteka.ua-energy.org/"
I27;"Is any data on the economic impact (e.g. GDP, employment, productivity, innovation,  new businesses created etc.) of Open Data available in your country such as from research studies, impact assessments, or other systematic investigations that quantify the results or broader effects of Open Data being reused?

For Explanation:
* If yes, please specify what kind of data source proves this impact and provide the URLs to this data.

";yes;"In Ukraine, the economic effect of Open Data is divided into direct and secondary. Direct economic impacts include the economic value created by enterprises that provide services using Open Data, as well as the corresponding employment. Employment is considered to have a direct economic impact if the organization bases its business or activities on Open Data (for example, a startup that would not be able to operate without Open Data, or a civil servant working with a national portal).The creation of economic value in the macroeconomic sense involves the creation of gross value added. The latter includes three components: gross profit of the enterprise, wages of employees and taxes paid on products and taxes related to production (excluding subsidies). In other words, the business generates certain profits for its investors, employees and the state. Open data companies, like any business, also create gross value added - it is a direct economic contribution of such companies. https://kse.ua/wp-content/uploads/2021/11/Open-data-methodology-2021-11-04.pdf

Responce to reviewer:
Report on Economic Impact of Open Data in Ukraine has been developed (https://tapas.org.ua/wp-content/uploads/2022/08/Economic-impact_report.pdf).
The report analyzed three key indicators: 1) the impact of Open Data on the Ukrainian economy; 2) the number of jobs related to Open Data in the country; and 3) the sectors of the Ukrainian economy that benefit the most from Open Data. 
The information presented in the report is based on the pace of economic development and advancement in the Ukrainian Open Data sphere until Russia invaded Ukraine on February 24, 2022. 
One of its findings was that Open Data contributed between 0.62-1.19% of Ukraine’s gross domestic product (GDP) in 2020. 
The Open Data sphere could contribute between 0.78-2.08% to Ukraine’s economy i.e., UAH 49.9 billion ($167 million) by 2025 through a combination of direct and indirect benefits. 
The research also found that the number of Ukrainians working directly with Open Data is between 4,400 - 6,700. In 2025, somewhere between 23,600 to 50,800 people could be working with Open Data. 
Top sectors working with Open Data in Ukraine include: IT and telecommunications; scientific and technical activities; public administration; real estate, transportation; and postal and courier services. This was TAPAS’ second study on the impact of Open Data on Ukraine’s economy.";Complement;Yes;"In Ukraine, the economic effect of Open Data is divided into direct and secondary. Direct economic impacts include the economic value created by enterprises that provide services using Open Data, as well as the corresponding employment. Employment is considered to have a direct economic impact if the organization bases its business or activities on Open Data (for example, a startup that would not be able to operate without Open Data, or a civil servant working with a national portal). The creation of economic value in the macroeconomic sense involves the creation of gross value added. The latter includes three components: gross profit of the enterprise, wages of employees and taxes paid on products and taxes related to production (excluding subsidies). In other words, the business generates certain profits for its investors, employees and the state. Open data companies, like any business, also create gross value added - it is a direct economic contribution of such companies. https://kse.ua/wp-content/uploads/2021/11/Open-data-methodology-2021-11-04.pdf. 

Responce to reviewer:
Report on Economic Impact of Open Data in Ukraine has been developed (https://tapas.org.ua/wp-content/uploads/2022/08/Economic-impact_report.pdf).
The report analyzed three key indicators: 1) the impact of Open Data on the Ukrainian economy; 2) the number of jobs related to Open Data in the country; and 3) the sectors of the Ukrainian economy that benefit the most from Open Data. 
The information presented in the report is based on the pace of economic development and advancement in the Ukrainian Open Data sphere until Russia invaded Ukraine on February 24, 2022. 
One of its findings was that Open Data contributed between 0.62-1.19% of Ukraine’s gross domestic product (GDP) in 2020. 
The Open Data sphere could contribute between 0.78-2.08% to Ukraine’s economy i.e., UAH 49.9 billion ($167 million) by 2025 through a combination of direct and indirect benefits. 
The research also found that the number of Ukrainians working directly with Open Data is between 4,400 - 6,700. In 2025, somewhere between 23,600 to 50,800 people could be working with Open Data. 
Top sectors working with Open Data in Ukraine include: IT and telecommunications; scientific and technical activities; public administration; real estate, transportation; and postal and courier services. This was TAPAS’ second study on the impact of Open Data on Ukraine’s economy.
In the research on the role of Open Data in the transition to a circular and low-carbon economy normative legal acts regarding the improvement of our health and well-being (reduction of health inequalities due to zero pollution, support of actions on zero pollution of cities) were investigated. Accordingly, the study also provided recommendations for the transformation of polluted and renaturalized sites into potential public green areas, identification of key urban greening needs and pollution prevention innovations.
https://tapas.org.ua/wp-content/uploads/2024/02/Iurydychnyj-zvit.pdf, https://tapas.org.ua/wp-content/uploads/2024/02/Rekomendatsii_shchodo_vprovadzhennia.pdf."
I28;"Is the use of Open Data in your country having an impact on the level of employment? 

For Explanation:
* If yes, please provide an example of one reuse case. For this reuse case, please provide (1) a URL to the reuse case, (2) a URL to the Open Dataset used by the reuse case, and (3) a description of the reuse case and its impact in this sub-domain.";new question;new question;Change;Yes;"Open data has an impact on the level on employment. Today more than 100 available open data services help Ukrainians to check business partners, receive free medicines and medical services, safely invest in real estate, etc. Such services create new jobs for citizens of Ukraine (source: https://tapas.org.ua/all-uk/news-uk/mintsyfra-prezentuvala-viziiu-rozvytku-vidkrytykh-danykh-v-ukraini/). The total employment in the field of open data in 2020 was 15.9-24.5 thousand people. According to the State Statistics Service, in 2020 there were about 7.5 million full-time workers in Ukraine. Since Ukraine is part of the cluster of ""fast developing countries"", the share of direct employment related to open data is about 0.09% of all employees. Accordingly, under the implementation of the optimistic scenario, direct employment in the field of open data amounts to 6.7 thousand people. If employment grew in accordance with the growth of the general open data market, then under a conservative scenario, direct employment amounts to 4,400 people. However, in addition to direct employment, open data also provides indirect employment. According to research by Shakespeare and Vickery, the indirect open data market is 250-278% of the direct market. Taking into account the average value of these studies, indirect employment related to open data is 11.5-7.8 thousand people (according to research https://tapas.org.ua/wp-content/uploads/2022/08/Economic-impact_report.pdf)
Chatbot ""VPO Nazar"" helps internally displaced persons quickly and conveniently find work in any region of Ukraine. The service has a step-by-step mechanism in which you need to upload a short resume indicating the desired profession, position and search location. If there is a suitable vacancy, the applicant immediately receives it in the messenger.
https://citybot.pro/vpo (used dataset: https://data.gov.ua/dataset/0000000)
YouControl, Opendatabot, Liga Contr Agent and Vkursi.Pro services are functioning for checking potential contractors and helping to avoid financial losses, fraud and default by potential contractors.
https://youcontrol.com.ua/ (used sourses: https://youcontrol.com.ua/sources/), https://opendatabot.ua/ (used sourses: https://opendatabot.ua/open/api), https://ca.ligazakon.net/search (used sourses: https://ca.ligazakon.net/about), https://vkursi.pro/ (used API of state registers: https://vkursi.pro/apivkursi).  These services can be used by employers to check the employees who get a job and vice versa, which makes the employment process more transparent.
It can be said that Open Data promote integrity, including in the behavior of employers and job seekers. They can check each other in open sources and minimize the risk of cooperating with an unreliable contractor.
For instance, in the YouControl system, a job seeker can check the financial status of a company, whether the company has debts to employees, whether taxes are paid on time, whether the brand has a good reputation, and whether the company has any toxic business connections.
In turn, the employer can find out if the person applying for a job has any connections with an aggressor country, or if they are on the list of sanctioned individuals, corrupt officials, debtors, etc. https://youcontrol.com.ua/"
I29;"Is the use of Open Data in your country having an impact on the level of innovation and the adoption of new technologies? 

For Explanation:
* If yes, please provide an example of one reuse case. For this reuse case, please provide (1) a URL to the reuse case, (2) a URL to the Open Dataset used by the reuse case, and (3) a description of the reuse case and its impact in this sub-domain.";new question;new question;Change;Yes;"Open data affects the transparent conduct of business. This is confirmed by the study ""Anti-corruption and social impact of opening state data on business in Ukraine"": https://tapas.org.ua/wp-content/uploads/2021/01/Impact-OD-Research-Business.pdf.
Also in Ukraine, there are services in the field of competitive intelligence that provide the opportunity to analyze competitors on the market, create a dossier on them, establish relationships between affiliated persons: https://opendatabot.ua/, https://youcontrol.com.ua/ , https://vkursi.pro/, https://ca.ligazakon.net/.
(used sources: https://youcontrol.com.ua/sources/), https://opendatabot.ua/ (used sources: https://opendatabot.ua/open/api), https://ca.ligazakon.net/search (used sources: https://ca.ligazakon.net/about), https://vkursi.pro/ (used API of state registers: https:// vkursi.pro/apivkursi).
In 2023, the study ""Gender Component in Open Data of Ukraine"" was conducted, the purpose of which was to analyze and evaluate Open Data sets from the point of view of ensuring their gender sensitivity and preparing relevant recommendations. Gender-sensitive Open Data enables qualitative analysis, planning and preparation of effective solutions and fair distribution of resources. https://tapas.org.ua/wp-content/uploads/2023/11/OD-research_27.11UA.pdf.
A study on the economic effect of Open Data in Ukraine was also prepared. The data of this study show that over seven dozen services based on Open Data have been created in Ukraine over the past five years, with a monthly audience of five to seven million people, according to various estimates. Society learns to work with them, study trends, make assessments and forecasts based on them, and create qualitatively new tools for conducting business and interacting with the state. https://tapas.org.ua/wp-content/uploads/2022/08/Economic-impact_report.pdf.  
""Court on the palm"" is an analytical service for searching, researching and visualizing court decisions. Data from the Unified State Register of Court Decisions is integrated with information from other open registers. Search in the service takes place by all registers, operational statistics are generated. The WINCOURT function is also available in this service - it is an analyzer of court documents. With the help of this tool, it is possible to download a lawsuit, a response to a lawsuit, an appeal, a court decision or any other document (in doc, docx, rtf, pdf formats with a digitized layer), get a forecast of the outcome of the case, get a document with selected main data (legal entities, judges, other litigants, legislation, money, etc.) and related information, get a document with statistics on similar court decisions, get recommendations for lawyers, get recommendations for legislation. Thus, artificial intelligence as an innovative technology can provide such solutions based on Open Data (the API of state registers was used: https://api.conp.com.ua/api/html/endpoints.html). https://conp.com.ua/.
The Opendatabot service has developed analytical material on the dynamics of creation and closure of Ukrainian individual entrepreneurs, data on tax fees and debts. https://opendatabot.ua/open/foponomics.
PravoSud is an analytical platform created on the basis of Open Data, which allows you to search and analyze court documents, prepare for court proceedings. The service contains a large number of filters for convenient sorting of information. For example, the system can track documents of only a certain court or only a specific judge or court instance according to the type of proceedings, the outcome of the case, and even take into account the presence of search words or phrases. https://www.pravosud.com.ua/, dataset used: https://opendatabot.ua/open/api-edrsr. 
Open data on public transportation and city infrastructure has led to the development of various applications and services. Applications like EasyWay and CityTransport use Open Data to provide real-time information on public transport routes and schedules. These apps influence on real-time tracking on public transport and defining patterns to predict future transport conditions, such as expected delays or peak usage times. https://www.eway.in.ua/ua/cities/kyiv, https://www.cityscale.com.ua/index.htm. Used datasets: https://data.gov.ua/dataset/__301, https://data.gov.ua/dataset/dani-pro-mistseznakhodzhennya-rromads-koro-transportu-mista-dubna-v-rezhimi-real-noro-chasu, https://data.gov.ua/dataset/real-transport-dnipro, https://data.gov.ua/dataset/b77b540c-ee9a-40e3-8388-0bc134cdec97 etc."
I30;"Is the use of Open Data in your country having an impact on the level of entrepreneurship (especially of women and minorities) and business creation (especially with Small- and Medium-sized Enterprises)? 

For Explanation:
* If yes, please provide an example of one reuse case. For this reuse case, please provide (1) a URL to the reuse case, (2) a URL to the Open Dataset used by the reuse case, and (3) a description of the reuse case and its impact in this sub-domain.";new question;new question;Change;Yes;"Open data affects the transparent conduct of business. This is confirmed by the study ""Anti-corruption and social impact of opening state data on business in Ukraine"": https://tapas.org.ua/wp-content/uploads/2021/01/Impact-OD-Research-Business.pdf.
Also in Ukraine, there are services in the field of competitive intelligence that provide the opportunity to analyze competitors on the market, create a dossier on them, establish relationships between affiliated persons: https://opendatabot.ua/, https://youcontrol.com.ua/ , https://vkursi.pro/, https://ca.ligazakon.net/.
(used sources: https://youcontrol.com.ua/sources/), https://opendatabot.ua/ (used sources: https://opendatabot.ua/open/api), https://ca.ligazakon.net/search (used sources: https://ca.ligazakon.net/about , https://vkursi.pro/ (used API of state registers: https:// vkursi.pro/apivkursi).
The use of Open Data in Ukraine is significantly impacting the level of entrepreneurship and business creation, particularly for women and minorities. An illustrative example is the service YouControl, which checks business partners using Open Data. From July 1, 2016, to today, YouControl has employed a total of 180 people, with 102 of them being women. This demonstrates that Open Data services can foster gender equality in the workplace by providing job opportunities to a diverse workforce, including a substantial number of women. https://youcontrol.com.ua/.  
In 2023, the study ""Gender Component in Open Data of Ukraine"" was conducted, the purpose of which was to analyze and evaluate Open Data sets from the point of view of ensuring their gender sensitivity and preparing relevant recommendations. Gender-sensitive Open Data enables qualitative analysis, planning and preparation of effective solutions and fair distribution of resources. https://tapas.org.ua/wp-content/uploads/2023/11/OD-research_27.11UA.pdf.
A study on the economic effect of Open Data in Ukraine was also prepared. The data of this study show that over seven dozen services based on Open Data have been created in Ukraine over the past five years, with a monthly audience of five to seven million people, according to various estimates. Society learns to work with them, study trends, make assessments and forecasts based on them, and create qualitatively new tools for conducting business and interacting with the state. https://tapas.org.ua/wp-content/uploads/2022/08/Economic-impact_report.pdf.  
The Opendatabot service has developed analytical material on the dynamics of creation and closure of Ukrainian individual entrepreneurs, data on tax fees and debts. https://opendatabot.ua/open/foponomics.
In 2023 the Office of the Co-ordinator of OSCE Economic and Environmental Activities (OCEEA) conducted a nation-wide small grants programme in Ukraine with the aim of supporting civil society organizations and the private sector in creating digital solutions addressing war-related challenges. The Open Data Unbroken program supports using Open Data to encourage civic participation through innovative technology approaches and tools, establish partnerships among various sectors, and enhance information exchange and networking among local authorities, grassroots initiatives, and public activists. https://www.osce.org/oceea/554122 
Experts from the R&D center at YouControl analyzed the influence of women on various sectors of Ukrainian business during the wartime year. They found that women significantly contributed by continuing the activities of existing companies and opening new ones. https://blog.youcontrol.market/iak-ukrayinki-pidtrimuiut-biznies-sieriedovishchie/ 
YouControl conducted research for 2023 to ascertain the professional fields and industries that women entrepreneurs gravitate toward. The study yielded findings that indicate large-scale enterprises remain a predominantly male-dominated domain. The research revealed that among the top 1,000 corporations ranked by revenue generation in 2023, a mere 7% were under the corporate ownership of women entrepreneurs, while an additional 11% operated under a mixed ownership structure involving both male and female proprietors. https://blog.youcontrol.market/zhinochie-oblichchia-bizniesu-iaki-sfieri-obiraiut-zhinki-ta-chomu-vielikii-biznies-dosi-zalishaietsia-cholovichim/ 
OpenDatabot has released the Index of the Premier Enterprises of Ukraine for the year 2024. This comprehensive index is compiled utilizing data sourced from state registries, corporate financial statements, sanctioned entities lists, and other analytical resources. It offers in-depth insights into sales performance categorized by industry sector and geographic region. The information presented in this index can serve as a tool for private entrepreneurs to strategically plan their business by identifying sectors and locations where their enterprises may achieve greater profitability.
https://opendatabot.ua/analytics/opendatabot-index-2024.
Based on Open Data, the Opendatabot project systematically analyzes the activities of private entrepreneurs, including gender distribution. According to the latest research, 59% of new private enterprises in Ukraine in 2024 were opened by women.
Women entrepreneurs most often choose the following activities:
Retail trade (68% women and 32% men);
Provision of other individual services (89% women and 11% men);
Provision of information services (63% women and 37% men)
https://opendatabot.ua/analytics/fops-gender-2024-4"
I31;"Is the use of Open Data in your country having an impact on the level of productivity? 

For Explanation:
* If yes, please provide an example of one reuse case. For this reuse case, please provide (1) a URL to the reuse case, (2) a URL to the Open Dataset used by the reuse case, and (3) a description of the reuse case and its impact in this sub-domain.";new question;new question;Change;Yes;"Open data affects the level of productivity. This is evidenced by the results of the study ""How the salary of civil servants changed during the war"". Data for the study were collected with the help of АРI from the Unified state register of declarations of persons authorized to perform the functions of the state or local self-government for the years 2020–2023 (https://public.nazk.gov.ua/public_api). https://fiscalcenter.org/project/2024salaryinwarperiod/.
In addition, as part of the preparing of the Open Data Development Strategy, an economic analysis of the field was conducted and a report was prepared about the results of the analysis of the state of Open Data in Ukraine, key quantitative and qualitative indicators of the development of the field, their values"