;Dimension 1: Open Data Policy;;;;;;;;;;;
ID;Question;Answer from 2023;Explanation from 2023;Confirm, change or complement answer/explanation from 2023;Provide updated answer (if applicable);Provide updated explanation (if applicable);;;;;;
;1.1 Policy framework;;;;;;;;;;;
P1;"Is there a national open data policy in your country and, if your country is an EU Member State, does this include a national legislation for the transposition of the Open Data Directive?

For Explanation:
* If yes, please provide (1) the URL and (2) title of the policy document and (3) briefly describe.
* If ‘other’, please provide (1) a brief explanation to support your answer choice and (2) provide the URL and indicate the policy section which explicitly references open data.";yes;"POLICY:
Lithuania has a national open data policy and has reached tangible results in amending legislation in this regard recently. 
Main legislation on open data policy:
1) The Law on the Right to Receive Information and Re-use of Data
https://e-seimas.lrs.lt/portal/legalAct/lt/TAD/TAIS.94745/asr 
Amendments to the Law on the Right to Receive Information and Re-use of Data entered into force in July 2021 transposing provisions of the Directive (EU) 2019/1024 on open data and the re-use of public sector information as well as establishing a Model for data opening which obliges institutions to inventory their data to know what data are owned by the state and open the data on user demand. The Law was revised on 01/01/2023.
https://eimin.lrv.lt/lt/naujienos/atveriami-dideles-vertes-duomenys-paskatins-nauju-produktu-kurima
2) Description of data opening procedure was approved by the Minister of Economy and Innovation on 01/04/2022
https://e-seimas.lrs.lt/portal/legalAct/lt/TAD/327dd210495011ebb394e1efb98d3e67/asr
https://eimin.lrv.lt/lt/naujienos/viesojo-sektoriaus-duomenu-atverimo-procesas-bus-bendras-ir-aiskus
It ensures the overall data opening process of institutions, the quality of the open data, and favorable conditions for the reuse of data. It determines the data opening activities of institutions: appointment of persons responsible for organizing data opening, data inventory and creation of data sets to be opened, preparation of descriptions of data structure, usage of the State Data Management Information System for data anonymisation, data sets publication on the Lithuanian open data portal and ensuring feedback to open data users. 
3) Amendments to the Regulations of Lithuanian open data portal were made by Lithuanian Government on 25/03/2022
https://e-seimas.lrs.lt/portal/legalAct/lt/TAD/6e0d9154391911eabd71c05e81f09716/asr
https://eimin.lrv.lt/lt/naujienos/verslui-paprastesnes-galimybes-gauti-trukstamu-duomenu
The essence of these changes is simpler and faster communication between data users (business) and data holders (public sector), as all communication takes place on the portal itself, without the need to write separate requests or inquiries. The business is able to request the missing data directly on the portal, if it cannot be found here. Thus, the data opening process becomes faster and of higher quality .";Complement;;"POLICY:
Lithuania has a national open data policy and has reached tangible results in amending legislation in this regard recently. 
Main legislation on open data policy:
1) The Law on the Right to Receive Information and Re-use of Data
https://e-seimas.lrs.lt/portal/legalAct/lt/TAD/TAIS.94745/asr 
Amendments to the Law on the Right to Receive Information and Re-use of Data entered into force in July 2021 transposing provisions of the Directive (EU) 2019/1024 on open data and the re-use of public sector information as well as establishing a Model for data opening which obliges institutions to inventory their data to know what data are owned by the state and open the data on user demand. The Law was revised on 01/01/2023.
https://eimin.lrv.lt/lt/naujienos/atveriami-dideles-vertes-duomenys-paskatins-nauju-produktu-kurima
2) The Law of the Republic of Lithuania on Reuse of Health Data
https://e-seimas.lrs.lt/portal/legalAct/lt/TAD/72c77a52626411ecb2fe9975f8a9e52e/asr
This law regulates the process of using re-usable health data for public purposes, ensuring the right to privacy and protection of personal data. The legal act enables the use of health data collected in information systems for scientific research, experimental development, innovation, education, knowledge management in health and other purposes. Also for data-based decision-making both at the political and health system regulatory level - for the effective management process of health care institutions, quality assessment of health services, etc.
3) Description of data opening procedure was approved by the Minister of Economy and Innovation on 01/04/2022
https://e-seimas.lrs.lt/portal/legalAct/lt/TAD/327dd210495011ebb394e1efb98d3e67/asr
https://eimin.lrv.lt/lt/naujienos/viesojo-sektoriaus-duomenu-atverimo-procesas-bus-bendras-ir-aiskus
It ensures the overall data opening process of institutions, the quality of the open data, and favorable conditions for the reuse of data. It determines the data opening activities of institutions: appointment of persons responsible for organizing data opening, data inventory and creation of data sets to be opened, preparation of descriptions of data structure, usage of the State Data Management Information System for data anonymisation, data sets publication on the Lithuanian open data portal and ensuring feedback to open data users. 
4) Amendments to the Regulations of Lithuanian open data portal were made by Lithuanian Government on 25/03/2022
https://e-seimas.lrs.lt/portal/legalAct/lt/TAD/6e0d9154391911eabd71c05e81f09716/asr
https://eimin.lrv.lt/lt/naujienos/verslui-paprastesnes-galimybes-gauti-trukstamu-duomenu
The essence of these changes is simpler and faster communication between data users (business) and data holders (public sector), as all communication takes place on the portal itself, without the need to write separate requests or inquiries. The business is able to request the missing data directly on the portal, if it cannot be found here. Thus, the data opening process becomes faster and of higher quality .";;;;;;
P2;"Is there a national open data strategy in your country?

For Explanation:
* If yes, please provide (1) the URL to the strategy and (2) describe the main highlights.  
* If 'not applicable', please provide (1) a brief explanation to support your answer choice and provide (2) the URL and indicate the policy section which explicitly references objectives, actions/measures, delivery timelines etc.";yes;"Lithuanian open data ecosystem is based on 4 main elements: 1) strategic documents (STRATEGY), 2) legislation (POLICY), 3) competent bodies/instruments (BODIES), 4) financial measures/projects (PROJECTS).
STRATEGY:
Open data governance is one of main priorities of the Lithuanian Government. The Government pays particular attention to the implementation of good data governance and management best practices in the public sector and the widest possible opening and reuse of data, while encouraging the development of business products.  

 - Open data is on the top in the Lithuanian government’s four-year programme – according to the programme, data is the cornerstone behind the government’s decisions and communication. Please see 17-29 paragraphs of the Programme -  https://e-seimas.lrs.lt/portal/legalAct/lt/TAD/973c87403bc311eb8c97e01ffe050e1c 

 - Lithuania’s strategy for open data is part of the plan for the implementation of the provisions of the program of the Eighteenth Government of the Republic of Lithuania. Open data is one of horizontal themes of actions, that are marked in the Plan with the letters AD (open data theme) - https://www.e-tar.lt/portal/lt/legalAct/d698ded086fe11eb9fecb5ecd3bd711c
Actions of the plan for the implementation of the provisions of the program of the Eighteenth Government of the Republic of Lithuania:
9.2.2. Develop and submit to the Government the concept of an open data and digital transformation competence center.
9.2.4. Update the creation, prioritization, monitoring, evaluation and management of open data sets
methodology - to create incentives and an obligation for authorities to open data.
9.2.5. Create a state data architecture (centralized descriptions of all data processed in the state), establish its governance model and ensure its implementation.
9.2.8. To create an ecosystem for assessing and promoting the quality of state information resources, open data and digital transformation.
9.2.11. Integrate the data of the state information systems and registers in the State Data Management Information System, implement their centralized opening and experimentation platforms (sandbox), ensure efficient exchange of data required for decision-making between institutions and create a mechanism for data anonymisation and aggregation. registers of statistical operators.

 - Data opening, as one of the strategic goals of the Lithuanian state, has also been put forward in the Lithuanian Digitization Development Programme for 2021–2030. The State Digitization Development Program is implemented through 4 measures of progress. One of the measures - Progress instrument no. 05-002-01-07-07 - Promote data availability and reuse, which includes activities financed by the Recovery and Resilience Facility (RRF) plan. 
https://eimin.lrv.lt/lt/ekonomikos-ir-inovaciju-ministerija/administracine-informacija/planavimo-dokumentai/pletros-programos/valstybes-skaitmeninimo-pletros-programa-1

 - Also, Open Government initiative includes actions for data opening:
https://www.opengovpartnership.org/countries/lithuania
https://www.opengovpartnership.org/wp-content/uploads/2021/06/Lithuania_Action-Plan_2021-2023_EN.pdf ";Complement;;"Lithuanian open data ecosystem is based on 4 main elements: 1) strategic documents (STRATEGY), 2) legislation (POLICY), 3) competent bodies/instruments (BODIES), 4) financial measures/projects (PROJECTS).
STRATEGY:
Open data governance is one of main priorities of the Lithuanian Government. The Government pays particular attention to the implementation of good data governance and management best practices in the public sector and the widest possible opening and reuse of data, while encouraging the development of business products.  

 - Open data is on the top in the Lithuanian government’s four-year programme – according to the programme, data is the cornerstone behind the government’s decisions and communication. Please see 17-29 paragraphs of the Programme -  https://e-seimas.lrs.lt/portal/legalAct/lt/TAD/973c87403bc311eb8c97e01ffe050e1c 

 - Lithuania’s strategy for open data is part of the plan for the implementation of the provisions of the program of the Eighteenth Government of the Republic of Lithuania. Open data is one of horizontal themes of actions, that are marked in the Plan with the letters AD (open data theme) - https://www.e-tar.lt/portal/lt/legalAct/d698ded086fe11eb9fecb5ecd3bd711c
Actions of the plan for the implementation of the provisions of the program of the Eighteenth Government of the Republic of Lithuania:
9.2.2. Develop and submit to the Government the concept of an open data and digital transformation competence center.
9.2.4. Update the creation, prioritization, monitoring, evaluation and management of open data sets
methodology - to create incentives and an obligation for authorities to open data.
9.2.5. Create a state data architecture (centralized descriptions of all data processed in the state), establish its governance model and ensure its implementation.
9.2.8. To create an ecosystem for assessing and promoting the quality of state information resources, open data and digital transformation.
9.2.11. Integrate the data of the state information systems and registers in the State Data Management Information System, implement their centralized opening and experimentation platforms (sandbox), ensure efficient exchange of data required for decision-making between institutions and create a mechanism for data anonymisation and aggregation. registers of statistical operators.

 - Data opening, as one of the strategic goals of the Lithuanian state, has also been put forward in the Lithuanian Digitization Development Programme for 2021–2030. The State Digitization Development Program is implemented through 4 measures of progress. One of the measures - Progress instrument no. 05-002-01-07-07 - Promote data availability and reuse, which includes activities financed by the Recovery and Resilience Facility (RRF) plan. 
https://eimin.lrv.lt/lt/ekonomikos-ir-inovaciju-ministerija/administracine-informacija/planavimo-dokumentai/pletros-programos/valstybes-skaitmeninimo-pletros-programa-1

 - Also, Open Government initiative includes actions for data opening:
https://www.opengovpartnership.org/countries/lithuania
https://www.opengovpartnership.org/wp-content/uploads/2023/09/Lithuania_Action-Plan_2023-2025_December_EN.pdf ";;;;;;
P3;"Is there an open data policy/strategy at regional or local level?

For Explanation:
* If yes, please (1) provide the URL and (2) title of the document(s) and (3) briefly describe.";yes;"The national open data policy is mandatory, but at the same time authorities at local level are allowed to have their own stratagies implementing national policy and national strategy. E.g. Vilnius municipality has its own agenda on open data and its open data web page OPEN DATA - OPEN ALGORITHM - OPEN INNOVATION - https://api.vilnius.lt/ . Vilnius municipality’s open data is used by both municipal employees and residents.
Other examples:
The 3D buildings layer of Klaipėda city includes buildings drawn in detail and generated according to the rules, as well as bridges located in the city territory. The attribute information of the layer contains the type of structure (tower, bridge, detailed building, procedural building, ship), height, slope angle, data source, detailed building author, unique identifier of the structure, functional zone information, solar energy potential information. (https://www.arcgis.com/home/group.html?id=e8473edeb12848ef827d656c484a1ce2&view=list#content)";Confirm;;;;;;;;
P4;"Does the national strategy/policy include an action plan with measures to be implemented in the open data field?

For Explanation:
If yes, please briefly describe the main measures described by the action plan.";yes;"STRATEGY:
The plan for the implementation of the provisions of the program of the Eighteenth Government of the Republic of Lithuania  (https://www.e-tar.lt/portal/lt/legalAct/d698ded086fe11eb9fecb5ecd3bd711cActions) contains action plan with measures including  deadlines and responsible authorities in the field of open data:

9.2.2. Develop and submit to the Government the concept of an open data and digital transformation competence center. 
9.2.4. Update the creation, prioritization, monitoring, evaluation and management of open data sets 
methodology - to create incentives and an obligation for authorities to open data. 
9.2.5. Create a state data architecture (centralized descriptions of all data processed in the state), establish its governance model and ensure its implementation. 
9.2.8. To create an ecosystem for assessing and promoting the quality of state information resources, open data and digital transformation. 
9.2.11. Integrate the data of the state information systems and registers in the State Data Management Information System, implement their centralized opening and experimentation platforms (sandbox), ensure efficient exchange of data required for decision-making between institutions and create a mechanism for data anonymisation and aggregation. registers of statistical operators. 
9.2.6. Establish a management mechanism for state information resources and digital transformation, ensuring centralized management of creation and development, needs assessment, use of mandatory basic components (rights management, interoperability, classifiers, metadata structures, functional requirements, opening, e-services, etc.), costs and preparation and use of cost-benefit analyzes, identification of managerial responsibilities, and the creation of incentives and obligations for institutions to implement digitization projects.    
9.2.9. Design the central technical architecture of state information resources and digital transformation, including state information resources, electronic communications networks, state data center technologies, set minimum requirements for its components, mandatory data processing and technological development guidelines, ensure their mandatory application to all newly developed systems and implementation existing systems.                                                                                                                 
1.5.4. Develop a set of tools to enable researchers to share Lithuanian research results through the European Open Science Cloud and access international research resources (international science databases and infrastructures) and start implementing these tools, etc. ";Complement;;"STRATEGY:
1) The plan for the implementation of the provisions of the program of the Eighteenth Government of the Republic of Lithuania  (https://www.e-tar.lt/portal/lt/legalAct/d698ded086fe11eb9fecb5ecd3bd711cActions) contains action plan with measures including  deadlines and responsible authorities in the field of open data:

9.2.2. Develop and submit to the Government the concept of an open data and digital transformation competence center. 
9.2.4. Update the creation, prioritization, monitoring, evaluation and management of open data sets 
methodology - to create incentives and an obligation for authorities to open data. 
9.2.5. Create a state data architecture (centralized descriptions of all data processed in the state), establish its governance model and ensure its implementation. 
9.2.8. To create an ecosystem for assessing and promoting the quality of state information resources, open data and digital transformation. 
9.2.11. Integrate the data of the state information systems and registers in the State Data Management Information System, implement their centralized opening and experimentation platforms (sandbox), ensure efficient exchange of data required for decision-making between institutions and create a mechanism for data anonymisation and aggregation. registers of statistical operators. 
9.2.6. Establish a management mechanism for state information resources and digital transformation, ensuring centralized management of creation and development, needs assessment, use of mandatory basic components (rights management, interoperability, classifiers, metadata structures, functional requirements, opening, e-services, etc.), costs and preparation and use of cost-benefit analyzes, identification of managerial responsibilities, and the creation of incentives and obligations for institutions to implement digitization projects.    
9.2.9. Design the central technical architecture of state information resources and digital transformation, including state information resources, electronic communications networks, state data center technologies, set minimum requirements for its components, mandatory data processing and technological development guidelines, ensure their mandatory application to all newly developed systems and implementation existing systems.                                                                                                                 
1.5.4. Develop a set of tools to enable researchers to share Lithuanian research results through the European Open Science Cloud and access international research resources (international science databases and infrastructures) and start implementing these tools, etc. 

ACTION PLAN AND PROGRAMS:
2) Digital Health System Development Action Plan 2023-2027 is a document that establishes the goal, tasks, directions of development of the digital health system, expected results, evaluation indicators and measures for the implementation of the action plan (https://e-seimas.lrs.lt/portal/legalAct/lt/TAD/2d9e4b906af511e7aefae747e4b63286/asr). 

Object 6. Create opportunities for the implementation and integration of digital health analytics tools in order to use LNSS resources more rationally and improve the quality of health services and the work efficiency of health professionals, as well as monitor health trends:
13.5. Promote the reuse of health data and optimize implementation processes by improving the availability and quality of health data.
13.6. Ensure the efficiency of data management, raise the level of data maturity and enable health data by opening it up to the public.

3) State Data Agency implements national State data management programs, in which the planned tasks are related to the opening and publishing of public sector data for reuse (https://vda.lrv.lt/lt/administracine-informacija/planavimo-dokumentai/valstybes-duomenu-valdysenos-vdv-programos/). 
State data management in 2024 program: 
No. 3. Creation and provision of health data sets for re-use, including the examination and issuance of an application for a permit for the re-use of health data.
No. 7. High-value datasets expected in 2022 December 21 The Commission's implementing regulation (EU) 2023/138, which compiles a list of specific high-value data sets and determines the procedure for their publication and reuse, opens in priority order until 2024 May 9.

State data management in 2023 program: 
No. 1. Centralized and automated opening of public sector data through the State Data Management information system.
No. 4. Creation and provision of health data sets for re-use, including the examination and issuance of an application for a permit for the re-use of health data.";;;;;;
P5;"Does the national strategy/policy outline measures to incentivise the publication of and access to real-time or dynamic data?

For Explanation:
* If yes, please briefly describe the measures.";yes;"STRATEGY:
According to Programme of the Eighteenth Government of the Republic of Lithuania: “Where possible, the Government will make and interpret decisions based on open data. We will ensure timely and orderly communication of open data to citizens and businesses. This would enable people, businesses and scientists to respond quickly and effectively to emerging challenges and to closely participate in decision-making”.
„RESPONSE TO REVIEWER“: Please see 19 Article at the Programme of the Eighteenth Government of the Republic of Lithuania (https://e-seimas.lrs.lt/portal/legalAct/lt/TAD/973c87403bc311eb8c97e01ffe050e1c). One of Governement‘s targets is that open data would be published and available on real time.

POLICY:
The Law on the Right to Receive Information and Reuse of Data (https://e-seimas.lrs.lt/portal/legalAct/lt/TAD/77d2b640dd6711eb866fe2e083228059?positionInSearchResults=0&searchModelUUID=cc1dc85c-32fd-4295-a64c-b3ba508bc7fe) transposes the provisions of Directive (EU) 2019/1024 on open data and the re-use of public sector information and includes concrete provisions on the dynamic and real-time data (please see Articles 3(10), 13(5)(6)(7)).
„RESPONSE TO REVIEWER“: The concept of dynamic and real-time data is defined in the law (Article 3(10)). The law also contains provisions on the provision of information and data: 
•	Access to variable data is provided through API that allows downloading this data in one go (Article 13(5))
•	The institution or state-run entity must ensure that the possibility to use dynamic data is provided as soon as it is collected or updated, with the exception of the exception established in paragraph 7 of this article (Article 13(6))
•	If an institution or a state-controlled entity ensures the possibility of using dynamic data immediately, as soon as it is collected or updated, the financial and technical burden would disproportionately increase, the possibility of re-using these variable data must be provided during such a period or by applying such technical restrictions that would not cause disruptions repeatedly use variable data (Article 13(7))";Complement;;"STRATEGY:
According to Programme of the Eighteenth Government of the Republic of Lithuania: “Where possible, the Government will make and interpret decisions based on open data. We will ensure timely and orderly communication of open data to citizens and businesses. This would enable people, businesses and scientists to respond quickly and effectively to emerging challenges and to closely participate in decision-making”.
Please see 19 Article at the Programme of the Eighteenth Government of the Republic of Lithuania (https://e-seimas.lrs.lt/portal/legalAct/lt/TAD/973c87403bc311eb8c97e01ffe050e1c). One of Governement‘s targets is that open data would be published and available on real time.

POLICY:
The Law on the Right to Receive Information and Reuse of Data (https://e-seimas.lrs.lt/portal/legalAct/lt/TAD/77d2b640dd6711eb866fe2e083228059?positionInSearchResults=0&searchModelUUID=cc1dc85c-32fd-4295-a64c-b3ba508bc7fe) transposes the provisions of Directive (EU) 2019/1024 on open data and the re-use of public sector information and includes concrete provisions on the dynamic and real-time data (please see Articles 3(10), 13(5)(6)(7)).
 The concept of dynamic and real-time data is defined in the law (Article 3(10)). The law also contains provisions on the provision of information and data: 
•	Access to variable data is provided through API that allows downloading this data in one go (Article 13(5))
•	The institution or state-run entity must ensure that the possibility to use dynamic data is provided as soon as it is collected or updated, with the exception of the exception established in paragraph 7 of this article (Article 13(6))
•	If an institution or a state-controlled entity ensures the possibility of using dynamic data immediately, as soon as it is collected or updated, the financial and technical burden would disproportionately increase, the possibility of re-using these variable data must be provided during such a period or by applying such technical restrictions that would not cause disruptions repeatedly use variable data (Article 13(7))";;;;;;
P6;"Does the national strategy/policy outline measures to incentivise the publication of and access to citizen-generated data?

For Explanation:
* If yes, please briefly describe the measures.";No;"It is possible for citizens to register and provide data same way as other government institutions do, but currently we don't have such cases. We avoid adding generated or derived data as separate datasets and instead, publish such dervied data, as data usecases [1], because we have quite strict quality requirements for datasets and usecases are much easier to publish. In future, we do have plans, to integerate with citizen-generated data such as data from OpenStreenMap project. The OpenStreetMap community is very active and has already done a lot of work [2].

[1] https://data.gov.lt/usecases/examples
[2] https://openmap.lt/
https://blog.openmap.lt/category/duomenys/
https://lists.openstreetmap.org/pipermail/talk-lt/2023-May/002882.html

„RESPONSE TO REVIEWER“:  No";Complement;;"It is possible for citizens to register and provide data same way as other government institutions do, but currently we don't have such cases. We avoid adding generated or derived data as separate datasets and instead, publish such dervied data, as data usecases [1], because we have quite strict quality requirements for datasets and usecases are much easier to publish. In future, we do have plans, to integerate with citizen-generated data such as data from OpenStreenMap project. The OpenStreetMap community is very active and has already done a lot of work [2].

[1] https://data.gov.lt/usecases/examples
[2] https://openmap.lt/
https://blog.openmap.lt/category/duomenys/
https://lists.openstreetmap.org/pipermail/talk-lt/2023-May/002882.html
";;;;;;
P7;"Does the national strategy/policy foster the discoverability of the aforementioned types of data from your country on data.europa.eu?

For Explanation:
* If yes, please briefly describe how.";yes;Yes, all datasets published in our national data portal are synced with the data.europa.eu, but currently we do not publish data usecases, we do not know if data.europe.eu can accept such data.;Complement;;"In the Law on the Right to Receive Information and Reuse of Data (https://e-seimas.lrs.lt/portal/legalAct/lt/TAD/TAIS.94745/asr) it is implied obligation that all inventoried and opened data must be published on the Lithuanian open data portal (articles No.15 and 16 (2)). 
All datasets published in our national data portal are synced with the data.europa.eu, but currently we do not publish data usecases, we do not know if data.europe.eu can accept such data.";;;;;;
P8;"Does the national strategy/policy outline measures to support the reuse of open data by the public sector?

For Explanation:
* If yes, please briefly describe the measures.";yes;"STRATEGY:
- The Programme of the Government includes the chapter “Open Data” stating: „<...> 18. We undertake to make open data a key element in Government decision-making and communication. We will seek to make it serve as the basis in judging the necessity for decisions, in proposing decision mechanisms and in measuring outcomes. Where possible, the Government will make and interpret decisions based on open data <…>”.
- The Government Programme’s implementation plan provides the following action - To integrate data of the existing state information systems, realizing their opening and sandboxes, ensuring centralized data necessary for making decisions, efficient exchange between institutions, and creating a mechanism for anonymization and interconnection of data (deadline – 3rd Quarter 2024)
- Also, Open Government initiative contains measures that promote concepts for data-driven government, policy-making and decision-making 
https://www.opengovpartnership.org/countries/lithuania
https://www.opengovpartnership.org/wp-content/uploads/2021/06/Lithuania_Action-Plan_2021-2023_EN.pdf 

All institutions are required to re-use existing data from official registers and we are trying to deduplicate open data by rating if a data field comes from another dataset [1]. All open data are published as a single API service [2] to make re-use of data as easy as possible.

[1] https://atviriduomenys.readthedocs.io/dsa/level.html
[2] https://get.data.gov.lt/

PROJECTS:
 - In order to speed up the process of data opening in state institutions, strengthen strategic management processes and data literacy, the Government Chancellery performes a project  financed with the funds of the European Union. Employees of the public sector participate in the dedicated trainings. During the implementation of the project, in April and May of 2022, a survey of employees of the ministries and the Government Chancellery was conducted. During it, it was requested to self-assess the knowledge and abilities of open data and its use. The results of the survey showed that a large part of the respondents are not yet sufficiently familiar with open data management, and rate their knowledge and abilities as average. For this purpose, the Government Chancellery acquired open data management practical skills training services. The training that took place in the fall 2022 provided practical skills in open data management. Around 75 employees of the Government Office and ministries participated in these trainings.
https://www.delfi.lt/uzsakomasis-turinys/aktualijos/vyriausybes-kanceliarija-siekia-sparciau-tobulinti-atviru-duomenu-valdyma-90667525
https://www.delfi.lt/uzsakomasis-turinys/premium/duomenu-ir-atviru-duomenu-valdymas-dalis-viesojo-sektoriaus-specialistu-kompetenciju-92395709";Complement;;"STRATEGY:
- The Programme of the Government includes the chapter “Open Data” stating: „<...> 18. We undertake to make open data a key element in Government decision-making and communication. We will seek to make it serve as the basis in judging the necessity for decisions, in proposing decision mechanisms and in measuring outcomes. Where possible, the Government will make and interpret decisions based on open data <…>”.
- The Government Programme’s implementation plan provides the following action - To integrate data of the existing state information systems, realizing their opening and sandboxes, ensuring centralized data necessary for making decisions, efficient exchange between institutions, and creating a mechanism for anonymization and interconnection of data (deadline – 3rd Quarter 2024)
- Also, Open Government initiative contains measures that promote concepts for data-driven government, policy-making and decision-making 
https://www.opengovpartnership.org/countries/lithuania
https://www.opengovpartnership.org/wp-content/uploads/2023/09/Lithuania_Action-Plan_2023-2025_December_EN.pdf 

All institutions are required to re-use existing data from official registers and we are trying to deduplicate open data by rating if a data field comes from another dataset [1]. All open data are published as a single API service [2] to make re-use of data as easy as possible.

[1] https://atviriduomenys.readthedocs.io/dsa/level.html
[2] https://get.data.gov.lt/

PROJECTS:
 - In order to speed up the process of data opening in state institutions, strengthen strategic management processes and data literacy and data use in public sector, the Government Chancellery performed a project  financed with the funds of the European Union. Employees of the public sector participated in the dedicated trainings. During the implementation of the project, in April and May of 2022, a survey of employees of the ministries and the Government Chancellery was conducted. During it, it was requested to self-assess the knowledge and abilities of open data and its use. The results of the survey showed that a large part of the respondents are not yet sufficiently familiar with open data management, and rate their knowledge and abilities as average. For this purpose, the Government Chancellery acquired open data management practical skills training services. The training that took place in the fall 2022 provided practical skills in open data management. Around 75 employees of the Government Office and ministries participated in these trainings.
https://www.delfi.lt/uzsakomasis-turinys/aktualijos/vyriausybes-kanceliarija-siekia-sparciau-tobulinti-atviru-duomenu-valdyma-90667525
https://www.delfi.lt/uzsakomasis-turinys/premium/duomenu-ir-atviru-duomenu-valdymas-dalis-viesojo-sektoriaus-specialistu-kompetenciju-92395709";;;;;;
P9;"Does the national strategy/policy outline measures to support the reuse of open data by the private sector?

For Explanation:
* If yes, please briefly describe the measures.";yes;"POLICY:
The Regulations of the Lithuanian open data portal sets conditions for opening data and managing requests on this portal. The Lithuanian open data portal https://data.gov.lt/ allows businesses and the public to conveniently receive and use data managed by public sector institutions on a one-stop basis. It is envisaged that data not published on this portal will be mandatory to open if such a request from data user is received and such data is not confidential. The responsible institution has to answer the requester within 5 working days from the date of submission of the request, what decision has been taken regarding the opening and submission of the requested data to the portal. The essence is simpler and faster communication between business and public sector data holders, as all communication takes place on the portal itself, without the need to write separate requests or inquiries. The business is able to request the missing data directly on the portal, if it cannot be found here. 

PRACTICE:
All data is provided in an easy to use and flexible API servcie [1], where all data are normalized, linked together and provided in various formats. Also we periodically do demos [2] with examples, how data can be used and interpreted. We do demos with experts of a field were data comes from.
[1] https://get.data.gov.lt/
[2] https://www.youtube.com/watch?v=JQ9nFFHpipI&list=PLtptnWie_iVvLbVihFZIvcErEZz4_Vc08

PROJECTS:
Additional funding for empowering the use of open data is planned under EU Structural Funds investments for the period 2021-2027. The project aims to encourage the use of open data by businesses so that demand-driven data from public authorities are used to develop innovative solutions and digital services. Accordingly, the following activities are formulated in the project: 
•	Performance of joint public-private initiatives for the use of open data (show-case of use examples);
•	Business investments in the development of new innovative solutions using open data;
•	Business investments in the development of new digital services using open data;
The activities for the implementation of the measure are performed for the period 2021-2027. Funding is planned to be allocated through a call for proposals, with a joint call for proposals for all three of the above activities.

Generally, Lithuanian legislation does not oblige private businesses to open data, but also does not prohibit it. Business representatives can use all learning material and data opening tools, and some of them open data sets on their own initiative and publish them on the Lithuanian Open Data Portal - https://data.gov.lt/dataset/automatizuotu-buitiniu-vartotoju-valandiniai-duomenys-agreguoti-pagal-regiona.";Complement;;"""POLICY:
The Regulations of the Lithuanian open data portal sets conditions for opening data and managing requests on this portal. The Lithuanian open data portal https://data.gov.lt/ allows businesses and the public to conveniently receive and use data managed by public sector institutions on a one-stop basis. It is envisaged that data not published on this portal will be mandatory to open if such a request from data user is received and such data is not confidential. The responsible institution has to answer the requester within 5 working days from the date of submission of the request, what decision has been taken regarding the opening and submission of the requested data to the portal. The essence is simpler and faster communication between business and public sector data holders, as all communication takes place on the portal itself, without the need to write separate requests or inquiries. The business is able to request the missing data directly on the portal, if it cannot be found here. 

PRACTICE:
All data is provided in an easy to use and flexible API servcie [1], where all data are normalized, linked together and provided in various formats. Also we periodically do demos [2] with examples, how data can be used and interpreted. We do demos with experts of a field were data comes from.
[1] https://get.data.gov.lt/
[2] https://www.youtube.com/watch?v=JQ9nFFHpipI&list=PLtptnWie_iVvLbVihFZIvcErEZz4_Vc08

PROJECTS:
Additional funding for empowering the use of open data is planned under EU Structural Funds investments for the period 2021-2027. The project aims to encourage the use of open data by businesses so that demand-driven data from public authorities are used to develop innovative solutions and digital services. Accordingly, the following activities are formulated in the project: 
•	Performance of joint public-private initiatives for the use of open data (show-case of use examples);
•	Business investments in the development of new innovative solutions using open data;
•	Business investments in the development of new digital services using open data;
The activities for the implementation of the measure are performed for the period 2021-2027. Funding is planned to be allocated through a call for proposals, with a joint call for proposals for all three of the above activities. First call „Use of open data“ was published in 11.2023-04.2024, funding – 6 000 000 EUR. There were received 99 applications from private sector. These applications are beeing ranked and in the begining of 2024 autumn will be signed contacts.

Generally, Lithuanian legislation does not oblige private businesses to open data, but also does not prohibit it. Business representatives can use all learning material and data opening tools, and some of them open data sets on their own initiative and publish them on the Lithuanian Open Data Portal - https://data.gov.lt/dataset/automatizuotu-buitiniu-vartotoju-valandiniai-duomenys-agreguoti-pagal-regiona.""";;;;;;
P10-a;"Does the national strategy/policy mandate carrying out and maintaining a data inventory by public bodies, whether at national or local level?

For Explanation:
* If yes, please briefly specify.";yes;"POLICY:
The legal amendments address obligations on opening relevant data and seek to increase reuse of publicly funded information and to bring the legislative framework up to date with the advances in digital technologies. The Law on the Right to Receive Information and Reuse of Data (https://e-seimas.lrs.lt/portal/legalAct/lt/TAD/77d2b640dd6711eb866fe2e083228059?positionInSearchResults=0&searchModelUUID=cc1dc85c-32fd-4295-a64c-b3ba508bc7fe) establishes Data opening model which obliges institutions to inventory their data to know what data are owned by the State and open data on user demand (Article 15 of the Law). ";Confirm;;;;;;;;
P10-b;"Do these data inventories include the data collected by public bodies that cannot be published as open data (e.g. in relation to the EU Data Governance Act (EU) 2022/868)? 

For Explanation:
* If yes, please briefly specify.";yes;"PROJECTS:
 - In the begining of 2023, the State Data Agency started performing a project ""Integration of state data into the Data lake"" financed from the Recovery and Resilience Facility plan. Until 2026 summer, all the most important data managed by the state will be inventoried and integrated into a common data lake - the State Data Management Information System (VDV IS). In this space, data is managed from the beginning - its collection - to the end - use for legitimate purposes and opening in the Lithuanian open data portal. More than 18.7 million euros have been earmarked for this purpose.
https://eimin.lrv.lt/lt/naujienos/1-mlrd-lietuvos-ekonomikai-valstybes-duomenu-integracijai-i-duomenu-ezera-beveik-19-mln-euru
https://www.stat.gov.lt/projektas-valstybes-informaciniu-istekliu-integravimas-i-duomenu-ezera

POLICY:
 - It is decided that the State Data Agency will permorm functions as competent body under Article 7 of DGA to assist the public sector institutions which grant or refuse access for the re-use of certain categories of protected data. Currently, the project of legal act authorizing the State Data Agency to act as a competent body is under preparation.";Complement;;"PROJECTS:
 - Since the begining of 2023, the State Data Agency has been performing a project ""Integration of state data into the Data lake"" financed from the Recovery and Resilience Facility plan. Until 2026 summer, all the most important data managed by the state will be inventoried and integrated into a common data lake - the State Data Management Information System (VDV IS). In this space, data is managed from the beginning - its collection - to the end - use for legitimate purposes and opening in the Lithuanian open data portal. More than 18.7 million euros have been earmarked for this purpose.
https://eimin.lrv.lt/lt/naujienos/1-mlrd-lietuvos-ekonomikai-valstybes-duomenu-integracijai-i-duomenu-ezera-beveik-19-mln-euru
https://www.stat.gov.lt/projektas-valstybes-informaciniu-istekliu-integravimas-i-duomenu-ezera

POLICY:
 - The Governement resolution confirmed that the State Data Agency was appointed as the competent authority under Article 7 of DGA to assist the public sector institutions which grant or refuse access for the re-use of certain categories of protected data (https://e-seimas.lrs.lt/portal/legalAct/lt/TAD/01106654590311ee8e3cc6ee348ebf6d?positionInSearchResults=16&searchModelUUID=b7458ac9-1946-4098-aeb1-39c07692931e). Currently, the draft of Law on the Reuse of Protected Data, Data intermediation and Data Alruism Activity (the law implements the Data Governance Act) is subbmitted to the Parliament (https://e-seimas.lrs.lt/portal/legalAct/lt/TAP/2d0986d00c2f11ef8e4be9fad87afa59?positionInSearchResults=2&searchModelUUID=b7458ac9-1946-4098-aeb1-39c07692931e). The draft of law establishes the powers and functions of the competent authority, the procedure for calculating and paying compensation, the procedure for compensation of damages.";;;;;;
P11;"Is your country applying the implementing regulation (EU) 2023/138 on high-value datasets?

For Explanation:
* If yes, how is it progressing? 
* If you are an EFTA or a candidate country to the EU, please select 'not applicable'.
** In the table below, please indicate your progress with respect to a) organisation, b) legal aspects, c) technical aspects on a scale from 1 to 5. 1 = no progress; 2 = few progress; 3 = some progress; 4 = considerable progress; 5 = works are finalised.";new question;new question;Change;Yes;"Lithuania pays a lot of attention for implementing regulation (EU) 2023/138. High-value datasets are opened in priority order by the State Data Agency during the project, which is funded by recovery and resilience plan for Lithuania. In the middle of 2024 May we have already opened more 200 high-value datasets in all categories of regulation (EU) 2023/138. The most of all datasets are pablished in national open data portal (https://data.gov.lt/datasets/?selected_facets=groups_exact%3A1). In the new version of the open data portal, the possibility to assign a data set to a high-value data group or its separate subgroup is implemented. Some datasets of Geospatial and Earth observation and environment are opened and available in the Lithuanian spatial information portal (https://www.geoportal.lt/geoportal/en/web/en). All  Lithuanian opened datasets, including high-value data, are available in data.europe.eu, too.
The Ministry of Economy and Innovation seeks that all Lithuanian opened data will be available in national open data portal and data.europe.eu.";;;;;;
;Categories of high-value datasets;Answers  2024;;Degree of progress (from 1 to 5);;;;;;;;
;;Organisational progress;Legal progress ;Technical progress ;Technical progress ;Technical progress ;Technical progress ;Technical progress ;;;;
;;Setting up new roles and workflows;Addressing legal barriers;Identification and inventory of high-value datasets;Publication of high-value datasets in machine-readable formats via APIs;Publication of high-value datasets as bulk download, where relevant;Standardised means to structure, describe, access high-value datasets;Ensuring metadata availability and quality;;;;
P11-a;Geospatial;5;5;5;5;5;5;5;;;;
P11-b;Earth observation and environment;5;5;5;5;5;5;5;;;;
P11-c;Meteorological;5;5;5;5;5;5;5;;;;
P11-d;Statistics;5;5;5;5;5;5;5;;;;
P11-e;Companies and company ownership;5;5;5;5;5;5;5;;;;
P11-f;Mobility;5;5;5;5;5;5;5;;;;
P12;"Have the public bodies in your country denoted relevant datasets as high-value datasets in their metadata following the publication of the implementing regulation (EU) 2023/138 on high-value datasets?

For Explanation:
*  If yes, please specify how and highlight challenges, if any. 
* If you are an EFTA or a candidate country to the EU, please select 'not applicable'.";new question;new question;Change;Yes;"The latest version of the National Open Data Portal includes a feature that allows datasets to be categorized (tagged) as high-value data. In Lithuanian, high-value data is referred to as ""didelės vertės duomenys"" (abbreviated ""DVD"").

Efforts were made to identify preexisting high-value datasets and publish them in the National Open Data Portal under the category DVD:
https://data.gov.lt/datasets/?selected_facets=groups_exact%3A1.";;;;;;
;1.2 Governance of open data;;;;;;;;;;;
P13;"Is there a governance structure in place that enables the participation and/or inclusion of various open data stakeholders? 

For Explanation:
*  If yes, please briefly describe the governance structure and its operating model ";new question;new question;Change;Yes;"POLICY:
Requirement for communication with stakeholders (data users) is set in Description of data opening procedure approved by the Minister of Economy and Innovation (https://e-seimas.lrs.lt/portal/legalAct/lt/TAD/327dd210495011ebb394e1efb98d3e67/asr). All communication between data users and institutions takes place on Portal publicly (please see Articles 8.5 and 9).

Since September 2022, the Ministry of Economy and Innovation together with Information Society Development Committee and State Data Agency have launched an initiative ""Open Data Club"" inviting the data opening coordinators of all ministries to the periodical meetings. The purpose of such meetings is to share experiences and challenges in opening the data of ministries and their subordinate institutions as well as to meet with stakeholders. 
https://www.linkedin.com/posts/information-society-development-committee_%C4%AFvyko-viii-asis-ekonomikos-ir-inovacij%C5%B3-ministerija-activity-7193618486386966528--kLi?utm_source=share&utm_medium=member_desktop
https://www.linkedin.com/posts/lietuvos-statistika-statistics-lithuania_eimin-eimin-atviruduomenuportalas-activity-7156612009336156161-y_gN?utm_source=share&utm_medium=member_desktop
https://www.facebook.com/ekonomikosministerija/posts/pfbid0XvPWCLJ8gERYj1RV85wdR3c9u8qEkrHhw7AF84Smo81ZsSGybfUSDbV2o7hwuzG1l 
https://data.gov.lt/news/31
https://www.stat.gov.lt/home/-/asset_publisher/lbrXvLVHX2ln/content/tesiame-atviru-duomenu-klubo-veikla?inheritRedirect=false&redirect=https%3A%2F%2Fwww.stat.gov.lt%2Fhome%3Fp_p_id%3D101_INSTANCE_lbrXvLVHX2ln%26p_p_lifecycle%3D0%26p_p_state%3Dnormal%26p_p_mode%3Dview%26p_p_col_id%3Dcolumn-2%26p_p_col_count%3D1
https://www.facebook.com/ekonomikosministerija/posts/pfbid02kkSFmtQWEALHA4hMzGSjLYpXj9KKy72bKDZ1MVrUSX7RS8picKXTeds8wDx3VCCwl
https://www.linkedin.com/posts/lina-giedraitien%C4%97-90a3a74a_opendata-collaboration-redcarpet-activity-7062851263012466688-XZi0?utm_source=share&utm_medium=member_desktop";;;;;;
P14;"How would you classify the model used for governing open data in your country? 

For Explanation:
*  Please briefly explain why this model was chosen/works best for your country";hybrid;"BODIES:
•	The Ministry of the Economy and Innovation is the main actor in charge of open data policy making including the following activities: 1) preparation of legal acts setting up principles and processes in the field of open data, 2) construction of financial measures for data opening and promotion of the use of open data (RRF reform, EU Structural Funds investments for the period 2021-2027, the state budget), 3) providing political messages on open data, 4) work with stakeholders, 5) coordination of Data opening coordinators network activities (Open Data club), 6) international cooperation, etc.
https://eimin.lrv.lt/lt/veiklos-sritys/skaitmenine-politika/atviri-duomenys-1
•	Information Society Development Committee is a body under the Ministry of Economy and Innovation, which is in charge of implementing open data policy including the following activities: 1) maintenance and development of the Lithuanian open data portal, 2) performing a project during which till September 2023 more than 500 new high-demand datasets from 50 public sector institutions will be opened, 3) administrative and technical consultations and help for institutions on data opening process, 4) promotion of open data, 5) cooperation with institutions’ Data opening coordinators and open data users, 6) ensuring the opening of the requested data, 7) analysis of the impact of open data, etc. 
https://ivpk.lrv.lt/lt/veiklos-sritys-1/duomenu-atverimo-koordinavimas
•	State Data Agency is responsible for a centralized data opening scheme. Data sets of state institutions are processed and opened centrally through the State Data Management Information System managed by the Agency, which ensures standardized anonymization and quality of data. 
•	In addition, all public bodies are obliged to appoint a person responsible for organizing the opening of the authority’s data, the “Open data Coordinator”. The assigned coordinator has to ensure the process of opening of data, its supervision and compliance with the requirements laid down in the legislation.  

Under the Model for opening data (https://eimin.lrv.lt/lt/veiklos-sritys/skaitmenine-politika/atviri-duomenys-1) all institutions are obliged to open data on user demand registered at the Portal as well as on their own decision. In case there is no data opened on the Portal, Users are encouraged to register their request here https://data.gov.lt/requests/submitted. Institutions are obliged to open data on User demand and all communication related to open data goes through the Lithuanian open data portal and is publicly visible under the updated law’s provisions. 
Ministry of Economy and Innovation and Information Society Development Committee are responsible for promoting the Model for opening data and encouraging institutions to open data as well as data Users to register their needs at the Portal this way obliging institutions to open most valuable data.
";Complement;;"BODIES:
•	The Ministry of the Economy and Innovation is the main actor in charge of open data policy making including the following activities: 1) preparation of legal acts setting up principles and processes in the field of open data, 2) construction of financial measures for data opening and promotion of the use of open data (RRF reform, EU Structural Funds investments for the period 2021-2027, the state budget), 3) providing political messages on open data, 4) work with stakeholders, 5) coordination of Data opening coordinators network activities (Open Data club), 6) international cooperation, etc.
https://eimin.lrv.lt/lt/veiklos-sritys/skaitmenine-politika/atviri-duomenys-1
•	Information Society Development Committee is a body under the Ministry of Economy and Innovation, which is in charge of implementing open data policy including the following activities: 1) maintenance and development of the Lithuanian open data portal, 2) performed a project where 560 new high-demand datasets from 50 public sector institutions were opened, 3) administrative and technical consultations and help for institutions on data opening process, 4) promotion of open data, 5) cooperation with institutions’ Data opening coordinators and open data users, 6) ensuring the opening of the requested data, 7) analysis of the impact of open data, etc. 
https://ivpk.lrv.lt/lt/veiklos-sritys-1/duomenu-atverimo-koordinavimas
•	State Data Agency is responsible for a centralized data opening scheme. Data sets of state institutions are processed and opened centrally through the State Data Management Information System managed by the Agency, which ensures standardized anonymization and quality of data (https://duomenys.stat.gov.lt/atviri-duomenys/). Furhermore, the State Data Agency was appointed as the competent authority under Article 7 of DGA to assist the public sector institutions which grant or refuse access for the re-use of certain categories of protected data (https://e-seimas.lrs.lt/portal/legalAct/lt/TAD/01106654590311ee8e3cc6ee348ebf6d?positionInSearchResults=16&searchModelUUID=b7458ac9-1946-4098-aeb1-39c07692931e).
•	In addition, all public bodies are obliged to appoint a person responsible for organizing the opening of the authority’s data, the “Open data Coordinator”. The assigned coordinator has to ensure the process of opening of data, its supervision and compliance with the requirements laid down in the legislation.  

Under the Model for opening data (https://eimin.lrv.lt/lt/veiklos-sritys/skaitmenine-politika/atviri-duomenys-1) all institutions are obliged to open data on user demand registered at the Portal as well as on their own decision. In case there is no data opened on the Portal, Users are encouraged to register their request here https://data.gov.lt/requests/submitted. Institutions are obliged to open data on User demand and all communication related to open data goes through the Lithuanian open data portal and is publicly visible under the updated law’s provisions. 
Ministry of Economy and Innovation and Information Society Development Committee are responsible for promoting the Model for opening data and encouraging institutions to open data as well as data Users to register their needs at the Portal this way obliging institutions to open most valuable data.";;;;;;
P15;"Does the governance structure ensure that the local and regional open data initiatives are facilitated and supported at national level?

For Explanation:
* If yes, please give an example of what kind of support.
* If not applicable, please explain why.";new question;new question;Change;Yes;"Under new Model for opening data (https://eimin.lrv.lt/lt/veiklos-sritys/skaitmenine-politika/atviri-duomenys-1) established in 2021, all institutions are obliged to open data on user demand registered at the Portal as well as on their own decision. In case there is no data opened on the Portal, Users are encouraged to register their request here https://data.gov.lt/requests/submitted. Institutions are obliged to open data on User demand and all communication related to open data goes through the Lithuanian open data portal and is publicly visible under the updated law’s provisions. 
Ministry of Economy and Innovation and Information Society Development Committee are responsible for promoting the Model for opening data and encouraging institutions to open data as well as data Users to register their needs at the Portal this way obliging institutions to open most valuable data.
During a project „Strengthening Results Oriented Management Capacities“  it was prepared and distributed  newsletters with a separate section containing current affairs and news about open data (https://lrv.lt/lt/vyriausybes-kanceliarija-1/apie-lrvk/lrvk-projektu-portfelis/igyvendinami-projektai/valdymo-gebejimu-stiprinimas/naujienlaiskiai/). These newsletters were distributed to regional municipalities that they would be informed about national and international  progress in open data.";;;;;;
P16;"To what degree do local/regional public bodies conduct open data initiatives? 

For Explanation:
* If not applicable, please explain why.";approximately half of the public bodies;;Complement;Approximately half of the public bodies;"Ministry of Economy and Innovation and Information Society Development Committee are responsible for promoting the Model for opening data and encouraging institutions to open data as well as data Users to register their needs at the Portal this way obliging institutions to open most valuable data.
Furthermore, the State Data Agency has been performing a project ""Integration of state data into the Data lake"" financed from the Recovery and Resilience Facility plan. Until 2026 summer, all the most important data managed by the state will be inventoried and integrated into a common data lake - the State Data Management Information System (VDV IS). In this space, data is managed from the beginning - its collection - to the end - use for legitimate purposes and opening in the Lithuanian open data portal.
https://eimin.lrv.lt/lt/naujienos/1-mlrd-lietuvos-ekonomikai-valstybes-duomenu-integracijai-i-duomenu-ezera-beveik-19-mln-euru
https://www.stat.gov.lt/projektas-valstybes-informaciniu-istekliu-integravimas-i-duomenu-ezera";;;;;;
P17;"Is a document describing the responsibilities and governance structure of the national (and/or regional/local) open data team publicly available?

For Explanation:
* If yes, please provide the URL where this information is published. ";yes;"Description of data opening procedure approved by the Minister of Economy and Innovation determines the responsabilities of competent authorities in the field of open data. Please see paragraphs 3, 4, 5.
https://e-seimas.lrs.lt/portal/legalAct/lt/TAD/327dd210495011ebb394e1efb98d3e67/asr
https://eimin.lrv.lt/lt/naujienos/viesojo-sektoriaus-duomenu-atverimo-procesas-bus-bendras-ir-aiskus

Contacts of competent authorities are published here - https://eimin.lrv.lt/lt/veiklos-sritys/skaitmenine-politika/atviri-duomenys-1";Complement;;During a project „Strengthening Results Oriented Management Capacities“  it was prepared and distributed  newsletters with a separate section containing current affairs and news about open data (https://lrv.lt/lt/vyriausybes-kanceliarija-1/apie-lrvk/lrvk-projektu-portfelis/igyvendinami-projektai/valdymo-gebejimu-stiprinimas/naujienlaiskiai/). These newsletters were distributed to regional municipalities that they would be informed about national and international  progress in open data.;;;;;;
P18;"Is there a regular exchange of knowledge or experiences between the national open data team and the team maintaining the national portal? 

For Explanation:
* If yes, please briefly describe how this exchange takes place and provide evidence supporting your answer (e.g. meeting agendas, URLs to news items).";yes;"National open data team consists of 3 main actors: 1) the Lithuanian Ministry of the Economy and Innovation, which is responsible for open data policy making and construction of financial measures, 2) Information Society Development Committee which is responsible for implementing open data policy and maintenance of the Lithuanian open data portal, 3) State Data Agency, which is responsible for a centralized data opening scheme and standardized anonymization of data. 
In conclusion, open data is a horizontal area where activities (including daily communication, exchanging  of knowledge) of responsible policy making and policy implementing authorities go hand in hand in order to reach target audience and set goals.

""Open Data Club"" is an initiative connecting 3 main actors and additionaly including the data opening coordinators of all ministries to discuss relevant topics and exchange experiences in the field of open data: 
https://www.facebook.com/ekonomikosministerija/posts/pfbid0XvPWCLJ8gERYj1RV85wdR3c9u8qEkrHhw7AF84Smo81ZsSGybfUSDbV2o7hwuzG1l 
https://data.gov.lt/news/31
https://www.stat.gov.lt/home/-/asset_publisher/lbrXvLVHX2ln/content/tesiame-atviru-duomenu-klubo-veikla?inheritRedirect=false&redirect=https%3A%2F%2Fwww.stat.gov.lt%2Fhome%3Fp_p_id%3D101_INSTANCE_lbrXvLVHX2ln%26p_p_lifecycle%3D0%26p_p_state%3Dnormal%26p_p_mode%3Dview%26p_p_col_id%3Dcolumn-2%26p_p_col_count%3D1
https://www.facebook.com/ekonomikosministerija/posts/pfbid02kkSFmtQWEALHA4hMzGSjLYpXj9KKy72bKDZ1MVrUSX7RS8picKXTeds8wDx3VCCwl
https://www.linkedin.com/posts/lina-giedraitien%C4%97-90a3a74a_opendata-collaboration-redcarpet-activity-7062851263012466688-XZi0?utm_source=share&utm_medium=member_desktop";Complement;;"National open data team consists of 3 main actors: 1) the Lithuanian Ministry of the Economy and Innovation, which is responsible for open data policy making and construction of financial measures, 2) Information Society Development Committee which is responsible for implementing open data policy and maintenance of the Lithuanian open data portal, 3) State Data Agency, which is responsible for a centralized data opening scheme and standardized anonymization of data. 
In conclusion, open data is a horizontal area where activities (including daily communication, exchanging  of knowledge) of responsible policy making and policy implementing authorities go hand in hand in order to reach target audience and set goals.

""Open Data Club"""" is an initiative connecting 3 main actors and additionaly including the data opening coordinators of all ministries, and institutions subordinate to and accountable to them,  to discuss relevant topics and exchange experiences in the field of open data: 
https://www.linkedin.com/posts/information-society-development-committee_%C4%AFvyko-viii-asis-ekonomikos-ir-inovacij%C5%B3-ministerija-activity-7193618486386966528--kLi?utm_source=share&utm_medium=member_desktop
https://www.linkedin.com/posts/lietuvos-statistika-statistics-lithuania_eimin-eimin-atviruduomenuportalas-activity-7156612009336156161-y_gN?utm_source=share&utm_medium=member_desktop
https://www.facebook.com/ekonomikosministerija/posts/pfbid0XvPWCLJ8gERYj1RV85wdR3c9u8qEkrHhw7AF84Smo81ZsSGybfUSDbV2o7hwuzG1l 
https://data.gov.lt/news/31
https://www.stat.gov.lt/home/-/asset_publisher/lbrXvLVHX2ln/content/tesiame-atviru-duomenu-klubo-veikla?inheritRedirect=false&redirect=https%3A%2F%2Fwww.stat.gov.lt%2Fhome%3Fp_p_id%3D101_INSTANCE_lbrXvLVHX2ln%26p_p_lifecycle%3D0%26p_p_state%3Dnormal%26p_p_mode%3Dview%26p_p_col_id%3Dcolumn-2%26p_p_col_count%3D1
https://www.facebook.com/ekonomikosministerija/posts/pfbid02kkSFmtQWEALHA4hMzGSjLYpXj9KKy72bKDZ1MVrUSX7RS8picKXTeds8wDx3VCCwl
https://www.linkedin.com/posts/lina-giedraitien%C4%97-90a3a74a_opendata-collaboration-redcarpet-activity-7062851263012466688-XZi0?utm_source=share&utm_medium=member_desktop""";;;;;;
P19;"Does the governance model include the appointment of official roles in civil services that are dedicated to open data (e.g. open data officers)?

For Explanation:
* If yes, please describe how this task is fulfilled at public body level.";yes;"POLICY:
According to Article 7(1)(2)(3) of Description of data opening procedure approved by the Minister of Economy and Innovation 01/04/2022, (https://e-seimas.lrs.lt/portal/legalAct/lt/TAD/327dd210495011ebb394e1efb98d3e67/asr), all public bodies are obliged to appoint a person responsible for organising the opening of the authority’s data, the ‘Data Opening Coordinator’. The designated coordinator has to ensure that the process of opening data is carried out, together with its supervision and compliance with the requirements laid down in the legislation.";Complement;;"POLICY:
According to Article 7(1)(2)(3) of Description of data opening procedure approved by the Minister of Economy and Innovation 01/04/2022, (https://e-seimas.lrs.lt/portal/legalAct/lt/TAD/327dd210495011ebb394e1efb98d3e67/asr), all public bodies are obliged to appoint a person responsible for organising the opening of the authority’s data, the ‘Data Opening Coordinator’. The designated coordinator has to ensure that the process of opening data is carried out, together with its supervision and compliance with the requirements laid down in the legislation.
According to the Law of the Republic of Lithuania on State Information Resources Management (https://e-seimas.lrs.lt/portal/legalAct/lt/TAD/TAIS.415499/asr):
- State Digitization Commissioner simultaneously performs the functions of the Ministry's Institutional Digitization Commissioner and assists the Minister in formulating political provisions, setting priorities and making decisions regarding the need to ensure the reuse of data and changes in its legal regulation (article 13 (3));
- Institutional Digitization Officer together with the person or persons responsible for the organization of data reuse, specified in the description of the procedure for data preparation and publication for reuse, approved by the minister, ensures the reuse of data (article 14 (3));
- Data Management Commissioner together with the person or persons responsible for organizing data reuse, organizes data reuse, monitors and analyzes data reuse processes, provides the data manager with the results of the monitoring and proposals for the necessary decisions on data reuse issues (article 15 (2)).";;;;;;
P20;"Is there a regular exchange of knowledge or experiences between the national open data team and the wider network of open data officers in your country? 

For Explanation:
* If yes, please briefly describe how this exchange takes place and provide evidence supporting your answer (e.g. meeting agendas, URLs to news items).";yes;" - ""OPEN DATA CLUB"" is an initiative connecting 3 main actors and additionaly including the data opening coordinators of all ministries to discuss relevant topics and exchange experiences in the field of open data: 
1) https://www.facebook.com/ekonomikosministerija/posts/pfbid0XvPWCLJ8gERYj1RV85wdR3c9u8qEkrHhw7AF84Smo81ZsSGybfUSDbV2o7hwuzG1l 
2) https://www.stat.gov.lt/home/-/asset_publisher/lbrXvLVHX2ln/content/tesiame-atviru-duomenu-klubo-veikla?inheritRedirect=false&redirect=https%3A%2F%2Fwww.stat.gov.lt%2Fhome%3Fp_p_id%3D101_INSTANCE_lbrXvLVHX2ln%26p_p_lifecycle%3D0%26p_p_state%3Dnormal%26p_p_mode%3Dview%26p_p_col_id%3Dcolumn-2%26p_p_col_count%3D1
3) https://data.gov.lt/news/31
4) https://www.facebook.com/ekonomikosministerija/posts/pfbid02kkSFmtQWEALHA4hMzGSjLYpXj9KKy72bKDZ1MVrUSX7RS8picKXTeds8wDx3VCCwl
5) https://www.linkedin.com/posts/lina-giedraitien%C4%97-90a3a74a_opendata-collaboration-redcarpet-activity-7062851263012466688-XZi0?utm_source=share&utm_medium=member_desktop

 - The Chancellery of the Government of the Republic of Lithuania continues to strengthen the competencies of public sector employees and initiated practical workshops, which strengthen practical knowledge of strategic, data and open data management, and improve analytical skills:
https://www.delfi.lt/uzsakomasis-turinys/premium/duomenu-ir-atviru-duomenu-valdymas-dalis-viesojo-sektoriaus-specialistu-kompetenciju-92395709

 - Newsletters on strategic management in the public sector are being prepared in order to provide news on strategic management and open data in Lithuania and abroad are issued every quarter - https://lrvk.lrv.lt/lt/apie-vyriausybes-kanceliarija/lrvk-projektu-portfelis/igyvendinami-projektai/valdymo-gebejimu-stiprinimas/naujienlaiskiai ";Complement;;" - ""OPEN DATA CLUB"" is an initiative connecting 3 main actors and additionaly including the data opening coordinators of all ministries to discuss relevant topics and exchange experiences in the field of open data: 
1) https://www.linkedin.com/posts/information-society-development-committee_%C4%AFvyko-viii-asis-ekonomikos-ir-inovacij%C5%B3-ministerija-activity-7193618486386966528--kLi?utm_source=share&utm_medium=member_desktop
2) https://www.linkedin.com/posts/lietuvos-statistika-statistics-lithuania_eimin-eimin-atviruduomenuportalas-activity-7156612009336156161-y_gN?utm_source=share&utm_medium=member_desktophttps://www.facebook.com/ekonomikosministerija/posts/pfbid0XvPWCLJ8gERYj1RV85wdR3c9u8qEkrHhw7AF84Smo81ZsSGybfUSDbV2o7hwuzG1l 
3) https://www.stat.gov.lt/home/-/asset_publisher/lbrXvLVHX2ln/content/tesiame-atviru-duomenu-klubo-veikla?inheritRedirect=false&redirect=https%3A%2F%2Fwww.stat.gov.lt%2Fhome%3Fp_p_id%3D101_INSTANCE_lbrXvLVHX2ln%26p_p_lifecycle%3D0%26p_p_state%3Dnormal%26p_p_mode%3Dview%26p_p_col_id%3Dcolumn-2%26p_p_col_count%3D1
4) https://data.gov.lt/news/31
5) https://www.facebook.com/ekonomikosministerija/posts/pfbid02kkSFmtQWEALHA4hMzGSjLYpXj9KKy72bKDZ1MVrUSX7RS8picKXTeds8wDx3VCCwl
6) https://www.linkedin.com/posts/lina-giedraitien%C4%97-90a3a74a_opendata-collaboration-redcarpet-activity-7062851263012466688-XZi0?utm_source=share&utm_medium=member_desktop

  - The Chancellery of the Government of the Republic of Lithuania strengthened the competencies of public sector employees and initiated practical workshops, which strengthen practical knowledge of strategic, data and open data management, and improve analytical skills:
https://www.delfi.lt/uzsakomasis-turinys/premium/duomenu-ir-atviru-duomenu-valdymas-dalis-viesojo-sektoriaus-specialistu-kompetenciju-92395709

  - Newsletters on strategic management in the public sector were prepared in order to provide news on strategic management and open data in Lithuania and abroad are issued every quarter - https://lrv.lt/lt/vyriausybes-kanceliarija-1/apie-lrvk/lrvk-projektu-portfelis/igyvendinami-projektai/valdymo-gebejimu-stiprinimas/naujienlaiskiai/

  - Open data events:
1) Open Data Conference „Open data opportunities - see what is not visible!“ (https://www.youtube.com/watch?v=owjZYMphpBI; Konferencija „Atvirų duomenų galimybės – pamatyk, kas nematoma!“ | Facebook)
2) Vilnius Data Fest (https://www.youtube.com/watch?v=4BTXPDUrJ2E)
3) ""Digital Bookseller"" awards (https://ivpk.lrv.lt/lt/naujienos/geriausiems-lietuvos-skaitmeniniams-sprendimams-isdalinti-skaitmeninio-knygnesio-apdovanojimai/)";;;;;;
P21;"Is there a regular exchange of knowledge or experiences between public sector bodies (i.e. the providers) and open data reusers (e.g. academia, citizens, businesses)?

For Explanation:
* If yes, please briefly describe how this exchange takes place and provide evidence supporting your answer (e.g. meeting agendas, URLs to news items).";yes;" - Infrmation Society Development Committee periodically provides demos for data users with examples, how data can be used and interpreted. Demos are provided with experts of a field were data comes from.
https://www.youtube.com/playlist?list=PLtptnWie_iVvLbVihFZIvcErEZz4_Vc08

 - Also, Information Society Development Committee monitors best practices of services, processes or products developed using open data or data, and all these examples are accessible here - https://data.gov.lt/usecases/examples . Sharing best practices on open data adds value and can inspire other data users to follow the example and create new services or otherwise increase the value of open data reuse.

 - Moreover, regular meetings take place at the political level, as political leadership plays an important role in opening up data.";Complement;;" - Infrmation Society Development Committee periodically provides demos for data users with examples, how data can be used and interpreted. Demos are provided with experts of a field were data comes from.
https://www.youtube.com/playlist?list=PLtptnWie_iVvLbVihFZIvcErEZz4_Vc08

 - Also, Information Society Development Committee monitors best practices of services, processes or products developed using open data or data, and all these examples are accessible here - https://data.gov.lt/usecases/examples . Sharing best practices on open data adds value and can inspire other data users to follow the example and create new services or otherwise increase the value of open data reuse.

 - Regular meetings take place at the political level, as political leadership plays an important role in opening up data.

- Thera were organised open data events, for example:
1) Open Data Conference „Open data opportunities - see what is not visible!“ (https://www.youtube.com/watch?v=owjZYMphpBI; Konferencija „Atvirų duomenų galimybės – pamatyk, kas nematoma!“ | Facebook)
2) Vilnius Data Fest (https://www.youtube.com/watch?v=4BTXPDUrJ2E)
3) ""Digital Bookseller"" awards (https://ivpk.lrv.lt/lt/naujienos/geriausiems-lietuvos-skaitmeniniams-sprendimams-isdalinti-skaitmeninio-knygnesio-apdovanojimai/)";;;;;;
;1.3 Open data implementation;;;;;;;;;;;
P22;"Do data publication plans exist at public body level?

For Explanation:
* If yes, please provide the URL and briefly highlight the key aspects covered. ";yes;"Information Society Development Committee is performing EU-funded open data project “Development of an open data platform enabling efficient re-use of public sector information for business and its management tools” (project value: EUR 3 931 456) - https://ivpk.lrv.lt/lt/apie-ivpk/atviru-duomenu-platformos-igalinancios-efektyvu-viesojo-sektoriaus-informacijos-pakartotini-panaudojima-verslui-ir-jos-valdymo-irankiu-sukurimas . 
During the phase II of the project (2020-2023) public sector‘s priority data - new high-demand datasets from 50 public sector institutions will be opened - https://data.gov.lt/news/33. All these institutions prepared action plans with specified datasets. For project’s work planning, it is used GitHub - https://github.com/orgs/atviriduomenys/projects/2, which reviews and manages the descriptions of open data structures https://github.com/atviriduomenys/manifest. Finally, the data corresponding to the validated structure description are published in an open data repository https://get.data.gov.lt/

Institutions also have their own plans/strategies for data opening, an example could be The Center of Registers, which oversees the country's main registers and information systems - https://eimin.lrv.lt/lt/naujienos/registru-centras-visuomenei-atvere-naujus-atviru-duomenu-rinkinius";Complement;;"In the description of the Data Opening procedure it is provided that sthe State data agency prepares and publishes on the national open data portal a data opening plan coordinated with an institution or a state-run entity, which is drawn up taking into account the requests of users submitted on the portal for obtaining new open data sets and (or) changing and (or) supplementing existing open data sets (https://e-seimas.lrs.lt/portal/legalAct/lt/TAD/327dd210495011ebb394e1efb98d3e67/asr, article 13.1).

Also, there is an option to plan opening stage of each institutional data set on the open data portal (for example https://data.gov.lt/datasets/2636/plans/)

Information Society Development Committee performed EU-funded open data project “Development of an open data platform enabling efficient re-use of public sector information for business and its management tools” (project value: EUR 3 931 456) - https://ivpk.lrv.lt/lt/apie-ivpk/projektai/atviru-duomenu-platformos-igalinancios-efektyvu-viesojo-sektoriaus-informacijos-pakartotini-panaudojima-verslui-ir-jos-valdymo-irankiu-sukurimas/. 
During the phase II of the project (2020-2023) public sector‘s priority data - new high-demand datasets from 50 public sector institutions are opened - https://data.gov.lt/blog/2024/01/08/s%C4%97kmingai-%C4%AFgyvendintas-vienas-svarbiausi%C5%B3-projekt%C5%B3-susijusi%C5%B3-su-duomen%C5%B3-atv%C4%97rimo-ekosistemos-k%C5%ABrimu/. All these institutions prepared action plans with specified datasets. For project’s work planning, it was used GitHub - https://github.com/orgs/atviriduomenys/projects/2, which reviewed and managed the descriptions of open data structures https://github.com/atviriduomenys/manifest. Finally, the data corresponding to the validated structure description are published in an open data repository https://get.data.gov.lt/

Institutions also have their own plans/strategies for data opening, an example could be The Center of Registers, which oversees the country's main registers and information systems - https://eimin.lrv.lt/lt/ziniasklaidai/naujienos/registru-centras-visuomenei-atvere-naujus-atviru-duomenu-rinkinius/";;;;;;
P23;"Are there processes to ensure that the open data policies/strategy previously mentioned are implemented (e.g. monitoring)?

For Explanation:
* If yes, please specify the process(es).";yes;"As regards, the implementation of the open government data policy, one of responsibilities of the Information Society Development Committee is monitoring and ensuring the opening of the requested data. According to Article 23.5 of  the Resolution of Minister of Economy and Innovation on data opening procedure, (https://e-seimas.lrs.lt/portal/legalAct/lt/TAD/327dd210495011ebb394e1efb98d3e67/asr), the coordinating authority (Information Society Development Committee) ensures the supervision of the opening of data of institutions and state-owned entities, requested by Users and registered here - https://data.gov.lt/requests/submitted. Also, monitors the progress of data opening and provides reports on the progress, demand and maturity of data opening of institutions and state-owned entities:
https://data.gov.lt/news/34
https://data.gov.lt/news/28";Complement;;"As regards, the implementation of the open government data policy, one of responsibilities of the Information Society Development Committee is monitoring and ensuring the opening of the requested data. According to Article 23.5 of  the Resolution of Minister of Economy and Innovation on data opening procedure, (https://e-seimas.lrs.lt/portal/legalAct/lt/TAD/327dd210495011ebb394e1efb98d3e67/asr), the coordinating authority (Information Society Development Committee) ensures the supervision of the opening of data of institutions and state-owned entities, requested by Users and registered here - https://data.gov.lt/requests/submitted. Also, monitors the progress of data opening and provides reports on the progress, demand and maturity of data opening of institutions and state-owned entities:
https://data.gov.lt/blog/2023/01/29/pernai-gautos-159-uzklausos-del-duomenu-atverimo-populiariausi-teisingumo-ministerijos-duomenys/
https://data.gov.lt/blog/2022/09/12/auga-tiek-atvertu-duomenu-kiekis-tiek-domejimasis-jais/";;;;;;
P24;"Do you update your policy/strategy as appropriate to ensure its success, such as based on data collected for monitoring?

For explanation:
* If yes, please describe the process and any recent updates made to strategy/policy";new question;new question;Change;Yes;"Existing legislation and processes are reviewed and updated as needed. 
On May 2024 the Parliament of Lithuanian Republic has confirmed the amendments of law on the right to receive information and data reuse (https://e-seimas.lrs.lt/portal/legalAct/lt/TAD/9203a7a2017111ef8e4be9fad87afa59?jfwid=-7i0sbj2e9). The first main amendment is to expand the scope of the law, i.e. to apply the law to all state and municipally managed enterprises and companies that provide public services (currenlty till 01.11.2024 the law is only applied to state and municipally managed enterprises and companies operating in the areas covered by the directive (EU) 2019/1024. The second amendment is to define high-value datasets and their publication and reuse procedure, i.e. provide a link to regulation (EU) 2023/138 (currently till 09.06.2024 it is regulated that the list of thematic categories of high-value data and the list of high-value data sets are approved by the Government).

Currently, it is being reviewed and prepared the minister of economy and innovation of Republic of Lithuania order concerning approval of public sector data opening recommendations.";;;;;;
P25;"Are there any processes in place to assess if public sector bodies are charging for data above marginal cost? (please see directive (EU) 2019/1024 on open data and the reuse of public sector information).

For Explanation:
* If yes, please specify the process(es).";yes;"According to Article 10 of the Law on the Right to Receive Information and Reuse of Data, data for re-use shall be provided to applicants free of charge, unless otherwise provided by the laws of the Republic of Lithuania or the legal acts of the European Union.
 Where a charge is made for the re-use of data, it shall not exceed the marginal cost of reproducing, providing and publishing the data, as well as depersonalising and taking measures to protect confidential business information.
The Communications Regulatory Authority of the Republic of Lithuania (https://www.rrt.lt/en/ ) is responsible authority in assesing if public sector bodies are charging for data above marginal cost.";Confirm;;;;;;;;
P26-a;"What are the top 3 challenges that your country is facing in the implementation of the mentioned open data policies/strategy?

For Explanation:
* Please briefly describe.";N/A;"1. Our main challenge and goal is to increase use of open data. The process of opening up data is significantly intensified (almost 2000 data sets are opened and published on data.gov.lt), therefore we encourage our data users to use open data or request new data for opening so that data could be basis for their new products and technologies. The estimate shows that the efficient use of data can generate an additional 2% of national GDP.
2. Lack of data analysts, competencies in the public sector in working with data and preparing it for opening is still a challenge in Lithuania.
3.	Ensuring data confidentiality is also a challenge. Lithuania is a small country with a low population density, so the more detailed the data, the higher the risk of disclosure. For example, opening Covid-19 data on deaths, especially young people, by gender, age and age dimensions in practice ment identifying the relatives of such a person and escalating the relevant history in public, in violation of the privacy of the relatives.  On the other hand, the ongoing debate on data has led to a better understanding of it.";Change;N/A;"1. Our main challenge and goal is to increase use of open data. The process of opening up data is significantly intensified (more than 1500 data sets are opened and published on data.gov.lt + other data sets that are opned on other national portals), therefore we encourage our data users to use open data or request new data for opening so that data could be basis for their new products and technologies. The estimate shows that the efficient use of data can generate an additional 2% of national GDP.
2. Ensuring data confidentiality is also a challenge. Lithuania is a small country with a low population density, so the more detailed the data, the higher the risk of disclosure. For example, opening Covid-19 data on deaths, especially young people, by gender, age and age dimensions in practice ment identifying the relatives of such a person and escalating the relevant history in public, in violation of the privacy of the relatives.  On the other hand, the ongoing debate on data has led to a better understanding of it.
3. Ensuring national security by opening up public sector data. It is being discussed more and more often that open national data can be used by Lithuania's unfriendly neighbors-states to carry out various provocations or military actions in our country. Therefore, Lithuania and other EU members must assess which data is not safe to open";;;;;;
P26-b;"Are there activities in place to address these challenges in your country (e.g. with specific national/regional/local plans or initiatives)?

For Explanation:
* If yes, please briefly describe the measures that you have adopted or plan to adopt to address these challenges. 
* If no, please specifiy what is hampering finding a strategic approach to solve these challenges.";yes;"1.	Various workshops and learning material (https://data.gov.lt/opening/learningmaterial/22) are developed (please also see answers to 25a, 26a and 27a questions).
2.	Data sets of state institutions are processed and opened centrally through the State Data Management Information System managed by State Data Agency in order to  ensure standardized quality for anonymisation of institutions’ datasets.
3.	Various initiatives involving different actors are organized (e.g., Open Data Club - https://www.stat.gov.lt/home/-/asset_publisher/lbrXvLVHX2ln/content/tesiame-atviru-duomenu-klubo-veikla?inheritRedirect=false&redirect=https%3A%2F%2Fwww.stat.gov.lt%2Fhome%3Fp_p_id%3D101_INSTANCE_lbrXvLVHX2ln%26p_p_lifecycle%3D0%26p_p_state%3Dnormal%26p_p_mode%3Dview%26p_p_col_id%3Dcolumn-2%26p_p_col_count%3D1).

The Ministry of the Economy and Innovation and Information Society Development Committee monitor best practices of services, processes or products developed using open data or data, and all these examples are accessible here - https://data.gov.lt/usecases/examples . Sharing best practices on open data adds value and can inspire other data users to follow the example and create new services or otherwise increase the value of open data reuse.";Complement;;"1. Various workshops and learning material (https://data.gov.lt/opening/learningmaterial/22) are developed (please also see answers to 20, 27, 28 and 29 questions).
2. Data sets of state institutions are processed and opened centrally through the State Data Management Information System managed by State Data Agency in order to  ensure standardized quality for anonymisation of institutions’ datasets.
3. Various initiatives involving different actors are organized (e.g., Open Data Club - https://vda.lrv.lt/lt/naujienos/sestajame-atviru-duomenu-klubo-susitikime-demesys-dideles-vertes-duomenims/).

The Ministry of the Economy and Innovation and Information Society Development Committee monitor best practices of services, processes or products developed using open data or data, and all these examples are accessible here - https://data.gov.lt/usecases/examples . Sharing best practices on open data adds value and can inspire other data users to follow the example and create new services or otherwise increase the value of open data reuse.";;;;;;
P27;"Are there any activities in place to assist data holders with publishing their data as open data (i.e. to help them with the data opening process)?

For Explanation:
* If yes, please describe/provide examples of these activities.";new question;new question;Change;Yes;"•	Support for data opening. Information Society Development Committee and the State Data Agency provide institutions with assistance and technical support in opening data. Contacts are provided here - https://eimin.lrv.lt/lt/veiklos-sritys/skaitmenine-politika/atviri-duomenys-1
•	National Model for opening data establishes a centralized data opening scheme, which speeds up the data opening process. Data sets of  institutions are processed and opened centrally through the State Data Management Information System managed by State Data Agency, which is responsible for anonymisation, and ensuring of standardized quality of datasets opened by institutions. 
•	In addition, Information Society Development Committee has created video learning material - step by step instructions on data opening (27 series), publicly accessible on Lithuanian open data portal - https://data.gov.lt/opening/learningmaterial/22
•	Also, Data Opening Guide, prepared as part of Lithuanian Open Data Portal, is dedicated tool for organizations that open data and users of open data - https://atviriduomenys.readthedocs.io/index.html.
•	During a project „Strengthening Results Oriented Management Capacities“ (https://lrv.lt/lt/vyriausybes-kanceliarija-1/apie-lrvk/lrvk-projektu-portfelis/igyvendinami-projektai/valdymo-gebejimu-stiprinimas/) methodological instructions on data opening were provided - https://lrv.lt/media/viesa/saugykla/2023/11/R8CFRsBAg0A.pdf ; https://lrv.lt/media/viesa/saugykla/2023/11/dWCoOI0493E.pdf.";;;;;;
P28;"Is there a professional development or training plan for civil servants working with data in your country? 

For Explanation:
* If yes, please briefly describe these training activities.";yes;"The Information Society Development Committee periodically organises workshops for public bodies to discuss their plans for opening data and increase their knowledge. In 2021, it was organised 12 working sessions for the Open data coordinators of main public institutions. Based on these working sessions, it was created video learning material (27 series), publicly accessible on Lithuanian open data portal - https://data.gov.lt/opening/learningmaterial/22
In addition, Data Opening Guide, prepared as part of Lithuanian Open Data Portal, is dedicated tool for organizations that open data and users of open data - https://atviriduomenys.readthedocs.io/index.html.
The Data Opening Guide‘s documentation consists of the following essential parts:
•	Information for data providers on the process of opening data, raising the level of maturity of open data and processing personal data .
•	Information for data users on how to make requests and comments about the data and how to obtain the data itself .
•	A data structure description specification that provides detailed information on how to write and read data structure’s description tables.
•	Information for installers on how to install and configure tools for working with data and  data structure’s description tables.
Also, the European Data Portal e-learning programme was translated into Lithuanian language so that public sector can access learning material on open data online - http://theodi.github.io/EUeLearning/lt/#/id/co-01 . This programme containing 16 modules  has been designed to enable to discover what open data is and how it is changing the lives of everyone on our planet is accessible here - https://eimin.lrv.lt/lt/veiklos-sritys/skaitmenine-politika/atviri-duomenys-1 
The Ministry of Economy and Innovation and Information Society Development Committee are constantly promoting (on social media and by sending formal letters) the new Model of opening data as well as on-line learning material to public authorities in order increase data opening activities and data literacy among public authorities. 
During a project „Strengthening Results Oriented Management Capacities“ (https://lrvk.lrv.lt/lt/apie-vyriausybes-kanceliarija/lrvk-projektu-portfelis/igyvendinami-projektai/valdymo-gebejimu-stiprinimas) at he begining of 2023, there were organized workshops „Aplication of data and open data in strategic management documents“. Target group strengthened knowledge and skills in the field of application of open data in the preparation of annual reports.";Complement;;"The Information Society Development Committee periodically organised workshops for public bodies to discuss their plans for opening data and increase their knowledge. In 2021, it was organised 12 working sessions for the Open data coordinators of main public institutions. Based on these working sessions, it was created video learning material (27 series), publicly accessible on Lithuanian open data portal - https://data.gov.lt/opening/learningmaterial/22
In addition, Data Opening Guide, prepared as part of Lithuanian Open Data Portal, is dedicated tool for organizations that open data and users of open data - https://atviriduomenys.readthedocs.io/index.html.
The Data Opening Guide‘s documentation consists of the following essential parts:
•	Information for data providers on the process of opening data, raising the level of maturity of open data and processing personal data .
•	Information for data users on how to make requests and comments about the data and how to obtain the data itself .
•	A data structure description specification that provides detailed information on how to write and read data structure’s description tables.
•	Information for installers on how to install and configure tools for working with data and  data structure’s description tables.
Also, the European Data Portal e-learning programme was translated into Lithuanian language so that public sector can access learning material on open data online - http://theodi.github.io/EUeLearning/lt/#/id/co-01 . This programme containing 16 modules  has been designed to enable to discover what open data is and how it is changing the lives of everyone on our planet is accessible here - https://eimin.lrv.lt/lt/veiklos-sritys/skaitmenine-politika/atviri-duomenys-1 
The Ministry of Economy and Innovation and Information Society Development Committee are constantly promoting (on social media and by sending formal letters) the new Model of opening data as well as on-line learning material to public authorities in order increase data opening activities and data literacy among public authorities. 
During a project „Strengthening Results Oriented Management Capacities“ (https://lrv.lt/lt/vyriausybes-kanceliarija-1/apie-lrvk/lrvk-projektu-portfelis/igyvendinami-projektai/valdymo-gebejimu-stiprinimas/) at he begining of 2023, there were organized workshops „Aplication of data and open data in strategic management documents“. Target group strengthened knowledge and skills in the field of application of open data in the preparation of annual reports.";;;;;;
P29;"Are there annually held national, regional or local events (e.g. hackathons, courses, conferences, users meet-ups, summer/winter schools) to promote open data and open data literacy in your country beyond the target group of public servants? 
 
For Explanation:
* If yes, please provide examples (e.g. title, date, location of the event and URL).";yes, 6-9;"
•	In 2023 May, Conference of the Ministry of Transport on transport sector open data - https://sumin.lrv.lt/lt/naujienos/susisiekimo-ministerija-kita-savaite-kviecia-i-pirmaja-susisiekimo-sektoriaus-apzvalgos-ir-atviru-duomenu-konferencija
•	In 2023 May, The Ministry of Environment organised conference ""How to create an information system for the public sector 10 times faster and 10 times cheaper?"" where were talked about open enivronment data impact (https://www.facebook.com/events/1373265573242909)
•	In 2023 April, general director of the State Data Agency gave a speech at the conference ""Lithuanian Digitization Progress"". Key highlight from the report ""Breakthrough in the opening of public sector data"":
1. The State Data Agency has taken the lead in centralizing the opening of public sector data. Opening up high-maturity data is one of the most important goals of the state data ecosystem that the agency is building. Legal, technological and financial prerequisites have been created for this.
2. Until 2026 an extremely ambitious goal was set - to centrally open the data of more than 300 state information resources, while at the same time creating a public sector metadata catalog that is understandable not only for systems, but also for people, which will allow for the creation of new data use needs. In this context, the Data Management Act is starting to work, expanding the possibilities of re-using public sector data. (https://www.youtube.com/watch?v=RH9-kUEul-M)
•	In 2023 January-February Office of the Government organised workshops „Aplication of data and open data in strategic management documents“.
•	In 2022 December Office of the Government organised an event ""Good experience in Open Data management in Ireland"" (https://www.youtube.com/watch?v=sNn2PfPMnlY)
(https://verslodirbtuvesvideo.vz.lt/vieso-sektoriaus-duomen-atv-rimo-proverzis/)
•	In 2022 October, Minsitry of Health organised public discussion ""Reuse of health data. Where are we and where do we want to go?"" (https://www.facebook.com/sam.lt/videos/vie%C5%A1oji-diskusija-pakartotinis-sveikatos-duomen%C5%B3-naudojimas-kur-esame-ir-kur-nor/778695336535306?locale=lt_LT)
•	In 2022 Septemeber, Ministry of Transport conference ""Open data - a breakthrough in the transport sector""
(https://www.delfi.lt/video/laidos/partnerio-turinys/atviri-duomenys-proverzis-susisiekimo-sektoriuje.d?id=91266827)";Change;Yes, >9;"• In 2024 May, the event organized by the State Data Agency and the Government of the Republic of Lithuania – „State Data Lake History: Part II „Deep““ (https://vda.lrv.lt/lt/naujienos/valstybes-duomenu-ezeras-platyn-ir-gilyn/)
• In 2023 November, the event organized by the State Data Agency and the Government of the Republic of Lithuania – „The History of the State Data Lake: Part I Ice Age“ (https://vda.lrv.lt/lt/naujienos/renginyje-aptarta-valstybes-duomenu-inventorizacija-ir-darnus-bendradarbiavimas-su-institucijomis/).
• In 2023 October, Conference of Ministry of Economy and Innovations and Information Society Development Committee - „Open data opportunities - see what is not visible!“ (https://www.youtube.com/watch?v=owjZYMphpBI; Konferencija „Atvirų duomenų galimybės – pamatyk, kas nematoma!“ | Facebook)
• In 2023 May, Conference of the Ministry of Transport on transport sector open data - https://sumin.lrv.lt/lt/naujienos/susisiekimo-ministerija-kita-savaite-kviecia-i-pirmaja-susisiekimo-sektoriaus-apzvalgos-ir-atviru-duomenu-konferencija
• In 2023 May, The Ministry of Environment organised conference ""How to create an information system for the public sector 10 times faster and 10 times cheaper?"" where were talked about open enivronment data impact (https://www.facebook.com/events/1373265573242909)
• In 2023 April, general director of the State Data Agency gave a speech at the conference ""Lithuanian Digitization Progress"". Key highlight from the report ""Breakthrough in the opening of public sector data"":
1. The State Data Agency has taken the lead in centralizing the opening of public sector data. Opening up high-maturity data is one of the most important goals of the state data ecosystem that the agency is building. Legal, technological and financial prerequisites have been created for this.
2. Until 2026 an extremely ambitious goal was set - to centrally open the data of more than 300 state information resources, while at the same time creating a public sector metadata catalog that is understandable not only for systems, but also for people, which will allow for the creation of new data use needs. In this context, the Data Management Act is starting to work, expanding the possibilities of re-using public sector data. (https://www.youtube.com/watch?v=RH9-kUEul-M)
• In 2023 January-February Office of the Government organised workshops „Aplication of data and open data in strategic management documents“.
• In 2022 December Office of the Government organised an event ""Good experience in Open Data management in Ireland"" (https://www.youtube.com/watch?v=sNn2PfPMnlY)
(https://verslodirbtuvesvideo.vz.lt/vieso-sektoriaus-duomen-atv-rimo-proverzis/)
• In 2022 October, Minsitry of Health organised public discussion ""Reuse of health data. Where are we and where do we want to go?"" (https://www.facebook.com/sam.lt/videos/vie%C5%A1oji-diskusija-pakartotinis-sveikatos-duomen%C5%B3-naudojimas-kur-esame-ir-kur-nor/778695336535306?locale=lt_LT)
• In 2022 Septemeber, Ministry of Transport conference ""Open data - a breakthrough in the transport sector""
(https://www.delfi.lt/video/laidos/partnerio-turinys/atviri-duomenys-proverzis-susisiekimo-sektoriuje.d?id=91266827)
";;;;;;
