;Dimension 4: Open Data Impact;;;;;;;;;;;;;;;;;;
ID;Question;Answer from 2023;Explanation from 2023;Confirm, change or complement answer/explanation from 2023;Provide updated answer (if applicable);Provide updated explanation (if applicable);;;;;;;;;;;;;
;4.1. Strategic awareness;;;;;;;;;;;;;;;;;;
I1;"Do you have a definition of Open Data reuse in your country?
 
For Explanation:
* If yes, please specify it.";yes;"Definition of Open Data re-use is specifed in the Law of Ukraine on Access to Public Information https://zakon.rada.gov.ua/laws/show/2939-17#n259 in the very definition of Open Data: ""Public information in the form of Open Data is public information in a format that allows its automated electronic processing, free and free access to it, and its further re-use. Dataproviders are obliged to provide public information in the form of Open Data on request, publish and regularly update it on the national portal and on their websites. Public information in the form of Open Data is allowed for its further free re-use and dissemination. Any person is free to copy, publish, distribute, re-use, including for commercial purposes, in combination with other information or by including in their own product, public information in the form of Open Data with mandatory reference to the source of such information .";Complement;;"Definition of Open Data re-use is specifed in the Law of Ukraine on Access to Public Information https://zakon.rada.gov.ua/laws/show/2939-17#n259 in the very definition of Open Data: ""Public information in the form of Open Data is public information in a format that allows its automated electronic processing, free and free access to it, and its further re-use. Data providers are obliged to provide public information in the form of Open Data on request, publish and regularly update it on the national portal and on their websites. Public information in the form of Open Data is allowed for its further free re-use and dissemination. Any person is free to copy, publish, distribute, re-use, including for commercial purposes, in combination with other information or by including in their own product, public information in the form of Open Data with mandatory reference to the source of such information.

Also Ukraine is one of the Open Data Charter adopters since 2016 and it is set forth in the Decree № 835 of the Cabinet of Ministers of Ukraine that publication of datasets is to be in conformity with principles of For Improved Governance & Citizen Engagement (ensuring the use of public information in the form of Open Data by state authorities and local self-government bodies during the exercise of their powers) and For Inclusive Development and Innovation (providing data providers with support and facilitating the creation of new information resources and services based on public information in the form of Open Data). ";;;;;;;;;;;;;
I2;"Are there any processes in place to monitor the level of reuse of your country's Open Data?
 
For Explanation:
* If yes, please (1) briefly describe these processes and (2) provide the URLs to support the answer.";yes;"There are few mechanisms on monitoring the level of Open Data re-use in Ukraine.
Key measuring mechanism  of  Open Data development across ministries and cities is institutionalised in the legislation. The mechanism has 4 key chapters - policy, capacity, publishing the data and quality and use of the data. 
Also catalogues of apps that use the Open Data are available which is regularly updated by users and the Ministry of  Digital Transformation https://diia.data.gov.ua/services                                                                                                                                                In addition, the national portal has the ability to track the level of use of data sets (number of views and downloads separately for each set) and to track which services based on Open Data use the data set";Complement;;"There are few mechanisms on monitoring the level of Open Data re-use in Ukraine.
Key measuring mechanism of Open Data development across ministries and cities is institutionalised in the legislation. The mechanism has 5 key chapters - policy, capacity, publishing the data and quality and use of the data and Open Data impact.
Also catalogues of apps that use the Open Data are available which is regularly updated by users and the Ministry of  Digital Transformation https://diia.data.gov.ua/services                                                                                                                                                In addition, the national portal has the ability to track the level of use of datasets (number of views and downloads separately for each set) and to track which services based on Open Data use the dataset";;;;;;;;;;;;;
I3;"Are there any activities in place to encourage public bodies to monitor the reuse of their own published data (e.g. incentives or obligations in place for public bodies or civil servants of national government)?
 
For Explanation:
* If yes, please (1) briefly describe these activities/incentives and (2) provide the URLs to support the answer. ";yes;Key measuring mechanism  of  Open Data development across ministries and cities is institutionalised in the legislation. The mechanism has 4 key chapters - policy, capacity, quality of the data and the use of the data. The questions in the chapter regarding the use of data collects the estimation of the re-use from different public bodies.Since the measuring mechanism is institutionalised in the legislation all public bodies are  obligated to to measure their Open Data programs, including the re-use of their own or other public bodies' Open Data to measure their Open Data programs, including the re-use of their own or other public bodies' Open Data. Data is collected, analysed and reported to the Cabinet of Ministers                                                                                                                                                                         The results of such monitoring of published data by the public bodies and data providers itself are in special servey available via link https://data.gov.ua/uploads/files/2021-10-11-151345.820104--2020.pdf ;Complement;Yes;"Key measuring mechanism of Open Data development across ministries and cities is institutionalised in the legislation. The mechanism has 5 key chapters - policy, capacity, quality of the data and the use of the data, Open Data impact. The questions in the chapter regarding the use of data collects the estimation of the re-use from different public bodies. Since the measuring mechanism is institutionalised in the legislation all public bodies are obligated to to measure their Open Data programs, including the re-use of their own or other public bodies' Open Data to measure their Open Data programs, including the re-use of their own or other public bodies' Open Data. Data is collected, analysed and reported to the Cabinet of Ministers                                                                                                                                                                         The results of such monitoring of published data by the public bodies and data providers itself are in special servey available via link https://data.gov.ua/uploads/files/2021-10-11-151345.820104--2020.pdf 
Based on the results of this assessment, reports on the state of publicizing and updating Open Data by data providers in 2021 and 2022 were created, which analyzed the level of data openness in cities and state authorities. https://diia.data.gov.ua/news/yakii-z-derzorganiv-je-liderom-za-vidkritistyu-danix-doslidzennya-mincifri-1  ";;;;;;;;;;;;;
I4;"Does your country have processes in place to monitor and measure the level of reuse of high-value datasets ((EU) 2023/138)?
 
For Explanation:
* If yes, please specify how and highlight challenges if any. 
* If you are an EFTA or a candidate country to the EU, please select 'not applicable'.";new question;new question;Change;Not Applicable;;;;;;;;;;;;;;
I5;"Has your government specified what 'impact of Open Data' means (e.g. in a strategy document)?
 
For Explanation:
* If yes, how do you define the impact of Open Data in your country? 
* If possible, please provide a URL to a public document describing it.";yes;"Impact of Open Data is specified as ""Impact of Open Data means anti-corruption, social, political, economic and other effects caused by the disclosure and re-use of public information in form of Open Data.""https://data.gov.ua/uploads/files/2022-06-15-102752.7196282150222.pdf                                                                                                                                                                                                                                                                                                                                                           Also we used privious approach to specified Open Data impact in Ukraine. For micro studies that we currently conduct  to assess the impact of Open Data in particular sectors we usually follow this KPIs -  number of views of the dataset  - number of services and products that were created or additinal finctions were created or integrated  the dataset into the existing product - number of users(citizens) of these services. If there is high use of services by citizens it shows that the dataset solves particular problems for them. 
For macro economic impact study that was conducted the following metric were calculated - the rise in GDP, economic gain in UAH and  creation of jobs was calculated ";Confirm;;;;;;;;;;;;;;;
I6;"Do you have a methodology in place to measure the impact of Open Data in your country?
 
For Explanation:
* If yes, please briefly describe the key points of this methodology.";yes;"The Ministry of Digital Transformation employ a framework to measure the impact of Open Data. We have utilized international best practices such as NYU’s GovLab project https://odimpact.org/ . Qualitative approach to its Open Data impact measurement is used . Typical Open Data impact research involves pre-screening of potential subjects either from a bottom-up approach (a large number of Open Data products found in a specific domain or from a specific Open Dataset) or a top-down one (research into a specific governmental body or domain, e.g. ecology, state regulatory commission, health, etc). The research relies heavily on interviews and focus-groups with parties involved in opening the data (state officials, data scientists), creating and using products based on these data (NGOs, civil activists, journalists, etc). The impact is measured by analysis of several key categories, namely: does it help prevent or detect corruption; does it provide new tools for civil impact; how many users of the Open Data and tools created on the basis of the Open Data? and does it improve social standards? Interviews with the before-mentioned parties allow to gain as much of an objective view of Open Data impact as possible.";Confirm;;;;;;;;;;;;;;;
I7;"Is there collaboration between government and civil society or academia to create Open Data impact in your country?

For Explanation:
* If yes, please provide an example
* If possible, URLs to such projects and collaborations.";new question;new question;Change;Yes;"In order to increase the transparency of state institutions to solve socio-economic problems and to support innovative projects, grant competitions for startups are organized based on Open Data.
In June 2023, the competition ""Open Data. Unbroken"" together with OSCE was organized. https://www.openunbroken.org/. Winners: ""Where's the shelter?"" — a chatbot for finding the nearest bomb shelter in Ukraine. https://shelteruabot.com/. ""VPO Nazar"" is a chatbot to help internally displaced persons integrate into a new environment https://citybot.pro/vpo. ""Plant Varieties"" is an information aggregator that brings together resources such as Plant Varieties and Controlled Pesticides https://agrarii-razom.com.ua/. 
Also in November 2023 the competition ""Open Datathon reUkraine"" together with TAPAS project was organized https://datathon.data.gov.ua/. Among the winners of the competition is the service for providing access to public registers for citizens and businesses ""Opendatabot"" https://opendatabot.ua/, the solution for finding barrier-free locations ""Dostupno!"" from the Ukrainian Center for Social Data https://dostupno.ua/mapa-dostupnosti/, chatbot ""I'll be a mother"" from the ""Liky Kontrol"" team https://chats.viber.com/iwillbemother_bot, a system of dashboards with analytics from the Clarity Project — Clarity Hromada https://clarity-project.info/hromada.
In addition ""Open Data Hackathon"" with support of DTA project is running now. More than 230 applications for participation received. https://www.opendatatech.org/hackathon. 
In addition, increasing the level of competence in the field of Open Data is one of the priority directions of the Open Data community in Ukraine.
With the support of international partners, a course on Open Data was prepared for journalism students and other humanities majors. Currently, this course is being implemented in the educational system of certain institutions of higher education.
This will ensure the sustainability of Open Data (a ready-made audience of interested youth), which will attract new users of Open Data, encourage data providers to publish more information in the form of Open Data, and replenish the labor market with specialists who know how to use Open Data.
In the future, the program will be implemented in other higher education institutions and in other specialties.";;;;;;;;;;;;;
;4.2 Measuring reuse;;;;;;;;;;;;;;;;;;
I8;"Have any public bodies in your country launched or performed any activities in the past year to understand which and how (open) datasets are reused?

For Explanation:
* If yes, which of the following activities?
* Multiple answers are possible.";yes;N/A;Change;Yes;N/A;;;;;;;;;;;;;
;Type of activity;Answer 2023;Explanation 2023;Confirm, change or complement answer/explanation from 2023;New answer (optional);New explanation (optional);;;;;;;;;;;;;
I8-a;Automated feedback mechanisms tracking users´ access to datasets;new question;new question;Change;Yes;"Google Analytics tools and own analytics module are also used to monitor the activity on the portal in the real time, in the retrospective and for the whole time of functioning of portal. Statistics are displayed at https://data.gov.ua/stats2/common
number of data sets published - https://data.gov.ua/dataset  
the distribution across categories - https://data.gov.ua/group 
number of visitors - https://data.gov.ua/stats2/common
changed over time - https://data.gov.ua/stats2/common
Statistic provide information about number of datasets, dynamic of publication, most popular tags and keywords, most popular groups and datasets and also frequency of datasets updates
Also each datasets has its own statistical information displayed on dataset page.";;;;;;;;;;;;;
I8-b;Surveys;new question;new question;Change;Yes;"In January 2024, a survey of users of the Unified State Web Portal of Open Data was conducted to determine the needs of data users https://docs.google.com/forms/d/e/1FAIpQLScwiBCSqO3Byx8fcZlpujEbrm3DWYeuiMyd9YfyBrC2wpb4ew/viewform.
https://docs.google.com/forms/d/e/1FAIpQLSdXGQ11Jrx9zvBU_X_7BYVENqKRBgdf0WyxndbRy5zL6-TMLg/viewform - the survey for data users is conducted to determine the priorities of the Ministry of Digital Transformation in the field of Open Data and planning the operation of the Data+ communication platform.
During the research on the role of Open Data in the transition to a circular and low-carbon economy, researchers took into account business needs through surveys to develop standards for 16 datasets. https://diia.data.gov.ua/news/opublikovano-doslidzennya-roli-vidkritix-danix-u-perexodi-do-cirkulyarnoyi-ta-nizkovuglecevoyi-ekonomiki. 
During the preparing of the Open Data development strategy for 2025-2027, a survey of stakeholders was conducted: https://docs.google.com/document/d/1l_V8V8pJi_3MMbx5KEbb6Gg-RIR0CYaJLcOJX0OwJ9o/edit.
Between 5.2 and 7 million Ukrainians use services based on open state data every month — that's 17-23% of Ukrainian Internet users. The corresponding assessment was carried out by experts of the Office of Effective Regulation of BRDO. https://brdo.com.ua/top/do-7-mln-ukrayintsiv-shhomisyatsya-korystuyutsya-servisamy-na-osnovi-vidkrytyh-derzhavnyh-danyh/
Researches on the reuse of data in various fields are conducted. Relevant stakeholder surveys were conducted when writing all these studies:
https://tapas.org.ua/wp-content/uploads/2021/09/Open-Data-Impact-Report-Energy-Sector.pdf,
https://tapas.org.ua/wp-content/uploads/2021/01/OD-Research-DABI_ed.pdf,
https://tapas.org.ua/wp-content/uploads/2021/01/Open-data-impact-road-sector.pdf,
https://tapas.org.ua/wp-content/uploads/2021/01/Healthcare-OD-impact-study_ed.pdf,
https://tapas.org.ua/wp-content/uploads/2021/03/Ecology-OD-Impact-Study.pdf,
https://tapas.org.ua/wp-content/uploads/2021/07/Open-Data-Impact-Report-Financial-Transparency.pdf,
https://tapas.org.ua/wp-content/uploads/2021/01/Impact-OD-Research-Business.pdf,
https://tapas.org.ua/wp-content/uploads/2021/05/Open-Data-Impact-Report_Municipalities-1.pdf,
https://tapas.org.ua/wp-content/uploads/2021/08/Open-Data-Impact-Report-Forestry.pdf.";;;;;;;;;;;;;
I8-c;Interviews/workshops with reusers;new question;new question;Change;Yes;"On May 29, 2024, an event ""Open data: the path to transparency and accountability"" was held, at which an effective dialogue between data users and data providers took place, in particular in the fields of ecology, energy, and transparent business conduct. On this event The Data+ communication platform was presented. Within the framework of the operation of Data+, regular meetings are held with stakeholders in the field: the Ministry of Digital Transformation of Ukraine, the Ombudsman of Ukraine, data providers, experts, civil society, etc. The first meeting of participants of this platform will take place at the end of June 2024. https://www.facebook.com/share/p/dLsKweKw8m12TPhT/?  
The Ministry of Digital Transformation of Ukraine constantly organizes events for communication with reusers, for example, regarding the role of Open Data in the transition to a low-carbon and circular economy, gender component in Open Data of Ukraine, compliance of European legislation with Ukrainian legislation: https://www.youtube.com/watch?v=IhmgQL0GiY0&t=2253s, https://www.youtube.com/watch?v=imjO_E2yycg, https://www.facebook.com/share/p/gSgLZ9PSMYj27kei/?";;;;;;;;;;;;;
I8-d;Other;new question;new question;Change;Yes;"In June 2023, the competition ""Open Data. Unbroken"" together with OSCE was organized. https://www.openunbroken.org/. Winners: ""Where's the shelter?"" — a chatbot for finding the nearest bomb shelter in Ukraine. https://shelteruabot.com/. ""VPO Nazar"" is a chatbot to help internally displaced persons integrate into a new environment https://citybot.pro/vpo. ""Plant Varieties"" is an information aggregator that brings together resources such as Plant Varieties and Controlled Pesticides https://agrarii-razom.com.ua/. 
Also in November 2023 the competition ""Open Datathon reUkraine"" together with TAPAS project was organized https://datathon.data.gov.ua/. Among the winners of the competition is the service for providing access to public registers for citizens and businesses ""Opendatabot"" https://opendatabot.ua/, the solution for finding barrier-free locations ""Dostupno!"" from the Ukrainian Center for Social Data https://dostupno.ua/mapa-dostupnosti/, chatbot ""I'll be a mother"" from the ""Liky Kontrol"" team https://chats.viber.com/iwillbemother_bot, a system of dashboards with analytics from the Clarity Project — Clarity Hromada https://clarity-project.info/hromada.
In addition ""Open Data Hackathon"" with support of DTA project is running now. More than 230 applications for participation received. https://www.opendatatech.org/hackathon. 
In addition, increasing the level of competence in the field of Open Data is one of the priority directions of the Open Data community.
The portal also has the function ""Offer a data set"": https://diia.data.gov.ua/join";;;;;;;;;;;;;
I9;"Have any public bodies in your country launched or performed any activities in the past year to better understand reusers' needs in order to further stimulate the reuse of Open Data?

For Explanation:
* If yes, which of the following activities have been performed? Please describe how the activity has helped you better stimulate reuse.
* Multiple answers are possible.";Yes;N/A;Change;Yes;N/A;;;;;;;;;;;;;
;Type of activity;Answer 2023;Explanation 2023;Confirm, change or complement answer/explanation from 2023;New answer (optional);New explanation (optional);;;;;;;;;;;;;
I9-a;Regular feedback sessions with portal users ;new question;new question;Change;Yes;"The portal provides a feedback form in which users can leave messages and suggestions for the administrator and the portal holder: https://data.gov.ua/feedback.
In January 2024, a survey of users of the Unified State Web Portal of Open Data was conducted to determine the needs of data users https://docs.google.com/forms/d/e/1FAIpQLScwiBCSqO3Byx8fcZlpujEbrm3DWYeuiMyd9YfyBrC2wpb4ew/viewform.
https://docs.google.com/forms/d/e/1FAIpQLSdXGQ11Jrx9zvBU_X_7BYVENqKRBgdf0WyxndbRy5zL6-TMLg/viewform - the survey for data users is conducted to determine the priorities of the Ministry of Digital Transformation in the field of Open Data and planning the operation of the Data+ communication platform.";;;;;;;;;;;;;
I9-b;Social media sentiment analysis ;new question;new question;Change;Yes;"The Ministry of Digital Transformation of Ukraine actively researches sentiments in social networks, in particular by responding to the comments of users on the Ministry's social media pages: https://www.facebook.com/mintsyfra?locale=uk_UA, https://x.com/mintsyfra, https://www.instagram.com/mintsyfra.official/, https://web.telegram.org/a/#-1001211257735.
The employees of the Ministry definitely take these comments into account in the implementation of the Open Data policy.";;;;;;;;;;;;;
I9-c;Other;new question;new question;Change;Yes;During the carrying out of information audits, the conduct of which is mandatory for all data providers, state and local self-government bodies hold consultations with the public to study the needs and interest of data users.;;;;;;;;;;;;;
I10;"Have any public bodies in your country developed any systematic way of gathering reuse cases?

For Explanation:
* If yes, please provide a brief explanation of the process: How does the gathering happen? ";yes;"In Ukraine, the basis for confirming the case of reuse of a data set is a software product (application) that uses data sets in its work.  Ministry of Digital Transformation maintains a complete list of all applications/visualizations/dashboards and analytical panels in a special section of the Open Data Competence Center Diia.Open Data.
The developers themselves submit their product for publication, it is necessary to specify the datasets used in the product. After the inspection,  Ministry either approves and publishes such a product, or returns the application to the developer for revision.";Confirm;;;;;;;;;;;;;;;
I11;"Are there any public bodies in your country that have developed a systematic ways of classifying the gathered reuse cases?

For Explanation:
* If yes, please provide a brief explanation of the process: According to which categories are reuse cases classified (e.g. by policy field)?";yes;"Ministry of Digital transformation has developed a comprehensive model to classify Open Data re-use cases.
1. Classification by scope (Competitive Intelligence, Transport, Health, Environment, Real Estate and Urban Development, Government Transparency and Accountability, Anti-Corruption, Jurisprudence)
2. By product type based on Open Data (information-analytical systems, decision support systems, visualizations, chatbots, mobile applications, analytical research)";Confirm;;;;;;;;;;;;;;;
;4.3 Created impact;;;;;;;;;;;;;;;;;;
;4.3a Governmental impact;;;;;;;;;;;;;;;;;;
I12;"Is any data on the impact created by Open Data on governmental challenges (e.g. efficiency, effectiveness, transparency, decision-making capacity) available in your country such as from research studies, impact assessments, or other systematic investigations that quantify the results or broader effects of Open Data being reused?

For Explanation:
* If yes, please (1) specify what kind of data source proves this impact and (2) provide the URLs to this data.

";yes;"Monitoring of the exercise of powers by deputies of local self-government. According to the latest study Social and anti-corruption impact of Open Data on local comunities (part 2) https://tapas.org.ua/wp-content/uploads/2022/07/OD_municipalities_part-2.pdf residents' understanding of the duties of deputies of local councils creates more opportunities for solving community problems, as there is no room for manipulation, instead there is a field for discussions and cooperation. Dataset ""Data on deputies of local councils, including contact details and reception schedule"" allows citizens to find out the following information: biographical data, phone number, e-mail address, pages in social networks, faction name and position in it, standing committee name and position in it, etc. Disclosure of data about MPs with reception schedule and contact information, as well as the results of MP activity can significantly simplify the processes of activity monitoring and feedback. Information collected in one place and presented in a convenient form increases the accountability of representatives in power to their constituents. ""Analytics of deputy activity"" is a service that provides the publication of projects, adopted decisions, the course of voting and analytics of the work of council deputies. Hosted on the Drohobych Smart City platform, it was launched on May 14, 2021. The system contains a created profile of each deputy with detailed information on voting statistics, proposed projects and amendments, and affiliation to factions. This helps the residents to be aware of the votes and not to allow the deputies to mislead the residents about the projects implemented in the city.";Complement;;"Monitoring of the exercise of powers by deputies of local self-government. According to the 3 parts of study on social and anti-corruption impact of Open Data on local comunities  residents' understanding of the duties of deputies of local councils creates more opportunities for solving community problems, as there is no room for manipulation, instead there is a field for discussions and cooperation. https://tapas.org.ua/wp-content/uploads/2021/05/Open-Data-Impact-Report_Municipalities-1.pdf, 
https://tapas.org.ua/wp-content/uploads/2022/07/OD_municipalities_part-2.pdf, https://tapas.org.ua/all-uk/news-uk/vidkryti-dani-munitsypalitetiv-ta-ikhnij-antykoruptsijnyj-ta-sotsialnyj-vplyv-tretia-chastyna-doslidzhennia-mintsyfry/.   
Dataset ""Data on deputies of local councils, including contact details and reception schedule"" allows citizens to find out the following information: biographical data, phone number, e-mail address, pages in social networks, faction name and position in it, standing committee name and position in it, etc. Disclosure of data about MPs with reception schedule and contact information, as well as the results of MP activity can significantly simplify the processes of activity monitoring and feedback. Information collected in one place and presented in a convenient form increases the accountability of representatives in power to their constituents. ""Analytics of deputy activity"" is a service that provides the publication of projects, adopted decisions, the course of voting and analytics of the work of council deputies. Hosted on the Drohobych Smart City platform, it was launched on May 14, 2021. The system contains a created profile of each deputy with detailed information on voting statistics, proposed projects and amendments, and affiliation to factions. This helps the residents to be aware of the votes and not to allow the deputies to mislead the residents about the projects implemented in the city. https://drohobych-rada.golos.net.ua/
In addition, research was conducted in the area of ";;;;;;;;;;;;;
I13;"Is the use of Open Data in your country having an impact on the efficiency and effectiveness of the government (at any level) in delivering public services? 

For Explanation:
* If yes, please provide an example of one reuse case. For this reuse case, please provide (1) a URL to the reuse case, (2) a URL to the Open Dataset used by the reuse case, and (3) a description of the reuse case and its impact in this sub-domain. ";new question;new question;Change;Yes;"Open data has an impact on the effectiveness of public service provision, particularly in the areas of state supervision and control. This is evidenced by the results of the study: https://tapas.org.ua/wp-content/uploads/2021/06/Open-Data-Impact-Report-State-Supervision-and-Control.pdf
State authorities create analytical materials, dashboards based on Open Data: https://edata.e-health.gov.ua/e-data/dashboard (used Open Datasets: https://data.gov.ua/en/dataset/3fcbfe9e-7cec-4f69-b9ca-be49daae2369, https://data.gov.ua/en/dataset/e7f426b5-7fe2-4fee-a991-b7d0d9113710, https://data.gov.ua/en/dataset/6da6e500-e3c0-4a6a-9cb1-764582b531ee, https://data.gov.ua/en/dataset/a1d554df-be4b-4d3f-8063-dd0db4d83ff5), https://mof.gov.ua/uk/the-reform-of-education (used Open Dataset: https://data.gov.ua/dataset/c4e270ef-c566-47f6-9239-a3cb77a9b0ce).
The creation of such analytical materials informs the publicity about the effectiveness of the delivering of public services and, accordingly, increases the level of transparency and openness of bodies to civil society.
Lviv City Council created a bot that provides information and answers to the most common questions of citizens: https://city-helper.com/.
In this service datasets from https://opendata.city-adm.lviv.ua/ are used.
The ""City Panel"" project is an open platform with indicators from various spheres of city life. The goal of the project is to create an opportunity for the public to have unhindered access to the main indicators of the city's development in a convenient format. https://dashboard.city-adm.lviv.ua/. In this service datasets from https://opendata.city-adm.lviv.ua/ are used.";;;;;;;;;;;;;
I14;"Is the use of Open Data in your country having an impact on transparency and accountability of public administrations?

For Explanation:
* If yes, please provide an example of one reuse case. For this reuse case, please provide (1) a URL to the reuse case, (2) a URL to the Open Dataset used by the reuse case, and (3) a description of the reuse case and its impact in this sub-domain. ";new question;new question;Change;Yes;"State authorities create analytical materials, dashboards based on Open Data: https://edata.e-health.gov.ua/e-data/dashboard (used Open Datasets: https://data.gov.ua/en/dataset/3fcbfe9e-7cec-4f69-b9ca-be49daae2369, https://data.gov.ua/en/dataset/e7f426b5-7fe2-4fee-a991-b7d0d9113710, https://data.gov.ua/en/dataset/6da6e500-e3c0-4a6a-9cb1-764582b531ee, https://data.gov.ua/en/dataset/a1d554df-be4b-4d3f-8063-dd0db4d83ff5), https://mof.gov.ua/uk/the-reform-of-education (used Open Dataset: https://data.gov.ua/dataset/c4e270ef-c566-47f6-9239-a3cb77a9b0ce).
The creation of such analytical materials informs the publicity about the effectiveness of the delivering of public services and, accordingly, increases the level of transparency and openness of bodies to civil society.
Clarity Hromada is a system of dashboards with analytical data that helps track key indicators of communities: budget spending, economic activity, demographics, reconstruction. Users can filter data by indicators, rate and compare communities among themselves. Information on the Clarity Hromada platform is constantly updated from the Unified State Portal of Open Data, so the indicators are always up-to-date. https://clarity-project.info/hromada. Used sourses: https://clarity-project.info/hromada/about.
Clarity Project - a service based on Open Data that allows you to search for public procurement, find and display
information about bidders and the connections between them, monitor purchases, customers or participants and, accordingly, identify potential corruption risks. Link to used sources of information: https://clarity-project.info/about.
Data journalism is also developed in Ukraine. A number of publications use publicized government data to write anti-corruption investigations and other journalistic materials. Such publications are: https://texty.org.ua/, https://bihus.info/, https://nashigroshi.org/. Examples of materials based on Open Data: https://datalogy.texty.org.ua/lost/ (dataset used: https://data.gov.ua/dataset/470196d3-4e7a-46b0-8c0c-883b74ac65f0), https: //datalogy.texty.org.ua/education/  (datasets used: https://registry.edbo.gov.ua/opendata/universities/, https://registry.edbo.gov.ua/opendata/entrant/, https://registry.edbo.gov.ua/opendata/educators/, https://registry.edbo.gov.ua/opendata/staff).
In March, 2024 with the support of the TAPAS project, Data Driven Journalism was implemented - free training for journalists and journalism teachers who want to improve their skills in data journalism and data visualization. https://journalism-course.data.gov.ua/ 
YouControl, Opendatabot, Liga Contr Agent and Vkursi.Pro services are functioning for checking potential contractors and helping to avoid financial losses, fraud and default by potential contractors.
https://youcontrol.com.ua/ (used sourses: https://youcontrol.com.ua/sources/), https://opendatabot.ua/ (used sourses: https://opendatabot.ua/open/api), https://ca.ligazakon.net/search (used sourses: https://ca.ligazakon.net/about), https://vkursi.pro/ (used API of state registers: https://vkursi.pro/apivkursi).    
In addition, with the support of the TAPAS project, three studies on the anti-corruption and social impact of Open Data of local self-government were conducted: https://tapas.org.ua/wp-content/uploads/2021/05/Open-Data-Impact- Report_Municipalities-1.pdf, https://tapas.org.ua/wp-content/uploads/2022/07/OD_municipalities_part-2.pdf, https://tapas.org.ua/wp-content/uploads/2022/ 07/Report_Municipalities-OD_part-3.pdf.";;;;;;;;;;;;;
I15;"Is the use of Open Data in your country having an impact on policy-making processes (i.e. are public administrations making use of the data as evidence for the problem identification and policy formulation)? 

For Explanation:
* If yes, please provide an example of one reuse case. For this reuse case, please provide (1) a URL to the reuse case, (2) a URL to the Open Dataset used by the reuse case, and (3) a description of the reuse case and its impact in this sub-domain. ";new question;new question;Change;Yes;"On the basis of Open Data, authorities form policies in various spheres of life, examples can be viewed at the following resource: https://diia.data.gov.ua/info-center/databasedpolicy.
BOOST is a budget indicator analysis tool implemented by the Ministry of Finance of Ukraine on the openbudget.gov.ua portal, developed on the basis of the World Bank methodology. The purpose of the tool is effective use of budget funds, improvement of decision-making processes, transparency and accountability.
https://openbudget.gov.ua/analytics/incomes 
The ""Renovation Map"" service promotes the preservation and use of valuable historical buildings for the harmonious renewal of cities and community development. https://renovationmap.org/ (used dataset: https://data.gov.ua/dataset/ediniy-derzhavniy-reestr-sudovih-rishen-za-2024-rik_829).
The study ""Gender component in Open Data of Ukraine"" outlined the fact that human beings and their needs are placed at the center of state decision-making. Open data, disaggregated by gender and other social indicators, helps to obtain valuable information about the current state of rights and opportunities for women, men and their various groups, including the vulnerable, to see gender gaps and possible discrimination. Such data is an important tool for the development, implementation and monitoring of gender-responsive policies, inclusive solutions and services in various spheres of life. Analysis of data not distributed by gender, in turn, leads to erroneous conclusions and a loss of resources. Thus, this research contributes to the formation of effective policies in various areas. https://tapas.org.ua/wp-content/uploads/2023/12/OD-research_EN.pdf.  
The ""City Panel"" project is an open platform with indicators from various spheres of city life. The goal of the project is to create an opportunity for the public to have unhindered access to the main indicators of the city's development in a convenient format. https://dashboard.city-adm.lviv.ua/
The research on the role of Open Data in the transition to a circular and low-carbon economy includes an overview of the current policy of the EU and Ukraine, standards for the publication of Open Data. The rapid development of states inevitably leads to an increase in resource consumption, followed by carbon and greenhouse gas emissions, volumes of waste and pollution. New strategies can solve the challenges of time: low-carbon and circular economy. The first is aimed at reducing carbon emissions in the process of production and consumption, the second - at the regeneration of natural systems, designing a system without waste and pollution. An effective transition process to new models requires digital tools. https://diia.data.gov.ua/news/opublikovano-doslidzennya-roli-vidkritix-danix-u-perexodi-do-cirkulyarnoyi-ta-nizkovuglecevoyi-ekonomiki.";;;;;;;;;;;;;
I16;"Is the use of Open Data in your country having an impact on decision-making processes (i.e. are public administrations making use of the data as evidence to be included in their daily operations)?

For Explanation:
* If yes, please provide an example of one reuse case. For this reuse case, please provide (1) a URL to the reuse case, (2) a URL to the Open Dataset used by the reuse case, and (3) a description of the reuse case and its impact in this sub-domain. ";new question;new question;Change;Yes;"The use of Open Data in Ukraine has an impact on decision-making processes. https://stat.loda.gov.ua/ - The portal of local statistics of the Lviv region allows to analyze statistical information from various spheres of life and make informed decisions.
BOOST is a budget indicator analysis tool implemented by the Ministry of Finance of Ukraine on the openbudget.gov.ua portal, developed on the basis of the World Bank methodology. The purpose of the tool is effective use of budget funds, improvement of decision-making processes, transparency and accountability.
https://openbudget.gov.ua/analytics/incomes.

The ""City Panel"" project is an open platform with indicators from various spheres of city life. The goal of the project is to create an opportunity for the public to have unhindered access to the main indicators of the city's development in a convenient format. https://dashboard.city-adm.lviv.ua/. In this service datasets from https://opendata.city-adm.lviv.ua/ are used.";;;;;;;;;;;;;
;4.3b Social impact;;;;;;;;;;;;;;;;;;
I17;"Is any data on the impact created by Open Data on social challenges (e.g. inequality, healthcare, education) available in your country such as from research studies, impact assessments, or other systematic investigations that quantify the results or broader effects of Open Data being reused?

For Explanation:
* If yes, please (1) specify what kind of data source proves this impact and (2) provide the URLs to this data.

";yes;"The report of Open Data impact on the healthcare in Ukraine is available via link https://data.gov.ua/uploads/files/2022-10-03-123908.651661Healthcare-OD-impact-study.pdf  The Ministry of Digital Transformation of Ukraine conducted a study on the impact of data discovery in the field of health care on society.
The study collects examples of the use of Open Data and analyzes how they help Ukrainians in solving medical problems. In particular, the report analyzes whether it is possible to save money when buying drugs, how to get drugs for free at your hospital, how to understand the process of signing declarations with doctors, what changes are taking place in the health care system and where the budget goes. https://diia.data.gov.ua/value/health
Open data in the medical field helps solve a number of problems in the context of low awareness of the above issues, in particular:
Open data published by the NHSU promotes transparency in the functioning of the institution and allows anyone to check the accuracy of information about the activities of the NHSU and the course of healthcare reform.
With the help of interactive services and products created on the basis of Open Data in the medical field, citizens receive information on signing declarations with physicians in a clear and informative format.
Creating services based on Open Data helps attract citizens and pharmacies to the Affordable Medicine program, providing the following information in an accessible and efficient format: to patients about the availability of medicines that can be received on a free-of-charge basis, to pharmacy owners about the location of participating pharmacies,
the level of competition in the market and the amount of payments to pharmacies and, accordingly, the analysis of opportunities to participate in the program. Informing about the results of health care reform, based on real data, stories and examples, has a positive effect on the attitude of the population to the reform and on the assessment of the state of affairs in the field as a whole ";Complement;Yes;"The report of Open Data impact on the healthcare in Ukraine is available via link https://data.gov.ua/uploads/files/2022-10-03-123908.651661Healthcare-OD-impact-study.pdf.
The Ministry of Digital Transformation of Ukraine conducted a study on the impact of data discovery in the field of health care on society. The study collects examples of the use of Open Data and analyzes how they help Ukrainians in solving medical problems. In particular, the report analyzes whether it is possible to save money when buying drugs, how to get drugs for free at your hospital, how to understand the process of signing declarations with doctors, what changes are taking place in the health care system and where the budget goes. https://diia.data.gov.ua/value/health
Open data in the medical field helps solve a number of problems in the context of low awareness of the above issues, in particular: Open data published by the NHSU promotes transparency in the functioning of the institution and allows anyone to check the accuracy of information about the activities of the NHSU and the course of healthcare reform. With the help of interactive services and products created on the basis of Open Data in the medical field, citizens receive information on signing declarations with physicians in a clear and informative format. Creating services based on Open Data helps attract citizens and pharmacies to the Affordable Medicine program, providing the following information in an accessible and efficient format: to patients about the availability of medicines that can be received on a free-of-charge basis, to pharmacy owners about the location of participating pharmacies, the level of competition in the market and the amount of payments to pharmacies and, accordingly, the analysis of opportunities to participate in the program. Informing about the results of health care reform, based on real data, stories and examples, has a positive effect on the attitude of the population to the reform and on the assessment of the state of affairs in the field as a whole.
Healthcare services based on Open Data: Chatbot Marta creates opportunities to find qualified medical specialists. The bot was able to aggregate answers to the most common healthcare queries and works in a bot-to-bot format. Providing detailed information on your resources about the choice of doctors helps you choose a doctor, which increases competition and you yourself contribute to improving the level of service and the quality of the services provided. https://martabot.pro/.
Chatbot ""I will be a mother"" is a specialized service for pregnant women, developed on the basis of Open Data. It contains a step-by-step algorithm on how to get free pregnancy support, medical care during childbirth and neonatal services. Thanks to the chatbot, women planning pregnancy will find all the necessary information about their rights and services guaranteed by the state. https://t.me/IWillBeMother_bot, https://chats.viber.com/iwillbemother_bot.
(used Open Datasets in mentioned services: https://data.gov.ua/en/dataset/3fcbfe9e-7cec-4f69-b9ca-be49daae2369, https://data.gov.ua/en/dataset/e7f426b5-7fe2-4fee-a991-b7d0d9113710, https://data.gov.ua/en/dataset/6da6e500-e3c0-4a6a-9cb1-764582b531ee, https://data.gov.ua/en/dataset/a1d554df-be4b-4d3f-8063-dd0db4d83ff5).
Thanks to the ""Dostupno!"" chatbot people with disabilities, the elderly and parents with small children can find the nearest barrier-free location — a park, a hospital, or a medical center — and check its availability in the ""Dostupno!"" chatbots: http://www.viber.com/uadostupnobot, https://t.me/uadostupnobot. Used sourse: https://guide.diia.gov.ua/asc/  
The Opendatabot service has developed analytical material on the dynamics of creation and closure of Ukrainian individual entrepreneurs, data on tax fees and debts. https://opendatabot.ua/open/foponomics.
Experts from the R&D center at YouControl analyzed the influence of women on various sectors of Ukrainian business during the wartime year. They found that women significantly contributed by continuing the activities of existing companies and opening new ones. https://blog.youcontrol.market/iak-ukrayinki-pidtrimuiut-biznies-sieriedovishchie/.  
YouControl conducted research for 2023 to ascertain the professional fields and industries that women entrepreneurs gravitate toward. The study yielded findings that indicate large-scale enterprises remain a predominantly male-dominated domain. The research revealed that among the top 1,000 corporations ranked by revenue generation in 2023, a mere 7% were under the corporate ownership of women entrepreneurs, while an additional 11% operated under a mixed ownership structure involving both male and female proprietors. https://blog.youcontrol.market/zhinochie-oblichchia-bizniesu-iaki-sfieri-obiraiut-zhinki-ta-chomu-vielikii-biznies-dosi-zalishaietsia-cholovichim/.  
OpenDatabot has released the Index of the Premier Enterprises of Ukraine for the year 2024. This comprehensive index is compiled utilizing data sourced from state registries, corporate financial statements, sanctioned entities lists, and other analytical resources. It offers in-depth insights into sales performance categorized by industry sector and geographic region. The information presented in this index can serve as a tool for private entrepreneurs to strategically plan their business by identifying sectors and locations where their enterprises may achieve greater profitability.
https://opendatabot.ua/analytics/opendatabot-index-2024.
Based on Open Data, the Opendatabot project systematically analyzes the activities of private entrepreneurs, including gender distribution. According to the latest research, 59% of new private enterprises in Ukraine in 2024 were opened by women.
Women entrepreneurs most often choose the following activities:
Retail trade (68% women and 32% men);
Provision of other individual services (89% women and 11% men);
Provision of information services (63% women and 37% men)
https://opendatabot.ua/analytics/fops-gender-2024-4  
DREAM is a unique government e-ecosystem that provides a single digital route for all recovery projects. The restoration of Ukraine is a large-scale process. Its two priority areas are restoration of critical infrastructure and long-term reconstruction and modernization. Together, these are tens of thousands of projects that will take place simultaneously, at different stages, throughout the country. https://dream.gov.ua/ua. Public API: https://open-contracting.github.io/dream-api-docs/  
It is also worth noting that the analytical module DREAM (https://bi.dream.gov.ua/#/) also works exclusively on the data of the public АРI DREAM. This tool is used by government officials to understand the progress of restoration, territorial communities - to understand their own restoration projects (and compare them with other communities), project managers who help territorial communities in the implementation of restoration projects, as well as public initiatives that are engaged in monitoring restoration. The analytical module also serves as an additional source of Open Data, as it is possible to export data in tabular form - for some users, this may be more convenient than working with the JSON API.
Big Recovery Portal receives data from the public ARI DREAM, and for each project applies a risk analysis based on a set of criteria developed by itself (cost estimate, financing, type and duration of recovery, availability of tender documentation, availability of reporting). The portal team also publishes summarizing analytical materials based on DREAM data - ""Control of reconstruction costs"" and ""Reconstruction procurement"". Separately, it is worth noting the public monitoring of restoration works, which focus on accessibility. Thus, the Big Recovery Portal team inspected schools, kindergartens, and outpatient clinics in the city of Irpin to see how accessible and barrier-free the buildings are after reconstruction. https://brp.org.ua/en/analytics. 
The Clarity Project uses DREAM Open Data in the Clarity Hromada project to monitor restoration projects across territorial communities (https://clarity-project.info/hromada/UA32080150000035443/dream). For each community, the number of projects (in terms of status, nature, sectors of the economy), their budget, financing (scope and sources of, financial coverage) is listed here. DREAM data is also used as one of the criteria for rating territorial communities (by the number https://clarity-project.info/hromada/rating?indicator=dream-ideas&region=  and the cost of projects https://clarity-project.info/hromada/rating?indicator=dream-finance-amount&region=).";;;;;;;;;;;;;
I18;"Is the use of Open Data in your country having an impact on society´s ability to reduce inequality and better include minorities, migrants, and/or refugees? 

For Explanation:
* If yes, please provide an example of one reuse case. For this reuse case, please provide (1) a URL to the reuse case, (2) a URL to the Open Dataset used by the reuse case, and (3) a description of the reuse case and its impact in this sub-domain. ";new question;new question;Change;Yes;"In 2023, the study ""Gender Component in Open Data of Ukraine"" was conducted, the purpose of which was to analyze and evaluate Open Data sets from the point of view of ensuring their gender sensitivity and preparing relevant recommendations. Gender-sensitive Open Data enables qualitative analysis, planning and preparation of effective solutions and fair distribution of resources. https://tapas.org.ua/wp-content/uploads/2023/11/OD-research_27.11UA.pdf. 
Speaking about the impact of Open Data on migrants, refugees, it is worth mentioning the impact on internally displaced persons due to the ongoing war.
Chatbot ""VPO Nazar"" helps internally displaced persons quickly and conveniently find work in any region of Ukraine. The service has a step-by-step mechanism in which you need to upload a short resume indicating the desired profession, position and search location. If there is a suitable vacancy, the applicant immediately receives it in the messenger.
https://citybot.pro/vpo (used dataset: https://data.gov.ua/dataset/0000000)
On the basis of Open Data of the Ministry of Internal Affairs of Ukraine, the public organization ""Agency of Data Journalism"" (texty.org.ua) prepared a study on the missing persons during the full-scale invasion. Data on missing persons is an important tool in their search. And the exchange of information with international partners makes it possible to identify Ukrainian citizens abroad or in captivity through international and humanitarian missions. https://datalogy.texty.org.ua/lost/. Data set used: https://data.gov.ua/dataset/470196d3-4e7a-46b0-8c0c-883b74ac65f0
Thanks to the ""Dostupno!"" chatbot people with disabilities, the elderly and parents with small children can find the nearest barrier-free location — a park, a hospital, or a medical center — and check its availability in the ""Dostupno!"" chatbots: http://www.viber.com/uadostupnobot, https://t.me/uadostupnobot. Used sourse: https://guide.diia.gov.ua/asc/ ";;;;;;;;;;;;;
I19;"Is the use of Open Data in your country having an impact on issues about housing in urban areas? 

For Explanation:
* If yes, please provide an example of one reuse case. For this reuse case, please provide (1) a URL to the reuse case, (2) a URL to the Open Dataset used by the reuse case, and (3) a description of the reuse case and its impact in this sub-domain. ";new question;new question;Change;Yes;"Open data affect the solution to the problem of housing in cities, in particular, regarding monitoring the accessibility of locations, assessing the level of their barrier-free accessibility. Examples of such projects are the ""City without Borders"" map of the ""LUN.City"" service https://bit.ly/3yHHYwv, the ""Dostupno!"" chatbot, thanks to which people with disabilities, the elderly and parents with small children can find the nearest barrier-free location — a park, a hospital, or a medical center — and check its availability in the ""Dostupno!"" chatbots: http://www.viber.com/uadostupnobot, https://t.me/uadostupnobot.
Used sourse: https://guide.diia.gov.ua/asc/.  
""Monitor Estate"" is a service that provides search and collection of reliable and objective information about real estate and related persons, in particular information about construction participants, encumbrances and seizures of property, executive proceedings, court cases, availability permits from the developer, licenses from the contractor, the purpose of the land and much more. https://monitor.estate/.
The Bild.ua service provides information on all new buildings, sorting them by level of reliability. https://bild.ua/. 
The URBANDATA portal was created to collect and combine all available Open Data on urban planning objects and land plots. Today, URBANDATA contains more than 2 million records from the register of construction activities (register of permit documents), the state land cadastre and several other state registers. https://urbandata.online/. 
NORA is an analytical dashboard with a rating of budget project companies, the purpose of which is transparent tax payment. https://www.facebook.com/NORA.in.ua.
Opendatabot is a service for monitoring registration data of Ukrainian companies and the court registry for protection against raiding and control of counterparties. https://opendatabot.ua/. All these services use the API of state registers in their work: https://opendatabot.ua/open/api, https://e-construction.gov.ua/reestri, https://reyestr.court.gov.ua/, https://guide.diia.gov.ua/asc/.
An example of such influence also can be the study ""Impact of Open Data of the State Architectural and Building Inspection of Ukraine"", which is focused on Open Data of the State Architectural and Building Inspection (DABI), which has at its disposal the most complete database of information about new constructions in Ukraine - the Register of the DABI. It contains information on all permits for construction work.
https://tapas.org.ua/wp-content/uploads/2020/09/OD-Research-DABI.pdf";;;;;;;;;;;;;
I20;"Is the use of Open Data in your country having an impact on the issues of health and wellbeing? 

For Explanation:
* If yes, please provide an example of one reuse case. For this reuse case, please provide (1) a URL to the reuse case, (2) a URL to the Open Dataset used by the reuse case, and (3) a description of the reuse case and its impact in this sub-domain. ";new question;new question;Change;Yes;"Chatbot ""I will be a mother"" is a specialized service for pregnant women, developed on the basis of Open Data. It contains a step-by-step algorithm on how to get free pregnancy support, medical care during childbirth and neonatal services. Thanks to the chatbot, women planning pregnancy will find all the necessary information about their rights and services guaranteed by the state. https://t.me/IWillBeMother_bot, https://chats.viber.com/iwillbemother_bot.
Chatbot ""Ask Gryts"", the purpose of which is to help every Ukrainian to take advantage of the opportunity to get medicine under the Affordable Medicines program quickly and conveniently. With the help of a chatbot, you can find out which drugs fall under the state program; as part of the ""test from Hryts"", find out for whom the program is available, etc.; organize a home first aid kit - the bot will remind you about the expiration date, components, etc. https://chats.viber.com/spytaigrytsia 
The ""Calendar of Healthy Ukrainians"" chatbot is aimed at raising awareness about the possibilities of free diagnostics and treatment, about the list of medical services financed from the state budget, and the rights of patients in general. The chatbot informs users about the state Program of Medical Guarantees, which provides and finances preventive consultations with doctors, laboratory and instrumental studies, screening medical services. The service will tell you which studies and at what age should be done, which of them are free and how to get them. https://chats.viber.com/calendarua_bot.
Chatbot ""Full Lungs"" provides information about free diagnostic and treatment services of oncological diseases, stages of the disease, treatment regimens, free drugs, reminders for receiving medical services free of charge. https://t.me/FullLungs_bot.
""Likuysya"" is a chatbot that will help anyone who has been diagnosed with breast cancer to find out which medical facility, which medical services and in what amount can be obtained free of charge. This applies both to services for the diagnosis of oncological diseases and their treatment. The chatbot user will be able to choose a service, get step-by-step instructions and the necessary information. https://t.me/likuysia_bot, https://chats.viber.com/likuysia. 
""YE LIKY"" is a web service on which every patient can check the availability of drugs purchased with budget funds in his hospital. https://eliky.in.ua/. 
""Liky Kontrol"" is an electronic service for increasing access to medicines. Users can search for analogues of medicines, check whether they have purchased genuine medicines, view official instructions for medicines, etc. The service helps to detect counterfeit medicines. The control is implemented on the basis of checking the registration number of the medicine, which the user can enter in the application for reconciliation. In the absence of this number in the database of the application, it is possible to state that the medicine is fake. https://likicontrol.com.ua/%D0%B7%D0%B0%D0%B2%D0%B0%D0%BD%D1%82%D0%B0%D0%B6%D0%B8%D1%82%D0%B8-%D0%BB%D1%96%D0%BA%D0%B8-%D0%BA%D0%BE%D0%BD%D1%82%D1%80%D0%BE%D0%BB%D1%8C/. 
Chatbot Marta creates opportunities to find qualified medical specialists. The bot was able to aggregate answers to the most common healthcare queries and works in a bot-to-bot format. Providing detailed information on your resources about the choice of doctors helps you choose a doctor, which increases competition and you yourself contribute to improving the level of service and the quality of the services provided. https://martabot.pro/.
(used Open Datasets in mentioned services: https://data.gov.ua/en/dataset/3fcbfe9e-7cec-4f69-b9ca-be49daae2369, https://data.gov.ua/en/dataset/e7f426b5-7fe2-4fee-a991-b7d0d9113710, https://data.gov.ua/en/dataset/6da6e500-e3c0-4a6a-9cb1-764582b531ee, https://data.gov.ua/en/dataset/a1d554df-be4b-4d3f-8063-dd0db4d83ff5).
The study ""Anti-corruption and social impact of Open Data of the National Health Service of Ukraine and the Ministry of Health of Ukraine"" reflects the state of affairs in the field of health care. In particular, thanks to the opening of the data, it was possible to achieve an anti-corruption effect — increasing the transparency and accountability of the National Health Service and the Ministry of Health — managers of public funds in the field of health care. The NSHU dashboards on payments to medical institutions and detailing of dispensed medicines under the reimbursement program, the ""There is medicine"" service https://eliky.in.ua/, which uses data from medical institutions on the receipt and balance of medicines, are examples of anti-corruption tools.
https://tapas.org.ua/wp-content/uploads/2021/01/Healthcare-OD-impact-study_ed.pdf

https://data.gov.ua/organization/natsionalna-sluzhba-zdorovia-ukrainy ";;;;;;;;;;;;;
I21;"Is the use of Open Data in your country having an impact on the society´s level of education and skills (e.g. data literacy)?

For Explanation:
* If yes, please provide an example of one reuse case. For this reuse case, please provide (1) a URL to the reuse case, (2) a URL to the Open Dataset used by the reuse case, and (3) a description of the reuse case and its impact in this sub-domain. ";new question;new question;Change;Yes;"Open data also has an impact on the field of education and the expansion of literacy in this field. 
Journalistic material on higher education in wartime was also developed on the basis of Open Data from the Unified State Electronic Database on Education.
https://datalogy.texty.org.ua/education/
In 2023, the content module ""Open data: making effective decisions based on Open Data"" was taught at the Kyiv National University of Economics named after Vadym Hetman within the academic discipline ""Digitalization of the Economy"" https://drive.google.com/file/d/1vQfrirfFmXvuFmooWwmmpWyKNqQzzpFs/view. 
Also, in 2024, a course on Open Data was developed for media majors of Ukrainian higher education institutions. Currently, the process of implementing this curriculum by universities is ongoing.
https://drive.google.com/drive/folders/1qBTKqomjz3EdjwGaswcrNR9pedcx6pvY.
The ""YOUCONTROL ACADEMY"" project provides educational services, including those related to Open Data. https://youcontrol.academy/uk. In April 2024, YouControl Academy opened the recruitment of participants for the free online course on finding information from open sources and based on Open Data ""OSINT. Working with registers"". https://business.diia.gov.ua/cases/iniciativi/bezoplatnij-onlajn-kurs-z-posuku-informacii-pro-kontragentiv-z-vidkritih-dzerel.  
Also as a measure to develop professional skills of civil servants working with data is the online course Open Data for Civil Servants that was created on the national platform of the digital education - https://osvita.diia.gov.ua/courses/open-data. During the entire existence of this series, more than 67,000 civil servants have reviewed and successfully passed it.";;;;;;;;;;;;;
;4.3c Environmental impact;;;;;With the support of donors, a training course on Open Data was developed for journalism students and other humanities majors. Work is currently underway to implement this curriculum in universities.;;;;;;;;;;;;;
I22;"Is any data on the impact created by Open Data on environmental challenges (e.g. climate change and environmental degradation, as highlighted in the Eurpean Green Deal) available in your country such as from research studies, impact assessments, or other systematic investigations that quantify the results or broader effects of Open Data being reused?

For Explanation:
* If yes, please specify (1)  what kind of data source proves this impact and (2) provide the URLs to this data.
";yes;"The report on the Open Data impact on environment protection is available via link https://data.gov.ua/uploads/files/2022-10-03-123559.380394Ecology-OD-Impact-Study-1.pdf The issue of environmental pollution is important for 93% of Ukrainians. Government agencies have opened dozens of registers in the field of ecology: data on the quality of surface water, licenses for hazardous waste management, permits for air emissions, subsoil use and special water use, and many others.
Publication of state data on the portal in free access is the first step. The data should be easy to understand even for non-specialists. Therefore, based on these data, developers create user-friendly services that make it easier for citizens to find information about the state of the environment, the presence of pollutants and potentially dangerous objects that can affect their health, habitat and other areas of life https://diia.data.gov.ua/value/ecology

Responce to reviewer:
The report discribes practical cases of Open Data usage on public control over compliance by enterprises environmental legislation, public air quality and water pollution monitoring, fight against illegal landfills and fighting fires in the ecosystems of Ukraine.

Also toolkit on environmental Open Dsta usage is developed. It helps to find appropriate service to solve a problem, to fsnd out what exactly you can solve with Open Data. https://toolkit.data.gov.ua/c4/environment.html";Complement;Yes;"The report on the Open Data impact on environment protection is available via link https://data.gov.ua/uploads/files/2022-10-03-123559.380394Ecology-OD-Impact-Study-1.pdf. The issue of environmental pollution is important for 93% of Ukrainians. Government agencies have opened dozens of registers in the field of ecology: data on the quality of surface water, licenses for hazardous waste management, permits for air emissions, subsoil use and special water use, and many others. Publication of state data on the portal in free access is the first step. The data should be easy to understand even for non-specialists. Therefore, based on these data, developers create user-friendly services that make it easier for citizens to find information about the state of the environment, the presence of pollutants and potentially dangerous objects that can affect their health, habitat and other areas of life https://diia.data.gov.ua/value/ecology.  Responce to reviewer: The report discribes practical cases of Open Data usage on public control over compliance by enterprises environmental legislation, public air quality and water pollution monitoring, fight against illegal landfills and fighting fires in the ecosystems of Ukraine. Also toolkit on environmental Open Dsta usage is developed. It helps to find appropriate service to solve a problem, to fsnd out what exactly you can solve with Open Data. https://toolkit.data.gov.ua/c4/environment.html.

In addition, the website of the ""Savecobot"" service contains analytical materials about the environmental challenges, in particular, the statistics of the register of environmental impact assessments, environmental taxes, inspections, and fires in Ukraine are provided. https://www.saveecobot.com/rozgornuta-statistika-reyestru-ovd-do-richnici-nabuttya-chinnosti-zakonu-ukrayini-pro-ocinku-vplivu-na-dovkillya/, https://www.saveecobot.com/analytics/ecotaxes, https://www.saveecobot.com/analytics/inspections/environmental, https://www.saveecobot.com/analytics/fires. 
The research on the role of Open Data in the transition to a circular and low-carbon economy includes an overview of the current policy of the EU and Ukraine, standards for the publication of Open Data. The rapid development of states inevitably leads to an increase in resource consumption, followed by carbon and greenhouse gas emissions, volumes of waste and pollution. New strategies can solve the challenges of time: low-carbon and circular economy. The first is aimed at reducing carbon emissions in the process of production and consumption, the second - at the regeneration of natural systems, designing a system without waste and pollution. An effective transition process to new models requires digital tools. https://diia.data.gov.ua/news/opublikovano-doslidzennya-roli-vidkritix-danix-u-perexodi-do-cirkulyarnoyi-ta-nizkovuglecevoyi-ekonomiki.";;;;;;;;;;;;;
I23;"Is the use of Open Data in your country having an impact on the level of protection of biodiversity (e.g. maintaining a good air and water quality)? 

For Explanation:
* If yes, please provide an example of one reuse case. For this reuse case, please provide (1) a URL to the reuse case, (2) a URL to the Open Dataset used by the reuse case, and (3) a description of the reuse case and its impact in this sub-domain. ";new question;new question;Change;Yes;"Saveecobot https://www.saveecobot.com/ is a system that combines data on pollution, polluters and environmental protection tools. On this site, you can find: an interactive map of the radiation background, detailed information on the state of the radiation background in regions and settlements, an air quality map with wind direction and speed, information on air quality from each monitoring station and data on settlements, analytics and a map fires in Ukraine with details for each of the regions, analysis of environmental taxes, statistics of the results of the ecoinspection. 
Moreover, the public organization ""Save Dnipro"" publishes data on hourly concentrations and the air quality index for fine dust of the 2.5 micron fraction in populated areas of Ukraine and uses these data in their service: https://data.gov.ua/dataset/b1b08d68-52b8-48db-a9ef-5546c49a9e00. 
In addition, the CityScale, EcoCity, LUN Mysto Air services collect air pollution data from individual state, public, and private air monitoring systems and use the permit data set published by the Ministry of Environment. https://www.cityscale.com.ua/, https://eco-city.org.ua/, https://misto.lun.ua/air/kyiv, Used datasets: https://data.gov.ua/dataset/e64b85e9-a1b4-433f-9b71-1fef1c17636d, https://data.gov.ua/dataset/b1b08d68-52b8-48db-a9ef-5546c49a9e00, https://data.gov.ua/dataset/51558857-4f00-4166-bd0b-152e8e637434, https://data.gov.ua/dataset/3eda331d-d4ec-4e7f-b11b-f21fe1f56239.

https://texty.org.ua/water/ - Interactive map of river pollution in Ukraine based on data from the State Water Resources Agency. There are more than 400 river water control points on the map. You can view up to 16 pollution parameters.
Used dataset: https://data.gov.ua/dataset/surface-water-monitoring. ";;;;;;;;;;;;;
I24;"Is the use of Open Data in your country having an impact on the achievement of more environment-friendly cities (e.g., environment-friendly transport systems, waste management etc.)? 

For Explanation:
* If yes, please provide an example of one reuse case. For this reuse case, please provide (1) a URL to the reuse case, (2) a URL to the Open Dataset used by the reuse case, and (3) a description of the reuse case and its impact in this sub-domain. ";new question;new question;Change;Yes;"In the research on the role of Open Data in the transition to a circular and low-carbon economy normative legal acts regarding the improvement of the achievement of more environment-friendly cities (support of actions on zero pollution of cities) were investigated. Accordingly, the study also provided recommendations for the transformation of polluted and renaturalized sites into potential public green areas, identification of key urban greening needs and pollution prevention innovations. In addition, based on the results of the research, standards were developed for separate datasets on waste management.
https://diia.data.gov.ua/news/opublikovano-doslidzennya-roli-vidkritix-danix-u-perexodi-do-cirkulyarnoyi-ta-nizkovuglecevoyi-ekonomiki
From June 2022, LLC WASTE UKRAINE ANALYTICS began working on the project ""Open data on waste in Ukraine"" within the framework of the European Union Scholarship Program for civil society leaders of the Eastern Partnership countries. As part of this company's activities, analytical visualization materials about waste in Ukraine are created on the basis of Open Data: https://wua.digital/analytics/graph/. Datasets used: https://data.gov.ua/en/dataset/85bd40c9-6365-425e-b7f7-698fc27269f8, https://data.gov.ua/en/dataset/d3821f03-5bbb-477b-b099-6836db1c2fe0, https://data.gov.ua/en/dataset/ec7b2cc8-9288-432d-9a30-4c63265766fe. Also, on May 10, 2023 and February 20, 2024, events were held at which the challenges and prospects of using Open Data in the field of low-carbon and circular economy were discussed. https://www.youtube.com/watch?v=AZsGoVMnqks, https://www.youtube.com/watch?v=IhmgQL0GiY0
""Don't burn - compost!"" — a project to solve the problem of burning in households, agro-enterprises and open areas. The project ""Do not burn - compost!"" functions for communities that seek to effectively prevent the burning of stubble, fallen leaves, organic and other garden and agricultural waste in their communities. The UNDP Innovation Development Laboratory in Ukraine and the Innovation Development Center acted as initiators. The project is based on two tasks: to assess the depth, scale and causes of the incineration problem and to stimulate the search for solutions to this problem. https://cid.center/dont-burn/. But in view of the full-scale invasion, the project stopped working in order not to display the places of fires in connection with military actions. https://cid.center/dont-burn/ ";;;;;;;;;;;;;
I25;"Is the use of Open Data in your country having an impact on the fight against climate change, for example by undertaking predictive monitoring, preventive actions, or a differentiated response to connected disasters?

For Explanation:
* If yes, please provide an example of one reuse case. For this reuse case, please provide (1) a URL to the reuse case, (2) a URL to the Open Dataset used by the reuse case, and (3) a description of the reuse case and its impact in this sub-domain. ";new question;new question;Change;Yes;"In Ukraine, there are mechanisms based on Open Data that allow monitoring of negative phenomena associated with climate change, in particular, a decrease in air quality and an increase in the number of fires. 
Saveecobot https://www.saveecobot.com/ is a system that combines data on pollution, polluters and environmental protection tools. On this site, you can find: an interactive map of the radiation background, detailed information on the state of the radiation background in regions and settlements, an air quality map with wind direction and speed, information on air quality from each monitoring station and data on settlements, analytics and a map fires in Ukraine with details for each of the regions, analysis of environmental taxes, statistics of the results of the ecoinspection. 
This allows for preventive actions in the fight against climate change and a differentiated response to related disasters.
Moreover, the public organization ""Save Dnipro"" publishes data on hourly concentrations and the air quality index for fine dust of the 2.5 micron fraction in populated areas of Ukraine and uses these data in their service: https://data.gov.ua/dataset/b1b08d68-52b8-48db-a9ef-5546c49a9e00. 
""Don't burn - compost!"" — a project to solve the problem of burning in households, agro-enterprises and open areas. The project ""Do not burn - compost!"" functions for communities that seek to effectively prevent the burning of stubble, fallen leaves, organic and other garden and agricultural waste in their communities. The UNDP Innovation Development Laboratory in Ukraine and the Innovation Development Center acted as initiators. The project is based on two tasks: to assess the depth, scale and causes of the incineration problem and to stimulate the search for solutions to this problem. https://cid.center/dont-burn/. But in view of the full-scale invasion, the project stopped working in order not to display the places of fires in connection with military actions. https://cid.center/dont-burn/   ";;;;;;;;;;;;;
I26;"Is the use of Open Data in your country having an impact on the consumption of energy based on fuel and the switch to renewables? 

For Explanation:
* If yes, please provide an example of one reuse case. For this reuse case, please provide (1) a URL to the reuse case, (2) a URL to the Open Dataset used by the reuse case, and (3) a description of the reuse case and its impact in this sub-domain. ";new question;new question;Change;Yes;"The research on the role of Open Data in the transition to a circular and low-carbon economy includes an overview of the current policy of the EU and Ukraine, standards for the publication of Open Data. The rapid development of states inevitably leads to an increase in resource consumption, followed by carbon and greenhouse gas emissions, volumes of waste and pollution. New strategies can solve the challenges of time: low-carbon and circular economy. The first is aimed at reducing carbon emissions in the process of production and consumption, the second - at the regeneration of natural systems, designing a system without waste and pollution. An effective transition process to new models requires digital tools.
https://diia.data.gov.ua/news/opublikovano-doslidzennya-roli-vidkritix-danix-u-perexodi-do-cirkulyarnoyi-ta-nizkovuglecevoyi-ekonomiki. 
Kosatka.media is an information hub, created in 2018, containing thematic sections ""Gas"", ""Oil"", ""Coal"", ""Electricity"", ""Renewable energy"", each of which has subsections of news and analytics. In the analytical sections, the publication provides infographics created, in particular, on the Open Data of Ukrenergo and the Ministry of Energy. Also, the site has a separate section with a database from which users can download data related to each of the spheres of the energy sector, a specific category of data of this sphere (for example, regarding coal mining - from the Ministry of Energy) and for a selected period of time. The main goal of the project is to track, systematize, analyze and provide data in the field of energy in the most user-friendly way. This is mostly done by publishing infographics on various datasets. https://kosatka.media/en/category/vozobnovlyaemaya-energia. Used dataset: https://data.gov.ua/en/dataset/29a50adc-24e9-4a90-8b00-951736a7fa46. Other datasets are not released or updated due to the full-scale invasion and ongoing strikes by the Russian Federation on critical infrastructure facilities, including the energy complex.
In addition, researches were conducted on access to information in the energy sector during martial law, as well as on the anti-corruption and social impact of Open Data in the energy sector of Ukraine.
https://dixigroup.org/wp-content/uploads/2023/05/doslidzhennya-dostup-do-informacziyi-v-enrgetyczi_final-vid-08.05-1.pdf, https://tapas.org.ua/wp-content/uploads/2021/09/Open-Data-Impact-Report-Energy-Sector.pdf  
Energy Map - the largest database of official data on all energy sectors of Ukraine.
As of the end of 2022, the team of the Energy.org portal managed to collect more than 370 unique datasets from 28 Ukrainian and 6 European data owners.
The following information can be obtained from the portal: the operation of electricity and gas networks, production, import and export, electricity flows, gas revenue, transit, and gas stock in storage facilities. Furthermore, portal's users are able to gather information on tariffs for the transmission and distribution of resources, ""green"" tariffs, consumption and losses of electricity.
Datasets from the following data owners have been downloaded by users: National Energetic company ""UkrEnergo"", State Statistics Service of Ukraine, market operators, the Ministry of Energy of Ukraine,  National Commission for State Regulation of Energy and Public Utilities, etc.
https://map.ua-energy.org/uk/dashboards/. Used dataset: https://data.gov.ua/en/dataset/29a50adc-24e9-4a90-8b00-951736a7fa46. Other datasets are not released or updated due to the full-scale invasion and ongoing strikes by the Russian Federation on critical infrastructure facilities, including the energy complex.
Gazoteka project. This service allows consumers to compare gas prices, estimate potential savings, choose the best gas supplier, and fill in the application for changing the supplier. The data used by the project is the open license register of the National Commission for State Regulation of Energy and Public Utilities and information from natural gas suppliers' websites. Dataset used: https://data.gov.ua/dataset/123f9941-cc81-42b8-83af-5459df8cac61, https://gasoteka.ua-energy.org/ ";;;;;;;;;;;;;
;4.3d Economic impact;;;;;;;;;;;;;;;;;;
I27;"Is any data on the economic impact (e.g. GDP, employment, productivity, innovation,  new businesses created etc.) of Open Data available in your country such as from research studies, impact assessments, or other systematic investigations that quantify the results or broader effects of Open Data being reused?

For Explanation:
* If yes, please specify what kind of data source proves this impact and provide the URLs to this data.

";yes;"In Ukraine, the economic effect of Open Data is divided into direct and secondary. Direct economic impacts include the economic value created by enterprises that provide services using Open Data, as well as the corresponding employment. Employment is considered to have a direct economic impact if the organization bases its business or activities on Open Data (for example, a startup that would not be able to operate without Open Data, or a civil servant working with a national portal).The creation of economic value in the macroeconomic sense involves the creation of gross value added. The latter includes three components: gross profit of the enterprise, wages of employees and taxes paid on products and taxes related to production (excluding subsidies). In other words, the business generates certain profits for its investors, employees and the state. Open data companies, like any business, also create gross value added - it is a direct economic contribution of such companies. https://kse.ua/wp-content/uploads/2021/11/Open-data-methodology-2021-11-04.pdf

Responce to reviewer:
Report on Economic Impact of Open Data in Ukraine has been developed (https://tapas.org.ua/wp-content/uploads/2022/08/Economic-impact_report.pdf).
The report analyzed three key indicators: 1) the impact of Open Data on the Ukrainian economy; 2) the number of jobs related to Open Data in the country; and 3) the sectors of the Ukrainian economy that benefit the most from Open Data. 
The information presented in the report is based on the pace of economic development and advancement in the Ukrainian Open Data sphere until Russia invaded Ukraine on February 24, 2022. 
One of its findings was that Open Data contributed between 0.62-1.19% of Ukraine’s gross domestic product (GDP) in 2020. 
The Open Data sphere could contribute between 0.78-2.08% to Ukraine’s economy i.e., UAH 49.9 billion ($167 million) by 2025 through a combination of direct and indirect benefits. 
The research also found that the number of Ukrainians working directly with Open Data is between 4,400 - 6,700. In 2025, somewhere between 23,600 to 50,800 people could be working with Open Data. 
Top sectors working with Open Data in Ukraine include: IT and telecommunications; scientific and technical activities; public administration; real estate, transportation; and postal and courier services. This was TAPAS’ second study on the impact of Open Data on Ukraine’s economy.";Complement;Yes;"In Ukraine, the economic effect of Open Data is divided into direct and secondary. Direct economic impacts include the economic value created by enterprises that provide services using Open Data, as well as the corresponding employment. Employment is considered to have a direct economic impact if the organization bases its business or activities on Open Data (for example, a startup that would not be able to operate without Open Data, or a civil servant working with a national portal). The creation of economic value in the macroeconomic sense involves the creation of gross value added. The latter includes three components: gross profit of the enterprise, wages of employees and taxes paid on products and taxes related to production (excluding subsidies). In other words, the business generates certain profits for its investors, employees and the state. Open data companies, like any business, also create gross value added - it is a direct economic contribution of such companies. https://kse.ua/wp-content/uploads/2021/11/Open-data-methodology-2021-11-04.pdf. 

Responce to reviewer:
Report on Economic Impact of Open Data in Ukraine has been developed (https://tapas.org.ua/wp-content/uploads/2022/08/Economic-impact_report.pdf).
The report analyzed three key indicators: 1) the impact of Open Data on the Ukrainian economy; 2) the number of jobs related to Open Data in the country; and 3) the sectors of the Ukrainian economy that benefit the most from Open Data. 
The information presented in the report is based on the pace of economic development and advancement in the Ukrainian Open Data sphere until Russia invaded Ukraine on February 24, 2022. 
One of its findings was that Open Data contributed between 0.62-1.19% of Ukraine’s gross domestic product (GDP) in 2020. 
The Open Data sphere could contribute between 0.78-2.08% to Ukraine’s economy i.e., UAH 49.9 billion ($167 million) by 2025 through a combination of direct and indirect benefits. 
The research also found that the number of Ukrainians working directly with Open Data is between 4,400 - 6,700. In 2025, somewhere between 23,600 to 50,800 people could be working with Open Data. 
Top sectors working with Open Data in Ukraine include: IT and telecommunications; scientific and technical activities; public administration; real estate, transportation; and postal and courier services. This was TAPAS’ second study on the impact of Open Data on Ukraine’s economy.
In the research on the role of Open Data in the transition to a circular and low-carbon economy normative legal acts regarding the improvement of our health and well-being (reduction of health inequalities due to zero pollution, support of actions on zero pollution of cities) were investigated. Accordingly, the study also provided recommendations for the transformation of polluted and renaturalized sites into potential public green areas, identification of key urban greening needs and pollution prevention innovations.
https://tapas.org.ua/wp-content/uploads/2024/02/Iurydychnyj-zvit.pdf, https://tapas.org.ua/wp-content/uploads/2024/02/Rekomendatsii_shchodo_vprovadzhennia.pdf. ";;;;;;;;;;;;;
I28;"Is the use of Open Data in your country having an impact on the level of employment? 

For Explanation:
* If yes, please provide an example of one reuse case. For this reuse case, please provide (1) a URL to the reuse case, (2) a URL to the Open Dataset used by the reuse case, and (3) a description of the reuse case and its impact in this sub-domain. ";new question;new question;Change;Yes;"Open data has an impact on the level on employment. Today more than 100 available open data services help Ukrainians to check business partners, receive free medicines and medical services, safely invest in real estate, etc. Such services create new jobs for citizens of Ukraine (source: https://tapas.org.ua/all-uk/news-uk/mintsyfra-prezentuvala-viziiu-rozvytku-vidkrytykh-danykh-v-ukraini/). The total employment in the field of open data in 2020 was 15.9-24.5 thousand people. According to the State Statistics Service, in 2020 there were about 7.5 million full-time workers in Ukraine. Since Ukraine is part of the cluster of ""fast developing countries"", the share of direct employment related to open data is about 0.09% of all employees. Accordingly, under the implementation of the optimistic scenario, direct employment in the field of open data amounts to 6.7 thousand people. If employment grew in accordance with the growth of the general open data market, then under a conservative scenario, direct employment amounts to 4,400 people. However, in addition to direct employment, open data also provides indirect employment. According to research by Shakespeare and Vickery, the indirect open data market is 250-278% of the direct market. Taking into account the average value of these studies, indirect employment related to open data is 11.5-7.8 thousand people (according to research https://tapas.org.ua/wp-content/uploads/2022/08/Economic-impact_report.pdf)
Chatbot ""VPO Nazar"" helps internally displaced persons quickly and conveniently find work in any region of Ukraine. The service has a step-by-step mechanism in which you need to upload a short resume indicating the desired profession, position and search location. If there is a suitable vacancy, the applicant immediately receives it in the messenger.
https://citybot.pro/vpo (used dataset: https://data.gov.ua/dataset/0000000)
YouControl, Opendatabot, Liga Contr Agent and Vkursi.Pro services are functioning for checking potential contractors and helping to avoid financial losses, fraud and default by potential contractors.
https://youcontrol.com.ua/ (used sourses: https://youcontrol.com.ua/sources/), https://opendatabot.ua/ (used sourses: https://opendatabot.ua/open/api), https://ca.ligazakon.net/search (used sourses: https://ca.ligazakon.net/about), https://vkursi.pro/ (used API of state registers: https://vkursi.pro/apivkursi).  These services can be used by employers to check the employees who get a job and vice versa, which makes the employment process more transparent.
It can be said that Open Data promote integrity, including in the behavior of employers and job seekers. They can check each other in open sources and minimize the risk of cooperating with an unreliable contractor.
For instance, in the YouControl system, a job seeker can check the financial status of a company, whether the company has debts to employees, whether taxes are paid on time, whether the brand has a good reputation, and whether the company has any toxic business connections.
In turn, the employer can find out if the person applying for a job has any connections with an aggressor country, or if they are on the list of sanctioned individuals, corrupt officials, debtors, etc. https://youcontrol.com.ua/ ";;;;;;;;;;;;;
I29;"Is the use of Open Data in your country having an impact on the level of innovation and the adoption of new technologies? 

For Explanation:
* If yes, please provide an example of one reuse case. For this reuse case, please provide (1) a URL to the reuse case, (2) a URL to the Open Dataset used by the reuse case, and (3) a description of the reuse case and its impact in this sub-domain. ";new question;new question;Change;Yes;"Open data affects the transparent conduct of business. This is confirmed by the study ""Anti-corruption and social impact of opening state data on business in Ukraine"": https://tapas.org.ua/wp-content/uploads/2021/01/Impact-OD-Research-Business.pdf.
Also in Ukraine, there are services in the field of competitive intelligence that provide the opportunity to analyze competitors on the market, create a dossier on them, establish relationships between affiliated persons: https://opendatabot.ua/, https://youcontrol.com.ua/ , https://vkursi.pro/, https://ca.ligazakon.net/.
(used sources: https://youcontrol.com.ua/sources/), https://opendatabot.ua/ (used sources: https://opendatabot.ua/open/api), https://ca.ligazakon.net/search (used sources: https://ca.ligazakon.net/about), https://vkursi.pro/ (used API of state registers: https:// vkursi.pro/apivkursi).
In 2023, the study ""Gender Component in Open Data of Ukraine"" was conducted, the purpose of which was to analyze and evaluate Open Data sets from the point of view of ensuring their gender sensitivity and preparing relevant recommendations. Gender-sensitive Open Data enables qualitative analysis, planning and preparation of effective solutions and fair distribution of resources. https://tapas.org.ua/wp-content/uploads/2023/11/OD-research_27.11UA.pdf.
A study on the economic effect of Open Data in Ukraine was also prepared. The data of this study show that over seven dozen services based on Open Data have been created in Ukraine over the past five years, with a monthly audience of five to seven million people, according to various estimates. Society learns to work with them, study trends, make assessments and forecasts based on them, and create qualitatively new tools for conducting business and interacting with the state. https://tapas.org.ua/wp-content/uploads/2022/08/Economic-impact_report.pdf.  
""Court on the palm"" is an analytical service for searching, researching and visualizing court decisions. Data from the Unified State Register of Court Decisions is integrated with information from other open registers. Search in the service takes place by all registers, operational statistics are generated. The WINCOURT function is also available in this service - it is an analyzer of court documents. With the help of this tool, it is possible to download a lawsuit, a response to a lawsuit, an appeal, a court decision or any other document (in doc, docx, rtf, pdf formats with a digitized layer), get a forecast of the outcome of the case, get a document with selected main data (legal entities, judges, other litigants, legislation, money, etc.) and related information, get a document with statistics on similar court decisions, get recommendations for lawyers, get recommendations for legislation. Thus, artificial intelligence as an innovative technology can provide such solutions based on Open Data (the API of state registers was used: https://api.conp.com.ua/api/html/endpoints.html). https://conp.com.ua/.
The Opendatabot service has developed analytical material on the dynamics of creation and closure of Ukrainian individual entrepreneurs, data on tax fees and debts. https://opendatabot.ua/open/foponomics.
PravoSud is an analytical platform created on the basis of Open Data, which allows you to search and analyze court documents, prepare for court proceedings. The service contains a large number of filters for convenient sorting of information. For example, the system can track documents of only a certain court or only a specific judge or court instance according to the type of proceedings, the outcome of the case, and even take into account the presence of search words or phrases. https://www.pravosud.com.ua/, dataset used: https://opendatabot.ua/open/api-edrsr. 
Open data on public transportation and city infrastructure has led to the development of various applications and services. Applications like EasyWay and CityTransport use Open Data to provide real-time information on public transport routes and schedules. These apps influence on real-time tracking on public transport and defining patterns to predict future transport conditions, such as expected delays or peak usage times. https://www.eway.in.ua/ua/cities/kyiv, https://www.cityscale.com.ua/index.htm. Used datasets: https://data.gov.ua/dataset/__301, https://data.gov.ua/dataset/dani-pro-mistseznakhodzhennya-rromads-koro-transportu-mista-dubna-v-rezhimi-real-noro-chasu, https://data.gov.ua/dataset/real-transport-dnipro, https://data.gov.ua/dataset/b77b540c-ee9a-40e3-8388-0bc134cdec97 etc.      ";;;;;;;;;;;;;
I30;"Is the use of Open Data in your country having an impact on the level of entrepreneurship (especially of women and minorities) and business creation (especially with Small- and Medium-sized Enterprises)? 

For Explanation:
* If yes, please provide an example of one reuse case. For this reuse case, please provide (1) a URL to the reuse case, (2) a URL to the Open Dataset used by the reuse case, and (3) a description of the reuse case and its impact in this sub-domain. ";new question;new question;Change;Yes;"Open data affects the transparent conduct of business. This is confirmed by the study ""Anti-corruption and social impact of opening state data on business in Ukraine"": https://tapas.org.ua/wp-content/uploads/2021/01/Impact-OD-Research-Business.pdf.
Also in Ukraine, there are services in the field of competitive intelligence that provide the opportunity to analyze competitors on the market, create a dossier on them, establish relationships between affiliated persons: https://opendatabot.ua/, https://youcontrol.com.ua/ , https://vkursi.pro/, https://ca.ligazakon.net/.
(used sources: https://youcontrol.com.ua/sources/), https://opendatabot.ua/ (used sources: https://opendatabot.ua/open/api), https://ca.ligazakon.net/search (used sources: https://ca.ligazakon.net/about , https://vkursi.pro/ (used API of state registers: https:// vkursi.pro/apivkursi).
The use of Open Data in Ukraine is significantly impacting the level of entrepreneurship and business creation, particularly for women and minorities. An illustrative example is the service YouControl, which checks business partners using Open Data. From July 1, 2016, to today, YouControl has employed a total of 180 people, with 102 of them being women. This demonstrates that Open Data services can foster gender equality in the workplace by providing job opportunities to a diverse workforce, including a substantial number of women. https://youcontrol.com.ua/.  
In 2023, the study ""Gender Component in Open Data of Ukraine"" was conducted, the purpose of which was to analyze and evaluate Open Data sets from the point of view of ensuring their gender sensitivity and preparing relevant recommendations. Gender-sensitive Open Data enables qualitative analysis, planning and preparation of effective solutions and fair distribution of resources. https://tapas.org.ua/wp-content/uploads/2023/11/OD-research_27.11UA.pdf.
A study on the economic effect of Open Data in Ukraine was also prepared. The data of this study show that over seven dozen services based on Open Data have been created in Ukraine over the past five years, with a monthly audience of five to seven million people, according to various estimates. Society learns to work with them, study trends, make assessments and forecasts based on them, and create qualitatively new tools for conducting business and interacting with the state. https://tapas.org.ua/wp-content/uploads/2022/08/Economic-impact_report.pdf.  
The Opendatabot service has developed analytical material on the dynamics of creation and closure of Ukrainian individual entrepreneurs, data on tax fees and debts. https://opendatabot.ua/open/foponomics.
In 2023 the Office of the Co-ordinator of OSCE Economic and Environmental Activities (OCEEA) conducted a nation-wide small grants programme in Ukraine with the aim of supporting civil society organizations and the private sector in creating digital solutions addressing war-related challenges. The Open Data Unbroken program supports using Open Data to encourage civic participation through innovative technology approaches and tools, establish partnerships among various sectors, and enhance information exchange and networking among local authorities, grassroots initiatives, and public activists. https://www.osce.org/oceea/554122 
Experts from the R&D center at YouControl analyzed the influence of women on various sectors of Ukrainian business during the wartime year. They found that women significantly contributed by continuing the activities of existing companies and opening new ones. https://blog.youcontrol.market/iak-ukrayinki-pidtrimuiut-biznies-sieriedovishchie/ 
YouControl conducted research for 2023 to ascertain the professional fields and industries that women entrepreneurs gravitate toward. The study yielded findings that indicate large-scale enterprises remain a predominantly male-dominated domain. The research revealed that among the top 1,000 corporations ranked by revenue generation in 2023, a mere 7% were under the corporate ownership of women entrepreneurs, while an additional 11% operated under a mixed ownership structure involving both male and female proprietors. https://blog.youcontrol.market/zhinochie-oblichchia-bizniesu-iaki-sfieri-obiraiut-zhinki-ta-chomu-vielikii-biznies-dosi-zalishaietsia-cholovichim/ 
OpenDatabot has released the Index of the Premier Enterprises of Ukraine for the year 2024. This comprehensive index is compiled utilizing data sourced from state registries, corporate financial statements, sanctioned entities lists, and other analytical resources. It offers in-depth insights into sales performance categorized by industry sector and geographic region. The information presented in this index can serve as a tool for private entrepreneurs to strategically plan their business by identifying sectors and locations where their enterprises may achieve greater profitability.
https://opendatabot.ua/analytics/opendatabot-index-2024.
Based on Open Data, the Opendatabot project systematically analyzes the activities of private entrepreneurs, including gender distribution. According to the latest research, 59% of new private enterprises in Ukraine in 2024 were opened by women.
Women entrepreneurs most often choose the following activities:
Retail trade (68% women and 32% men);
Provision of other individual services (89% women and 11% men);
Provision of information services (63% women and 37% men)
https://opendatabot.ua/analytics/fops-gender-2024-4  ";;;;;;;;;;;;;
I31;"Is the use of Open Data in your country having an impact on the level of productivity? 

For Explanation:
* If yes, please provide an example of one reuse case. For this reuse case, please provide (1) a URL to the reuse case, (2) a URL to the Open Dataset used by the reuse case, and (3) a description of the reuse case and its impact in this sub-domain. ";new question;new question;Change;Yes;"Open data affects the level of productivity. This is evidenced by the results of the study ""How the salary of civil servants changed during the war"". Data for the study were collected with the help of АРI from the Unified state register of declarations of persons authorized to perform the functions of the state or local self-government for the years 2020–2023 (https://public.nazk.gov.ua/public_api). https://fiscalcenter.org/project/2024salaryinwarperiod/.
In addition, as part of the preparing of the Open Data Development Strategy, an economic analysis of the field was conducted and a report was prepared about the results of the analysis of the state of Open Data in Ukraine, key quantitative and qualitative indicators of the development of the field, their values ";;;;;;;;;;;;;
